sensor_name,sensor_kind,t_monotonic,t_wall,Voltage 1,Voltage 2,value,units,filtered_value,source
CC-PT,pressure,53375.8305075,1780902727.3534262,1.305883682475529,,201.47092061888227,psi,,simulated
FI-PT,pressure,53375.8305543,1780902727.3534718,1.7077883133635894,,301.94707834089735,psi,,simulated
thrust,thrust,53375.8305721,1780902727.3534896,2.5000306963957186,2.4999693036042814,1.3801648604296608,lbs,,simulated
FM-FM,flow,53375.8305913,1780902727.3535087,1.6543938701622332,,8.009942532770935,gallons_per_minute,,simulated
tank_temp,temperature,53375.8306073,1780902727.3535247,,,20.0100773971978,°C,,simulated
CC-PT,pressure,53375.8407473,1780902727.3636658,1.2928833118538035,,198.22082796345086,psi,,simulated
FI-PT,pressure,53375.840799,1780902727.3637164,1.7090131889597404,,302.2532972399351,psi,,simulated
thrust,thrust,53375.8408094,1780902727.3637269,2.500033080581794,2.499966919418206,1.4873621311426442,lbs,,simulated
CC-PT,pressure,53375.8512689,1780902727.3741875,1.298241770057889,,199.56044251447224,psi,,simulated
FI-PT,pressure,53375.851329,1780902727.3742464,1.7009790779327247,,300.2447694831812,psi,,simulated
thrust,thrust,53375.8513388,1780902727.3742561,2.500076591977667,2.499923408022333,3.4437123216545906,lbs,,simulated
CC-PT,pressure,53375.8619505,1780902727.3848689,1.3056160575885842,,201.40401439714606,psi,,simulated
FI-PT,pressure,53375.8619891,1780902727.3849065,1.6962619657828768,,299.0654914457192,psi,,simulated
thrust,thrust,53375.8619981,1780902727.3849154,2.500107586396645,2.499892413603355,4.837276840923375,lbs,,simulated
FM-FM,flow,53375.8709578,1780902727.3938756,1.6666855414730954,,8.12517695131027,gallons_per_minute,,simulated
CC-PT,pressure,53375.8725144,1780902727.395432,1.2983556149429814,,199.58890373574533,psi,,simulated
FI-PT,pressure,53375.8725397,1780902727.395457,1.694561445064717,,298.64036126617924,psi,,simulated
thrust,thrust,53375.8725478,1780902727.3954651,2.500146925466886,2.499853074533114,6.6060318076876,lbs,,simulated
CC-PT,pressure,53375.8831037,1780902727.4060237,1.3050837880472885,,201.27094701182213,psi,,simulated
FI-PT,pressure,53375.8831618,1780902727.4060793,1.7015691639863448,,300.3922909965862,psi,,simulated
thrust,thrust,53375.8831719,1780902727.4060893,2.5001576543042248,2.4998423456957752,7.088419525896025,lbs,,simulated
CC-PT,pressure,53375.8940246,1780902727.416943,1.307686127148405,,201.92153178710126,psi,,simulated
FI-PT,pressure,53375.8940963,1780902727.4170136,1.6955228680995547,,298.88071702488867,psi,,simulated
thrust,thrust,53375.8941114,1780902727.417029,2.5002011657000978,2.4997988342999022,9.044769716407972,lbs,,simulated
CC-PT,pressure,53375.904588,1780902727.4275067,1.3026823166230104,,200.6705791557526,psi,,simulated
FI-PT,pressure,53375.9046731,1780902727.4275906,1.693300210630919,,298.3250526577297,psi,,simulated
thrust,thrust,53375.9046963,1780902727.4276137,2.5002303719795194,2.4997696280204806,10.357936282642017,lbs,,simulated
FM-FM,flow,53375.9112774,1780902727.4341955,1.650176841041665,,7.97040788476561,gallons_per_minute,,simulated
CC-PT,pressure,53375.914771,1780902727.4376886,1.3008327842751486,,200.20819606878715,psi,,simulated
FI-PT,pressure,53375.9148062,1780902727.4377234,1.7033716086592208,,300.8429021648052,psi,,simulated
thrust,thrust,53375.9148161,1780902727.4377334,2.5002577901193845,2.4997422098806155,11.590704895841327,lbs,,simulated
CC-PT,pressure,53375.925272,1780902727.4481905,1.3108994139313,,202.72485348282498,psi,,simulated
FI-PT,pressure,53375.9253032,1780902727.4482207,1.7032392863320454,,300.80982158301134,psi,,simulated
thrust,thrust,53375.9253117,1780902727.448229,2.5002917647709566,2.4997082352290434,13.11826600350134,lbs,,simulated
tank_temp,temperature,53375.9308136,1780902727.4537315,,,20.150701026798824,°C,,simulated
CC-PT,pressure,53375.9357904,1780902727.4587083,1.316744246094733,,204.18606152368324,psi,,simulated
FI-PT,pressure,53375.9358282,1780902727.4587457,1.7059816963650818,,301.4954240912704,psi,,simulated
thrust,thrust,53375.9358384,1780902727.4587555,2.5003263354690475,2.4996736645309525,14.672626428839598,lbs,,simulated
CC-PT,pressure,53375.9459756,1780902727.4688942,1.307916201104665,,201.97905027616625,psi,,simulated
FI-PT,pressure,53375.9460251,1780902727.4689426,1.6974749204486514,,299.36873011216284,psi,,simulated
thrust,thrust,53375.9460343,1780902727.4689517,2.500359118027582,2.499640881972418,16.14658890114312,lbs,,simulated
FM-FM,flow,53375.9517937,1780902727.4747124,1.6707863415224962,,8.1636219517734,gallons_per_minute,,simulated
CC-PT,pressure,53375.956308,1780902727.4792266,1.3108225239303737,,202.70563098259342,psi,,simulated
FI-PT,pressure,53375.9563963,1780902727.4793139,1.7032482270298275,,300.81205675745684,psi,,simulated
thrust,thrust,53375.9564216,1780902727.4793391,2.5003829598883343,2.4996170401116657,17.218561608272953,lbs,,simulated
CC-PT,pressure,53375.9668043,1780902727.4897232,1.3237388519929472,,205.9347129982368,psi,,simulated
FI-PT,pressure,53375.9668673,1780902727.4897845,1.7030920628418997,,300.7730157104749,psi,,simulated
thrust,thrust,53375.9668773,1780902727.4897947,2.5004258752376884,2.4995741247623116,19.148112481106654,lbs,,simulated
CC-PT,pressure,53375.9773125,1780902727.5002313,1.3115508927763573,,202.88772319408932,psi,,simulated
FI-PT,pressure,53375.9773738,1780902727.500291,1.6947086685548627,,298.6771671387157,psi,,simulated
thrust,thrust,53375.9773993,1780902727.5003166,2.500446140819328,2.499553859180672,20.05928928216701,lbs,,simulated
CC-PT,pressure,53375.9878613,1780902727.51078,1.31285981093166,,203.214952732915,psi,,simulated
FI-PT,pressure,53375.9879614,1780902727.510879,1.707236374287173,,301.80909357179326,psi,,simulated
thrust,thrust,53375.9879862,1780902727.5109038,2.500449121051922,2.499550878948078,20.193285870558242,lbs,,simulated
FM-FM,flow,53375.9922976,1780902727.5152152,1.6862710340346139,,8.308790944074504,gallons_per_minute,,simulated
CC-PT,pressure,53375.9984018,1780902727.5213196,1.3314063944108956,,207.8515986027239,psi,,simulated
FI-PT,pressure,53375.9984445,1780902727.5213618,1.7061950810188151,,301.54877025470375,psi,,simulated
thrust,thrust,53375.9984566,1780902727.521374,2.5005218387272166,2.4994781612727834,23.462802627304235,lbs,,simulated
CC-PT,pressure,53376.0089337,1780902727.5318525,1.3088281522784415,,202.20703806961038,psi,,simulated
FI-PT,pressure,53376.0089917,1780902727.5319092,1.7188688181482337,,304.7172045370584,psi,,simulated
thrust,thrust,53376.0090014,1780902727.5319188,2.5005337596575927,2.4994662403424073,23.99878898086915,lbs,,simulated
CC-PT,pressure,53376.019442,1780902727.5423627,1.3238211064125427,,205.95527660313567,psi,,simulated
FI-PT,pressure,53376.0195057,1780902727.5424232,1.7060144789236162,,301.50361973090406,psi,,simulated
thrust,thrust,53376.0195166,1780902727.542434,2.500558197564864,2.499441802435136,25.097561005677232,lbs,,simulated
CC-PT,pressure,53376.0299898,1780902727.552909,1.3080485234318404,,202.0121308579601,psi,,simulated
FI-PT,pressure,53376.0300908,1780902727.5530083,1.7041923647156196,,301.0480911789049,psi,,simulated
thrust,thrust,53376.0301117,1780902727.553029,2.50059515244903,2.49940484755097,26.75911870172847,lbs,,simulated
tank_temp,temperature,53376.0309662,1780902727.5538838,,,19.957885396569047,°C,,simulated
FM-FM,flow,53376.0326086,1780902727.5555265,1.678514680685363,,8.236075131425277,gallons_per_minute,,simulated
CC-PT,pressure,53376.0401346,1780902727.563053,1.317474403080273,,204.36860077006824,psi,,simulated
FI-PT,pressure,53376.040179,1780902727.5630963,1.7127086773763511,,303.17716934408776,psi,,simulated
thrust,thrust,53376.0401891,1780902727.5631063,2.50062018640282,2.49937981359718,27.8846900442148,lbs,,simulated
CC-PT,pressure,53376.0506645,1780902727.5735838,1.331097642314153,,207.77441057853824,psi,,simulated
FI-PT,pressure,53376.0507179,1780902727.573635,1.706767285676871,,301.6918214192177,psi,,simulated
thrust,thrust,53376.0507265,1780902727.5736437,2.5006440282635722,2.4993559717364278,28.95666275134463,lbs,,simulated
CC-PT,pressure,53376.0611527,1780902727.5840704,1.3304157650966364,,207.6039412741591,psi,,simulated
FI-PT,pressure,53376.0611931,1780902727.5841103,1.71128889456855,,302.8222236421375,psi,,simulated
thrust,thrust,53376.0612032,1780902727.5841205,2.5006595254730613,2.4993404745269387,29.653445010979024,lbs,,simulated
CC-PT,pressure,53376.0713211,1780902727.59424,1.3186575554201074,,204.66438885502686,psi,,simulated
FI-PT,pressure,53376.0713832,1780902727.5943007,1.7038949375027344,,300.9737343756836,psi,,simulated
thrust,thrust,53376.0713952,1780902727.5943127,2.5006935001246333,2.4993064998753667,31.181006118639036,lbs,,simulated
FM-FM,flow,53376.0728734,1780902727.595791,1.7062821038105611,,8.496394723224011,gallons_per_minute,,simulated
CC-PT,pressure,53376.0816045,1780902727.6045232,1.322325625696853,,205.58140642421324,psi,,simulated
FI-PT,pressure,53376.0816914,1780902727.604609,1.70765301080382,,301.91325270095496,psi,,simulated
thrust,thrust,53376.0817412,1780902727.6046593,2.5006994605898214,2.4993005394101786,31.448999295421494,lbs,,simulated
CC-PT,pressure,53376.0919728,1780902727.6148918,1.326517024817112,,206.62925620427802,psi,,simulated
FI-PT,pressure,53376.0920295,1780902727.6149468,1.712746228307036,,303.186557076759,psi,,simulated
thrust,thrust,53376.092039,1780902727.6149564,2.5007513166369577,2.4992486833630423,33.780539933428884,lbs,,simulated
CC-PT,pressure,53376.1023671,1780902727.6252854,1.319472947057837,,204.86823676445925,psi,,simulated
FI-PT,pressure,53376.1024266,1780902727.625344,1.7110355747980566,,302.75889369951415,psi,,simulated
thrust,thrust,53376.1024404,1780902727.6253579,2.5007459522182884,2.4992540477817116,33.53934607432467,lbs,,simulated
CC-PT,pressure,53376.1125153,1780902727.635434,1.3312925495258032,,207.8231373814508,psi,,simulated
FI-PT,pressure,53376.1125836,1780902727.6355011,1.7078801045274858,,301.97002613187146,psi,,simulated
thrust,thrust,53376.1125961,1780902727.6355135,2.5007769466372665,2.4992230533627335,34.932910593593455,lbs,,simulated
FM-FM,flow,53376.1129538,1780902727.6358712,1.657271582755039,,8.03692108832849,gallons_per_minute,,simulated
CC-PT,pressure,53376.1230153,1780902727.6459346,1.342331331054131,,210.58283276353274,psi,,simulated
FI-PT,pressure,53376.1230818,1780902727.6459992,1.7008747697919333,,300.2186924479833,psi,,simulated
thrust,thrust,53376.1230949,1780902727.6460123,2.500799596404981,2.499200403595019,35.9512846653668,lbs,,simulated
tank_temp,temperature,53376.1313705,1780902727.654289,,,20.175323166630363,°C,,simulated
CC-PT,pressure,53376.1333284,1780902727.656246,1.3217987205742265,,205.44968014355663,psi,,simulated
FI-PT,pressure,53376.1333534,1780902727.6562705,1.7102940929286592,,302.5735232321648,psi,,simulated
thrust,thrust,53376.1333615,1780902727.6562788,2.5008204580331395,2.4991795419668605,36.8892607841054,lbs,,simulated
CC-PT,pressure,53376.1438855,1780902727.6668034,1.319022335889618,,204.7555839724045,psi,,simulated
FI-PT,pressure,53376.1439694,1780902727.6668868,1.708345616858675,,302.08640421466873,psi,,simulated
thrust,thrust,53376.1439897,1780902727.6669073,2.500834763149591,2.499165236850409,37.5324444083833,lbs,,simulated
FM-FM,flow,53376.1533699,1780902727.676288,1.6808029032710676,,8.257527218166258,gallons_per_minute,,simulated
CC-PT,pressure,53376.1543363,1780902727.6772537,1.3336069981583354,,208.40174953958385,psi,,simulated
FI-PT,pressure,53376.1543481,1780902727.6772654,1.7124625101640834,,303.11562754102084,psi,,simulated
thrust,thrust,53376.1543536,1780902727.6772711,2.500859201056862,2.499140798943138,38.63121643319138,lbs,,simulated
CC-PT,pressure,53376.1644806,1780902727.687399,1.3320960202331567,,208.02400505828916,psi,,simulated
FI-PT,pressure,53376.1645516,1780902727.687469,1.7096879136190313,,302.4219784047578,psi,,simulated
thrust,thrust,53376.1645651,1780902727.6874826,2.500834167103072,2.499165832896928,37.50564509070506,lbs,,simulated
CC-PT,pressure,53376.1747877,1780902727.6977065,1.3445790224765566,,211.14475561913915,psi,,simulated
FI-PT,pressure,53376.1748569,1780902727.6977744,1.7151727336851041,,303.793183421276,psi,,simulated
thrust,thrust,53376.1748703,1780902727.697788,2.500883638964133,2.499116361035867,39.72998845799946,lbs,,simulated
CC-PT,pressure,53376.1851386,1780902727.7080572,1.3337309758342475,,208.43274395856187,psi,,simulated
FI-PT,pressure,53376.185213,1780902727.7081304,1.70858820779183,,302.1470519479575,psi,,simulated
thrust,thrust,53376.1852336,1780902727.708151,2.5008979440805845,2.4991020559194155,40.373172082277364,lbs,,simulated
FM-FM,flow,53376.1939884,1780902727.716907,1.66753848404151,,8.133173287889155,gallons_per_minute,,simulated
CC-PT,pressure,53376.1954388,1780902727.7183568,1.3353194398068713,,208.82985995171782,psi,,simulated
FI-PT,pressure,53376.1954757,1780902727.718393,1.7103608501387657,,302.59021253469143,psi,,simulated
thrust,thrust,53376.1954876,1780902727.718405,2.500908672917923,2.499091327082077,40.855559800485786,lbs,,simulated
CC-PT,pressure,53376.2060557,1780902727.7289748,1.3354309005058884,,208.8577251264721,psi,,simulated
FI-PT,pressure,53376.2061507,1780902727.7290683,1.7134108201755072,,303.35270504387677,psi,,simulated
thrust,thrust,53376.2061948,1780902727.7291124,2.5009414554764575,2.4990585445235425,42.329522272789305,lbs,,simulated
CC-PT,pressure,53376.216452,1780902727.7393706,1.3315589823197105,,207.88974557992762,psi,,simulated
FI-PT,pressure,53376.2165072,1780902727.7394245,1.7031415347029608,,300.7853836757402,psi,,simulated
thrust,thrust,53376.2165181,1780902727.7394354,2.500927746406525,2.499072253593475,41.713137966189656,lbs,,simulated
CC-PT,pressure,53376.226624,1780902727.7495427,1.3424404075670728,,210.6101018917682,psi,,simulated
FI-PT,pressure,53376.2266977,1780902727.7496152,1.7075010189415238,,301.87525473538096,psi,,simulated
thrust,thrust,53376.2267137,1780902727.7496312,2.5009474159416456,2.4990525840583544,42.597515449571766,lbs,,simulated
tank_temp,temperature,53376.2316497,1780902727.7545688,,,20.0754474444969,°C,,simulated
FM-FM,flow,53376.2345733,1780902727.7574909,1.6690691315018094,,8.147523107829462,gallons_per_minute,,simulated
CC-PT,pressure,53376.2370796,1780902727.7599976,1.3313765920849552,,207.8441480212388,psi,,simulated
FI-PT,pressure,53376.2371226,1780902727.76004,1.7071642526583972,,301.7910631645993,psi,,simulated
thrust,thrust,53376.2371358,1780902727.7600532,2.5009378791973447,2.4990621208026553,42.16872636671983,lbs,,simulated
CC-PT,pressure,53376.2473076,1780902727.7702262,1.3472123559966511,,211.80308899916278,psi,,simulated
FI-PT,pressure,53376.2473896,1780902727.770307,1.7222978737709371,,305.57446844273426,psi,,simulated
thrust,thrust,53376.2474081,1780902727.7703254,2.5009694696628415,2.4990305303371585,43.58909020366686,lbs,,simulated
CC-PT,pressure,53376.2579376,1780902727.7808566,1.3411839415054252,,210.2959853763563,psi,,simulated
FI-PT,pressure,53376.258006,1780902727.7809234,1.7101140868799791,,302.5285217199948,psi,,simulated
thrust,thrust,53376.2580202,1780902727.7809377,2.500958144778984,2.499041855221016,43.07990316778019,lbs,,simulated
CC-PT,pressure,53376.268487,1780902727.791406,1.3450612241102724,,211.2653060275681,psi,,simulated
FI-PT,pressure,53376.2685489,1780902727.7914662,1.7148401397276092,,303.71003493190227,psi,,simulated
thrust,thrust,53376.2685597,1780902727.7914772,2.50096529733721,2.49903470266279,43.40149497991914,lbs,,simulated
FM-FM,flow,53376.2751354,1780902727.7980542,1.6850509268106135,,8.2973524388495,gallons_per_minute,,simulated
CC-PT,pressure,53376.2786596,1780902727.801579,1.3395895170676133,,209.89737926690333,psi,,simulated
FI-PT,pressure,53376.278723,1780902727.8016405,1.7148884194956326,,303.72210487390817,psi,,simulated
thrust,thrust,53376.278742,1780902727.8016593,2.5010105968726393,2.4989894031273607,45.438243123465824,lbs,,simulated
CC-PT,pressure,53376.2891505,1780902727.8120692,1.3382716582145284,,209.5679145536321,psi,,simulated
FI-PT,pressure,53376.2892223,1780902727.8121397,1.7097403657126864,,302.4350914281716,psi,,simulated
thrust,thrust,53376.2892476,1780902727.812165,2.5009980798957443,2.4990019201042557,44.87545745222266,lbs,,simulated
CC-PT,pressure,53376.2997241,1780902727.8226428,1.3554801172590394,,213.87002931475985,psi,,simulated
FI-PT,pressure,53376.2997779,1780902727.8226955,1.7023744228332547,,300.59360570831365,psi,,simulated
thrust,thrust,53376.2997932,1780902727.8227108,2.5009945036166314,2.4990054963833686,44.71466154615319,lbs,,simulated
CC-PT,pressure,53376.3099694,1780902727.8328884,1.3483400760102362,,212.08501900255905,psi,,simulated
FI-PT,pressure,53376.3100415,1780902727.832959,1.717714872087821,,304.42871802195526,psi,,simulated
thrust,thrust,53376.3100566,1780902727.8329742,2.500998675942263,2.499001324057737,44.90225676990091,lbs,,simulated
FM-FM,flow,53376.3157376,1780902727.8386571,1.6968693371855423,,8.40815003611446,gallons_per_minute,,simulated
CC-PT,pressure,53376.3201791,1780902727.8430974,1.353610915376057,,213.40272884401423,psi,,simulated
FI-PT,pressure,53376.3202202,1780902727.8431377,1.7097266566427538,,302.43166416068846,psi,,simulated
thrust,thrust,53376.3202365,1780902727.8431542,2.500983774779293,2.499016225220707,44.23227382794476,lbs,,simulated
CC-PT,pressure,53376.3307781,1780902727.8536968,1.348356169266244,,212.089042316561,psi,,simulated
FI-PT,pressure,53376.3308326,1780902727.85375,1.7167313953317875,,304.1828488329469,psi,,simulated
thrust,thrust,53376.3308427,1780902727.8537602,2.5009879471049246,2.4990120528950754,44.41986905169248,lbs,,simulated
tank_temp,temperature,53376.3324462,1780902727.8553638,,,20.100416375030278,°C,,simulated
CC-PT,pressure,53376.3409432,1780902727.8638608,1.3637240366606758,,215.93100916516894,psi,,simulated
FI-PT,pressure,53376.3409656,1780902727.863883,1.7048337107698572,,301.2084276924643,psi,,simulated
thrust,thrust,53376.3409724,1780902727.8638897,2.501002252221376,2.498997747778624,45.06305267597038,lbs,,simulated
CC-PT,pressure,53376.3512396,1780902727.874158,1.3510228813913918,,212.75572034784796,psi,,simulated
FI-PT,pressure,53376.3512831,1780902727.8742006,1.7102833640913206,,302.57084102283017,psi,,simulated
thrust,thrust,53376.3512912,1780902727.8742085,2.500974834081511,2.499025165918489,43.83028406277107,lbs,,simulated
FM-FM,flow,53376.356273,1780902727.8791914,1.704241240530162,,8.477261629970268,gallons_per_minute,,simulated
CC-PT,pressure,53376.3617804,1780902727.8846984,1.343533556882567,,210.88338922064176,psi,,simulated
FI-PT,pressure,53376.3618124,1780902727.8847299,1.7207022572400876,,305.1755643100219,psi,,simulated
thrust,thrust,53376.3618317,1780902727.8847492,2.500995695709669,2.499004304290331,44.76826018150968,lbs,,simulated
CC-PT,pressure,53376.3723347,1780902727.8952532,1.3551505035341385,,213.78762588353462,psi,,simulated
FI-PT,pressure,53376.3724313,1780902727.895349,1.7219992544650142,,305.49981361625356,psi,,simulated
thrust,thrust,53376.3724563,1780902727.8953738,2.500971257802398,2.499028742197602,43.6694881567016,lbs,,simulated
CC-PT,pressure,53376.382833,1780902727.9057524,1.3539047663098294,,213.47619157745734,psi,,simulated
FI-PT,pressure,53376.3829309,1780902727.9058483,1.7058463938053123,,301.4615984513281,psi,,simulated
thrust,thrust,53376.3829515,1780902727.905869,2.5009849668723305,2.4990150331276695,44.28587246330125,lbs,,simulated
CC-PT,pressure,53376.3933172,1780902727.9162357,1.3382299349582119,,209.55748373955296,psi,,simulated
FI-PT,pressure,53376.3933818,1780902727.9162993,1.7059113628758624,,301.4778407189656,psi,,simulated
thrust,thrust,53376.3933929,1780902727.9163103,2.5009664894302475,2.4990335105697525,43.45509361527563,lbs,,simulated
FM-FM,flow,53376.3964488,1780902727.9193664,1.7092527996603013,,8.524244996815323,gallons_per_minute,,simulated
CC-PT,pressure,53376.4034703,1780902727.9263887,1.352231067685016,,213.057766921254,psi,,simulated
FI-PT,pressure,53376.4035192,1780902727.9264367,1.7138811008788468,,303.4702752197117,psi,,simulated
thrust,thrust,53376.4035284,1780902727.9264457,2.5009885431514434,2.4990114568485566,44.44666836937073,lbs,,simulated
CC-PT,pressure,53376.4136085,1780902727.9365268,1.3595672082385075,,214.89180205962688,psi,,simulated
FI-PT,pressure,53376.4136652,1780902727.9365826,1.7187543772166225,,304.68859430415563,psi,,simulated
thrust,thrust,53376.4136751,1780902727.9365926,2.5009730459419544,2.4990269540580456,43.74988610973634,lbs,,simulated
CC-PT,pressure,53376.4240695,1780902727.9469876,1.3592679928860658,,214.81699822151646,psi,,simulated
FI-PT,pressure,53376.4240979,1780902727.9470155,1.715592350434345,,303.89808760858625,psi,,simulated
thrust,thrust,53376.4241058,1780902727.9470232,2.500948608034683,2.499051391965317,42.65111408492826,lbs,,simulated
tank_temp,temperature,53376.4327825,1780902727.9557004,,,20.34178270351934,°C,,simulated
CC-PT,pressure,53376.434377,1780902727.957295,1.3531793776964398,,213.29484442410995,psi,,simulated
FI-PT,pressure,53376.4344411,1780902727.9573586,1.7166920562615462,,304.17301406538655,psi,,simulated
thrust,thrust,53376.4344501,1780902727.9573677,2.500924170127412,2.499075829872588,41.552342060120175,lbs,,simulated
FM-FM,flow,53376.437024,1780902727.9599419,1.7491861282808934,,8.898619952633373,gallons_per_minute,,simulated
CC-PT,pressure,53376.4445934,1780902727.967512,1.3486786304329192,,212.1696576082298,psi,,simulated
FI-PT,pressure,53376.4446468,1780902727.9675643,1.7091753136128562,,302.29382840321404,psi,,simulated
thrust,thrust,53376.4446586,1780902727.9675758,2.500924766173931,2.499075233826069,41.57914137779842,lbs,,simulated
CC-PT,pressure,53376.4550637,1780902727.9779823,1.359649462658103,,214.91236566452577,psi,,simulated
FI-PT,pressure,53376.4551498,1780902727.9780674,1.7188735865203841,,304.71839663009604,psi,,simulated
thrust,thrust,53376.455174,1780902727.9780915,2.5009194017552616,2.4990805982447384,41.33794751869421,lbs,,simulated
CC-PT,pressure,53376.4653888,1780902727.9883072,1.3505543888276086,,212.63859720690215,psi,,simulated
FI-PT,pressure,53376.4654315,1780902727.988349,1.722291913305749,,305.57297832643724,psi,,simulated
thrust,thrust,53376.4654407,1780902727.9883583,2.5008973480340657,2.4991026519659343,40.34637276459912,lbs,,simulated
CC-PT,pressure,53376.4758933,1780902727.9988117,1.3661076266893897,,216.52690667234742,psi,,simulated
FI-PT,pressure,53376.475939,1780902727.9988565,1.7132194892429697,,303.30487231074244,psi,,simulated
thrust,thrust,53376.4759487,1780902727.998866,2.5008955598945093,2.4991044401054907,40.26597481156438,lbs,,simulated
FM-FM,flow,53376.4774234,1780902728.0003414,1.7230232623843267,,8.653343084853061,gallons_per_minute,,simulated
CC-PT,pressure,53376.4864691,1780902728.009387,1.3570465275104673,,214.26163187761682,psi,,simulated
FI-PT,pressure,53376.4865049,1780902728.0094223,1.7074765810342527,,301.86914525856315,psi,,simulated
thrust,thrust,53376.48652,1780902728.0094373,2.500887811289765,2.499112188710235,39.91758368174718,lbs,,simulated
CC-PT,pressure,53376.4969481,1780902728.0198655,1.3540436451487117,,213.51091128717792,psi,,simulated
FI-PT,pressure,53376.496984,1780902728.0199015,1.7117651357370778,,302.94128393426945,psi,,simulated
thrust,thrust,53376.4969945,1780902728.019912,2.5008609891964184,2.4991390108035816,38.71161438622612,lbs,,simulated
CC-PT,pressure,53376.5074637,1780902728.0303812,1.3568861909969079,,214.22154774922697,psi,,simulated
FI-PT,pressure,53376.5074895,1780902728.030407,1.7211290265475543,,305.2822566368886,psi,,simulated
thrust,thrust,53376.5074974,1780902728.0304146,2.5008395315217413,2.4991604684782587,37.746838949809266,lbs,,simulated
CC-PT,pressure,53376.5179999,1780902728.040918,1.3561178870341641,,214.02947175854104,psi,,simulated
FI-PT,pressure,53376.518042,1780902728.0409596,1.70639773683521,,301.59943420880245,psi,,simulated
thrust,thrust,53376.5180521,1780902728.0409694,2.500834167103072,2.499165832896928,37.50564509070506,lbs,,simulated
FM-FM,flow,53376.5180603,1780902728.0409777,1.6736902801621296,,8.190846376519964,gallons_per_minute,,simulated
CC-PT,pressure,53376.5287889,1780902728.051707,1.3583155105490103,,214.5788776372526,psi,,simulated
FI-PT,pressure,53376.5288437,1780902728.0517612,1.7164947648638207,,304.12369121595515,psi,,simulated
thrust,thrust,53376.528854,1780902728.0517714,2.500803768730613,2.499196231269387,36.13887988911452,lbs,,simulated
tank_temp,temperature,53376.5332376,1780902728.0561554,,,20.192662701722966,°C,,simulated
CC-PT,pressure,53376.5392774,1780902728.0621963,1.3579274842652662,,214.48187106631656,psi,,simulated
FI-PT,pressure,53376.5393306,1780902728.062248,1.7113377703830923,,302.83444259577306,psi,,simulated
thrust,thrust,53376.5393415,1780902728.062259,2.5007954240793495,2.4992045759206505,35.76368944161908,lbs,,simulated
CC-PT,pressure,53376.5494796,1780902728.0723982,1.360709233368544,,215.177308342136,psi,,simulated
FI-PT,pressure,53376.5495353,1780902728.0724525,1.7167278190526747,,304.1819547631687,psi,,simulated
thrust,thrust,53376.5495445,1780902728.072462,2.500763237567334,2.499236762432666,34.3165262869938,lbs,,simulated
FM-FM,flow,53376.5584679,1780902728.0813856,1.7151119369401857,,8.57917440881424,gallons_per_minute,,simulated
CC-PT,pressure,53376.5600411,1780902728.082959,1.3650663334210318,,216.26658335525795,psi,,simulated
FI-PT,pressure,53376.5600539,1780902728.0829713,1.7162849564892002,,304.0712391223,psi,,simulated
thrust,thrust,53376.5600601,1780902728.0829775,2.5007614494277774,2.4992385505722226,34.236128333959066,lbs,,simulated
CC-PT,pressure,53376.570585,1780902728.0935028,1.3678504667103848,,216.9626166775962,psi,,simulated
FI-PT,pressure,53376.5706167,1780902728.0935342,1.718085016976001,,304.5212542440002,psi,,simulated
thrust,thrust,53376.5706245,1780902728.0935419,2.500719726171461,2.499280273828539,32.36017609648185,lbs,,simulated
CC-PT,pressure,53376.5811545,1780902728.1040735,1.3582350442689712,,214.5587610672428,psi,,simulated
FI-PT,pressure,53376.5812555,1780902728.104173,1.727235523132744,,306.808880783186,psi,,simulated
thrust,thrust,53376.5812763,1780902728.1041937,2.500688135705964,2.499311864294036,30.939812259534826,lbs,,simulated
CC-PT,pressure,53376.5917242,1780902728.1146426,1.3598026466134367,,214.9506616533592,psi,,simulated
FI-PT,pressure,53376.5918067,1780902728.1147242,1.7209877635225967,,305.24694088064916,psi,,simulated
thrust,thrust,53376.5918281,1780902728.1147456,2.500676214775588,2.499323785224412,30.403825905969907,lbs,,simulated
FM-FM,flow,53376.5987333,1780902728.1216512,1.7004706502521814,,8.4419123461142,gallons_per_minute,,simulated
CC-PT,pressure,53376.6022284,1780902728.1251462,1.3635374741002888,,215.8843685250722,psi,,simulated
FI-PT,pressure,53376.6022606,1780902728.125178,1.726698485219298,,306.6746213048245,psi,,simulated
thrust,thrust,53376.6022683,1780902728.1251857,2.5006440282635722,2.4993559717364278,28.95666275134463,lbs,,simulated
CC-PT,pressure,53376.6124895,1780902728.1354072,1.3670702418172649,,216.76756045431623,psi,,simulated
FI-PT,pressure,53376.6125217,1780902728.1354392,1.7180754802317,,304.51887005792497,psi,,simulated
thrust,thrust,53376.6125293,1780902728.1354468,2.5006160140771883,2.4993839859228117,27.69709482046708,lbs,,simulated
CC-PT,pressure,53376.6228849,1780902728.1458032,1.3678456983382343,,216.96142458455859,psi,,simulated
FI-PT,pressure,53376.6229377,1780902728.145855,1.716276611837937,,304.0691529594842,psi,,simulated
thrust,thrust,53376.6229473,1780902728.1458647,2.500598728728143,2.499401271271857,26.91991460779795,lbs,,simulated
CC-PT,pressure,53376.6331635,1780902728.156082,1.3555492586552211,,213.88731466380528,psi,,simulated
FI-PT,pressure,53376.6332417,1780902728.1561592,1.7216541435306243,,305.41353588265605,psi,,simulated
thrust,thrust,53376.633262,1780902728.1561794,2.5005814433790974,2.4994185566209026,26.14273439512882,lbs,,simulated
tank_temp,temperature,53376.6332804,1780902728.1561978,,,20.197691166899798,°C,,simulated
FM-FM,flow,53376.639116,1780902728.1620336,1.705754006594897,,8.49144381182716,gallons_per_minute,,simulated
CC-PT,pressure,53376.6433507,1780902728.1662683,1.3785751317233006,,219.64378293082515,psi,,simulated
FI-PT,pressure,53376.6434129,1780902728.1663303,1.7025895956265444,,300.6473989066361,psi,,simulated
thrust,thrust,53376.64343,1780902728.1663475,2.5005254150063294,2.4994745849936706,23.62359853337371,lbs,,simulated
CC-PT,pressure,53376.6540023,1780902728.1769214,1.3635601238680035,,215.89003096700088,psi,,simulated
FI-PT,pressure,53376.6540833,1780902728.1770008,1.7195983790872549,,304.8995947718137,psi,,simulated
thrust,thrust,53376.6541011,1780902728.1770186,2.5005182624481037,2.4994817375518963,23.302006721234758,lbs,,simulated
CC-PT,pressure,53376.6643918,1780902728.18731,1.3803281045351155,,220.08202613377887,psi,,simulated
FI-PT,pressure,53376.6644396,1780902728.187357,1.721024122360244,,305.256030590061,psi,,simulated
thrust,thrust,53376.6644488,1780902728.1873662,2.500489056168682,2.499510943831318,21.988840155000712,lbs,,simulated
CC-PT,pressure,53376.6748943,1780902728.1978123,1.361830992916941,,215.45774822923525,psi,,simulated
FI-PT,pressure,53376.6749309,1780902728.1978483,1.712879742727249,,303.2199356818123,psi,,simulated
thrust,thrust,53376.6749459,1780902728.1978633,2.5004604459357793,2.4995395540642207,20.702472906444914,lbs,,simulated
FM-FM,flow,53376.6793724,1780902728.20229,1.7475821670987803,,8.883582816551064,gallons_per_minute,,simulated
CC-PT,pressure,53376.6853818,1780902728.2082996,1.3646651941138739,,216.16629852846847,psi,,simulated
FI-PT,pressure,53376.6854248,1780902728.2083423,1.7233040002946853,,305.8260000736713,psi,,simulated
thrust,thrust,53376.6854448,1780902728.2083623,2.5004407764006586,2.4995592235993414,19.8180954230628,lbs,,simulated
CC-PT,pressure,53376.6960133,1780902728.2189307,1.3694413148690838,,217.36032871727096,psi,,simulated
FI-PT,pressure,53376.6960282,1780902728.2189455,1.7173906227815894,,304.34765569539735,psi,,simulated
thrust,thrust,53376.696036,1780902728.2189534,2.5003889203535223,2.4996110796464777,17.48655478505541,lbs,,simulated
CC-PT,pressure,53376.7065503,1780902728.2294683,1.3700975620862916,,217.5243905215729,psi,,simulated
FI-PT,pressure,53376.7066278,1780902728.229545,1.7062189228795674,,301.55473071989184,psi,,simulated
thrust,thrust,53376.7066489,1780902728.229566,2.500378191516184,2.499621808483816,17.004167066846986,lbs,,simulated
CC-PT,pressure,53376.7169537,1780902728.2398725,1.367268725308028,,216.817181327007,psi,,simulated
FI-PT,pressure,53376.7170479,1780902728.2399654,1.7199160718817796,,304.9790179704449,psi,,simulated
thrust,thrust,53376.7170685,1780902728.239986,2.5003388524459425,2.4996611475540575,15.235412100082762,lbs,,simulated
FM-FM,flow,53376.719887,1780902728.2428048,1.717910971392509,,8.60541535680477,gallons_per_minute,,simulated
CC-PT,pressure,53376.7274359,1780902728.2503538,1.3767631503061235,,219.19078757653088,psi,,simulated
FI-PT,pressure,53376.7275172,1780902728.2504349,1.7155452627593593,,303.8863156898398,psi,,simulated
thrust,thrust,53376.7275436,1780902728.250461,2.5003108382595585,2.4996891617404415,13.975844169205207,lbs,,simulated
tank_temp,temperature,53376.7334545,1780902728.2563725,,,20.299994423946146,°C,,simulated
CC-PT,pressure,53376.7379614,1780902728.260879,1.3619871571048687,,215.49678927621719,psi,,simulated
FI-PT,pressure,53376.7379936,1780902728.260911,1.7185171507021368,,304.6292876755342,psi,,simulated
thrust,thrust,53376.7380064,1780902728.2609239,2.5002762675614676,2.4997237324385324,12.421483743866947,lbs,,simulated
CC-PT,pressure,53376.7483014,1780902728.2712202,1.3795544361537024,,219.8886090384256,psi,,simulated
FI-PT,pressure,53376.7483501,1780902728.2712677,1.7209454442197614,,305.23636105494035,psi,,simulated
thrust,thrust,53376.7483591,1780902728.2712762,2.500243485002933,2.499756514997067,10.947521271563426,lbs,,simulated
CC-PT,pressure,53376.7587378,1780902728.281656,1.368732615558221,,217.18315388955523,psi,,simulated
FI-PT,pressure,53376.7587822,1780902728.2816997,1.7295839464168485,,307.3959866042121,psi,,simulated
thrust,thrust,53376.7587917,1780902728.281709,2.50021010639788,2.49978989360212,9.44675948158166,lbs,,simulated
FM-FM,flow,53376.7603276,1780902728.2832456,1.683955989355563,,8.287087400208401,gallons_per_minute,,simulated
CC-PT,pressure,53376.7692041,1780902728.2921226,1.3815547682708227,,220.38869206770568,psi,,simulated
FI-PT,pressure,53376.7692581,1780902728.2921755,1.7229159740109412,,305.7289935027353,psi,,simulated
thrust,thrust,53376.7692692,1780902728.2921867,2.5001868605836464,2.4998131394163536,8.40158609213007,lbs,,simulated
CC-PT,pressure,53376.7797049,1780902728.3026235,1.371985837457876,,217.996459364469,psi,,simulated
FI-PT,pressure,53376.7797559,1780902728.3026733,1.722344961445923,,305.58624036148075,psi,,simulated
thrust,thrust,53376.7797652,1780902728.3026826,2.500171959420676,2.499828040579324,7.7316031501739255,lbs,,simulated
CC-PT,pressure,53376.7902381,1780902728.313157,1.3664253194839144,,216.6063298709786,psi,,simulated
FI-PT,pressure,53376.7903297,1780902728.3132472,1.7250688940368764,,306.2672235092191,psi,,simulated
thrust,thrust,53376.7903516,1780902728.313269,2.500128448024803,2.499871551975197,5.775252959661979,lbs,,simulated
CC-PT,pressure,53376.8008695,1780902728.3237877,1.3778861019475583,,219.4715254868896,psi,,simulated
FI-PT,pressure,53376.8009336,1780902728.323851,1.7120810403920461,,303.02026009801153,psi,,simulated
thrust,thrust,53376.8009537,1780902728.3238711,2.5000932812801935,2.4999067187198065,4.1940932166454745,lbs,,simulated
FM-FM,flow,53376.8009727,1780902728.3238902,1.735110489739238,,8.766660841305354,gallons_per_minute,,simulated
CC-PT,pressure,53376.8112068,1780902728.3341246,1.3889207111502542,,222.23017778756355,psi,,simulated
FI-PT,pressure,53376.8112479,1780902728.3341653,1.7306061661966046,,307.65154154915115,psi,,simulated
thrust,thrust,53376.8112662,1780902728.3341837,2.500057518489065,2.499942481510935,2.586134155950724,lbs,,simulated
CC-PT,pressure,53376.8213859,1780902728.344304,1.3755555600590181,,218.88889001475454,psi,,simulated
FI-PT,pressure,53376.8214606,1780902728.344378,1.7169114013804676,,304.2278503451169,psi,,simulated
thrust,thrust,53376.8214787,1780902728.3443964,2.5000151991862296,2.4999848008137704,0.6833826007952689,lbs,,simulated
CC-PT,pressure,53376.831649,1780902728.3545675,1.3768603058886892,,219.2150764721723,psi,,simulated
FI-PT,pressure,53376.831734,1780902728.3546515,1.7262180717251385,,306.55451793128464,psi,,simulated
thrust,thrust,53376.8317548,1780902728.3546722,2.4999937415115525,2.5000062584884475,0.28139283562158135,lbs,,simulated
tank_temp,temperature,53376.8338631,1780902728.3567805,,,20.364670889841562,°C,,simulated
FM-FM,flow,53376.8410891,1780902728.364007,1.7250992924093356,,8.67280586633752,gallons_per_minute,,simulated
CC-PT,pressure,53376.8421993,1780902728.3651168,1.3741119353904647,,218.52798384761618,psi,,simulated
FI-PT,pressure,53376.8422344,1780902728.365152,1.7170353790563797,,304.25884476409493,psi,,simulated
thrust,thrust,53376.8422479,1780902728.3651652,2.4999758601159883,2.5000241398840117,1.0853723659689565,lbs,,simulated
CC-PT,pressure,53376.8524086,1780902728.3753273,1.3715423788478827,,217.88559471197067,psi,,simulated
FI-PT,pressure,53376.8524886,1780902728.375406,1.7181434295348441,,304.535857383711,psi,,simulated
thrust,thrust,53376.8525073,1780902728.3754249,2.4999096989524006,2.5000903010475994,4.060096628254245,lbs,,simulated
CC-PT,pressure,53376.8628345,1780902728.3857522,1.3725806918836465,,218.14517297091163,psi,,simulated
FI-PT,pressure,53376.8628655,1780902728.3857827,1.7218329574862667,,305.45823937156666,psi,,simulated
thrust,thrust,53376.8628723,1780902728.3857896,2.499898970115062,2.500101029884938,4.54248434646267,lbs,,simulated
CC-PT,pressure,53376.8731755,1780902728.3960931,1.3694353544038957,,217.35883860097394,psi,,simulated
FI-PT,pressure,53376.873248,1780902728.3961654,1.7357923669567545,,308.9480917391886,psi,,simulated
thrust,thrust,53376.8732732,1780902728.3961906,2.499867975696084,2.500132024303916,5.936048865731454,lbs,,simulated
FM-FM,flow,53376.8813078,1780902728.4042258,1.7090716015185836,,8.52254626423672,gallons_per_minute,,simulated
CC-PT,pressure,53376.8834534,1780902728.406371,1.3691623650982816,,217.2905912745704,psi,,simulated
FI-PT,pressure,53376.8834735,1780902728.4063907,1.7288067017563227,,307.20167543908065,psi,,simulated
thrust,thrust,53376.8834793,1780902728.4063966,2.4998292326723615,2.5001707673276385,7.678004514817434,lbs,,simulated
CC-PT,pressure,53376.893689,1780902728.416607,1.378284857068641,,219.57121426716026,psi,,simulated
FI-PT,pressure,53376.8937577,1780902728.4166753,1.7211987639902548,,305.2996909975637,psi,,simulated
thrust,thrust,53376.8937842,1780902728.4167018,2.499802410579015,2.500197589420985,8.883973810338496,lbs,,simulated
CC-PT,pressure,53376.9038993,1780902728.426817,1.3878096804391957,,221.95242010979894,psi,,simulated
FI-PT,pressure,53376.9039326,1780902728.4268498,1.7233183054111367,,305.82957635278416,psi,,simulated
thrust,thrust,53376.9039441,1780902728.4268615,2.499777376625225,2.500222623374775,10.009545152824822,lbs,,simulated
CC-PT,pressure,53376.9141165,1780902728.4370346,1.3814444996648432,,220.3611249162108,psi,,simulated
FI-PT,pressure,53376.9141879,1780902728.4371054,1.7183162830252985,,304.5790707563246,psi,,simulated
thrust,thrust,53376.9142069,1780902728.4371243,2.4997547268575104,2.5002452731424896,11.027919224598163,lbs,,simulated
FM-FM,flow,53376.9216354,1780902728.4445531,1.7172588965009328,,8.599302154696243,gallons_per_minute,,simulated
CC-PT,pressure,53376.924483,1780902728.4474003,1.381355092687022,,220.3387731717555,psi,,simulated
FI-PT,pressure,53376.9245058,1780902728.447423,1.7252202898526536,,306.3050724631634,psi,,simulated
thrust,thrust,53376.9245121,1780902728.4474294,2.4997141956942315,2.5002858043057685,12.85027282671888,lbs,,simulated
tank_temp,temperature,53376.9342713,1780902728.4571898,,,20.273985121307245,°C,,simulated
CC-PT,pressure,53376.9348933,1780902728.4578106,1.3801981663940153,,220.04954159850382,psi,,simulated
FI-PT,pressure,53376.9349099,1780902728.4578273,1.7221882012114764,,305.5470503028691,psi,,simulated
thrust,thrust,53376.9349163,1780902728.4578335,2.4996867775543663,2.5003132224456337,14.08304143991819,lbs,,simulated
CC-PT,pressure,53376.9451741,1780902728.4680924,1.3737000672459683,,218.42501681149207,psi,,simulated
FI-PT,pressure,53376.9452247,1780902728.468142,1.7301567471214232,,307.5391867803558,psi,,simulated
thrust,thrust,53376.9452362,1780902728.4681537,2.4996432661584933,2.5003567338415067,16.039391630430135,lbs,,simulated
CC-PT,pressure,53376.9554533,1780902728.4783711,1.3801624036028868,,220.0406009007217,psi,,simulated
FI-PT,pressure,53376.9555178,1780902728.4784353,1.717879976973531,,304.4699942433827,psi,,simulated
thrust,thrust,53376.9555365,1780902728.478454,2.4996182322047034,2.5003817677952966,17.164962972916463,lbs,,simulated
FM-FM,flow,53376.9620501,1780902728.484968,1.7263235719589676,,8.68428348711532,gallons_per_minute,,simulated
CC-PT,pressure,53376.9658169,1780902728.4887345,1.376674339374821,,219.16858484370528,psi,,simulated
FI-PT,pressure,53376.965838,1780902728.4887555,1.7242105870497926,,306.05264676244815,psi,,simulated
thrust,thrust,53376.9658448,1780902728.4887621,2.499581873367056,2.500418126632944,18.79972135128946,lbs,,simulated
CC-PT,pressure,53376.9761486,1780902728.499066,1.3849683266840371,,221.2420816710093,psi,,simulated
FI-PT,pressure,53376.9761739,1780902728.4990911,1.7213620807364083,,305.34052018410205,psi,,simulated
thrust,thrust,53376.9761836,1780902728.499101,2.499553859180672,2.500446140819328,20.05928928216701,lbs,,simulated
CC-PT,pressure,53376.9864451,1780902728.5093634,1.3868500455439146,,221.71251138597864,psi,,simulated
FI-PT,pressure,53376.9864865,1780902728.509404,1.7222960856313807,,305.5740214078452,psi,,simulated
thrust,thrust,53376.9864949,1780902728.5094123,2.499517500343025,2.500482499656975,21.694047660540008,lbs,,simulated
CC-PT,pressure,53376.9967286,1780902728.5196462,1.3871039613609268,,221.77599034023171,psi,,simulated
FI-PT,pressure,53376.9967636,1780902728.519681,1.731067506202162,,307.76687655054053,psi,,simulated
thrust,thrust,53376.9967761,1780902728.5196936,2.499500811040498,2.500499188959502,22.44442855553089,lbs,,simulated
FM-FM,flow,53377.0022495,1780902728.5251675,1.7418678691229663,,8.830011273027807,gallons_per_minute,,simulated
CC-PT,pressure,53377.0070242,1780902728.5299418,1.3818778254840167,,220.46945637100418,psi,,simulated
FI-PT,pressure,53377.0070454,1780902728.5299628,1.7277499112784755,,306.9374778196189,psi,,simulated
thrust,thrust,53377.0070524,1780902728.52997,2.4994811415053775,2.5005188584946225,23.328806038913005,lbs,,simulated
CC-PT,pressure,53377.0172422,1780902728.5401607,1.386028097394478,,221.50702434861952,psi,,simulated
FI-PT,pressure,53377.017327,1780902728.5402446,1.7306931889883506,,307.67329724708765,psi,,simulated
thrust,thrust,53377.0173509,1780902728.5402682,2.4994382261560233,2.5005617738439767,25.258356911746706,lbs,,simulated
CC-PT,pressure,53377.0277408,1780902728.5506592,1.3758661002953172,,218.9665250738293,psi,,simulated
FI-PT,pressure,53377.0278193,1780902728.550737,1.7345096748482793,,308.6274187120698,psi,,simulated
thrust,thrust,53377.0278723,1780902728.55079,2.4994149803417898,2.5005850196582102,26.303530301198293,lbs,,simulated
tank_temp,temperature,53377.0345666,1780902728.5574844,,,20.3608561921212,°C,,simulated
CC-PT,pressure,53377.0383283,1780902728.5612462,1.379310057080991,,219.82751427024778,psi,,simulated
FI-PT,pressure,53377.0383875,1780902728.561305,1.7344655674058875,,308.61639185147186,psi,,simulated
thrust,thrust,53377.0384071,1780902728.5613248,2.499392330574075,2.500607669425925,27.321904372971634,lbs,,simulated
FM-FM,flow,53377.0427012,1780902728.5656195,1.7359485311446823,,8.774517479481394,gallons_per_minute,,simulated
CC-PT,pressure,53377.0487144,1780902728.5716324,1.3786800359106108,,219.6700089776527,psi,,simulated
FI-PT,pressure,53377.0487641,1780902728.5716815,1.7195256614119603,,304.8814153529901,psi,,simulated
thrust,thrust,53377.048783,1780902728.5717006,2.4993607401085782,2.5006392598914218,28.742268209918667,lbs,,simulated
CC-PT,pressure,53377.0591013,1780902728.5820189,1.3745589702795709,,218.63974256989272,psi,,simulated
FI-PT,pressure,53377.0591413,1780902728.5820587,1.7311652578312466,,307.79131445781167,psi,,simulated
thrust,thrust,53377.0591596,1780902728.582077,2.499345242899089,2.500654757100911,29.439050469553056,lbs,,simulated
CC-PT,pressure,53377.0693429,1780902728.592261,1.3738496749221891,,218.46241873054728,psi,,simulated
FI-PT,pressure,53377.0694238,1780902728.5923412,1.7175604960394497,,304.3901240098624,psi,,simulated
thrust,thrust,53377.0694428,1780902728.5923603,2.49931484452663,2.50068515547337,30.805815671143595,lbs,,simulated
CC-PT,pressure,53377.0796782,1780902728.602596,1.3746901005137087,,218.67252512842717,psi,,simulated
FI-PT,pressure,53377.0797129,1780902728.6026304,1.7279281291875992,,306.9820322968998,psi,,simulated
thrust,thrust,53377.0797217,1780902728.6026392,2.499277293595945,2.500722706404055,32.494172684873085,lbs,,simulated
FM-FM,flow,53377.0831848,1780902728.6061025,1.749224871304616,,8.898983168480772,gallons_per_minute,,simulated
CC-PT,pressure,53377.0901967,1780902728.6131144,1.3772453519398395,,219.3113379849599,psi,,simulated
FI-PT,pressure,53377.0902314,1780902728.613149,1.7400117802633976,,310.0029450658494,psi,,simulated
thrust,thrust,53377.0902463,1780902728.6131637,2.499255835921268,2.500744164078732,33.458948121289936,lbs,,simulated
CC-PT,pressure,53377.1005558,1780902728.6234734,1.3684304199731852,,217.1076049932963,psi,,simulated
FI-PT,pressure,53377.1005947,1780902728.623512,1.7275174531361404,,306.8793632840351,psi,,simulated
thrust,thrust,53377.1006056,1780902728.6235228,2.4992516635956363,2.5007483364043637,33.64654334503766,lbs,,simulated
CC-PT,pressure,53377.1111169,1780902728.6340344,1.392196582817624,,223.049145704406,psi,,simulated
FI-PT,pressure,53377.1111404,1780902728.6340578,1.726648417311718,,306.6621043279295,psi,,simulated
thrust,thrust,53377.1111472,1780902728.6340647,2.4992296098744404,2.5007703901255596,34.63811809913275,lbs,,simulated
CC-PT,pressure,53377.1216311,1780902728.644549,1.381102965009566,,220.27574125239153,psi,,simulated
FI-PT,pressure,53377.1216611,1780902728.6445785,1.7300679361901208,,307.5169840475302,psi,,simulated
thrust,thrust,53377.1216692,1780902728.6445866,2.4992141126649514,2.5007858873350486,35.33490035876714,lbs,,simulated
FM-FM,flow,53377.1236271,1780902728.6465447,1.7894800650453646,,9.276375609800292,gallons_per_minute,,simulated
CC-PT,pressure,53377.1317266,1780902728.654645,1.3801033949975248,,220.0258487493812,psi,,simulated
FI-PT,pressure,53377.1317745,1780902728.654692,1.729327646413761,,307.33191160344023,psi,,simulated
thrust,thrust,53377.131786,1780902728.6547036,2.4991866945250862,2.5008133054749138,36.56766897196645,lbs,,simulated
tank_temp,temperature,53377.1347138,1780902728.6576314,,,20.229422516119268,°C,,simulated
CC-PT,pressure,53377.1422494,1780902728.6651673,1.3834639052705653,,220.86597631764133,psi,,simulated
FI-PT,pressure,53377.1423189,1780902728.6652365,1.7295601045560962,,307.39002613902403,psi,,simulated
thrust,thrust,53377.1423391,1780902728.6652567,2.4991676210364844,2.5008323789635156,37.42524713767032,lbs,,simulated
CC-PT,pressure,53377.152663,1780902728.675581,1.3787193749808522,,219.67984374521305,psi,,simulated
FI-PT,pressure,53377.1527245,1780902728.675642,1.7250337272922667,,306.25843182306664,psi,,simulated
thrust,thrust,53377.1527421,1780902728.6756594,2.499131858245356,2.500868141754644,39.03320619836507,lbs,,simulated
CC-PT,pressure,53377.1630281,1780902728.6859455,1.3824834087471258,,220.62085218678146,psi,,simulated
FI-PT,pressure,53377.1630622,1780902728.6859796,1.736241786031936,,309.06044650798395,psi,,simulated
thrust,thrust,53377.1630717,1780902728.6859891,2.4991455673152885,2.5008544326847115,38.416821891765416,lbs,,simulated
FM-FM,flow,53377.1641172,1780902728.6870346,1.7358048839336495,,8.773170786877962,gallons_per_minute,,simulated
CC-PT,pressure,53377.1735459,1780902728.6964636,1.3823236682800852,,220.58091707002131,psi,,simulated
FI-PT,pressure,53377.1735812,1780902728.6964986,1.7352618855550153,,308.8154713887538,psi,,simulated
thrust,thrust,53377.1735965,1780902728.6965141,2.499106228245047,2.500893771754953,40.185576858529636,lbs,,simulated
CC-PT,pressure,53377.1837453,1780902728.7066636,1.383719609227134,,220.9299023067835,psi,,simulated
FI-PT,pressure,53377.1838052,1780902728.7067225,1.728823987105368,,307.20599677634203,psi,,simulated
thrust,thrust,53377.1838187,1780902728.706736,2.4991115926637164,2.5008884073362836,39.94438299942543,lbs,,simulated
CC-PT,pressure,53377.1938984,1780902728.7168164,1.3657595355224057,,216.43988388060143,psi,,simulated
FI-PT,pressure,53377.193943,1780902728.7168605,1.7321529069129118,,308.0382267282279,psi,,simulated
thrust,thrust,53377.193954,1780902728.7168715,2.499075829872588,2.500924170127412,41.552342060120175,lbs,,simulated
CC-PT,pressure,53377.2040991,1780902728.7270179,1.385254429013065,,221.31360725326627,psi,,simulated
FI-PT,pressure,53377.2041932,1780902728.7271106,1.734383312986292,,308.595828246573,psi,,simulated
thrust,thrust,53377.2042173,1780902728.727135,2.4990680812678434,2.5009319187321566,41.90073318993738,lbs,,simulated
FM-FM,flow,53377.2042395,1780902728.7271569,1.7381574795433854,,8.795226370719236,gallons_per_minute,,simulated
CC-PT,pressure,53377.2143223,1780902728.7372406,1.3797338461558637,,219.93346153896593,psi,,simulated
FI-PT,pressure,53377.2143947,1780902728.737312,1.736791340922277,,309.19783523056924,psi,,simulated
thrust,thrust,53377.2144116,1780902728.7373292,2.4990645049887306,2.5009354950112694,42.06152909600685,lbs,,simulated
CC-PT,pressure,53377.2249308,1780902728.747849,1.3823838689784849,,220.59596724462122,psi,,simulated
FI-PT,pressure,53377.2250025,1780902728.7479198,1.7331256548316067,,308.28141370790166,psi,,simulated
thrust,thrust,53377.2250228,1780902728.7479403,2.499047219639685,2.500952780360315,42.83870930867598,lbs,,simulated
CC-PT,pressure,53377.2351689,1780902728.7580872,1.3812203861737713,,220.30509654344283,psi,,simulated
FI-PT,pressure,53377.2352492,1780902728.7581668,1.735103933227531,,308.7759833068828,psi,,simulated
thrust,thrust,53377.235268,1780902728.7581854,2.49903470266279,2.50096529733721,43.40149497991914,lbs,,simulated
tank_temp,temperature,53377.2352873,1780902728.758205,,,20.315079819476697,°C,,simulated
FM-FM,flow,53377.2446679,1780902728.7675877,1.7525502148330467,,8.930158264059811,gallons_per_minute,,simulated
CC-PT,pressure,53377.2457796,1780902728.7686973,1.3798101401102711,,219.9525350275678,psi,,simulated
FI-PT,pressure,53377.2458102,1780902728.7687275,1.7295213615323737,,307.3803403830934,psi,,simulated
thrust,thrust,53377.2458184,1780902728.7687356,2.499041855221016,2.500958144778984,43.07990316778019,lbs,,simulated
CC-PT,pressure,53377.2560872,1780902728.7790055,1.38652221995857,,221.63055498964252,psi,,simulated
FI-PT,pressure,53377.2561491,1780902728.7790663,1.7248471647318797,,306.21179118296993,psi,,simulated
thrust,thrust,53377.2561597,1780902728.779077,2.499032318476715,2.500967681523285,43.50869225063212,lbs,,simulated
CC-PT,pressure,53377.2663547,1780902728.7892735,1.3755442351751608,,218.8860587937902,psi,,simulated
FI-PT,pressure,53377.2664112,1780902728.7893283,1.7284520540776316,,307.1130135194079,psi,,simulated
thrust,thrust,53377.2664206,1780902728.789338,2.499022185685895,2.500977814314105,43.964280651162305,lbs,,simulated
CC-PT,pressure,53377.2768489,1780902728.7997675,1.3805772519799773,,220.14431299499432,psi,,simulated
FI-PT,pressure,53377.2769077,1780902728.7998252,1.7377015039564971,,309.4253759891243,psi,,simulated
thrust,thrust,53377.2769188,1780902728.7998362,2.4990090726624814,2.5009909273375186,44.553865640083714,lbs,,simulated
FM-FM,flow,53377.2850822,1780902728.8080006,1.783676956138248,,9.221971463796073,gallons_per_minute,,simulated
CC-PT,pressure,53377.2870687,1780902728.8099866,1.3755597323846498,,218.88993309616245,psi,,simulated
FI-PT,pressure,53377.2871017,1780902728.810019,1.7376091167460819,,309.40227918652045,psi,,simulated
thrust,thrust,53377.2871166,1780902728.8100343,2.4989995359181805,2.5010004640818195,44.98265472293564,lbs,,simulated
CC-PT,pressure,53377.2974749,1780902728.8203926,1.3769431563548036,,219.2357890887009,psi,,simulated
FI-PT,pressure,53377.2975187,1780902728.8204362,1.7327793518041792,,308.1948379510448,psi,,simulated
thrust,thrust,53377.2975339,1780902728.8204513,2.4989995359181805,2.5010004640818195,44.98265472293564,lbs,,simulated
CC-PT,pressure,53377.3077823,1780902728.8307009,1.3911016453625733,,222.77541134064333,psi,,simulated
FI-PT,pressure,53377.3078383,1780902728.8307555,1.7286529217544702,,307.1632304386175,psi,,simulated
thrust,thrust,53377.3078481,1780902728.8307655,2.4989965556855864,2.5010034443144136,45.116651311326876,lbs,,simulated
CC-PT,pressure,53377.3179611,1780902728.8408797,1.386991904615391,,221.74797615384773,psi,,simulated
FI-PT,pressure,53377.3180094,1780902728.8409266,1.7340554874009475,,308.51387185023685,psi,,simulated
thrust,thrust,53377.3180185,1780902728.840936,2.4990001319646993,2.5009998680353007,44.9558554052574,lbs,,simulated
FM-FM,flow,53377.3255037,1780902728.8484218,1.7476340231459166,,8.884068966992967,gallons_per_minute,,simulated
CC-PT,pressure,53377.3287417,1780902728.8516598,1.3778360340399785,,219.45900850999462,psi,,simulated
FI-PT,pressure,53377.3287902,1780902728.8517077,1.7423500707566821,,310.5875176891705,psi,,simulated
thrust,thrust,53377.3288103,1780902728.8517277,2.499007284522925,2.500992715477075,44.63426359311845,lbs,,simulated
tank_temp,temperature,53377.3356454,1780902728.8585641,,,20.33276614527114,°C,,simulated
CC-PT,pressure,53377.3393498,1780902728.8622684,1.3811005808234909,,220.27514520587272,psi,,simulated
FI-PT,pressure,53377.3393961,1780902728.8623135,1.7406519342245976,,310.1629835561494,psi,,simulated
thrust,thrust,53377.3394049,1780902728.862322,2.4989989398716617,2.5010010601283383,45.00945404061389,lbs,,simulated
CC-PT,pressure,53377.3498651,1780902728.8727834,1.374061271436366,,218.5153178590915,psi,,simulated
FI-PT,pressure,53377.3499195,1780902728.8728368,1.7285772238465815,,307.1443059616454,psi,,simulated
thrust,thrust,53377.3499294,1780902728.8728468,2.498994171499511,2.501005828500489,45.22384858203986,lbs,,simulated
CC-PT,pressure,53377.3604378,1780902728.8833566,1.3636429743341179,,215.91074358352947,psi,,simulated
FI-PT,pressure,53377.3604885,1780902728.883406,1.7325701394760775,,308.14253486901936,psi,,simulated
thrust,thrust,53377.3605012,1780902728.8834186,2.4989989398716617,2.5010010601283383,45.00945404061389,lbs,,simulated
FM-FM,flow,53377.3658076,1780902728.888726,1.7956413979102848,,9.334138105408918,gallons_per_minute,,simulated
CC-PT,pressure,53377.3708385,1780902728.8937569,1.3778378221795349,,219.45945554488372,psi,,simulated
FI-PT,pressure,53377.3708914,1780902728.8938086,1.7242695956551546,,306.0673989137886,psi,,simulated
thrust,thrust,53377.3709018,1780902728.893819,2.4990215896393764,2.5009784103606236,43.99107996884055,lbs,,simulated
CC-PT,pressure,53377.3809642,1780902728.9038825,1.3724871125801936,,218.1217781450484,psi,,simulated
FI-PT,pressure,53377.3810218,1780902728.903939,1.726309862889035,,306.57746572225875,psi,,simulated
thrust,thrust,53377.3810408,1780902728.9039583,2.4990150331276695,2.5009849668723305,44.28587246330125,lbs,,simulated
CC-PT,pressure,53377.3914605,1780902728.9143794,1.3665737350670977,,216.64343376677442,psi,,simulated
FI-PT,pressure,53377.3915455,1780902728.914463,1.7344000022888186,,308.60000057220464,psi,,simulated
thrust,thrust,53377.3915672,1780902728.9144847,2.499022185685895,2.500977814314105,43.964280651162305,lbs,,simulated
CC-PT,pressure,53377.4018309,1780902728.9247491,1.3596452903324714,,214.91132258311785,psi,,simulated
FI-PT,pressure,53377.4018803,1780902728.9247978,1.7335625569298931,,308.3906392324733,psi,,simulated
thrust,thrust,53377.4018914,1780902728.9248087,2.499029338244121,2.500970661755879,43.64268883902335,lbs,,simulated
FM-FM,flow,53377.4059247,1780902728.9288425,1.7394240783958528,,8.807100734961118,gallons_per_minute,,simulated
CC-PT,pressure,53377.4122854,1780902728.9352033,1.381470129665152,,220.367532416288,psi,,simulated
FI-PT,pressure,53377.4123162,1780902728.9352336,1.739345996301889,,309.8364990754722,psi,,simulated
thrust,thrust,53377.4123251,1780902728.9352424,2.4990406631279782,2.5009593368720218,43.13350180313668,lbs,,simulated
CC-PT,pressure,53377.4227751,1780902728.9456935,1.3758303375041887,,218.95758437604718,psi,,simulated
FI-PT,pressure,53377.4228519,1780902728.9457695,1.741306393302249,,310.32659832556226,psi,,simulated
thrust,thrust,53377.4228713,1780902728.9457889,2.49904483545361,2.50095516454639,42.94590657938896,lbs,,simulated
CC-PT,pressure,53377.4331876,1780902728.956106,1.375270053776509,,218.81751344412726,psi,,simulated
FI-PT,pressure,53377.4332347,1780902728.956152,1.7388500855982405,,309.7125213995601,psi,,simulated
thrust,thrust,53377.433244,1780902728.9561615,2.499065697081768,2.500934302918232,42.00793046065036,lbs,,simulated
tank_temp,temperature,53377.4361756,1780902728.9590933,,,20.268089679375784,°C,,simulated
CC-PT,pressure,53377.4438973,1780902728.9668148,1.3671650132137554,,216.79125330343885,psi,,simulated
FI-PT,pressure,53377.4440188,1780902728.9669363,1.741903035867576,,310.475758966894,psi,,simulated
thrust,thrust,53377.4440761,1780902728.9669933,2.4990734456865127,2.5009265543134873,41.65953933083316,lbs,,simulated
FM-FM,flow,53377.4465192,1780902728.9694366,1.7475744184940358,,8.883510173381584,gallons_per_minute,,simulated
CC-PT,pressure,53377.4541767,1780902728.9770947,1.3712002481460868,,217.8000620365217,psi,,simulated
FI-PT,pressure,53377.4542171,1780902728.9771342,1.7308362401528645,,307.70906003821614,psi,,simulated
thrust,thrust,53377.4542257,1780902728.977143,2.4990490077792415,2.5009509922207585,42.75831135564124,lbs,,simulated
CC-PT,pressure,53377.4648467,1780902728.987765,1.3788272594007565,,219.70681485018912,psi,,simulated
FI-PT,pressure,53377.4649369,1780902728.9878542,1.7274858626706435,,306.87146566766086,psi,,simulated
thrust,thrust,53377.4649625,1780902728.98788,2.4990895389425205,2.5009104610574795,40.935957753520526,lbs,,simulated
CC-PT,pressure,53377.4752082,1780902728.9981263,1.3667704304183044,,216.6926076045761,psi,,simulated
FI-PT,pressure,53377.4752805,1780902728.998198,1.7373957320923485,,309.3489330230871,psi,,simulated
thrust,thrust,53377.4753009,1780902728.9982185,2.499134242431431,2.500865757568569,38.926008927652084,lbs,,simulated
CC-PT,pressure,53377.4856962,1780902729.0086145,1.371056600935054,,217.7641502337635,psi,,simulated
FI-PT,pressure,53377.4857778,1780902729.0086954,1.75059816248395,,312.64954062098747,psi,,simulated
thrust,thrust,53377.4858002,1780902729.0087175,2.499106824291566,2.500893175708434,40.158777540851396,lbs,,simulated
FM-FM,flow,53377.486888,1780902729.009806,1.770644399004507,,9.099791240667253,gallons_per_minute,,simulated
CC-PT,pressure,53377.4962026,1780902729.0191202,1.3631494478165447,,215.78736195413617,psi,,simulated
FI-PT,pressure,53377.4962189,1780902729.0191362,1.7367984934805027,,309.19962337012566,psi,,simulated
thrust,thrust,53377.4962261,1780902729.0191433,2.499137222664025,2.500862777335975,38.79201233926086,lbs,,simulated
CC-PT,pressure,53377.5067583,1780902729.029677,1.3697685444079095,,217.44213610197738,psi,,simulated
FI-PT,pressure,53377.5068309,1780902729.0297487,1.7278798494195757,,306.96996235489394,psi,,simulated
thrust,thrust,53377.5068542,1780902729.0297718,2.4991640447573715,2.5008359552426285,37.58604304373979,lbs,,simulated
CC-PT,pressure,53377.5173372,1780902729.0402553,1.3616360857052907,,215.40902142632268,psi,,simulated
FI-PT,pressure,53377.517401,1780902729.0403185,1.736375300452149,,309.0938251130372,psi,,simulated
thrust,thrust,53377.517417,1780902729.0403347,2.4991711973155972,2.5008288026844028,37.264451231600844,lbs,,simulated
CC-PT,pressure,53377.5275309,1780902729.050449,1.3645722108569398,,216.14305271423495,psi,,simulated
FI-PT,pressure,53377.5275945,1780902729.0505118,1.7435987882135853,,310.8996970533963,psi,,simulated
thrust,thrust,53377.5276115,1780902729.050529,2.499203383827613,2.500796616172387,35.817288076975565,lbs,,simulated
FM-FM,flow,53377.527627,1780902729.0505445,1.7555608457995469,,8.95838292937075,gallons_per_minute,,simulated
tank_temp,temperature,53377.5366351,1780902729.059553,,,20.275198888763715,°C,,simulated
CC-PT,pressure,53377.53824,1780902729.0611575,1.3648755985350132,,216.2188996337533,psi,,simulated
FI-PT,pressure,53377.5382555,1780902729.061173,1.728967038269882,,307.2417595674705,psi,,simulated
thrust,thrust,53377.538261,1780902729.0611784,2.499197423362425,2.500802576637575,36.085281253758026,lbs,,simulated
CC-PT,pressure,53377.5484036,1780902729.0713222,1.3716603960586067,,217.91509901465167,psi,,simulated
FI-PT,pressure,53377.5484855,1780902729.071403,1.7401154923576703,,310.0288730894176,psi,,simulated
thrust,thrust,53377.5485063,1780902729.0714238,2.4992176889440643,2.5007823110559357,35.17410445269767,lbs,,simulated
CC-PT,pressure,53377.5588628,1780902729.081781,1.3682313404359032,,217.0578351089758,psi,,simulated
FI-PT,pressure,53377.5589319,1780902729.0818496,1.7317505755127163,,307.9376438781791,psi,,simulated
thrust,thrust,53377.5589699,1780902729.0818875,2.499249279409561,2.500750720590439,33.75374061575064,lbs,,simulated
FM-FM,flow,53377.5680374,1780902729.0909557,1.7628987744925944,,9.02717601086807,gallons_per_minute,,simulated
CC-PT,pressure,53377.5696673,1780902729.0925846,1.3613344861667738,,215.33362154169345,psi,,simulated
FI-PT,pressure,53377.5696887,1780902729.0926063,1.7431797675108631,,310.79494187771576,psi,,simulated
thrust,thrust,53377.569696,1780902729.0926135,2.4992665647586065,2.5007334352413935,32.97656040308151,lbs,,simulated
CC-PT,pressure,53377.5798864,1780902729.102804,1.3637395338701648,,215.9348834675412,psi,,simulated
FI-PT,pressure,53377.5799159,1780902729.1028335,1.7403723884072766,,310.0930971018191,psi,,simulated
thrust,thrust,53377.5799255,1780902729.1028428,2.4992856382472084,2.5007143617527916,32.118982237377644,lbs,,simulated
CC-PT,pressure,53377.5900258,1780902729.1129434,1.3636620478227197,,215.91551195567993,psi,,simulated
FI-PT,pressure,53377.5900559,1780902729.1129732,1.7375989839552621,,309.39974598881554,psi,,simulated
thrust,thrust,53377.590062,1780902729.1129794,2.4993255733639685,2.5006744266360315,30.32342795293517,lbs,,simulated
CC-PT,pressure,53377.6001499,1780902729.1230676,1.3631118968858598,,215.77797422146494,psi,,simulated
FI-PT,pressure,53377.6001918,1780902729.123109,1.747887938962929,,311.97198474073224,psi,,simulated
thrust,thrust,53377.6002026,1780902729.1231198,2.499345838945608,2.500654161054392,29.412251151874813,lbs,,simulated
FM-FM,flow,53377.6082155,1780902729.1311338,1.787763451071197,,9.260282353792471,gallons_per_minute,,simulated
CC-PT,pressure,53377.6106453,1780902729.1335628,1.3573290535603824,,214.3322633900956,psi,,simulated
FI-PT,pressure,53377.6106691,1780902729.1335864,1.7335500399529982,,308.3875099882495,psi,,simulated
thrust,thrust,53377.6106757,1780902729.133593,2.4993684887133227,2.5006315112866773,28.39387708010147,lbs,,simulated
CC-PT,pressure,53377.6209228,1780902729.1438403,1.3667769869300113,,216.69424673250282,psi,,simulated
FI-PT,pressure,53377.6209483,1780902729.1438656,1.7319985308645405,,307.9996327161351,psi,,simulated
thrust,thrust,53377.6209554,1780902729.1438727,2.499389946388,2.500610053612,27.429101643684618,lbs,,simulated
CC-PT,pressure,53377.6310414,1780902729.1539588,1.362837715487208,,215.709428871802,psi,,simulated
FI-PT,pressure,53377.6310709,1780902729.1539884,1.7473526891890392,,311.8381722972598,psi,,simulated
thrust,thrust,53377.6310781,1780902729.1539955,2.4994221329000155,2.5005778670999845,25.981938489059342,lbs,,simulated
tank_temp,temperature,53377.6370571,1780902729.1599746,,,20.288030144732275,°C,,simulated
CC-PT,pressure,53377.6416211,1780902729.1645389,1.3616915180315399,,215.42287950788497,psi,,simulated
FI-PT,pressure,53377.6416758,1780902729.1645935,1.7310776389929818,,307.76940974824544,psi,,simulated
thrust,thrust,53377.6416923,1780902729.16461,2.499445974760768,2.500554025239232,24.90996578192951,lbs,,simulated
FM-FM,flow,53377.6485986,1780902729.1715164,1.79559371418878,,9.333691070519812,gallons_per_minute,,simulated
CC-PT,pressure,53377.6517573,1780902729.1746752,1.3749195784234498,,218.72989460586246,psi,,simulated
FI-PT,pressure,53377.6517954,1780902729.174713,1.749634951309556,,312.40873782738896,psi,,simulated
thrust,thrust,53377.6518105,1780902729.174728,2.4994662403424073,2.5005337596575927,23.99878898086915,lbs,,simulated
CC-PT,pressure,53377.6619279,1780902729.184846,1.3564624019220353,,214.11560048050882,psi,,simulated
FI-PT,pressure,53377.6619669,1780902729.1848843,1.7363055630094484,,309.0763907523621,psi,,simulated
thrust,thrust,53377.6619747,1780902729.1848922,2.4995061754591674,2.5004938245408326,22.20323469642668,lbs,,simulated
CC-PT,pressure,53377.6725194,1780902729.1954377,1.3626648619967536,,215.6662154991884,psi,,simulated
FI-PT,pressure,53377.6725807,1780902729.1954982,1.730433908752669,,307.6084771881672,psi,,simulated
thrust,thrust,53377.672599,1780902729.1955163,2.4995341896455514,2.5004658103544486,20.943666765549125,lbs,,simulated
CC-PT,pressure,53377.6829026,1780902729.2058203,1.3487811504341543,,212.19528760853856,psi,,simulated
FI-PT,pressure,53377.6829809,1780902729.2058985,1.7367460413868476,,309.1865103467119,psi,,simulated
thrust,thrust,53377.6830023,1780902729.2059197,2.499560415692379,2.500439584307621,19.764496787706307,lbs,,simulated
FM-FM,flow,53377.6891253,1780902729.212043,1.7845358591718505,,9.230023679736098,gallons_per_minute,,simulated
CC-PT,pressure,53377.6932161,1780902729.2161336,1.3685216150905628,,217.1304037726407,psi,,simulated
FI-PT,pressure,53377.6932382,1780902729.2161555,1.7376418993046163,,309.4104748261541,psi,,simulated
thrust,thrust,53377.6932455,1780902729.216163,2.4995955824369886,2.5004044175630114,18.183337044689804,lbs,,simulated
CC-PT,pressure,53377.7036285,1780902729.2265468,1.350960296506917,,212.74007412672924,psi,,simulated
FI-PT,pressure,53377.7036826,1780902729.2266,1.7381664202411675,,309.5416050602919,psi,,simulated
thrust,thrust,53377.7036946,1780902729.2266119,2.499607503367365,2.500392496632635,17.64735069112489,lbs,,simulated
CC-PT,pressure,53377.7141331,1780902729.2370508,1.349558991141199,,212.38974778529973,psi,,simulated
FI-PT,pressure,53377.7141722,1780902729.2370896,1.7359079999814033,,308.9769999953508,psi,,simulated
thrust,thrust,53377.7141797,1780902729.2370973,2.4996480345306438,2.5003519654693562,15.82499708900417,lbs,,simulated
CC-PT,pressure,53377.7242288,1780902729.2471468,1.353778404447842,,213.4446011119605,psi,,simulated
FI-PT,pressure,53377.7242819,1780902729.2471995,1.7436422996094583,,310.91057490236454,psi,,simulated
thrust,thrust,53377.7242976,1780902729.247215,2.4996742605774713,2.5003257394225287,14.645827111161353,lbs,,simulated
FM-FM,flow,53377.7295563,1780902729.252474,1.7781498167693397,,9.170154532212559,gallons_per_minute,,simulated
CC-PT,pressure,53377.734425,1780902729.257343,1.3484968362446828,,212.1242090611707,psi,,simulated
FI-PT,pressure,53377.7344828,1780902729.2574003,1.723329630294994,,305.8324075737485,psi,,simulated
thrust,thrust,53377.7345015,1780902729.257419,2.4997231363920136,2.5002768636079864,12.448283061545194,lbs,,simulated
tank_temp,temperature,53377.7371643,1780902729.2600825,,,20.45136856530457,°C,,simulated
CC-PT,pressure,53377.744813,1780902729.2677307,1.3460578138897197,,211.51445347242992,psi,,simulated
FI-PT,pressure,53377.74485,1780902729.2677677,1.7340155522841874,,308.50388807104684,psi,,simulated
thrust,thrust,53377.7448615,1780902729.2677789,2.499746382206247,2.500253617793753,11.403109672093606,lbs,,simulated
CC-PT,pressure,53377.7551967,1780902729.2781146,1.3572110363496583,,214.3027590874146,psi,,simulated
FI-PT,pressure,53377.7552549,1780902729.2781725,1.735862700445974,,308.96567511149345,psi,,simulated
thrust,thrust,53377.7552736,1780902729.278191,2.4997940659277518,2.5002059340722482,9.259164257833937,lbs,,simulated
CC-PT,pressure,53377.7656845,1780902729.2886035,1.3558770842405656,,213.9692710601414,psi,,simulated
FI-PT,pressure,53377.765757,1780902729.2886744,1.7484464345510524,,312.1116086377631,psi,,simulated
thrust,thrust,53377.7657689,1780902729.2886863,2.499820888021098,2.500179111978902,8.053194962312876,lbs,,simulated
FM-FM,flow,53377.7698669,1780902729.292785,1.814527727905241,,9.511197449111632,gallons_per_minute,,simulated
CC-PT,pressure,53377.7760103,1780902729.298928,1.3511999072074778,,212.79997680186946,psi,,simulated
FI-PT,pressure,53377.776049,1780902729.2989666,1.7256607682300529,,306.4151920575132,psi,,simulated
thrust,thrust,53377.776065,1780902729.2989824,2.499833404997993,2.500166595002007,7.490409291069713,lbs,,simulated
CC-PT,pressure,53377.7864371,1780902729.3093557,1.3481070218213822,,212.02675545534555,psi,,simulated
FI-PT,pressure,53377.786522,1780902729.3094394,1.7356671971878048,,308.9167992969512,psi,,simulated
thrust,thrust,53377.7865412,1780902729.3094587,2.499858438951783,2.500141561048217,6.3648379485833875,lbs,,simulated
CC-PT,pressure,53377.7968456,1780902729.3197632,1.3533641521172703,,213.3410380293176,psi,,simulated
FI-PT,pressure,53377.7968782,1780902729.3197956,1.7309327996889114,,307.73319992222787,psi,,simulated
thrust,thrust,53377.7968883,1780902729.3198056,2.4999067187198065,2.5000932812801935,4.1940932166454745,lbs,,simulated
CC-PT,pressure,53377.8070813,1780902729.33,1.3449181729457584,,211.2295432364396,psi,,simulated
FI-PT,pressure,53377.8071527,1780902729.3300703,1.7338868062361248,,308.4717015590312,psi,,simulated
thrust,thrust,53377.8071682,1780902729.3300855,2.4999311566270777,2.5000688433729223,3.0953211918373946,lbs,,simulated
FM-FM,flow,53377.8104208,1780902729.333339,1.7962422128012434,,9.339770745011656,gallons_per_minute,,simulated
CC-PT,pressure,53377.8171858,1780902729.340104,1.3434644154863853,,210.86610387159632,psi,,simulated
FI-PT,pressure,53377.8172257,1780902729.3401432,1.7417987277267846,,310.44968193169615,psi,,simulated
thrust,thrust,53377.8172344,1780902729.3401518,2.499963939185612,2.500036060814388,1.6213587195338734,lbs,,simulated
CC-PT,pressure,53377.8277329,1780902729.350651,1.352572602340293,,213.14315058507327,psi,,simulated
FI-PT,pressure,53377.8278094,1780902729.3507268,1.740504710734452,,310.126177683613,psi,,simulated
thrust,thrust,53377.8278282,1780902729.350746,2.4999883770928832,2.5000116229071168,0.5225866947257939,lbs,,simulated
tank_temp,temperature,53377.8376073,1780902729.3605256,,,20.482406333120302,°C,,simulated
CC-PT,pressure,53377.8382943,1780902729.361212,1.3407136608020855,,210.17841520052139,psi,,simulated
FI-PT,pressure,53377.8383201,1780902729.3612375,1.7467608149958627,,311.69020374896564,psi,,simulated
thrust,thrust,53377.8383275,1780902729.361245,2.5000378489539443,2.4999621510460557,1.7017566725686109,lbs,,simulated
CC-PT,pressure,53377.8488501,1780902729.371768,1.3400985407946755,,210.02463519866888,psi,,simulated
FI-PT,pressure,53377.8489088,1780902729.3718262,1.7346026581052134,,308.65066452630333,psi,,simulated
thrust,thrust,53377.8489284,1780902729.371846,2.500067055233366,2.499932944766634,3.0149232388026572,lbs,,simulated
FM-FM,flow,53377.8510525,1780902729.3739703,1.784385059402592,,9.2286099318993,gallons_per_minute,,simulated
CC-PT,pressure,53377.8590272,1780902729.381945,1.34759799809432,,211.89949952358,psi,,simulated
FI-PT,pressure,53377.8590501,1780902729.3819673,1.739886610494448,,309.971652623612,psi,,simulated
thrust,thrust,53377.8590565,1780902729.3819737,2.500101029884938,2.499898970115062,4.54248434646267,lbs,,simulated
CC-PT,pressure,53377.8693824,1780902729.3923008,1.3417495896517742,,210.43739741294354,psi,,simulated
FI-PT,pressure,53377.8694668,1780902729.3923843,1.7453905040491227,,311.34762601228067,psi,,simulated
thrust,thrust,53377.8694906,1780902729.3924081,2.500132620350435,2.499867379649565,5.9628481834097,lbs,,simulated
CC-PT,pressure,53377.8798974,1780902729.4028158,1.3367594881963119,,209.18987204907796,psi,,simulated
FI-PT,pressure,53377.8799369,1780902729.4028544,1.7438443593793342,,310.96108984483357,psi,,simulated
thrust,thrust,53377.879946,1780902729.4028635,2.5001528859320743,2.4998471140679257,6.874024984470059,lbs,,simulated
CC-PT,pressure,53377.8901228,1780902729.4130406,1.3408745933621637,,210.21864834054094,psi,,simulated
FI-PT,pressure,53377.8901816,1780902729.413099,1.7364784164999028,,309.1196041249757,psi,,simulated
thrust,thrust,53377.8901997,1780902729.4131172,2.5001713633741574,2.4998286366258426,7.70480383249568,lbs,,simulated
FM-FM,flow,53377.8917599,1780902729.4146776,1.8169989367722197,,9.534365032239558,gallons_per_minute,,simulated
CC-PT,pressure,53377.9005865,1780902729.4235044,1.339366595669579,,209.84164891739476,psi,,simulated
FI-PT,pressure,53377.9006247,1780902729.423542,1.7453338796298359,,311.33346990745895,psi,,simulated
thrust,thrust,53377.9006356,1780902729.423553,2.500222623374775,2.499777376625225,10.009545152824822,lbs,,simulated
CC-PT,pressure,53377.9107635,1780902729.4336817,1.3356889886485324,,208.9222471621331,psi,,simulated
FI-PT,pressure,53377.910827,1780902729.4337444,1.7330898920404783,,308.27247301011954,psi,,simulated
thrust,thrust,53377.9108375,1780902729.433755,2.50025004151464,2.49974995848536,11.24231376602413,lbs,,simulated
CC-PT,pressure,53377.9212597,1780902729.4441779,1.3407136608020855,,210.17841520052139,psi,,simulated
FI-PT,pressure,53377.9213048,1780902729.4442222,1.749519914331426,,312.3799785828565,psi,,simulated
thrust,thrust,53377.9213144,1780902729.4442317,2.5002828240731745,2.4997171759268255,12.716276238327652,lbs,,simulated
CC-PT,pressure,53377.9317505,1780902729.454669,1.3422526529136483,,210.56316322841207,psi,,simulated
FI-PT,pressure,53377.9318274,1780902729.4547448,1.7396922993293165,,309.9230748323291,psi,,simulated
thrust,thrust,53377.9318466,1780902729.4547641,2.5003293157016415,2.4996706842983585,14.806623017230827,lbs,,simulated
FM-FM,flow,53377.9318633,1780902729.4547806,1.773475619968846,,9.12633393720793,gallons_per_minute,,simulated
tank_temp,temperature,53377.9377766,1780902729.4606946,,,20.491943077421233,°C,,simulated
CC-PT,pressure,53377.9422862,1780902729.4652038,1.3434381894395577,,210.85954735988943,psi,,simulated
FI-PT,pressure,53377.9423101,1780902729.4652276,1.7381539032642725,,309.5384758160681,psi,,simulated
thrust,thrust,53377.942317,1780902729.4652345,2.500349581283281,2.499650418716719,15.717799818291185,lbs,,simulated
CC-PT,pressure,53377.9526106,1780902729.4755282,1.3286919985642431,,207.17299964106078,psi,,simulated
FI-PT,pressure,53377.9526391,1780902729.4755564,1.7405166316648282,,310.129157916207,psi,,simulated
thrust,thrust,53377.9526467,1780902729.475564,2.500396072911748,2.499603927088252,17.808146597194362,lbs,,simulated
CC-PT,pressure,53377.9630347,1780902729.4859533,1.3360501928389301,,209.01254820973253,psi,,simulated
FI-PT,pressure,53377.9630846,1780902729.486002,1.7440464191492102,,311.01160478730253,psi,,simulated
thrust,thrust,53377.963094,1780902729.4860115,2.5004127622142747,2.4995872377857253,18.558527492185245,lbs,,simulated
FM-FM,flow,53377.9723212,1780902729.4952397,1.7977883574710318,,9.354265851290922,gallons_per_minute,,simulated
CC-PT,pressure,53377.9734098,1780902729.4963274,1.334925453057939,,208.73136326448477,psi,,simulated
FI-PT,pressure,53377.9734277,1780902729.496345,1.7494591175865075,,312.3647793966269,psi,,simulated
thrust,thrust,53377.9734344,1780902729.4963517,2.5004473329123655,2.4995526670876345,20.112887917523505,lbs,,simulated
CC-PT,pressure,53377.983611,1780902729.5065296,1.3211245919614545,,205.28114799036362,psi,,simulated
FI-PT,pressure,53377.9836624,1780902729.5065796,1.7382141039626722,,309.55352599066805,psi,,simulated
thrust,thrust,53377.9836721,1780902729.5065897,2.500474155005712,2.499525844994288,21.318857213044566,lbs,,simulated
CC-PT,pressure,53377.9939863,1780902729.516904,1.3274319562234826,,206.85798905587066,psi,,simulated
FI-PT,pressure,53377.9940322,1780902729.5169494,1.736915914644708,,309.228978661177,psi,,simulated
thrust,thrust,53377.9940439,1780902729.5169613,2.5005057454712087,2.4994942545287913,22.739221049991595,lbs,,simulated
CC-PT,pressure,53378.0043099,1780902729.5272279,1.3318450846487384,,207.9612711621846,psi,,simulated
FI-PT,pressure,53378.0043497,1780902729.527267,1.7426939895980345,,310.6734973995086,psi,,simulated
thrust,thrust,53378.0043618,1780902729.5272791,2.5005128980294344,2.4994871019705656,23.060812862130547,lbs,,simulated
FM-FM,flow,53378.0131103,1780902729.5360284,1.8098702204072739,,9.46753331631819,gallons_per_minute,,simulated
CC-PT,pressure,53378.0147846,1780902729.5377023,1.3200153493899525,,205.00383734748812,psi,,simulated
FI-PT,pressure,53378.014853,1780902729.5377707,1.733997670888623,,308.4994177221558,psi,,simulated
thrust,thrust,53378.0148695,1780902729.537787,2.500564158030052,2.499435841969948,25.36555418245969,lbs,,simulated
CC-PT,pressure,53378.0254022,1780902729.54832,1.3319648899990189,,207.9912224997547,psi,,simulated
FI-PT,pressure,53378.0254731,1780902729.5483906,1.7291017447831327,,307.2754361957832,psi,,simulated
thrust,thrust,53378.0254938,1780902729.5484114,2.500582039425616,2.499417960574384,26.169533712807063,lbs,,simulated
CC-PT,pressure,53378.0358595,1780902729.5587776,1.3364942474954422,,209.12356187386055,psi,,simulated
FI-PT,pressure,53378.0359121,1780902729.5588295,1.7443426542690579,,311.0856635672645,psi,,simulated
thrust,thrust,53378.0359225,1780902729.55884,2.500597536635105,2.499402463364895,26.866315972441456,lbs,,simulated
tank_temp,temperature,53378.0383127,1780902729.5612302,,,20.55523238050923,°C,,simulated
CC-PT,pressure,53378.0464108,1780902729.5693285,1.3199777984592675,,204.9944496148169,psi,,simulated
FI-PT,pressure,53378.0464534,1780902729.569371,1.7370983048794633,,309.2745762198658,psi,,simulated
thrust,thrust,53378.046462,1780902729.5693793,2.5006392598914218,2.4993607401085782,28.742268209918667,lbs,,simulated
FM-FM,flow,53378.0533667,1780902729.5762846,1.7970021721127238,,9.346895363556785,gallons_per_minute,,simulated
CC-PT,pressure,53378.0566032,1780902729.5795212,1.3355733556238836,,208.8933389059709,psi,,simulated
FI-PT,pressure,53378.0566412,1780902729.5795586,1.7461802656865435,,311.54506642163585,psi,,simulated
thrust,thrust,53378.056655,1780902729.5795724,2.5006613136126177,2.4993386863873823,29.73384296401376,lbs,,simulated
CC-PT,pressure,53378.0668434,1780902729.5897617,1.3472332176248094,,211.80830440620235,psi,,simulated
FI-PT,pressure,53378.0668953,1780902729.5898125,1.733302084601174,,308.32552115029347,psi,,simulated
thrust,thrust,53378.0669052,1780902729.5898228,2.500694692217671,2.499305307782329,31.23460475399553,lbs,,simulated
CC-PT,pressure,53378.077418,1780902729.6003358,1.3231159833807926,,205.77899584519815,psi,,simulated
FI-PT,pressure,53378.0774478,1780902729.6003652,1.7221268084200392,,305.5317021050098,psi,,simulated
thrust,thrust,53378.0774561,1780902729.6003735,2.500712573613235,2.499287426386765,32.0385842843429,lbs,,simulated
CC-PT,pressure,53378.087987,1780902729.6109056,1.3219232942966574,,205.48082357416436,psi,,simulated
FI-PT,pressure,53378.0880696,1780902729.610987,1.7412432123712553,,310.31080309281384,psi,,simulated
thrust,thrust,53378.088089,1780902729.6110065,2.500732243148356,2.499267756851644,32.92296176772501,lbs,,simulated
FM-FM,flow,53378.0934489,1780902729.6163666,1.7863657219845916,,9.247178643605546,gallons_per_minute,,simulated
CC-PT,pressure,53378.0982127,1780902729.6211305,1.3200981998560668,,205.0245499640167,psi,,simulated
FI-PT,pressure,53378.0982502,1780902729.6211677,1.7405130553857153,,310.1282638464288,psi,,simulated
thrust,thrust,53378.098261,1780902729.6211786,2.5007340312879123,2.4992659687120877,33.003359720759754,lbs,,simulated
CC-PT,pressure,53378.1084318,1780902729.6313498,1.3043655519921247,,201.09138799803117,psi,,simulated
FI-PT,pressure,53378.1084782,1780902729.6313956,1.7492218910720219,,312.3054727680055,psi,,simulated
thrust,thrust,53378.1084853,1780902729.6314027,2.500787675474605,2.499212324525395,35.41529831180188,lbs,,simulated
CC-PT,pressure,53378.1185405,1780902729.6414592,1.3134600297760999,,203.36500744402497,psi,,simulated
FI-PT,pressure,53378.1185972,1780902729.6415145,1.7428066423900892,,310.7016605975223,psi,,simulated
thrust,thrust,53378.1186082,1780902729.6415255,2.5008055568701693,2.4991944431298307,36.21927784214925,lbs,,simulated
CC-PT,pressure,53378.1291446,1780902729.6520627,1.3250310808457233,,206.25777021143082,psi,,simulated
FI-PT,pressure,53378.1292102,1780902729.6521275,1.7415442158632535,,310.38605396581335,psi,,simulated
thrust,thrust,53378.1292225,1780902729.6521401,2.500818669893583,2.499181330106417,36.80886283107066,lbs,,simulated
FM-FM,flow,53378.1338374,1780902729.6567552,1.8074317940988296,,9.444673069676526,gallons_per_minute,,simulated
tank_temp,temperature,53378.1384307,1780902729.661348,,,20.438884100037907,°C,,simulated
CC-PT,pressure,53378.1394884,1780902729.662406,1.3171131988898752,,204.2782997224688,psi,,simulated
FI-PT,pressure,53378.1395046,1780902729.662422,1.7432387761162251,,310.8096940290563,psi,,simulated
thrust,thrust,53378.1395109,1780902729.6624284,2.500834167103072,2.499165832896928,37.50564509070506,lbs,,simulated
CC-PT,pressure,53378.149665,1780902729.672583,1.3216008331299822,,205.40020828249556,psi,,simulated
FI-PT,pressure,53378.1497147,1780902729.672632,1.7375453397685694,,309.38633494214235,psi,,simulated
thrust,thrust,53378.1497244,1780902729.6726418,2.500859201056862,2.499140798943138,38.63121643319138,lbs,,simulated
CC-PT,pressure,53378.1599342,1780902729.682852,1.3167049070244916,,204.1762267561229,psi,,simulated
FI-PT,pressure,53378.1599909,1780902729.6829085,1.7402418542196576,,310.0604635549144,psi,,simulated
thrust,thrust,53378.1600053,1780902729.6829228,2.5008550287312303,2.4991449712687697,38.44362120944366,lbs,,simulated
CC-PT,pressure,53378.1703398,1780902729.6932585,1.3153608221245792,,203.8402055311448,psi,,simulated
FI-PT,pressure,53378.1704307,1780902729.6933482,1.731692162953873,,307.9230407384683,psi,,simulated
thrust,thrust,53378.1704528,1780902729.6933703,2.500886619196727,2.499113380803273,39.86398504639069,lbs,,simulated
FM-FM,flow,53378.1740587,1780902729.6969764,1.789683912954797,,9.27828668395122,gallons_per_minute,,simulated
CC-PT,pressure,53378.1808942,1780902729.7038124,1.3179691216908838,,204.49228042272094,psi,,simulated
FI-PT,pressure,53378.180939,1780902729.7038565,1.742943733089415,,310.73593327235375,psi,,simulated
thrust,thrust,53378.1809512,1780902729.7038686,2.5008949638479905,2.4991050361520095,40.23917549388613,lbs,,simulated
CC-PT,pressure,53378.1914171,1780902729.7143352,1.3070811399318147,,201.77028498295368,psi,,simulated
FI-PT,pressure,53378.1914717,1780902729.714389,1.735020486714898,,308.7551216787245,psi,,simulated
thrust,thrust,53378.1914861,1780902729.7144036,2.500899136173622,2.499100863826378,40.42677071763385,lbs,,simulated
CC-PT,pressure,53378.2017082,1780902729.7246258,1.315128363982244,,203.782090995561,psi,,simulated
FI-PT,pressure,53378.2017487,1780902729.724666,1.7371990367411418,,309.29975918528544,psi,,simulated
thrust,thrust,53378.2017594,1780902729.7246768,2.5009259582669685,2.4990740417330315,41.632740013154915,lbs,,simulated
CC-PT,pressure,53378.2118468,1780902729.7347643,1.313394464659031,,203.34861616475774,psi,,simulated
FI-PT,pressure,53378.2118838,1780902729.734801,1.7440917186846396,,311.0229296711599,psi,,simulated
thrust,thrust,53378.2118931,1780902729.7348106,2.500937283150826,2.499062716849174,42.141927049041584,lbs,,simulated
FM-FM,flow,53378.214361,1780902729.7372787,1.7897226559785195,,9.27864989979862,gallons_per_minute,,simulated
CC-PT,pressure,53378.2223756,1780902729.7452936,1.3033868436082416,,200.8467109020604,psi,,simulated
FI-PT,pressure,53378.2224524,1780902729.7453701,1.745404809165574,,311.3512022913935,psi,,simulated
thrust,thrust,53378.2224748,1780902729.7453923,2.500962317104616,2.499037682895384,43.26749839152791,lbs,,simulated
CC-PT,pressure,53378.2325311,1780902729.7554493,1.2997527479830682,,199.93818699576704,psi,,simulated
FI-PT,pressure,53378.2325828,1780902729.7555003,1.7338850180965684,,308.47125452414207,psi,,simulated
thrust,thrust,53378.2325924,1780902729.7555099,2.500964701290691,2.499035298709309,43.374695662240896,lbs,,simulated
tank_temp,temperature,53378.2387216,1780902729.761639,,,20.588697683237964,°C,,simulated
CC-PT,pressure,53378.2429562,1780902729.765874,1.3054378396794606,,201.35945991986515,psi,,simulated
FI-PT,pressure,53378.2429909,1780902729.7659085,1.751965493198096,,312.99137329952396,psi,,simulated
thrust,thrust,53378.2430043,1780902729.7659218,2.500948608034683,2.499051391965317,42.65111408492826,lbs,,simulated
CC-PT,pressure,53378.2534053,1780902729.776324,1.3238413719941822,,205.96034299854554,psi,,simulated
FI-PT,pressure,53378.2534817,1780902729.7763991,1.736406294871127,,309.1015737177817,psi,,simulated
thrust,thrust,53378.2534982,1780902729.7764156,2.500952780360315,2.499047219639685,42.83870930867598,lbs,,simulated
FM-FM,flow,53378.2548445,1780902729.777762,1.781753514022054,,9.203939193956755,gallons_per_minute,,simulated
CC-PT,pressure,53378.2636771,1780902729.7865953,1.3159914393414782,,203.99785983536955,psi,,simulated
FI-PT,pressure,53378.2637224,1780902729.78664,1.7449774438115886,,311.2443609528971,psi,,simulated
thrust,thrust,53378.2637316,1780902729.786649,2.5009790064071424,2.4990209935928576,44.01787928651879,lbs,,simulated
CC-PT,pressure,53378.2739744,1780902729.7968922,1.3123740330188314,,203.09350825470784,psi,,simulated
FI-PT,pressure,53378.2740561,1780902729.7969735,1.745684951029414,,311.4212377573535,psi,,simulated
thrust,thrust,53378.2740644,1780902729.7969818,2.500983178732774,2.499016821267226,44.20547451026651,lbs,,simulated
CC-PT,pressure,53378.2841096,1780902729.8070283,1.302459991271495,,200.61499781787373,psi,,simulated
FI-PT,pressure,53378.2842049,1780902729.8071225,1.7413290430699637,,310.33226076749094,psi,,simulated
thrust,thrust,53378.2842258,1780902729.8071434,2.5009813905932177,2.4990186094067823,44.12507655723178,lbs,,simulated
CC-PT,pressure,53378.294497,1780902729.817415,1.3048799401378561,,201.21998503446403,psi,,simulated
FI-PT,pressure,53378.2945564,1780902729.8174741,1.741023867252334,,310.2559668130835,psi,,simulated
thrust,thrust,53378.2945652,1780902729.8174825,2.5009796024536612,2.4990203975463388,44.04467860419704,lbs,,simulated
FM-FM,flow,53378.2949891,1780902729.8179066,1.832486013470413,,9.679556376285122,gallons_per_minute,,simulated
CC-PT,pressure,53378.3046936,1780902729.8276114,1.3013424040487296,,200.3356010121824,psi,,simulated
FI-PT,pressure,53378.3047673,1780902729.8276849,1.7507787645791488,,312.6946911447872,psi,,simulated
thrust,thrust,53378.3047913,1780902729.827709,2.5009950996631503,2.4990049003368497,44.741460863831435,lbs,,simulated
CC-PT,pressure,53378.314838,1780902729.837756,1.3078530201736713,,201.96325504341783,psi,,simulated
FI-PT,pressure,53378.314873,1780902729.8377905,1.745339840095024,,311.33496002375597,psi,,simulated
thrust,thrust,53378.3148811,1780902729.8377984,2.5009873510584057,2.4990126489415943,44.39306973401424,lbs,,simulated
CC-PT,pressure,53378.3253296,1780902729.8482473,1.303423202445889,,200.85580061147223,psi,,simulated
FI-PT,pressure,53378.3253579,1780902729.8482752,1.7426725319233574,,310.66813298083935,psi,,simulated
thrust,thrust,53378.3253656,1780902729.8482828,2.500993311523594,2.499006688476406,44.661062910796694,lbs,,simulated
CC-PT,pressure,53378.3353664,1780902729.8582842,1.2877704248154669,,196.94260620386672,psi,,simulated
FI-PT,pressure,53378.3353955,1780902729.8583128,1.729054061061628,,307.263515265407,psi,,simulated
thrust,thrust,53378.3354029,1780902729.8583202,2.501008212686564,2.498991787313436,45.331045852752844,lbs,,simulated
FM-FM,flow,53378.3354099,1780902729.8583274,1.7939605467272457,,9.318380125567927,gallons_per_minute,,simulated
tank_temp,temperature,53378.3388533,1780902729.8617709,,,20.644357590885235,°C,,simulated
CC-PT,pressure,53378.3460294,1780902729.8689475,1.3030739191858673,,200.76847979646683,psi,,simulated
FI-PT,pressure,53378.3460993,1780902729.869017,1.7355152053255087,,308.8788013313772,psi,,simulated
thrust,thrust,53378.3461193,1780902729.869037,2.5010010601283383,2.4989989398716617,45.00945404061389,lbs,,simulated
CC-PT,pressure,53378.3564268,1780902729.879345,1.3025732401100685,,200.64331002751712,psi,,simulated
FI-PT,pressure,53378.3564834,1780902729.879401,1.7469700273239643,,311.7425068309911,psi,,simulated
thrust,thrust,53378.3565007,1780902729.8794181,2.5009885431514434,2.4990114568485566,44.44666836937073,lbs,,simulated
CC-PT,pressure,53378.3668446,1780902729.8897624,1.2928809276677282,,198.22023191693205,psi,,simulated
FI-PT,pressure,53378.3668731,1780902729.8897905,1.7411526133003965,,310.28815332509913,psi,,simulated
thrust,thrust,53378.3668804,1780902729.889798,2.5009813905932177,2.4990186094067823,44.12507655723178,lbs,,simulated
FM-FM,flow,53378.3758876,1780902729.8988051,1.8312778271767889,,9.668229629782395,gallons_per_minute,,simulated
CC-PT,pressure,53378.3774627,1780902729.9003804,1.2905515778722259,,197.63789446805646,psi,,simulated
FI-PT,pressure,53378.3774877,1780902729.900405,1.7342503946125978,,308.56259865314945,psi,,simulated
thrust,thrust,53378.377495,1780902729.9004123,2.500986158965368,2.499013841034632,44.33947109865775,lbs,,simulated
CC-PT,pressure,53378.3876019,1780902729.9105196,1.2973918077220685,,199.34795193051713,psi,,simulated
FI-PT,pressure,53378.3876267,1780902729.9105442,1.736117212309505,,309.02930307737626,psi,,simulated
thrust,thrust,53378.3876354,1780902729.9105527,2.5009998680353007,2.4990001319646993,44.9558554052574,lbs,,simulated
CC-PT,pressure,53378.3977805,1780902729.9206982,1.2895186292551313,,197.37965731378281,psi,,simulated
FI-PT,pressure,53378.397808,1780902729.9207253,1.738124696984851,,309.53117424621274,psi,,simulated
thrust,thrust,53378.3978161,1780902729.9207335,2.500971257802398,2.499028742197602,43.6694881567016,lbs,,simulated
CC-PT,pressure,53378.4084221,1780902729.9313402,1.293664728839961,,198.41618220999024,psi,,simulated
FI-PT,pressure,53378.4084997,1780902729.931417,1.744065492637812,,311.016373159453,psi,,simulated
thrust,thrust,53378.4085219,1780902729.9314394,2.5009855629188493,2.4990144370811507,44.3126717809795,lbs,,simulated
FM-FM,flow,53378.4162165,1780902729.9391344,1.8156566400118637,,9.52178100011122,gallons_per_minute,,simulated
CC-PT,pressure,53378.4184829,1780902729.9414003,1.2911434520654024,,197.7858630163506,psi,,simulated
FI-PT,pressure,53378.4190349,1780902729.9419522,1.742257087499748,,310.564271874937,psi,,simulated
thrust,thrust,53378.4190429,1780902729.94196,2.5009515882672773,2.4990484117327227,42.78511067331949,lbs,,simulated
CC-PT,pressure,53378.4289906,1780902729.951908,1.2866707189882658,,196.66767974706644,psi,,simulated
FI-PT,pressure,53378.4294984,1780902729.952416,1.7459031040552977,,311.47577601382443,psi,,simulated
thrust,thrust,53378.4295206,1780902729.952438,2.5009474159416456,2.4990525840583544,42.597515449571766,lbs,,simulated
CC-PT,pressure,53378.4393504,1780902729.9622684,1.2818999626517251,,195.47499066293128,psi,,simulated
tank_temp,temperature,53378.4394199,1780902729.9623375,,,20.719611173187104,°C,,simulated
FI-PT,pressure,53378.4399993,1780902729.9629166,1.7349990290402209,,308.7497572600552,psi,,simulated
thrust,thrust,53378.440009,1780902729.9629264,2.500945627802089,2.499054372197911,42.517117496537026,lbs,,simulated
CC-PT,pressure,53378.4495252,1780902729.972443,1.3012237907914868,,200.3059476978717,psi,,simulated
FI-PT,pressure,53378.4506482,1780902729.9735656,1.7457976038214686,,311.44940095536714,psi,,simulated
thrust,thrust,53378.4506712,1780902729.9735885,2.5009194017552616,2.4990805982447384,41.33794751869421,lbs,,simulated
FM-FM,flow,53378.4565882,1780902729.979506,1.8028052810198403,,9.401299509561001,gallons_per_minute,,simulated
CC-PT,pressure,53378.45988,1780902729.9827976,1.2821479180035493,,195.53697950088733,psi,,simulated
FI-PT,pressure,53378.4609631,1780902729.9838808,1.7368497534811203,,309.21243837028004,psi,,simulated
thrust,thrust,53378.4609853,1780902729.9839027,2.500914633383111,2.499085366616889,41.12355297726825,lbs,,simulated
CC-PT,pressure,53378.4703699,1780902729.9932876,1.2872655734140364,,196.81639335350908,psi,,simulated
FI-PT,pressure,53378.4714897,1780902729.9944072,1.7380442307048118,,309.51105767620294,psi,,simulated
thrust,thrust,53378.4715151,1780902729.9944324,2.500886619196727,2.499113380803273,39.86398504639069,lbs,,simulated
CC-PT,pressure,53378.4810134,1780902730.0039318,1.2837870459302718,,195.94676148256795,psi,,simulated
FI-PT,pressure,53378.4821718,1780902730.0050893,1.7502119243397622,,312.55298108494054,psi,,simulated
thrust,thrust,53378.4821831,1780902730.0051005,2.5008919836153964,2.4991080163846036,40.1051789054949,lbs,,simulated
CC-PT,pressure,53378.4914895,1780902730.0144076,1.2836475710448707,,195.91189276121767,psi,,simulated
FI-PT,pressure,53378.4926428,1780902730.0155604,1.740231125382319,,310.05778134557977,psi,,simulated
thrust,thrust,53378.4926663,1780902730.0155835,2.500881254778058,2.499118745221942,39.622791187286474,lbs,,simulated
FM-FM,flow,53378.4966876,1780902730.0196052,1.8233808068490989,,9.5941950642103,gallons_per_minute,,simulated
CC-PT,pressure,53378.5017294,1780902730.0246475,1.273363980455873,,193.34099511396823,psi,,simulated
FI-PT,pressure,53378.5028242,1780902730.0257418,1.738923399320054,,309.7308498300135,psi,,simulated
thrust,thrust,53378.5028478,1780902730.0257654,2.500846684079967,2.499153315920033,38.06843076194822,lbs,,simulated
CC-PT,pressure,53378.512041,1780902730.0349586,1.276374611422373,,194.09365285559326,psi,,simulated
FI-PT,pressure,53378.5130495,1780902730.0359669,1.7384686158262033,,309.6171539565508,psi,,simulated
thrust,thrust,53378.5130753,1780902730.0359926,2.500837743382185,2.499162256617815,37.66644099677453,lbs,,simulated
CC-PT,pressure,53378.5222885,1780902730.045206,1.2728334990541337,,193.2083747635334,psi,,simulated
FI-PT,pressure,53378.5232775,1780902730.046195,1.737390963720198,,309.3477409300495,psi,,simulated
thrust,thrust,53378.5232872,1780902730.0462046,2.5008139015214326,2.4991860984785674,36.594468289644695,lbs,,simulated
CC-PT,pressure,53378.5323971,1780902730.0553148,1.2867201908493269,,196.6800477123317,psi,,simulated
FI-PT,pressure,53378.5333965,1780902730.0563142,1.7490245996742964,,312.25614991857407,psi,,simulated
thrust,thrust,53378.5334188,1780902730.0563362,2.5007775426837853,2.4992224573162147,34.9597099112717,lbs,,simulated
FM-FM,flow,53378.5367605,1780902730.0596783,1.815646507221044,,9.521686005197285,gallons_per_minute,,simulated
tank_temp,temperature,53378.5394895,1780902730.0624075,,,20.583669218061132,°C,,simulated
CC-PT,pressure,53378.5425221,1780902730.06544,1.2737889616237832,,193.4472404059458,psi,,simulated
FI-PT,pressure,53378.543677,1780902730.0665946,1.7478933033815982,,311.97332584539953,psi,,simulated
thrust,thrust,53378.5436994,1780902730.0666165,2.500806748963207,2.499193251036793,36.27287647750575,lbs,,simulated
CC-PT,pressure,53378.5529852,1780902730.0759032,1.2725134220735337,,193.12835551838342,psi,,simulated
FI-PT,pressure,53378.5541338,1780902730.0770514,1.7438991956590646,,310.97479891476615,psi,,simulated
thrust,thrust,53378.5541574,1780902730.0770748,2.5007650257068903,2.4992349742931097,34.39692424002854,lbs,,simulated
CC-PT,pressure,53378.5632577,1780902730.0861752,1.2820662596304726,,195.51656490761815,psi,,simulated
FI-PT,pressure,53378.5643076,1780902730.0872252,1.7406656432945302,,310.16641082363253,psi,,simulated
thrust,thrust,53378.564317,1780902730.0872343,2.5007453561717696,2.4992546438282304,33.51254675664642,lbs,,simulated
CC-PT,pressure,53378.5736592,1780902730.0965776,1.277800950741881,,194.45023768547026,psi,,simulated
FI-PT,pressure,53378.5747953,1780902730.097713,1.7457761461467916,,311.44403653669787,psi,,simulated
thrust,thrust,53378.5748161,1780902730.0977333,2.5007185340784233,2.4992814659215767,32.306577461125364,lbs,,simulated
FM-FM,flow,53378.5774826,1780902730.1004004,1.8132933155647892,,9.499624833419897,gallons_per_minute,,simulated
CC-PT,pressure,53378.5840345,1780902730.1069524,1.28242269544872,,195.60567386217997,psi,,simulated
FI-PT,pressure,53378.5849872,1780902730.1079044,1.7390139983909128,,309.7534995977282,psi,,simulated
thrust,thrust,53378.5849965,1780902730.107914,2.5006935001246333,2.4993064998753667,31.181006118639036,lbs,,simulated
CC-PT,pressure,53378.5942125,1780902730.1171305,1.277179870269283,,194.29496756732073,psi,,simulated
FI-PT,pressure,53378.5952163,1780902730.118134,1.7421539714519942,,310.53849286299857,psi,,simulated
thrust,thrust,53378.5952398,1780902730.1181574,2.5006923080315957,2.4993076919684043,31.127407483282546,lbs,,simulated
CC-PT,pressure,53378.6045233,1780902730.127442,1.272966417427828,,193.24160435695697,psi,,simulated
FI-PT,pressure,53378.6054542,1780902730.1283717,1.7418058802850103,,310.4514700712526,psi,,simulated
thrust,thrust,53378.6054686,1780902730.128386,2.500625550821489,2.499374449178511,28.12588390331901,lbs,,simulated
CC-PT,pressure,53378.6146664,1780902730.1375844,1.2665165980478046,,191.62914951195114,psi,,simulated
FI-PT,pressure,53378.615495,1780902730.1384122,1.7398836302618539,,309.97090756546345,psi,,simulated
thrust,thrust,53378.6155052,1780902730.1384225,2.500616610123707,2.499383389876293,27.723894138145322,lbs,,simulated
FM-FM,flow,53378.618013,1780902730.1409307,1.7817076184401057,,9.20350892287599,gallons_per_minute,,simulated
CC-PT,pressure,53378.6250532,1780902730.1479712,1.2800152635592537,,195.0038158898134,psi,,simulated
FI-PT,pressure,53378.6261858,1780902730.1491036,1.7491914926995626,,312.29787317489064,psi,,simulated
thrust,thrust,53378.6262249,1780902730.1491425,2.500588595937323,2.499411404062677,26.464326207267767,lbs,,simulated
CC-PT,pressure,53378.6353573,1780902730.1582756,1.2688089929591408,,192.2022482397852,psi,,simulated
FI-PT,pressure,53378.6363219,1780902730.15924,1.749783962939258,,312.4459907348145,psi,,simulated
thrust,thrust,53378.6363852,1780902730.1593027,2.5005647540765708,2.4994352459234292,25.392353500137936,lbs,,simulated
tank_temp,temperature,53378.6396062,1780902730.1625242,,,20.65198698632596,°C,,simulated
CC-PT,pressure,53378.6458388,1780902730.1687562,1.2635613994075536,,190.8903498518884,psi,,simulated
FI-PT,pressure,53378.6469401,1780902730.1698577,1.7471422847679,,311.78557119197495,psi,,simulated
thrust,thrust,53378.6469816,1780902730.169899,2.5005462766344877,2.4994537233655123,24.561574652112313,lbs,,simulated
CC-PT,pressure,53378.6565601,1780902730.1794796,1.2666524966540929,,191.6631241635232,psi,,simulated
FI-PT,pressure,53378.6573391,1780902730.180257,1.7276688489519176,,306.9172122379794,psi,,simulated
thrust,thrust,53378.6574019,1780902730.1803195,2.5005039573316523,2.4994960426683477,22.65882309695686,lbs,,simulated
FM-FM,flow,53378.6585012,1780902730.1814187,1.8130912557949133,,9.49773052307731,gallons_per_minute,,simulated
CC-PT,pressure,53378.6669974,1780902730.1899154,1.265763195248031,,191.44079881200776,psi,,simulated
FI-PT,pressure,53378.667622,1780902730.1905396,1.7501094043385272,,312.5273510846318,psi,,simulated
thrust,thrust,53378.6676477,1780902730.190565,2.5004699826800802,2.4995300173199198,21.131261989296846,lbs,,simulated
CC-PT,pressure,53378.677707,1780902730.2006276,1.2747384637282446,,193.68461593206115,psi,,simulated
FI-PT,pressure,53378.6778924,1780902730.20081,1.7432524851861577,,310.8131212965394,psi,,simulated
thrust,thrust,53378.6779196,1780902730.2008371,2.5004437566332527,2.4995562433667473,19.952092011454027,lbs,,simulated
CC-PT,pressure,53378.6883418,1780902730.2112627,1.2795849179726742,,194.89622949316853,psi,,simulated
FI-PT,pressure,53378.688477,1780902730.2113943,1.7362763567300268,,309.0690891825067,psi,,simulated
thrust,thrust,53378.6885014,1780902730.211419,2.5004294515168013,2.4995705484831987,19.30890838717613,lbs,,simulated
CC-PT,pressure,53378.6985446,1780902730.2214622,1.262619049861318,,190.65476246532947,psi,,simulated
FI-PT,pressure,53378.6985863,1780902730.2215037,1.7387755797833895,,309.6938949458474,psi,,simulated
thrust,thrust,53378.6985981,1780902730.2215154,2.500405609656049,2.499594390343951,18.236935680046294,lbs,,simulated
FM-FM,flow,53378.6986084,1780902730.221526,1.8310954369420336,,9.666519721331564,gallons_per_minute,,simulated
CC-PT,pressure,53378.7091455,1780902730.2320635,1.268976482030926,,192.24412050773148,psi,,simulated
FI-PT,pressure,53378.7092037,1780902730.232121,1.7456891233550456,,311.42228083876137,psi,,simulated
thrust,thrust,53378.7092209,1780902730.2321384,2.5003734231440333,2.4996265768559667,16.78977252542102,lbs,,simulated
CC-PT,pressure,53378.7193306,1780902730.2422483,1.257472188171409,,189.36804704285225,psi,,simulated
FI-PT,pressure,53378.7193646,1780902730.242282,1.7458470756825297,,311.46176892063244,psi,,simulated
thrust,thrust,53378.7193737,1780902730.2422912,2.5003513694228374,2.4996486305771626,15.798197771325924,lbs,,simulated
CC-PT,pressure,53378.7294019,1780902730.2523196,1.2598527979675291,,189.96319949188228,psi,,simulated
FI-PT,pressure,53378.7294301,1780902730.2523475,1.7438658170540113,,310.96645426350284,psi,,simulated
thrust,thrust,53378.7294377,1780902730.252355,2.50030010942222,2.49969989057778,13.493456450996781,lbs,,simulated
FM-FM,flow,53378.7390645,1780902730.2619822,1.8228050259119302,,9.588797117924344,gallons_per_minute,,simulated
CC-PT,pressure,53378.7396336,1780902730.262551,1.256055385596202,,189.0138463990505,psi,,simulated
FI-PT,pressure,53378.73965,1780902730.2625675,1.7395158695597492,,309.8789673899373,psi,,simulated
thrust,thrust,53378.7396566,1780902730.2625742,2.500284612212731,2.499715387787269,12.79667419136239,lbs,,simulated
tank_temp,temperature,53378.7396641,1780902730.2625816,,,20.513964286988827,°C,,simulated
CC-PT,pressure,53378.7499687,1780902730.2728865,1.2601657223899034,,190.04143059747585,psi,,simulated
FI-PT,pressure,53378.7500221,1780902730.2729394,1.7388178990862249,,309.7044747715562,psi,,simulated
thrust,thrust,53378.7500371,1780902730.2729547,2.50025004151464,2.49974995848536,11.24231376602413,lbs,,simulated
CC-PT,pressure,53378.7604328,1780902730.2833507,1.2622542693918073,,190.56356734795182,psi,,simulated
FI-PT,pressure,53378.7605065,1780902730.283424,1.7435254744917719,,310.88136862294294,psi,,simulated
thrust,thrust,53378.7605274,1780902730.283445,2.500209510351361,2.499790489648639,9.419960163903413,lbs,,simulated
CC-PT,pressure,53378.7708669,1780902730.2937849,1.2588842223744656,,189.7210555936164,psi,,simulated
FI-PT,pressure,53378.770919,1780902730.2938364,1.7379136965171929,,309.4784241292982,psi,,simulated
thrust,thrust,53378.7709335,1780902730.293851,2.5001713633741574,2.4998286366258426,7.70480383249568,lbs,,simulated
FM-FM,flow,53378.77953,1780902730.302448,1.833962420697501,,9.69339769403907,gallons_per_minute,,simulated
CC-PT,pressure,53378.7811183,1780902730.304036,1.2546087806950545,,188.65219517376363,psi,,simulated
FI-PT,pressure,53378.7812328,1780902730.3041503,1.7330022732022135,,308.25056830055337,psi,,simulated
thrust,thrust,53378.7812418,1780902730.3041592,2.5001558661646683,2.4998441338353317,7.008021572861288,lbs,,simulated
CC-PT,pressure,53378.7917397,1780902730.3146572,1.255657822568157,,188.91445564203923,psi,,simulated
FI-PT,pressure,53378.7917658,1780902730.3146832,1.7345752399653482,,308.64380999133704,psi,,simulated
thrust,thrust,53378.7918501,1780902730.3147676,2.500106990350126,2.499893009649874,4.810477523245129,lbs,,simulated
CC-PT,pressure,53378.802018,1780902730.3249364,1.2507362664623578,,187.68406661558944,psi,,simulated
FI-PT,pressure,53378.802075,1780902730.3249922,1.7374022886040554,,309.35057215101386,psi,,simulated
thrust,thrust,53378.8020876,1780902730.325005,2.500078976163742,2.499921023836258,3.550909592367574,lbs,,simulated
CC-PT,pressure,53378.8122606,1780902730.3351793,1.2573422500303089,,189.3355625075772,psi,,simulated
FI-PT,pressure,53378.8123171,1780902730.3352346,1.7401590037535433,,310.0397509383858,psi,,simulated
thrust,thrust,53378.8123271,1780902730.3352447,2.5000402331400196,2.4999597668599804,1.8089539432815942,lbs,,simulated
FM-FM,flow,53378.8197575,1780902730.342676,1.8447675519904556,,9.79469579991052,gallons_per_minute,,simulated
CC-PT,pressure,53378.8225254,1780902730.345443,1.251077801117635,,187.76945027940872,psi,,simulated
FI-PT,pressure,53378.8225551,1780902730.3454726,1.7516680659852106,,312.91701649630267,psi,,simulated
thrust,thrust,53378.8225646,1780902730.3454819,2.500035464767869,2.499964535232131,1.5945594018556275,lbs,,simulated
CC-PT,pressure,53378.8330585,1780902730.3559768,1.2539835278968248,,188.49588197420618,psi,,simulated
FI-PT,pressure,53378.8331112,1780902730.3560283,1.729784814093687,,307.44620352342173,psi,,simulated
thrust,thrust,53378.8331209,1780902730.3560383,2.4999842047672516,2.5000157952327484,0.7101819184735148,lbs,,simulated
tank_temp,temperature,53378.8399593,1780902730.3628774,,,20.688573405371372,°C,,simulated
CC-PT,pressure,53378.8433272,1780902730.3662446,1.257466227706221,,189.36655692655523,psi,,simulated
FI-PT,pressure,53378.8433431,1780902730.3662605,1.7407860446913295,,310.19651117283234,psi,,simulated
thrust,thrust,53378.8433796,1780902730.366297,2.4999472498830855,2.5000527501169145,2.371739614524757,lbs,,simulated
CC-PT,pressure,53378.8537726,1780902730.3766906,1.2472285326991717,,186.8071331747929,psi,,simulated
FI-PT,pressure,53378.8538399,1780902730.3767576,1.737288443718963,,309.32211092974075,psi,,simulated
thrust,thrust,53378.8538585,1780902730.3767762,2.4999168515106263,2.5000831484893737,3.7385048161152947,lbs,,simulated
FM-FM,flow,53378.8602818,1780902730.3832004,1.8219234731106129,,9.580532560411994,gallons_per_minute,,simulated
CC-PT,pressure,53378.8644177,1780902730.3873358,1.2589462112124217,,189.7365528031054,psi,,simulated
FI-PT,pressure,53378.8644792,1780902730.3873966,1.7395558046765094,,309.8889511691273,psi,,simulated
thrust,thrust,53378.8644966,1780902730.387414,2.499884068952092,2.500115931047908,5.212467288418816,lbs,,simulated
CC-PT,pressure,53378.8748124,1780902730.3977304,1.2354607862783415,,183.86519656958538,psi,,simulated
FI-PT,pressure,53378.8748531,1780902730.3977704,1.74578687498413,,311.4467187460325,psi,,simulated
thrust,thrust,53378.8748691,1780902730.3977866,2.49985486267267,2.50014513732733,6.525633854652862,lbs,,simulated
CC-PT,pressure,53378.8853935,1780902730.4083116,1.2446464591796944,,186.1616147949236,psi,,simulated
FI-PT,pressure,53378.8854617,1780902730.4083793,1.7450215512539804,,311.2553878134951,psi,,simulated
thrust,thrust,53378.8854848,1780902730.4084022,2.4998041987185715,2.5001958012814285,8.803575857303759,lbs,,simulated
CC-PT,pressure,53378.8959549,1780902730.4188726,1.253342777889106,,188.3356944722765,psi,,simulated
FI-PT,pressure,53378.8959837,1780902730.418901,1.7365380211517836,,309.1345052879459,psi,,simulated
thrust,thrust,53378.8959913,1780902730.4189086,2.4997767805787063,2.5002232194212937,10.036344470503067,lbs,,simulated
FM-FM,flow,53378.9009372,1780902730.423855,1.8554075783977007,,9.894446047478443,gallons_per_minute,,simulated
CC-PT,pressure,53378.9061893,1780902730.4291072,1.2448985868571503,,186.22464671428756,psi,,simulated
FI-PT,pressure,53378.906257,1780902730.4291744,1.734044758563609,,308.5111896409022,psi,,simulated
thrust,thrust,53378.9062786,1780902730.4291961,2.499762475462255,2.500237524537745,10.679528094780968,lbs,,simulated
CC-PT,pressure,53378.9168313,1780902730.439749,1.240061073310503,,185.01526832762576,psi,,simulated
FI-PT,pressure,53378.9168847,1780902730.4398022,1.7291172419926217,,307.27931049815544,psi,,simulated
thrust,thrust,53378.9168998,1780902730.4398172,2.4997356533689086,2.5002643466310914,11.885497390302032,lbs,,simulated
CC-PT,pressure,53378.9270607,1780902730.449979,1.2421871712430919,,185.54679281077296,psi,,simulated
FI-PT,pressure,53378.9271506,1780902730.4500682,1.736772863480194,,309.1932158700485,psi,,simulated
thrust,thrust,53378.9272234,1780902730.4501414,2.4996837973217723,2.5003162026782277,14.21703802830942,lbs,,simulated
CC-PT,pressure,53378.9376965,1780902730.4606144,1.253802925801626,,188.45073145040647,psi,,simulated
FI-PT,pressure,53378.9377474,1780902730.4606647,1.7445840531091752,,311.1460132772938,psi,,simulated
thrust,thrust,53378.9377622,1780902730.4606798,2.499663531740133,2.500336468259867,15.128214829369778,lbs,,simulated
tank_temp,temperature,53378.940065,1780902730.4629824,,,20.54257451989162,°C,,simulated
FM-FM,flow,53378.9410787,1780902730.4639962,1.7810430265716346,,9.197278374109073,gallons_per_minute,,simulated
CC-PT,pressure,53378.947974,1780902730.4708915,1.2544192379020735,,188.60480947551838,psi,,simulated
FI-PT,pressure,53378.9479996,1780902730.4709172,1.7354144734638302,,308.8536183659575,psi,,simulated
thrust,thrust,53378.9480075,1780902730.4709249,2.4996265768559667,2.5003734231440333,16.78977252542102,lbs,,simulated
CC-PT,pressure,53378.9584339,1780902730.4813514,1.2347610276652607,,183.69025691631518,psi,,simulated
FI-PT,pressure,53378.9584559,1780902730.481373,1.7411275793466066,,310.28189483665165,psi,,simulated
thrust,thrust,53378.9584629,1780902730.4813805,2.499579489180981,2.500420510819019,18.90691862200244,lbs,,simulated
CC-PT,pressure,53378.9686902,1780902730.491608,1.238268165381928,,184.567041345482,psi,,simulated
FI-PT,pressure,53378.968717,1780902730.4916344,1.7410524774852367,,310.2631193713092,psi,,simulated
thrust,thrust,53378.9687246,1780902730.491642,2.49956995243668,2.50043004756332,19.335707704854375,lbs,,simulated
CC-PT,pressure,53378.9788742,1780902730.5017917,1.237473039325838,,184.36825983145948,psi,,simulated
FI-PT,pressure,53378.9788994,1780902730.5018165,1.7390867160662073,,309.77167901655184,psi,,simulated
thrust,thrust,53378.9789058,1780902730.5018232,2.499532997552514,2.500467002447486,20.99726540090562,lbs,,simulated
FM-FM,flow,53378.9814572,1780902730.5043747,1.8081846008520843,,9.451730632988289,gallons_per_minute,,simulated
CC-PT,pressure,53378.9890423,1780902730.5119598,1.2493951617950394,,187.34879044875984,psi,,simulated
FI-PT,pressure,53378.9890648,1780902730.511982,1.743105261696012,,310.77631542400303,psi,,simulated
thrust,thrust,53378.9890717,1780902730.5119889,2.4995246529012505,2.5004753470987495,21.37245584840106,lbs,,simulated
CC-PT,pressure,53378.9996583,1780902730.5225763,1.2388630198076986,,184.71575495192465,psi,,simulated
FI-PT,pressure,53378.9997081,1780902730.5226254,1.7358102483523188,,308.9525620880797,psi,,simulated
thrust,thrust,53378.999723,1780902730.5226405,2.4994847177844903,2.5005152822155097,23.16801013284353,lbs,,simulated
CC-PT,pressure,53379.0099812,1780902730.532899,1.2418527891460405,,185.4631972865101,psi,,simulated
FI-PT,pressure,53379.0100133,1780902730.5329306,1.7314084448109204,,307.8521112027301,psi,,simulated
thrust,thrust,53379.0100216,1780902730.532939,2.4994590877841816,2.5005409122158184,24.320380793008102,lbs,,simulated
CC-PT,pressure,53379.0205485,1780902730.5434666,1.239865570052334,,184.9663925130835,psi,,simulated
FI-PT,pressure,53379.0206002,1780902730.5435176,1.7292388354824586,,307.30970887061466,psi,,simulated
thrust,thrust,53379.0206165,1780902730.543534,2.499416768481346,2.500583231518654,26.223132348163556,lbs,,simulated
FM-FM,flow,53379.0217212,1780902730.5446389,1.759382100031626,,8.994207187796492,gallons_per_minute,,simulated
CC-PT,pressure,53379.0311326,1780902730.5540504,1.238168625613287,,184.54215640332177,psi,,simulated
FI-PT,pressure,53379.0312138,1780902730.5541313,1.7417218377258583,,310.43045943146456,psi,,simulated
thrust,thrust,53379.0312362,1780902730.5541537,2.4994060396440076,2.5005939603559924,26.70552006637198,lbs,,simulated
tank_temp,temperature,53379.0402612,1780902730.5631793,,,20.643664009481498,°C,,simulated
CC-PT,pressure,53379.041478,1780902730.5643954,1.235384492323934,,183.84612308098352,psi,,simulated
FI-PT,pressure,53379.0415013,1780902730.5644186,1.7338772694918239,,308.46931737295597,psi,,simulated
thrust,thrust,53379.0415075,1780902730.5644248,2.4993595480155406,2.5006404519844594,28.795866845275157,lbs,,simulated
CC-PT,pressure,53379.0518011,1780902730.574719,1.2428690484606084,,185.7172621151521,psi,,simulated
FI-PT,pressure,53379.051864,1780902730.5747814,1.734069792517399,,308.5174481293497,psi,,simulated
thrust,thrust,53379.0518839,1780902730.5748014,2.4993559717364278,2.5006440282635722,28.95666275134463,lbs,,simulated
CC-PT,pressure,53379.0622565,1780902730.585174,1.2365289016400458,,184.13222541001144,psi,,simulated
FI-PT,pressure,53379.0622796,1780902730.585197,1.7408259798080896,,310.2064949520224,psi,,simulated
thrust,thrust,53379.0622858,1780902730.5852032,2.499342858713014,2.500657141286986,29.54624774026604,lbs,,simulated
FM-FM,flow,53379.0622921,1780902730.5852096,1.8305977380988288,,9.661853794676519,gallons_per_minute,,simulated
CC-PT,pressure,53379.0725174,1780902730.595435,1.2291158710856285,,182.2789677714071,psi,,simulated
FI-PT,pressure,53379.0725445,1780902730.5954618,1.7309703506195964,,307.74258765489907,psi,,simulated
thrust,thrust,53379.0725533,1780902730.5954707,2.499293386851953,2.500706613148047,31.770591107560445,lbs,,simulated
CC-PT,pressure,53379.0829329,1780902730.6058505,1.234219817426183,,183.55495435654572,psi,,simulated
FI-PT,pressure,53379.0829567,1780902730.6058738,1.7462070877798899,,311.5517719449725,psi,,simulated
thrust,thrust,53379.0829629,1780902730.6058803,2.4992910026658777,2.5007089973341223,31.87778837827343,lbs,,simulated
CC-PT,pressure,53379.0934043,1780902730.6163218,1.2264551194256688,,181.61377985641718,psi,,simulated
FI-PT,pressure,53379.0934288,1780902730.6163461,1.7394622253730565,,309.86555634326413,psi,,simulated
thrust,thrust,53379.0934355,1780902730.6163528,2.4992737173168322,2.5007262826831678,32.65496859094256,lbs,,simulated
FM-FM,flow,53379.1025961,1780902730.625514,1.8148919123282328,,9.51461167807718,gallons_per_minute,,simulated
CC-PT,pressure,53379.1036824,1780902730.6266003,1.2343741934745542,,183.59354836863855,psi,,simulated
FI-PT,pressure,53379.1037091,1780902730.6266263,1.732183305285371,,308.04582632134276,psi,,simulated
thrust,thrust,53379.1037173,1780902730.6266348,2.499236762432666,2.500763237567334,34.3165262869938,lbs,,simulated
CC-PT,pressure,53379.1142866,1780902730.6372046,1.2305088318000832,,182.6272079500208,psi,,simulated
FI-PT,pressure,53379.114365,1780902730.6372826,1.7314167894621837,,307.85419736554593,psi,,simulated
thrust,thrust,53379.114387,1780902730.6373045,2.499228417781403,2.500771582218597,34.69171673448924,lbs,,simulated
CC-PT,pressure,53379.1247898,1780902730.6477077,1.2269552024549488,,181.7388006137372,psi,,simulated
FI-PT,pressure,53379.1248593,1780902730.6477768,1.741582958886976,,310.395739721744,psi,,simulated
thrust,thrust,53379.1248793,1780902730.6477966,2.4991980194089436,2.5008019805910564,36.05848193607978,lbs,,simulated
CC-PT,pressure,53379.1350544,1780902730.6579719,1.2199546360915465,,179.98865902288662,psi,,simulated
FI-PT,pressure,53379.1350814,1780902730.6579988,1.7278655443031243,,306.9663860757811,psi,,simulated
thrust,thrust,53379.1350885,1780902730.6580057,2.4991735815016725,2.5008264184983275,37.15725396088786,lbs,,simulated
tank_temp,temperature,53379.1409259,1780902730.6638439,,,20.918842431401075,°C,,simulated
FM-FM,flow,53379.1428222,1780902730.6657398,1.8486305294788516,,9.830911213864233,gallons_per_minute,,simulated
CC-PT,pressure,53379.1454654,1780902730.668383,1.2447328859249216,,186.1832214812304,psi,,simulated
FI-PT,pressure,53379.1454882,1780902730.6684055,1.7309947885268675,,307.7486971317169,psi,,simulated
thrust,thrust,53379.1454945,1780902730.668412,2.499140202896619,2.500859797103381,38.65801575086962,lbs,,simulated
CC-PT,pressure,53379.1557995,1780902730.6787174,1.230294851099831,,182.57371277495776,psi,,simulated
FI-PT,pressure,53379.1558733,1780902730.6787908,1.7347492855488402,,308.68732138721003,psi,,simulated
thrust,thrust,53379.155897,1780902730.6788144,2.4991324542918747,2.5008675457081253,39.006406880686825,lbs,,simulated
CC-PT,pressure,53379.1661951,1780902730.6891127,1.2408556033200744,,185.2139008300186,psi,,simulated
FI-PT,pressure,53379.1662173,1780902730.6891346,1.7357989234684614,,308.94973086711536,psi,,simulated
thrust,thrust,53379.1662238,1780902730.6891413,2.4991115926637164,2.5008884073362836,39.94438299942543,lbs,,simulated
CC-PT,pressure,53379.1765879,1780902730.6995058,1.2248392373131796,,181.20980932829488,psi,,simulated
FI-PT,pressure,53379.1766623,1780902730.69958,1.7345406692672574,,308.6351673168143,psi,,simulated
thrust,thrust,53379.1766855,1780902730.6996028,2.49913483847795,2.50086516152205,38.89920960997384,lbs,,simulated
FM-FM,flow,53379.1832652,1780902730.7061834,1.8044521575513073,,9.416738977043504,gallons_per_minute,,simulated
CC-PT,pressure,53379.1869374,1780902730.709855,1.2318439760022135,,182.96099400055337,psi,,simulated
FI-PT,pressure,53379.1869628,1780902730.70988,1.7366399451064998,,309.1599862766249,psi,,simulated
thrust,thrust,53379.1869703,1780902730.7098877,2.4990996717333402,2.5009003282666598,40.480369352990344,lbs,,simulated
CC-PT,pressure,53379.1970694,1780902730.7199879,1.2400259065658934,,185.00647664147334,psi,,simulated
FI-PT,pressure,53379.1971501,1780902730.7200675,1.7320015110971345,,308.0003777742836,psi,,simulated
thrust,thrust,53379.1971761,1780902730.7200937,2.499081790337776,2.500918209662224,41.28434888333772,lbs,,simulated
CC-PT,pressure,53379.2076851,1780902730.730603,1.2331928292742764,,183.2982073185691,psi,,simulated
FI-PT,pressure,53379.2077182,1780902730.7306354,1.7333181778571818,,308.32954446429545,psi,,simulated
thrust,thrust,53379.2077263,1780902730.7306437,2.499057352430505,2.500942647569495,42.3831209081458,lbs,,simulated
CC-PT,pressure,53379.2180228,1780902730.7409408,1.2242050438171677,,181.0512609542919,psi,,simulated
FI-PT,pressure,53379.2180959,1780902730.7410135,1.7414995123743429,,310.3748780935857,psi,,simulated
thrust,thrust,53379.2181156,1780902730.7410333,2.4990764259191067,2.5009235740808933,41.52554274244193,lbs,,simulated
FM-FM,flow,53379.2238456,1780902730.7467637,1.7686267815383414,,9.08087607692195,gallons_per_minute,,simulated
CC-PT,pressure,53379.2284878,1780902730.7514052,1.2152250069648036,,178.8062517412009,psi,,simulated
FI-PT,pressure,53379.2285091,1780902730.7514265,1.7376442834906916,,309.4110708726729,psi,,simulated
thrust,thrust,53379.2285156,1780902730.751433,2.4990370868488654,2.5009629131511346,43.294297709206155,lbs,,simulated
CC-PT,pressure,53379.2386662,1780902730.761584,1.2185658477027235,,179.64146192568086,psi,,simulated
FI-PT,pressure,53379.23872,1780902730.7616374,1.7309327996889114,,307.73319992222787,psi,,simulated
thrust,thrust,53379.2387375,1780902730.761655,2.499054372197911,2.500945627802089,42.517117496537026,lbs,,simulated
tank_temp,temperature,53379.2414219,1780902730.7643394,,,20.611585869560184,°C,,simulated
CC-PT,pressure,53379.2489875,1780902730.771905,1.2294484650431234,,182.36211626078085,psi,,simulated
FI-PT,pressure,53379.2490082,1780902730.7719254,1.7437776021692277,,310.94440054230694,psi,,simulated
thrust,thrust,53379.2490143,1780902730.7719316,2.499041855221016,2.500958144778984,43.07990316778019,lbs,,simulated
CC-PT,pressure,53379.2592192,1780902730.7821372,1.2307752645939904,,182.6938161484976,psi,,simulated
FI-PT,pressure,53379.259272,1780902730.7821894,1.721403207946206,,305.3508019865515,psi,,simulated
thrust,thrust,53379.2592877,1780902730.782205,2.4990239738254516,2.5009760261745484,43.883882698127564,lbs,,simulated
FM-FM,flow,53379.2641022,1780902730.78702,1.8386550949400777,,9.737391515063228,gallons_per_minute,,simulated
CC-PT,pressure,53379.2692829,1780902730.7922006,1.2300594127249018,,182.51485318122545,psi,,simulated
FI-PT,pressure,53379.2693037,1780902730.792221,1.7337145487921892,,308.4286371980473,psi,,simulated
thrust,thrust,53379.26931,1780902730.7922273,2.499010264755519,2.500989735244481,44.50026700472722,lbs,,simulated
CC-PT,pressure,53379.2795467,1780902730.8024642,1.226034906629909,,181.50872665747724,psi,,simulated
FI-PT,pressure,53379.2795755,1780902730.8024929,1.7370726748791545,,309.2681687197886,psi,,simulated
thrust,thrust,53379.2795834,1780902730.8025007,2.4990114568485566,2.5009885431514434,44.44666836937073,lbs,,simulated
CC-PT,pressure,53379.28996,1780902730.8128777,1.2268872531518047,,181.72181328795116,psi,,simulated
FI-PT,pressure,53379.2899847,1780902730.812902,1.7387499497830807,,309.68748744577016,psi,,simulated
thrust,thrust,53379.2899915,1780902730.812909,2.498994171499511,2.501005828500489,45.22384858203986,lbs,,simulated
CC-PT,pressure,53379.3007275,1780902730.823645,1.2287767206164266,,182.19418015410665,psi,,simulated
FI-PT,pressure,53379.3007705,1780902730.823688,1.7334314266957553,,308.35785667393884,psi,,simulated
thrust,thrust,53379.3007812,1780902730.8236988,2.499010264755519,2.500989735244481,44.50026700472722,lbs,,simulated
FM-FM,flow,53379.3044227,1780902730.8273404,1.7822303512371005,,9.208409542847816,gallons_per_minute,,simulated
CC-PT,pressure,53379.3113299,1780902730.8342476,1.2231124905481923,,180.77812263704806,psi,,simulated
FI-PT,pressure,53379.3113577,1780902730.834275,1.7302992022394184,,307.57480055985457,psi,,simulated
thrust,thrust,53379.3113648,1780902730.8342822,2.4990180133602635,2.5009819866397365,44.151875874910026,lbs,,simulated
CC-PT,pressure,53379.3217744,1780902730.8446922,1.2265332015196326,,181.63330037990815,psi,,simulated
FI-PT,pressure,53379.3218338,1780902730.8447511,1.7359687967263218,,308.9921991815804,psi,,simulated
thrust,thrust,53379.3218501,1780902730.8447676,2.4990090726624814,2.5009909273375186,44.553865640083714,lbs,,simulated
CC-PT,pressure,53379.3320986,1780902730.8550162,1.2269647391992498,,181.74118479981243,psi,,simulated
FI-PT,pressure,53379.3321237,1780902730.855041,1.7311420120170131,,307.78550300425326,psi,,simulated
thrust,thrust,53379.3321301,1780902730.8550475,2.499010860802038,2.500989139197962,44.473467687048974,lbs,,simulated
tank_temp,temperature,53379.3418501,1780902730.864768,,,20.934448012984415,°C,,simulated
CC-PT,pressure,53379.3423296,1780902730.8652472,1.2180526516500296,,179.5131629125074,psi,,simulated
FI-PT,pressure,53379.3423719,1780902730.8652894,1.734998432993702,,308.7496082484255,psi,,simulated
thrust,thrust,53379.3423874,1780902730.865305,2.498994171499511,2.501005828500489,45.22384858203986,lbs,,simulated
FM-FM,flow,53379.3448119,1780902730.8677297,1.7831977347371262,,9.217478763160557,gallons_per_minute,,simulated
CC-PT,pressure,53379.3529551,1780902730.875873,1.22841492037951,,182.1037300948775,psi,,simulated
FI-PT,pressure,53379.3530065,1780902730.8759239,1.7148508685649477,,303.7127171412369,psi,,simulated
thrust,thrust,53379.3530234,1780902730.8759408,2.4990060924298874,2.5009939075701126,44.68786222847494,lbs,,simulated
CC-PT,pressure,53379.3634306,1780902730.8863485,1.2333323041596775,,183.33307603991938,psi,,simulated
FI-PT,pressure,53379.363505,1780902730.8864226,1.7341204564714976,,308.5301141178744,psi,,simulated
thrust,thrust,53379.3635264,1780902730.8864439,2.4989959596390676,2.5010040403609324,45.14345062900512,lbs,,simulated
CC-PT,pressure,53379.3737186,1780902730.8966362,1.2372477337417285,,184.3119334354321,psi,,simulated
FI-PT,pressure,53379.3737402,1780902730.8966577,1.726930943361633,,306.7327358404083,psi,,simulated
thrust,thrust,53379.3737466,1780902730.8966641,2.4990054963833686,2.5009945036166314,44.71466154615319,lbs,,simulated
CC-PT,pressure,53379.3839235,1780902730.9068415,1.2257535726730315,,181.43839316825787,psi,,simulated
FI-PT,pressure,53379.3840017,1780902730.9069192,1.7371620818569757,,309.2905204642439,psi,,simulated
thrust,thrust,53379.3840207,1780902730.906938,2.499022781732414,2.500977218267586,43.93748133348406,lbs,,simulated
FM-FM,flow,53379.3855932,1780902730.908511,1.805823660591085,,9.42959681804142,gallons_per_minute,,simulated
CC-PT,pressure,53379.3945527,1780902730.9174702,1.2217576768109413,,180.4394192027353,psi,,simulated
FI-PT,pressure,53379.3945813,1780902730.9174986,1.7358388585852216,,308.9597146463054,psi,,simulated
thrust,thrust,53379.3945891,1780902730.9175065,2.4990466235931663,2.5009533764068337,42.86550862635422,lbs,,simulated
CC-PT,pressure,53379.4051557,1780902730.9280734,1.2143643157916446,,178.59107894791114,psi,,simulated
FI-PT,pressure,53379.4052188,1780902730.928136,1.7355587167213817,,308.8896791803454,psi,,simulated
thrust,thrust,53379.4052368,1780902730.9281542,2.4990299342906397,2.5009700657093603,43.61588952134511,lbs,,simulated
CC-PT,pressure,53379.4152908,1780902730.9382088,1.2267179759404632,,181.67949398511578,psi,,simulated
FI-PT,pressure,53379.4153494,1780902730.938267,1.7285980854747398,,307.14952136868493,psi,,simulated
thrust,thrust,53379.4153653,1780902730.9382827,2.499037682895384,2.500962317104616,43.26749839152791,lbs,,simulated
CC-PT,pressure,53379.4256542,1780902730.948572,1.2265093596588803,,181.62733991472007,psi,,simulated
FI-PT,pressure,53379.4257067,1780902730.9486241,1.7334654013473274,,308.36635033683183,psi,,simulated
thrust,thrust,53379.4257221,1780902730.9486394,2.4990275501045645,2.5009724498954355,43.72308679205809,lbs,,simulated
FM-FM,flow,53379.425739,1780902730.9486563,1.8222346093934307,,9.583449463063411,gallons_per_minute,,simulated
CC-PT,pressure,53379.4361254,1780902730.959043,1.2163926620951488,,179.0981655237872,psi,,simulated
FI-PT,pressure,53379.4361765,1780902730.959094,1.7286392126845376,,307.1598031711344,psi,,simulated
thrust,thrust,53379.4361925,1780902730.9591098,2.4990585445235425,2.5009414554764575,42.329522272789305,lbs,,simulated
tank_temp,temperature,53379.4423644,1780902730.965282,,,20.910172663854773,°C,,simulated
CC-PT,pressure,53379.4465388,1780902730.9694564,1.2256832391838122,,181.42080979595303,psi,,simulated
FI-PT,pressure,53379.4465651,1780902730.9694824,1.73181375644371,,307.9534391109275,psi,,simulated
thrust,thrust,53379.446573,1780902730.9694905,2.4990591405700613,2.5009408594299387,42.30272295511106,lbs,,simulated
CC-PT,pressure,53379.4570536,1780902730.9799712,1.2182886860714777,,179.5721715178694,psi,,simulated
FI-PT,pressure,53379.4570863,1780902730.9800036,1.7295398389744567,,307.38495974361416,psi,,simulated
thrust,thrust,53379.4570961,1780902730.9800136,2.499066889174806,2.500933110825194,41.95433182529386,lbs,,simulated
FM-FM,flow,53379.4661179,1780902730.9890358,1.7971952911848177,,9.348705854857664,gallons_per_minute,,simulated
CC-PT,pressure,53379.4677391,1780902730.9906569,1.2137187974117754,,178.42969935294383,psi,,simulated
FI-PT,pressure,53379.4677615,1780902730.9906788,1.724949088686596,,306.23727217164895,psi,,simulated
thrust,thrust,53379.4677695,1780902730.9906867,2.4990794061517008,2.5009205938482992,41.3915461540507,lbs,,simulated
CC-PT,pressure,53379.4782279,1780902731.0011456,1.220699098193538,,180.17477454838448,psi,,simulated
FI-PT,pressure,53379.478258,1780902731.0011754,1.741865484936891,,310.4663712342228,psi,,simulated
thrust,thrust,53379.4782653,1780902731.0011828,2.499110400570679,2.500889599429321,39.997981634781915,lbs,,simulated
CC-PT,pressure,53379.4883797,1780902731.0112975,1.2185688279353175,,179.64220698382937,psi,,simulated
FI-PT,pressure,53379.4884353,1780902731.0113528,1.7341764848442656,,308.5441212110664,psi,,simulated
thrust,thrust,53379.4884532,1780902731.0113704,2.4991199373149797,2.5008800626850203,39.56919255192999,lbs,,simulated
CC-PT,pressure,53379.4987438,1780902731.0216615,1.2168653269845637,,179.21633174614092,psi,,simulated
FI-PT,pressure,53379.4987742,1780902731.0216916,1.71732028929237,,304.3300723230925,psi,,simulated
thrust,thrust,53379.4987842,1780902731.0217016,2.499146759408326,2.500853240591674,38.36322325640892,lbs,,simulated
FM-FM,flow,53379.5067128,1780902731.0296304,1.8111541046087867,,9.479569730707373,gallons_per_minute,,simulated
CC-PT,pressure,53379.5092827,1780902731.0322003,1.2170471211728002,,179.26178029320005,psi,,simulated
FI-PT,pressure,53379.5093034,1780902731.0322206,1.734843460898812,,308.71086522470296,psi,,simulated
thrust,thrust,53379.5093106,1780902731.0322278,2.4991551040595894,2.5008448959404106,37.98803280891348,lbs,,simulated
CC-PT,pressure,53379.5194643,1780902731.0423825,1.2175346872251853,,179.38367180629632,psi,,simulated
FI-PT,pressure,53379.5195225,1780902731.04244,1.7209424639871673,,305.2356159967918,psi,,simulated
thrust,thrust,53379.5195384,1780902731.042456,2.499175369641229,2.500824630358771,37.076856007853124,lbs,,simulated
CC-PT,pressure,53379.5296808,1780902731.0525985,1.211889530645553,,177.97238266138825,psi,,simulated
FI-PT,pressure,53379.5297158,1780902731.052633,1.7277403745341746,,306.93509363354366,psi,,simulated
thrust,thrust,53379.5297243,1780902731.0526419,2.4992081521997633,2.5007918478002367,35.6028935355496,lbs,,simulated
CC-PT,pressure,53379.5402194,1780902731.0631373,1.2330652753192515,,183.26631882981286,psi,,simulated
FI-PT,pressure,53379.5402872,1780902731.0632045,1.725458708460177,,306.36467711504423,psi,,simulated
thrust,thrust,53379.5403079,1780902731.0632253,2.499221861269696,2.500778138730304,34.98650922894995,lbs,,simulated
tank_temp,temperature,53379.542537,1780902731.0654554,,,20.868731174983477,°C,,simulated
FM-FM,flow,53379.5471623,1780902731.0700805,1.7661335189501663,,9.057501740157807,gallons_per_minute,,simulated
CC-PT,pressure,53379.5506421,1780902731.07356,1.2289692436420017,,182.2423109105004,psi,,simulated
FI-PT,pressure,53379.5506985,1780902731.0736158,1.7255618245079307,,306.39045612698266,psi,,simulated
thrust,thrust,53379.5507112,1780902731.0736287,2.4992421268513354,2.5007578731486646,34.075332427889585,lbs,,simulated
CC-PT,pressure,53379.5609325,1780902731.083851,1.2134517685713493,,178.3629421428373,psi,,simulated
FI-PT,pressure,53379.5610106,1780902731.083928,1.730032769445511,,307.5081923613778,psi,,simulated
thrust,thrust,53379.5610461,1780902731.0839636,2.499270737084238,2.500729262915762,32.788965179333786,lbs,,simulated
CC-PT,pressure,53379.571418,1780902731.0943363,1.2233193186902187,,180.82982967255467,psi,,simulated
FI-PT,pressure,53379.5714758,1780902731.094393,1.7264505298674737,,306.61263246686843,psi,,simulated
thrust,thrust,53379.5715025,1780902731.09442,2.499280273828539,2.500719726171461,32.36017609648185,lbs,,simulated
CC-PT,pressure,53379.5818847,1780902731.1048033,1.2207521463337119,,180.18803658342796,psi,,simulated
FI-PT,pressure,53379.5819749,1780902731.1048925,1.719526257458479,,304.88156436461975,psi,,simulated
thrust,thrust,53379.582002,1780902731.10492,2.4992915987123965,2.5007084012876035,31.850989060595182,lbs,,simulated
FM-FM,flow,53379.5873636,1780902731.1102815,1.8421836903314222,,9.770472096857082,gallons_per_minute,,simulated
CC-PT,pressure,53379.592342,1780902731.1152594,1.219558265156539,,179.88956628913476,psi,,simulated
FI-PT,pressure,53379.5923688,1780902731.1152864,1.7279954824442245,,306.99887061105613,psi,,simulated
thrust,thrust,53379.5923934,1780902731.115311,2.4993172287127052,2.5006827712872948,30.69861840043061,lbs,,simulated
CC-PT,pressure,53379.6025694,1780902731.1254873,1.230534461800392,,182.63361545009798,psi,,simulated
FI-PT,pressure,53379.6026042,1780902731.1255217,1.730036345724624,,307.509086431156,psi,,simulated
thrust,thrust,53379.6026268,1780902731.1255443,2.499333321968713,2.500666678031287,29.975036823117975,lbs,,simulated
CC-PT,pressure,53379.612732,1780902731.1356497,1.2244249849826079,,181.10624624565196,psi,,simulated
FI-PT,pressure,53379.6127636,1780902731.135681,1.7382808611727787,,309.5702152931947,psi,,simulated
thrust,thrust,53379.6127735,1780902731.135691,2.499377429411105,2.500622570588895,27.99188731492778,lbs,,simulated
CC-PT,pressure,53379.6232858,1780902731.1462038,1.2134917036881094,,178.37292592202735,psi,,simulated
FI-PT,pressure,53379.6233575,1780902731.1462767,1.7249836593846868,,306.2459148461717,psi,,simulated
thrust,thrust,53379.623426,1780902731.1463437,2.499395906853188,2.500604093146812,27.16110846690216,lbs,,simulated
FM-FM,flow,53379.6277965,1780902731.1507146,1.80279037985687,,9.401159811158156,gallons_per_minute,,simulated
CC-PT,pressure,53379.6337715,1780902731.156689,1.218030001882315,,179.50750047057872,psi,,simulated
FI-PT,pressure,53379.633796,1780902731.1567135,1.7201437616519644,,305.03594041299107,psi,,simulated
thrust,thrust,53379.6338206,1780902731.156738,2.4994316696443164,2.5005683303556836,25.55314940620741,lbs,,simulated
tank_temp,temperature,53379.6429223,1780902731.16584,,,20.968433501765936,°C,,simulated
CC-PT,pressure,53379.6439478,1780902731.1668653,1.209606076431999,,177.40151910799972,psi,,simulated
FI-PT,pressure,53379.6439945,1780902731.166912,1.724809017754676,,306.202254438669,psi,,simulated
thrust,thrust,53379.6440074,1780902731.1669247,2.499461471970257,2.500538528029743,24.213183522295118,lbs,,simulated
CC-PT,pressure,53379.6545591,1780902731.1774776,1.2226755884499059,,180.66889711247646,psi,,simulated
FI-PT,pressure,53379.6546162,1780902731.1775336,1.730812994338631,,307.70324858465773,psi,,simulated
thrust,thrust,53379.6546426,1780902731.17756,2.499473392900633,2.500526607099367,23.677197168730203,lbs,,simulated
CC-PT,pressure,53379.6647502,1780902731.1876683,1.2214948202961469,,180.3737050740367,psi,,simulated
FI-PT,pressure,53379.6647933,1780902731.1877108,1.7214014198066496,,305.3503549516624,psi,,simulated
thrust,thrust,53379.6648161,1780902731.1877334,2.499510943831318,2.500489056168682,21.988840155000712,lbs,,simulated
FM-FM,flow,53379.668375,1780902731.1912928,1.8056639201240443,,9.428099251162914,gallons_per_minute,,simulated
CC-PT,pressure,53379.6752488,1780902731.1981668,1.2217505242527156,,180.43763106317888,psi,,simulated
FI-PT,pressure,53379.6753062,1780902731.1982238,1.722180452606732,,305.545113151683,psi,,simulated
thrust,thrust,53379.6753318,1780902731.1982496,2.499550878948078,2.500449121051922,20.193285870558242,lbs,,simulated
CC-PT,pressure,53379.6855474,1780902731.2084653,1.2194783949230188,,179.8695987307547,psi,,simulated
FI-PT,pressure,53379.6856118,1780902731.20853,1.7296375906035413,,307.4093976508853,psi,,simulated
thrust,thrust,53379.6856603,1780902731.2085779,2.4995675682506047,2.5004324317493953,19.44290497556736,lbs,,simulated
CC-PT,pressure,53379.6961157,1780902731.219033,1.221146133082644,,180.286533270661,psi,,simulated
FI-PT,pressure,53379.696141,1780902731.2190585,1.726045814281203,,306.5114535703007,psi,,simulated
thrust,thrust,53379.6961501,1780902731.2190673,2.499606311274327,2.500393688725673,17.70094932648138,lbs,,simulated
CC-PT,pressure,53379.7064387,1780902731.2293572,1.22274353775305,,180.6858844382625,psi,,simulated
FI-PT,pressure,53379.7065015,1780902731.229419,1.7272468480166014,,306.81171200415037,psi,,simulated
thrust,thrust,53379.706517,1780902731.2294347,2.4996247887164103,2.5003752112835897,16.87017047845576,lbs,,simulated
FM-FM,flow,53379.7085741,1780902731.2314918,1.8144323604622317,,9.51030337933342,gallons_per_minute,,simulated
CC-PT,pressure,53379.7168741,1780902731.239792,1.2327237406639744,,183.1809351659936,psi,,simulated
FI-PT,pressure,53379.7169557,1780902731.2398732,1.7219402458596522,,305.48506146491303,psi,,simulated
thrust,thrust,53379.7170175,1780902731.239935,2.4996480345306438,2.5003519654693562,15.82499708900417,lbs,,simulated
CC-PT,pressure,53379.7271539,1780902731.2500715,1.2225063112385643,,180.62657780964108,psi,,simulated
FI-PT,pressure,53379.7271842,1780902731.2501016,1.7205598021220925,,305.1399505305231,psi,,simulated
thrust,thrust,53379.7271947,1780902731.250112,2.4996855854613287,2.5003144145386713,14.13664007527468,lbs,,simulated
CC-PT,pressure,53379.7372505,1780902731.2601686,1.2198705935323946,,179.96764838309863,psi,,simulated
FI-PT,pressure,53379.7373085,1780902731.260226,1.7233761219234611,,305.8440304808653,psi,,simulated
thrust,thrust,53379.7373297,1780902731.2602472,2.4996992945312613,2.5003007054687387,13.520255768675026,lbs,,simulated
tank_temp,temperature,53379.7434698,1780902731.2663877,,,20.997563920721518,°C,,simulated
CC-PT,pressure,53379.7475197,1780902731.2704375,1.2249101668489177,,181.22754171222942,psi,,simulated
FI-PT,pressure,53379.7475656,1780902731.2704833,1.7241962819333412,,306.0490704833353,psi,,simulated
thrust,thrust,53379.7475784,1780902731.2704957,2.499756514997067,2.500243485002933,10.947521271563426,lbs,,simulated
FM-FM,flow,53379.7491452,1780902731.2720628,1.8043114905728685,,9.415420224120641,gallons_per_minute,,simulated
CC-PT,pressure,53379.7578594,1780902731.280777,1.2272359403653075,,181.80898509132686,psi,,simulated
FI-PT,pressure,53379.7578901,1780902731.2808075,1.7229123977318284,,305.7280994329571,psi,,simulated
thrust,thrust,53379.7579146,1780902731.280832,2.4997755884856687,2.5002244115143313,10.08994310585956,lbs,,simulated
CC-PT,pressure,53379.768422,1780902731.2913396,1.229328659692843,,182.33216492321074,psi,,simulated
FI-PT,pressure,53379.7684468,1780902731.2913642,1.7272969159241813,,306.82422898104534,psi,,simulated
thrust,thrust,53379.7684558,1780902731.2913733,2.4998268484862862,2.5001731515137138,7.785201785530417,lbs,,simulated
CC-PT,pressure,53379.7785823,1780902731.3014998,1.2295009171367786,,182.37522928419463,psi,,simulated
FI-PT,pressure,53379.7786157,1780902731.3015332,1.7277910384882733,,306.9477596220683,psi,,simulated
thrust,thrust,53379.7786265,1780902731.301544,2.4998322129049555,2.5001677870950445,7.544007926426205,lbs,,simulated
CC-PT,pressure,53379.7888292,1780902731.3117473,1.221391704248393,,180.34792606209825,psi,,simulated
FI-PT,pressure,53379.7888823,1780902731.3117998,1.7275919589509914,,306.8979897377478,psi,,simulated
thrust,thrust,53379.7889025,1780902731.31182,2.4998781084869037,2.5001218915130963,5.480460465201275,lbs,,simulated
FM-FM,flow,53379.7894893,1780902731.3124068,1.803667164286037,,9.409379665181595,gallons_per_minute,,simulated
CC-PT,pressure,53379.7990167,1780902731.3219342,1.2288244043379313,,182.2061010844828,psi,,simulated
FI-PT,pressure,53379.799068,1780902731.3219852,1.7269756468505437,,306.7439117126359,psi,,simulated
thrust,thrust,53379.7990843,1780902731.3220022,2.499912083138476,2.500087916861524,3.9528993575412614,lbs,,simulated
CC-PT,pressure,53379.8093431,1780902731.3322608,1.2192238830594877,,179.80597076487192,psi,,simulated
FI-PT,pressure,53379.8094122,1780902731.3323298,1.7185767553540177,,304.6441888385044,psi,,simulated
thrust,thrust,53379.8094601,1780902731.332378,2.499938905231822,2.500061094768178,2.7469300620201986,lbs,,simulated
CC-PT,pressure,53379.8198822,1780902731.3428001,1.2155784625504569,,178.8946156376142,psi,,simulated
FI-PT,pressure,53379.8199711,1780902731.3428886,1.7169620653345663,,304.24051633364155,psi,,simulated
thrust,thrust,53379.820036,1780902731.3429537,2.4999782443020635,2.5000217556979365,0.9781750952559732,lbs,,simulated
CC-PT,pressure,53379.8300368,1780902731.3529546,1.2199260258586437,,179.98150646466092,psi,,simulated
FI-PT,pressure,53379.8300753,1780902731.3529928,1.7282833729128089,,307.0708432282022,psi,,simulated
thrust,thrust,53379.830099,1780902731.3530166,2.499998509883703,2.500001490116297,0.06699829419561461,lbs,,simulated
FM-FM,flow,53379.830114,1780902731.3530314,1.7782439921193114,,9.171037426118543,gallons_per_minute,,simulated
CC-PT,pressure,53379.8403416,1780902731.3632593,1.227731255022437,,181.93281375560926,psi,,simulated
FI-PT,pressure,53379.8403997,1780902731.3633173,1.7233385709927762,,305.834642748194,psi,,simulated
thrust,thrust,53379.8404512,1780902731.3633687,2.5000277161631246,2.4999722838368754,1.2461682720384317,lbs,,simulated
tank_temp,temperature,53379.8439983,1780902731.366916,,,21.07143034021597,°C,,simulated
CC-PT,pressure,53379.8504574,1780902731.3733754,1.2151320237078695,,178.78300592696738,psi,,simulated
FI-PT,pressure,53379.8504974,1780902731.373415,1.72378679797492,,305.94669949372997,psi,,simulated
thrust,thrust,53379.8505198,1780902731.3734372,2.5000557303495086,2.4999442696504914,2.505736202915986,lbs,,simulated
CC-PT,pressure,53379.8608686,1780902731.3837864,1.2349243444114142,,183.73108610285354,psi,,simulated
FI-PT,pressure,53379.8609234,1780902731.3838408,1.7158820290424859,,303.97050726062145,psi,,simulated
thrust,thrust,53379.8609363,1780902731.383854,2.5000968575593063,2.4999031424406937,4.354889122714949,lbs,,simulated
FM-FM,flow,53379.8703669,1780902731.3932846,1.7942132704512204,,9.32074941048019,gallons_per_minute,,simulated
CC-PT,pressure,53379.8713379,1780902731.3942556,1.224776056382186,,181.19401409554646,psi,,simulated
FI-PT,pressure,53379.8713685,1780902731.394286,1.7213561202712202,,305.339030067805,psi,,simulated
thrust,thrust,53379.8713786,1780902731.3942962,2.5001266598852467,2.4998733401147533,5.694855006627241,lbs,,simulated
CC-PT,pressure,53379.8816642,1780902731.404583,1.2291301762020799,,182.28254405051996,psi,,simulated
FI-PT,pressure,53379.8817355,1780902731.4046528,1.7185839079122434,,304.64597697806084,psi,,simulated
thrust,thrust,53379.8817487,1780902731.4046662,2.500169575234601,2.499830424765399,7.624405879460942,lbs,,simulated
CC-PT,pressure,53379.8919533,1780902731.4148722,1.2238635091618906,,180.96587729047263,psi,,simulated
FI-PT,pressure,53379.8920153,1780902731.4149327,1.7170091530095521,,304.25228825238804,psi,,simulated
thrust,thrust,53379.8920273,1780902731.4149444,2.5001952052349097,2.4998047947650903,8.776776539625514,lbs,,simulated
CC-PT,pressure,53379.9022836,1780902731.4252024,1.2186361811919428,,179.6590452979857,psi,,simulated
FI-PT,pressure,53379.9023516,1780902731.425269,1.718200053954131,,304.5500134885327,psi,,simulated
thrust,thrust,53379.9023671,1780902731.4252846,2.5002244115143313,2.4997755884856687,10.08994310585956,lbs,,simulated
FM-FM,flow,53379.9107965,1780902731.433715,1.8044891124354734,,9.417085429082562,gallons_per_minute,,simulated
CC-PT,pressure,53379.9126622,1780902731.4355805,1.2251742154567498,,181.29355386418743,psi,,simulated
FI-PT,pressure,53379.9127036,1780902731.435621,1.7127957001680971,,303.19892504202426,psi,,simulated
thrust,thrust,53379.9127146,1780902731.4356322,2.5002548098867905,2.4997451901132095,11.456708307450098,lbs,,simulated
CC-PT,pressure,53379.9231993,1780902731.4461179,1.2305541313355126,,182.63853283387814,psi,,simulated
FI-PT,pressure,53379.923256,1780902731.4461737,1.722049918419113,,305.5124796047782,psi,,simulated
thrust,thrust,53379.9232816,1780902731.446199,2.50027507546843,2.49972492453157,12.367885108510455,lbs,,simulated
CC-PT,pressure,53379.9332987,1780902731.456217,1.2217141654150683,,180.42854135376706,psi,,simulated
FI-PT,pressure,53379.9333786,1780902731.4562962,1.7283185396574186,,307.07963491435464,psi,,simulated
thrust,thrust,53379.9334037,1780902731.4563212,2.500320971050378,2.499679028949622,14.431432569735385,lbs,,simulated
CC-PT,pressure,53379.9437012,1780902731.4666188,1.2298090731870024,,182.4522682967506,psi,,simulated
FI-PT,pressure,53379.9437531,1780902731.4666705,1.7168553730076996,,304.2138432519249,psi,,simulated
thrust,thrust,53379.9437827,1780902731.4667003,2.500359118027582,2.499640881972418,16.14658890114312,lbs,,simulated
tank_temp,temperature,53379.9443666,1780902731.4672842,,,20.966005966852997,°C,,simulated
FM-FM,flow,53379.9513953,1780902731.474313,1.815873004898191,,9.52380942092054,gallons_per_minute,,simulated
CC-PT,pressure,53379.9542698,1780902731.4771874,1.223014142872589,,180.75353571814722,psi,,simulated
FI-PT,pressure,53379.9543007,1780902731.4772184,1.7214443351560038,,305.36108378900093,psi,,simulated
thrust,thrust,53379.9543205,1780902731.477238,2.5003722310509957,2.4996277689490043,16.736173890064528,lbs,,simulated
CC-PT,pressure,53379.9644909,1780902731.4874084,1.2192119621291115,,179.80299053227787,psi,,simulated
FI-PT,pressure,53379.9645187,1780902731.487436,1.714104022276881,,303.5260055692203,psi,,simulated
thrust,thrust,53379.964539,1780902731.4874566,2.5004127622142747,2.4995872377857253,18.558527492185245,lbs,,simulated
CC-PT,pressure,53379.9746384,1780902731.497556,1.2236733703223908,,180.91834258059768,psi,,simulated
FI-PT,pressure,53379.9746624,1780902731.4975798,1.7244680791459177,,306.11701978647943,psi,,simulated
thrust,thrust,53379.974671,1780902731.4975884,2.5004509091914784,2.4995490908085216,20.27368382359298,lbs,,simulated
CC-PT,pressure,53379.9849454,1780902731.5078635,1.2328357974095103,,183.20894935237757,psi,,simulated
FI-PT,pressure,53379.9849916,1780902731.507909,1.7313965238805442,,307.84913097013606,psi,,simulated
thrust,thrust,53379.9850028,1780902731.50792,2.5004658103544486,2.4995341896455514,20.943666765549125,lbs,,simulated
FM-FM,flow,53379.9917401,1780902731.5146577,1.7894609915567627,,9.27619679584465,gallons_per_minute,,simulated
CC-PT,pressure,53379.9953305,1780902731.518248,1.2223620679810128,,180.59051699525318,psi,,simulated
FI-PT,pressure,53379.9953605,1780902731.518278,1.712587679933033,,303.1469199832583,psi,,simulated
thrust,thrust,53379.9953827,1780902731.5183,2.5005033612851335,2.4994966387148665,22.63202377927861,lbs,,simulated
CC-PT,pressure,53380.0058233,1780902731.5287418,1.2350787204597855,,183.76968011494637,psi,,simulated
FI-PT,pressure,53380.0058828,1780902731.5288002,1.7183943651192624,,304.5985912798156,psi,,simulated
thrust,thrust,53380.0059011,1780902731.5288186,2.5005254150063294,2.4994745849936706,23.62359853337371,lbs,,simulated
CC-PT,pressure,53380.0159474,1780902731.5388663,1.231808213211085,,182.95205330277125,psi,,simulated
FI-PT,pressure,53380.0160244,1780902731.5389419,1.728081313142933,,307.0203282857332,psi,,simulated
thrust,thrust,53380.0160509,1780902731.5389686,2.5005814433790974,2.4994185566209026,26.14273439512882,lbs,,simulated
CC-PT,pressure,53380.0261593,1780902731.5490835,1.2277509245575577,,181.93773113938943,psi,,simulated
FI-PT,pressure,53380.0262045,1780902731.5491219,1.7215206291104113,,305.3801572776028,psi,,simulated
thrust,thrust,53380.026224,1780902731.5491414,2.5005969405885864,2.4994030594114136,26.83951665476321,lbs,,simulated
FM-FM,flow,53380.0324118,1780902731.5553298,1.7923148622888163,,9.302951833957652,gallons_per_minute,,simulated
CC-PT,pressure,53380.0363899,1780902731.5593078,1.2327010908962597,,183.1752727240649,psi,,simulated
FI-PT,pressure,53380.0364199,1780902731.5593374,1.719778385135935,,304.94459628398374,psi,,simulated
thrust,thrust,53380.0364374,1780902731.5593548,2.50062018640282,2.49937981359718,27.8846900442148,lbs,,simulated
tank_temp,temperature,53380.0447865,1780902731.5677044,,,20.951614152726126,°C,,simulated
CC-PT,pressure,53380.0468819,1780902731.5697994,1.244377642199712,,186.09441054992797,psi,,simulated
FI-PT,pressure,53380.0469064,1780902731.5698237,1.706596220325973,,301.64905508149326,psi,,simulated
thrust,thrust,53380.0469164,1780902731.5698338,2.5006273389610456,2.4993726610389544,28.206281856353748,lbs,,simulated
CC-PT,pressure,53380.0570213,1780902731.57994,1.2388177202722692,,184.7044300680673,psi,,simulated
FI-PT,pressure,53380.0570958,1780902731.5800133,1.7177279851112348,,304.4319962778087,psi,,simulated
thrust,thrust,53380.0571183,1780902731.580036,2.5006654859382493,2.4993345140617507,29.92143818776148,lbs,,simulated
CC-PT,pressure,53380.0671652,1780902731.5900831,1.239405422139814,,184.8513555349535,psi,,simulated
FI-PT,pressure,53380.0672465,1780902731.5901642,1.7239131598369073,,305.9782899592268,psi,,simulated
thrust,thrust,53380.0673093,1780902731.5902271,2.5006809831477383,2.4993190168522617,30.618220447395874,lbs,,simulated
FM-FM,flow,53380.0730011,1780902731.595919,1.7958535904709805,,9.33612741066544,gallons_per_minute,,simulated
CC-PT,pressure,53380.0777098,1780902731.6006274,1.2334622423007777,,183.36556057519442,psi,,simulated
FI-PT,pressure,53380.0777414,1780902731.600659,1.7267861040575627,,306.69652601439066,psi,,simulated
thrust,thrust,53380.0777663,1780902731.6006835,2.500709593380641,2.499290406619359,31.904587695951676,lbs,,simulated
CC-PT,pressure,53380.0878446,1780902731.6107626,1.2266923459401544,,181.6730864850386,psi,,simulated
FI-PT,pressure,53380.0879104,1780902731.6108277,1.7217894460903937,,305.44736152259844,psi,,simulated
thrust,thrust,53380.0879199,1780902731.6108372,2.500722706404055,2.499277293595945,32.494172684873085,lbs,,simulated
CC-PT,pressure,53380.0981469,1780902731.6210644,1.2424494317113675,,185.61235792784186,psi,,simulated
FI-PT,pressure,53380.0981822,1780902731.6210995,1.7142321722784248,,303.5580430696062,psi,,simulated
thrust,thrust,53380.0981934,1780902731.6211107,2.5007519126834765,2.4992480873165235,33.80733925110713,lbs,,simulated
CC-PT,pressure,53380.1084893,1780902731.631407,1.2450553470915968,,186.2638367728992,psi,,simulated
FI-PT,pressure,53380.1085269,1780902731.6314442,1.7133571759888144,,303.3392939972036,psi,,simulated
thrust,thrust,53380.1085517,1780902731.631469,2.500763237567334,2.499236762432666,34.3165262869938,lbs,,simulated
FM-FM,flow,53380.1131333,1780902731.6360512,1.7990942953937406,,9.366509019316316,gallons_per_minute,,simulated
CC-PT,pressure,53380.118668,1780902731.6415858,1.24102786076401,,185.25696519100248,psi,,simulated
FI-PT,pressure,53380.1187387,1780902731.6416564,1.7063309796251034,,301.5827449062758,psi,,simulated
thrust,thrust,53380.1188001,1780902731.641718,2.500794231986312,2.499205768013688,35.710090806262585,lbs,,simulated
CC-PT,pressure,53380.1292177,1780902731.6521354,1.2418641140298978,,185.46602850747445,psi,,simulated
FI-PT,pressure,53380.1292562,1780902731.6521735,1.7105533731643408,,302.63834329108516,psi,,simulated
thrust,thrust,53380.1292804,1780902731.6521978,2.5008288026844028,2.4991711973155972,37.264451231600844,lbs,,simulated
CC-PT,pressure,53380.1393032,1780902731.662222,1.2426181128761902,,185.65452821904753,psi,,simulated
FI-PT,pressure,53380.1393866,1780902731.662304,1.723510232390193,,305.8775580975482,psi,,simulated
thrust,thrust,53380.1394049,1780902731.6623225,2.50081509361447,2.49918490638553,36.64806692500119,lbs,,simulated
tank_temp,temperature,53380.1449628,1780902731.6678808,,,20.972074804135406,°C,,simulated
CC-PT,pressure,53380.1498875,1780902731.672805,1.2407489109932077,,185.18722774830192,psi,,simulated
FI-PT,pressure,53380.1499155,1780902731.672833,1.7158486504374326,,303.96216260935813,psi,,simulated
thrust,thrust,53380.1499397,1780902731.672857,2.5008335710565532,2.4991664289434468,37.47884577302681,lbs,,simulated
FM-FM,flow,53380.153604,1780902731.6765218,1.7894949662083348,,9.276515308203138,gallons_per_minute,,simulated
CC-PT,pressure,53380.1600201,1780902731.6829379,1.2386699007356048,,184.6674751839012,psi,,simulated
FI-PT,pressure,53380.1600544,1780902731.682972,1.7082705149973052,,302.0676287493263,psi,,simulated
thrust,thrust,53380.1600642,1780902731.6829817,2.500868737801163,2.499131262198837,39.06000551604331,lbs,,simulated
CC-PT,pressure,53380.1705333,1780902731.693452,1.2472416457225854,,186.81041143064635,psi,,simulated
FI-PT,pressure,53380.1705837,1780902731.6935012,1.723976340767901,,305.9940851919752,psi,,simulated
thrust,thrust,53380.1706084,1780902731.693526,2.500887811289765,2.499112188710235,39.91758368174718,lbs,,simulated
CC-PT,pressure,53380.1809288,1780902731.7038467,1.2432689956747287,,185.81724891868217,psi,,simulated
FI-PT,pressure,53380.1809653,1780902731.7038827,1.705785597060394,,301.4463992650985,psi,,simulated
thrust,thrust,53380.1809869,1780902731.7039046,2.5008913875688776,2.4991086124311224,40.078379587816656,lbs,,simulated
CC-PT,pressure,53380.1913104,1780902731.7142282,1.2306387699411834,,182.65969248529584,psi,,simulated
FI-PT,pressure,53380.1913708,1780902731.7142885,1.7231454519206824,,305.78636298017057,psi,,simulated
thrust,thrust,53380.1914204,1780902731.714338,2.50091522942963,2.49908477057037,41.15035229494649,lbs,,simulated
FM-FM,flow,53380.1940657,1780902731.7169838,1.7778184149048823,,9.167047639733271,gallons_per_minute,,simulated
CC-PT,pressure,53380.201685,1780902731.7246032,1.243938951961869,,185.98473799046727,psi,,simulated
FI-PT,pressure,53380.2017318,1780902731.7246492,1.7134030715707627,,303.35076789269067,psi,,simulated
thrust,thrust,53380.2017444,1780902731.7246618,2.5009265543134873,2.4990734456865127,41.65953933083316,lbs,,simulated
CC-PT,pressure,53380.2121155,1780902731.7350338,1.2422318747320025,,185.5579686830006,psi,,simulated
FI-PT,pressure,53380.2121675,1780902731.7350848,1.7171355148715395,,304.2838787178849,psi,,simulated
thrust,thrust,53380.2121919,1780902731.7351093,2.500939667336901,2.499060332663099,42.24912431975457,lbs,,simulated
CC-PT,pressure,53380.2224409,1780902731.7453592,1.2360288186107657,,184.00720465269143,psi,,simulated
FI-PT,pressure,53380.2224924,1780902731.7454097,1.7189355753583402,,304.73389383958505,psi,,simulated
thrust,thrust,53380.2225021,1780902731.7454195,2.5009593368720218,2.4990406631279782,43.13350180313668,lbs,,simulated
CC-PT,pressure,53380.2330409,1780902731.7559597,1.2558360404772806,,188.95901011932014,psi,,simulated
FI-PT,pressure,53380.233099,1780902731.7560165,1.7161842246275216,,304.0460561568804,psi,,simulated
thrust,thrust,53380.2331106,1780902731.756028,2.500949204081202,2.499050795918798,42.6779134026065,lbs,,simulated
FM-FM,flow,53380.2347358,1780902731.757654,1.7703857148153443,,9.097366076393852,gallons_per_minute,,simulated
CC-PT,pressure,53380.2434271,1780902731.766346,1.2607206416989138,,190.18016042472846,psi,,simulated
FI-PT,pressure,53380.2435498,1780902731.7664676,1.7219950821393826,,305.4987705348456,psi,,simulated
thrust,thrust,53380.2436111,1780902731.7665293,2.5009718538489167,2.4990281461510833,43.696287474379844,lbs,,simulated
tank_temp,temperature,53380.2456201,1780902731.7685378,,,20.955428850446488,°C,,simulated
CC-PT,pressure,53380.2536626,1780902731.77658,1.2401308107532036,,185.0327026883009,psi,,simulated
FI-PT,pressure,53380.2536912,1780902731.7766085,1.7142232315806427,,303.5558078951607,psi,,simulated
thrust,thrust,53380.2537004,1780902731.7766178,2.500974834081511,2.499025165918489,43.83028406277107,lbs,,simulated
CC-PT,pressure,53380.263828,1780902731.7867463,1.2522746625274017,,188.06866563185042,psi,,simulated
FI-PT,pressure,53380.2639107,1780902731.7868283,1.7119254722506372,,302.98136806265927,psi,,simulated
thrust,thrust,53380.2639316,1780902731.786849,2.5009724498954355,2.4990275501045645,43.72308679205809,lbs,,simulated
CC-PT,pressure,53380.2741081,1780902731.7970257,1.2472809847928268,,186.8202461982067,psi,,simulated
FI-PT,pressure,53380.2741382,1780902731.7970555,1.7096742045490987,,302.4185511372747,psi,,simulated
thrust,thrust,53380.274146,1780902731.7970634,2.5009909273375186,2.4990090726624814,44.553865640083714,lbs,,simulated
FM-FM,flow,53380.2752503,1780902731.7981677,1.8032552961415405,,9.40551840132694,gallons_per_minute,,simulated
CC-PT,pressure,53380.2844186,1780902731.8073368,1.2507070601829362,,187.67676504573404,psi,,simulated
FI-PT,pressure,53380.2844914,1780902731.8074088,1.7047311907686222,,301.18279769215553,psi,,simulated
thrust,thrust,53380.2845118,1780902731.8074293,2.500977218267586,2.499022781732414,43.93748133348406,lbs,,simulated
CC-PT,pressure,53380.2947717,1780902731.8176897,1.2469215687419855,,186.73039218549636,psi,,simulated
FI-PT,pressure,53380.2948032,1780902731.8177207,1.7089875589594317,,302.2468897398579,psi,,simulated
thrust,thrust,53380.294812,1780902731.8177292,2.5009796024536612,2.4990203975463388,44.04467860419704,lbs,,simulated
CC-PT,pressure,53380.3051361,1780902731.8280542,1.2517477574047753,,187.93693935119381,psi,,simulated
FI-PT,pressure,53380.3051892,1780902731.8281066,1.718802656984646,,304.70066424616147,psi,,simulated
thrust,thrust,53380.3052076,1780902731.828125,2.501008212686564,2.498991787313436,45.331045852752844,lbs,,simulated
CC-PT,pressure,53380.3153995,1780902731.8383174,1.2600882363424584,,190.0220590856146,psi,,simulated
FI-PT,pressure,53380.3154385,1780902731.838356,1.7176177165052553,,304.4044291263138,psi,,simulated
thrust,thrust,53380.3154481,1780902731.8383656,2.5009879471049246,2.4990120528950754,44.41986905169248,lbs,,simulated
FM-FM,flow,53380.3154562,1780902731.8383737,1.7835654954392308,,9.220926519742788,gallons_per_minute,,simulated
CC-PT,pressure,53380.325661,1780902731.848579,1.2544567888327585,,188.6141972081896,psi,,simulated
FI-PT,pressure,53380.3257276,1780902731.8486452,1.720769610496713,,305.1924026241782,psi,,simulated
thrust,thrust,53380.3257473,1780902731.8486648,2.501017153384346,2.498982846615654,45.73303561792653,lbs,,simulated
CC-PT,pressure,53380.3357762,1780902731.8586943,1.251658350426954,,187.9145876067385,psi,,simulated
FI-PT,pressure,53380.3358281,1780902731.8587456,1.7285450373345659,,307.1362593336415,psi,,simulated
thrust,thrust,53380.335838,1780902731.8587556,2.5010100008261205,2.4989899991738795,45.41144380578758,lbs,,simulated
tank_temp,temperature,53380.345786,1780902731.868704,,,21.070910154163236,°C,,simulated
CC-PT,pressure,53380.3458236,1780902731.868741,1.25236049322611,,188.09012330652752,psi,,simulated
FI-PT,pressure,53380.345838,1780902731.868755,1.7162181992790937,,304.0545498197734,psi,,simulated
thrust,thrust,53380.3463785,1780902731.8692958,2.500993311523594,2.499006688476406,44.661062910796694,lbs,,simulated
FM-FM,flow,53380.3555575,1780902731.8784754,1.7756422490647137,,9.14664608498169,gallons_per_minute,,simulated
CC-PT,pressure,53380.356201,1780902731.8791187,1.2500102818024494,,187.50257045061235,psi,,simulated
FI-PT,pressure,53380.3562235,1780902731.8791409,1.7146953004235388,,303.6738251058847,psi,,simulated
thrust,thrust,53380.3568992,1780902731.8798168,2.500986755011887,2.499013244988113,44.36627041633599,lbs,,simulated
CC-PT,pressure,53380.3666791,1780902731.889597,1.2544794386004732,,188.6198596501183,psi,,simulated
FI-PT,pressure,53380.3667326,1780902731.8896499,1.7035462502892316,,300.88656257230787,psi,,simulated
thrust,thrust,53380.3673411,1780902731.8902588,2.5009700657093603,2.4990299342906397,43.61588952134511,lbs,,simulated
CC-PT,pressure,53380.3768587,1780902731.8997767,1.24929979435203,,187.32494858800752,psi,,simulated
FI-PT,pressure,53380.3769237,1780902731.8998413,1.7097338092009795,,302.4334523002449,psi,,simulated
thrust,thrust,53380.3781266,1780902731.9010441,2.500986755011887,2.499013244988113,44.36627041633599,lbs,,simulated
CC-PT,pressure,53380.3874801,1780902731.910398,1.2648709136093752,,191.2177284023438,psi,,simulated
FI-PT,pressure,53380.3875408,1780902731.9104583,1.7241086630950764,,306.02716577376907,psi,,simulated
thrust,thrust,53380.3886084,1780902731.911526,2.50096529733721,2.49903470266279,43.40149497991914,lbs,,simulated
FM-FM,flow,53380.3958462,1780902731.9187639,1.847271543415969,,9.818170719524709,gallons_per_minute,,simulated
CC-PT,pressure,53380.3978348,1780902731.9207523,1.246450691992127,,186.61267299803174,psi,,simulated
FI-PT,pressure,53380.3978633,1780902731.920781,1.7138626234367638,,303.4656558591909,psi,,simulated
thrust,thrust,53380.3988018,1780902731.9217196,2.5009915233840374,2.4990084766159626,44.58066495776196,lbs,,simulated
CC-PT,pressure,53380.4082469,1780902731.9311647,1.260468514021458,,190.1171285053645,psi,,simulated
FI-PT,pressure,53380.408297,1780902731.9312146,1.7096032750133605,,302.4008187533401,psi,,simulated
thrust,thrust,53380.4093933,1780902731.932311,2.5009503961742396,2.4990496038257604,42.73151203796299,lbs,,simulated
CC-PT,pressure,53380.4185786,1780902731.9414961,1.2554313248910098,,188.85783122275245,psi,,simulated
FI-PT,pressure,53380.4186096,1780902731.9415271,1.712038125042692,,303.009531260673,psi,,simulated
thrust,thrust,53380.4198407,1780902731.9427583,2.5009593368720218,2.4990406631279782,43.13350180313668,lbs,,simulated
CC-PT,pressure,53380.4286656,1780902731.9515831,1.2572063514240206,,189.30158785600514,psi,,simulated
FI-PT,pressure,53380.428691,1780902731.9516084,1.6985615132524388,,299.6403783131097,psi,,simulated
thrust,thrust,53380.4302288,1780902731.9531462,2.500921189894818,2.499078810105182,41.41834547172895,lbs,,simulated
FM-FM,flow,53380.4359588,1780902731.9588766,1.7897470938857907,,9.278879005179286,gallons_per_minute,,simulated
CC-PT,pressure,53380.4391345,1780902731.962052,1.2587560723729219,,189.68901809323046,psi,,simulated
FI-PT,pressure,53380.4391588,1780902731.9620762,1.7046751623958543,,301.16879059896354,psi,,simulated
thrust,thrust,53380.4407347,1780902731.9636521,2.500934302918232,2.499065697081768,42.00793046065036,lbs,,simulated
tank_temp,temperature,53380.4463554,1780902731.969274,,,21.018024572130802,°C,,simulated
CC-PT,pressure,53380.4492921,1780902731.9722102,1.2593068193563006,,189.82670483907515,psi,,simulated
FI-PT,pressure,53380.4493267,1780902731.9722443,1.7015757204980517,,300.3939301245129,psi,,simulated
thrust,thrust,53380.450955,1780902731.9738724,2.50094026338342,2.49905973661658,42.27592363743282,lbs,,simulated
CC-PT,pressure,53380.4596169,1780902731.9825344,1.2707121694936954,,192.67804237342384,psi,,simulated
FI-PT,pressure,53380.4596488,1780902731.982566,1.6963519688072168,,299.0879922018042,psi,,simulated
thrust,thrust,53380.4612535,1780902731.984171,2.500909268964442,2.499090731035558,40.88235911816403,lbs,,simulated
CC-PT,pressure,53380.4701296,1780902731.9930475,1.2716062392719076,,192.9015598179769,psi,,simulated
FI-PT,pressure,53380.4701919,1780902731.9931095,1.7135347978514193,,303.3836994628548,psi,,simulated
thrust,thrust,53380.4718019,1780902731.9947197,2.5008913875688776,2.4991086124311224,40.078379587816656,lbs,,simulated
FM-FM,flow,53380.4763979,1780902731.999316,1.7868830903629171,,9.252028972152347,gallons_per_minute,,simulated
CC-PT,pressure,53380.4807069,1780902732.0036247,1.2585498402774142,,189.63746006935355,psi,,simulated
FI-PT,pressure,53380.4807355,1780902732.0036528,1.7144574778625343,,303.61436946563356,psi,,simulated
thrust,thrust,53380.4822786,1780902732.005196,2.5008800626850203,2.4991199373149797,39.56919255192999,lbs,,simulated
CC-PT,pressure,53380.4908983,1780902732.0138159,1.259759218664076,,189.939804666019,psi,,simulated
FI-PT,pressure,53380.4909231,1780902732.0138404,1.7073537954513782,,301.83844886284453,psi,,simulated
thrust,thrust,53380.4925452,1780902732.0154629,2.5008735061733134,2.4991264938266866,39.27440005746928,lbs,,simulated
CC-PT,pressure,53380.5013936,1780902732.0243113,1.2772871586426684,,194.3217896606671,psi,,simulated
FI-PT,pressure,53380.501436,1780902732.0243533,1.710232700137222,,302.55817503430546,psi,,simulated
thrust,thrust,53380.5029853,1780902732.0259027,2.500862181289456,2.499137818710544,38.76521302158261,lbs,,simulated
CC-PT,pressure,53380.5117613,1780902732.0346787,1.2784935567967362,,194.62338919918403,psi,,simulated
FI-PT,pressure,53380.5117896,1780902732.0347068,1.7018564584084104,,300.4641146021026,psi,,simulated
thrust,thrust,53380.5133976,1780902732.0363152,2.5008329750100344,2.4991670249899656,37.452046455348565,lbs,,simulated
FM-FM,flow,53380.5165072,1780902732.0394254,1.7696871482953012,,9.090817015268447,gallons_per_minute,,simulated
CC-PT,pressure,53380.5221445,1780902732.045062,1.274069103487623,,193.51727587190575,psi,,simulated
FI-PT,pressure,53380.5222024,1780902732.0451198,1.7103608501387657,,302.59021253469143,psi,,simulated
thrust,thrust,53380.5237439,1780902732.0466614,2.5007960201258683,2.4992039798741317,35.79048875929732,lbs,,simulated
CC-PT,pressure,53380.5326477,1780902732.0555663,1.2582226107385885,,189.55565268464713,psi,,simulated
FI-PT,pressure,53380.5327233,1780902732.0556405,1.7119624271348033,,302.9906067837008,psi,,simulated
thrust,thrust,53380.5343151,1780902732.0572326,2.500800788498019,2.499199211501981,36.004883300723286,lbs,,simulated
CC-PT,pressure,53380.5428281,1780902732.0657456,1.2782366607471298,,194.55916518678245,psi,,simulated
FI-PT,pressure,53380.5428576,1780902732.065775,1.716341580908487,,304.08539522712175,psi,,simulated
thrust,thrust,53380.5448135,1780902732.0677311,2.500787079428086,2.499212920571914,35.38849899412364,lbs,,simulated
tank_temp,temperature,53380.5468948,1780902732.0698123,,,21.22453843508365,°C,,simulated
CC-PT,pressure,53380.5534814,1780902732.0763996,1.2664164622326448,,191.6041155581612,psi,,simulated
FI-PT,pressure,53380.5535315,1780902732.076449,1.716233100442064,,304.058275110516,psi,,simulated
thrust,thrust,53380.5556187,1780902732.0785363,2.500778734776823,2.499221265223177,35.013308546628195,lbs,,simulated
FM-FM,flow,53380.5566788,1780902732.0795963,1.742471664246519,,8.835671852311114,gallons_per_minute,,simulated
CC-PT,pressure,53380.5637918,1780902732.0867095,1.276589188169144,,194.147297042286,psi,,simulated
FI-PT,pressure,53380.5638274,1780902732.0867448,1.7095389019893292,,302.3847254973323,psi,,simulated
thrust,thrust,53380.5658767,1780902732.088794,2.5007358194274687,2.4992641805725313,33.083757673794494,lbs,,simulated
CC-PT,pressure,53380.5739499,1780902732.0968678,1.268128307834662,,192.03207695866547,psi,,simulated
FI-PT,pressure,53380.5740175,1780902732.0969348,1.705599034500007,,301.3997586250017,psi,,simulated
thrust,thrust,53380.5766219,1780902732.0995395,2.500712573613235,2.499287426386765,32.0385842843429,lbs,,simulated
CC-PT,pressure,53380.5843214,1780902732.107239,1.2767250867754323,,194.18127169385806,psi,,simulated
FI-PT,pressure,53380.5843551,1780902732.1072724,1.7011477590975475,,300.28693977438684,psi,,simulated
thrust,thrust,53380.5869257,1780902732.1098435,2.500682175240776,2.499317824759224,30.671819082752364,lbs,,simulated
CC-PT,pressure,53380.5946938,1780902732.1176112,1.2730731097546946,,193.26827743867364,psi,,simulated
FI-PT,pressure,53380.5947184,1780902732.1176357,1.7022134902731765,,300.5533725682941,psi,,simulated
FM-FM,flow,53380.5967499,1780902732.1196678,1.7860146505850136,,9.243887349234502,gallons_per_minute,,simulated
thrust,thrust,53380.5975274,1780902732.120445,2.5006708503569186,2.4993291496430814,30.162632046865696,lbs,,simulated
CC-PT,pressure,53380.604746,1780902732.1276636,1.2791354988974926,,194.78387472437313,psi,,simulated
FI-PT,pressure,53380.6047728,1780902732.1276903,1.7092986952422495,,302.3246738105624,psi,,simulated
thrust,thrust,53380.6080291,1780902732.1309474,2.5006559491939484,2.4993440508060516,29.49264910490955,lbs,,simulated
CC-PT,pressure,53380.6148711,1780902732.137789,1.2724365320726074,,193.10913301815185,psi,,simulated
FI-PT,pressure,53380.6149218,1780902732.1378393,1.7087378154680508,,302.1844538670127,psi,,simulated
thrust,thrust,53380.6181091,1780902732.1410267,2.5006029010537745,2.4993970989462255,27.10750983154567,lbs,,simulated
CC-PT,pressure,53380.6251071,1780902732.1480246,1.2800802326298037,,195.02005815745093,psi,,simulated
FI-PT,pressure,53380.6251337,1780902732.148051,1.7052014714719619,,301.3003678679905,psi,,simulated
thrust,thrust,53380.6284749,1780902732.1513925,2.5005879998908043,2.4994120001091957,26.437526889589524,lbs,,simulated
CC-PT,pressure,53380.635222,1780902732.15814,1.274181160233159,,193.54529005828974,psi,,simulated
FI-PT,pressure,53380.6352898,1780902732.1582072,1.7148204701924885,,303.70511754812213,psi,,simulated
FM-FM,flow,53380.637341,1780902732.1602585,1.7574646183806202,,8.976230797318312,gallons_per_minute,,simulated
thrust,thrust,53380.6389298,1780902732.1618474,2.5005498529136005,2.4994501470863995,24.72237055818179,lbs,,simulated
CC-PT,pressure,53380.6455092,1780902732.168427,1.2823803761458845,,195.59509403647112,psi,,simulated
FI-PT,pressure,53380.6455482,1780902732.1684656,1.7084725747671812,,302.1181436917953,psi,,simulated
tank_temp,temperature,53380.6470959,1780902732.1700132,,,20.951440757375178,°C,,simulated
thrust,thrust,53380.6491501,1780902732.1720676,2.500526011052848,2.499473988947152,23.650397851051956,lbs,,simulated
CC-PT,pressure,53380.655967,1780902732.178885,1.2805195189141654,,195.12987972854134,psi,,simulated
FI-PT,pressure,53380.6560342,1780902732.1789517,1.7044164782066915,,301.10411955167285,psi,,simulated
thrust,thrust,53380.6595353,1780902732.1824532,2.5005033612851335,2.4994966387148665,22.63202377927861,lbs,,simulated
CC-PT,pressure,53380.6662903,1780902732.1892078,1.2972898837673523,,199.32247094183808,psi,,simulated
FI-PT,pressure,53380.6663292,1780902732.1892467,1.702914440979295,,300.7286102448237,psi,,simulated
thrust,thrust,53380.6699018,1780902732.1928194,2.5004819036104564,2.4995180963895436,21.667248342861765,lbs,,simulated
CC-PT,pressure,53380.6766219,1780902732.1995394,1.2887306557572669,,197.1826639393167,psi,,simulated
FI-PT,pressure,53380.6766439,1780902732.199561,1.7042674665769895,,301.06686664424734,psi,,simulated
FM-FM,flow,53380.6777069,1780902732.2006245,1.7580165574570366,,8.981405226159715,gallons_per_minute,,simulated
thrust,thrust,53380.6802921,1780902732.2032096,2.500439584307621,2.499560415692379,19.764496787706307,lbs,,simulated
CC-PT,pressure,53380.6870231,1780902732.2099407,1.2730260220797087,,193.25650551992717,psi,,simulated
FI-PT,pressure,53380.6870581,1780902732.2099755,1.6978474495229066,,299.46186238072664,psi,,simulated
thrust,thrust,53380.6905297,1780902732.2134473,2.5004163384933875,2.4995836615066125,18.71932339825472,lbs,,simulated
CC-PT,pressure,53380.6973622,1780902732.2202802,1.288027916911592,,197.006979227898,psi,,simulated
FI-PT,pressure,53380.6974213,1780902732.2203386,1.697404586959432,,299.351146739858,psi,,simulated
thrust,thrust,53380.7011723,1780902732.22409,2.500402629423455,2.499597370576545,18.102939091655067,lbs,,simulated
CC-PT,pressure,53380.7075039,1780902732.2304215,1.2962760086388596,,199.0690021597149,psi,,simulated
FI-PT,pressure,53380.7075312,1780902732.2304487,1.7051150447267347,,301.27876118168365,psi,,simulated
thrust,thrust,53380.7116656,1780902732.2345831,2.5003632903532136,2.4996367096467864,16.33418412489084,lbs,,simulated
CC-PT,pressure,53380.7176633,1780902732.240581,1.2859012229324844,,196.4753057331211,psi,,simulated
FI-PT,pressure,53380.7177105,1780902732.240628,1.6992654441911512,,299.8163610477878,psi,,simulated
FM-FM,flow,53380.7177251,1780902732.2406425,1.7763294907008995,,9.153088975320932,gallons_per_minute,,simulated
thrust,thrust,53380.7221852,1780902732.2451031,2.500334084073792,2.499665915926208,15.021017558656794,lbs,,simulated
CC-PT,pressure,53380.7280982,1780902732.2510161,1.286197458052332,,196.54936451308302,psi,,simulated
FI-PT,pressure,53380.7281704,1780902732.251088,1.7008860946757907,,300.22152366894767,psi,,simulated
thrust,thrust,53380.7326757,1780902732.2555935,2.500299513375701,2.499700486624299,13.466657133318536,lbs,,simulated
CC-PT,pressure,53380.7386809,1780902732.261599,1.289196168088456,,197.299042022114,psi,,simulated
FI-PT,pressure,53380.7387186,1780902732.261636,1.7095710885013449,,302.3927721253362,psi,,simulated
thrust,thrust,53380.7433183,1780902732.266236,2.5002613663984974,2.4997386336015026,11.751500801910801,lbs,,simulated
tank_temp,temperature,53380.747499,1780902732.270417,,,21.049755921350215,°C,,simulated
CC-PT,pressure,53380.7490748,1780902732.2719927,1.3013000847458942,,200.32502118647355,psi,,simulated
FI-PT,pressure,53380.7491039,1780902732.2720213,1.700828874209985,,300.2072185524963,psi,,simulated
thrust,thrust,53380.753601,1780902732.2765186,2.5002363324447074,2.4997636675552926,10.625929459424476,lbs,,simulated
FM-FM,flow,53380.7581143,1780902732.2810318,1.773596617412164,,9.127468288239037,gallons_per_minute,,simulated
CC-PT,pressure,53380.7596745,1780902732.282592,1.2992723344889088,,199.8180836222272,psi,,simulated
FI-PT,pressure,53380.7596959,1780902732.2826133,1.709602082920323,,302.4005207300807,psi,,simulated
thrust,thrust,53380.7638275,1780902732.2867453,2.5002059340722482,2.4997940659277518,9.259164257833937,lbs,,simulated
CC-PT,pressure,53380.7698099,1780902732.2927272,1.3021226289418495,,200.53065723546237,psi,,simulated
FI-PT,pressure,53380.7698285,1780902732.2927458,1.7014159800310111,,300.35399500775276,psi,,simulated
thrust,thrust,53380.7739521,1780902732.2968695,2.500169575234601,2.499830424765399,7.624405879460942,lbs,,simulated
CC-PT,pressure,53380.7801356,1780902732.3030539,1.2884612427307656,,197.1153106826914,psi,,simulated
FI-PT,pressure,53380.7801856,1780902732.303103,1.7103078019985918,,302.5769504996479,psi,,simulated
thrust,thrust,53380.7843042,1780902732.3072224,2.500148117559924,2.499851882440076,6.659630443044092,lbs,,simulated
CC-PT,pressure,53380.7905288,1780902732.3134463,1.294223820474603,,198.55595511865076,psi,,simulated
FI-PT,pressure,53380.7905762,1780902732.3134937,1.703731620756581,,300.93290518914523,psi,,simulated
thrust,thrust,53380.7947587,1780902732.3176763,2.5001052022105696,2.4998947977894304,4.730079570210391,lbs,,simulated
FM-FM,flow,53380.7986045,1780902732.3215222,1.7544188206695104,,8.947676443776658,gallons_per_minute,,simulated
CC-PT,pressure,53380.8013398,1780902732.3242576,1.2913627971843238,,197.84069929608094,psi,,simulated
FI-PT,pressure,53380.8013661,1780902732.3242834,1.690124474778709,,297.5311186946772,psi,,simulated
thrust,thrust,53380.8051131,1780902732.328031,2.500081956396336,2.499918043603664,3.6849061807588033,lbs,,simulated
CC-PT,pressure,53380.8115002,1780902732.3344178,1.2973196860932927,,199.32992152332318,psi,,simulated
FI-PT,pressure,53380.8115316,1780902732.3344488,1.7078491101085078,,301.96227752712696,psi,,simulated
thrust,thrust,53380.8151625,1780902732.33808,2.500041425233057,2.499958574766943,1.862552578638086,lbs,,simulated
CC-PT,pressure,53380.8217289,1780902732.3446465,1.3021190526627366,,200.52976316568416,psi,,simulated
FI-PT,pressure,53380.8217493,1780902732.3446667,1.6989191411637237,,299.7297852909309,psi,,simulated
thrust,thrust,53380.8256854,1780902732.3486028,2.5000151991862296,2.4999848008137704,0.6833826007952689,lbs,,simulated
CC-PT,pressure,53380.8322703,1780902732.3551877,1.2934817425586869,,198.3704356396717,psi,,simulated
FI-PT,pressure,53380.8322952,1780902732.3552125,1.6881110296381747,,297.02775740954365,psi,,simulated
thrust,thrust,53380.8358136,1780902732.3587313,2.4999693036042814,2.5000306963957186,1.3801648604296608,lbs,,simulated
FM-FM,flow,53380.8386609,1780902732.3615785,1.7470975812789893,,8.879039824490523,gallons_per_minute,,simulated
CC-PT,pressure,53380.842653,1780902732.3655705,1.3049317961849924,,201.2329490462481,psi,,simulated
FI-PT,pressure,53380.8426685,1780902732.3655858,1.7003174662968477,,300.0793665742119,psi,,simulated
thrust,thrust,53380.8459123,1780902732.3688297,2.499938905231822,2.500061094768178,2.7469300620201986,lbs,,simulated
tank_temp,temperature,53380.847968,1780902732.3708854,,,21.08426159618453,°C,,simulated
CC-PT,pressure,53380.8529435,1780902732.375861,1.3149286883984432,,203.7321720996108,psi,,simulated
FI-PT,pressure,53380.8529676,1780902732.3758848,1.7003097176921032,,300.07742942302576,psi,,simulated
thrust,thrust,53380.8561211,1780902732.3790388,2.4999007582546184,2.5000992417453816,4.462086393427932,lbs,,simulated
CC-PT,pressure,53380.8632211,1780902732.3861392,1.2969721909728276,,199.2430477432069,psi,,simulated
FI-PT,pressure,53380.8632855,1780902732.3862028,1.691373192235612,,297.84329805890303,psi,,simulated
thrust,thrust,53380.8662091,1780902732.3891265,2.499893009649874,2.500106990350126,4.810477523245129,lbs,,simulated
CC-PT,pressure,53380.8734498,1780902732.3963675,1.3021816375472115,,200.54540938680287,psi,,simulated
FI-PT,pressure,53380.873511,1780902732.3964286,1.6952176922819249,,298.8044230704812,psi,,simulated
thrust,thrust,53380.8768634,1780902732.3997808,2.499853074533114,2.500146925466886,6.6060318076876,lbs,,simulated
FM-FM,flow,53380.8789259,1780902732.4018435,1.7888083206186678,,9.27007800580001,gallons_per_minute,,simulated
CC-PT,pressure,53380.8837543,1780902732.4066718,1.30696848713976,,201.74212178494,psi,,simulated
FI-PT,pressure,53380.8838228,1780902732.4067402,1.7018862607343508,,300.4715651835877,psi,,simulated
thrust,thrust,53380.8869377,1780902732.4098551,2.499818503835023,2.500181496164977,8.160392233025858,lbs,,simulated
CC-PT,pressure,53380.8941115,1780902732.4170291,1.3080765376182244,,202.0191344045561,psi,,simulated
FI-PT,pressure,53380.8941477,1780902732.417065,1.706816757537932,,301.704189384483,psi,,simulated
thrust,thrust,53380.8971475,1780902732.4200652,2.4997916817416765,2.5002083182583235,9.366361528546921,lbs,,simulated
CC-PT,pressure,53380.9042279,1780902732.4271457,1.2979735491244253,,199.49338728110632,psi,,simulated
FI-PT,pressure,53380.9042905,1780902732.427208,1.7049326544919794,,301.2331636229948,psi,,simulated
thrust,thrust,53380.9073712,1780902732.4302893,2.4997451901132095,2.5002548098867905,11.456708307450098,lbs,,simulated
CC-PT,pressure,53380.9145901,1780902732.4375088,1.3150759118885889,,203.7689779721472,psi,,simulated
FI-PT,pressure,53380.9146962,1780902732.4376137,1.7051633244947582,,301.29083112368954,psi,,simulated
thrust,thrust,53380.9177454,1780902732.4406633,2.4997231363920136,2.5002768636079864,12.448283061545194,lbs,,simulated
FM-FM,flow,53380.9192739,1780902732.4421918,1.7535801832175473,,8.939814217664503,gallons_per_minute,,simulated
CC-PT,pressure,53380.9247518,1780902732.4476702,1.3109351767224284,,202.7337941806071,psi,,simulated
FI-PT,pressure,53380.924805,1780902732.4477224,1.7042972689029299,,301.07431722573244,psi,,simulated
thrust,thrust,53380.9282532,1780902732.4511714,2.4996855854613287,2.5003144145386713,14.13664007527468,lbs,,simulated
CC-PT,pressure,53380.9350819,1780902732.458,1.3101364743872255,,202.53411859680637,psi,,simulated
FI-PT,pressure,53380.9351209,1780902732.4580383,1.6824068644531804,,295.6017161132951,psi,,simulated
thrust,thrust,53380.9387679,1780902732.4616857,2.4996402859258993,2.5003597140741007,16.173388218821366,lbs,,simulated
CC-PT,pressure,53380.9454751,1780902732.4683936,1.3103808534599368,,202.5952133649842,psi,,simulated
FI-PT,pressure,53380.9455191,1780902732.4684365,1.6926934352747722,,298.17335881869303,psi,,simulated
tank_temp,temperature,53380.9480189,1780902732.4709365,,,20.99045471133353,°C,,simulated
thrust,thrust,53380.9490383,1780902732.471956,2.4996265768559667,2.5003734231440333,16.78977252542102,lbs,,simulated
CC-PT,pressure,53380.955636,1780902732.4785533,1.3261838348130983,,206.54595870327458,psi,,simulated
FI-PT,pressure,53380.95565,1780902732.4785674,1.697923743477314,,299.4809358693285,psi,,simulated
thrust,thrust,53380.9591666,1780902732.482084,2.499591410111357,2.500408589888643,18.370932268437524,lbs,,simulated
FM-FM,flow,53380.9597565,1780902732.4826744,1.7167367597504568,,8.594407122660531,gallons_per_minute,,simulated
CC-PT,pressure,53380.9656767,1780902732.4885943,1.3062931664339503,,201.57329160848758,psi,,simulated
FI-PT,pressure,53380.9656979,1780902732.4886155,1.6804178572199175,,295.1044643049794,psi,,simulated
thrust,thrust,53380.9692643,1780902732.4921823,2.4995860456926877,2.5004139543073123,18.612126127541735,lbs,,simulated
CC-PT,pressure,53380.9760714,1780902732.498989,1.3143648283916507,,203.59120709791267,psi,,simulated
FI-PT,pressure,53380.9761159,1780902732.4990337,1.7009087444435054,,300.22718611087635,psi,,simulated
thrust,thrust,53380.9798184,1780902732.5027359,2.4995335935990326,2.5004664064009674,20.97046608322737,lbs,,simulated
CC-PT,pressure,53380.9864838,1780902732.5094016,1.3134183065197833,,203.35457662994583,psi,,simulated
FI-PT,pressure,53380.986542,1780902732.5094595,1.7013754488677322,,300.343862216933,psi,,simulated
thrust,thrust,53380.9901585,1780902732.5130763,2.4995067715056862,2.5004932284943138,22.176435378748433,lbs,,simulated
CC-PT,pressure,53380.996797,1780902732.519715,1.3219411756922217,,205.48529392305542,psi,,simulated
FI-PT,pressure,53380.9968695,1780902732.519787,1.6911168922325246,,297.77922305813115,psi,,simulated
thrust,thrust,53381.0002236,1780902732.5231411,2.499495446621829,2.500504553378171,22.685622414635105,lbs,,simulated
FM-FM,flow,53381.0002586,1780902732.5231762,1.7518737020341995,,8.923815956570618,gallons_per_minute,,simulated
CC-PT,pressure,53381.007007,1780902732.529925,1.3202472114857688,,205.0618028714422,psi,,simulated
FI-PT,pressure,53381.0070693,1780902732.5299869,1.6932322613277748,,298.3080653319437,psi,,simulated
thrust,thrust,53381.0108394,1780902732.5337574,2.499457299644625,2.500542700355375,24.40077874604284,lbs,,simulated
CC-PT,pressure,53381.0172989,1780902732.5402162,1.3242872147902507,,206.07180369756267,psi,,simulated
FI-PT,pressure,53381.0173256,1780902732.540243,1.6896220075633537,,297.4055018908384,psi,,simulated
thrust,thrust,53381.0210806,1780902732.5439982,2.499416768481346,2.500583231518654,26.223132348163556,lbs,,simulated
CC-PT,pressure,53381.0275646,1780902732.5504827,1.320852794748878,,205.2131986872195,psi,,simulated
FI-PT,pressure,53381.0276446,1780902732.5505621,1.6948928469291744,,298.7232117322936,psi,,simulated
thrust,thrust,53381.0315428,1780902732.5544605,2.4994060396440076,2.5005939603559924,26.70552006637198,lbs,,simulated
CC-PT,pressure,53381.0377628,1780902732.5606806,1.337032477501926,,209.2581193754815,psi,,simulated
FI-PT,pressure,53381.0378178,1780902732.5607352,1.6945042245989115,,298.62605614972784,psi,,simulated
FM-FM,flow,53381.0406577,1780902732.5635765,1.7362781448695832,,8.77760760815234,gallons_per_minute,,simulated
thrust,thrust,53381.0418303,1780902732.5647478,2.499370276852879,2.500629723147121,28.31347912706673,lbs,,simulated
CC-PT,pressure,53381.0479426,1780902732.5708606,1.322828688958727,,205.70717223968177,psi,,simulated
FI-PT,pressure,53381.0479946,1780902732.570912,1.6944493883191811,,298.61234707979526,psi,,simulated
tank_temp,temperature,53381.0485938,1780902732.5715113,,,21.41007146057449,°C,,simulated
thrust,thrust,53381.0519439,1780902732.5748618,2.499370872899398,2.500629127100602,28.286679809388485,lbs,,simulated
CC-PT,pressure,53381.0584325,1780902732.5813498,1.323788919900527,,205.94722997513176,psi,,simulated
FI-PT,pressure,53381.0584556,1780902732.581373,1.6881026849869114,,297.0256712467278,psi,,simulated
thrust,thrust,53381.0620612,1780902732.5849793,2.4993190168522617,2.5006809831477383,30.618220447395874,lbs,,simulated
CC-PT,pressure,53381.068546,1780902732.5914636,1.3217152740615934,,205.42881851539835,psi,,simulated
FI-PT,pressure,53381.0685672,1780902732.5914843,1.6963066692717874,,299.07666731794683,psi,,simulated
thrust,thrust,53381.0725977,1780902732.5955153,2.4992975591775846,2.5007024408224154,31.582995883812725,lbs,,simulated
CC-PT,pressure,53381.0786048,1780902732.6015224,1.3279737625090793,,206.99344062726982,psi,,simulated
FI-PT,pressure,53381.07863,1780902732.6015475,1.6916867127045052,,297.9216781761263,psi,,simulated
FM-FM,flow,53381.0812498,1780902732.6041675,1.7308982289908206,,8.727170896788941,gallons_per_minute,,simulated
thrust,thrust,53381.0828565,1780902732.6057744,2.4992546438282304,2.5007453561717696,33.51254675664642,lbs,,simulated
CC-PT,pressure,53381.0888608,1780902732.6117787,1.3231964496608317,,205.79911241520793,psi,,simulated
FI-PT,pressure,53381.0889245,1780902732.6118422,1.6991796134924428,,299.7949033731107,psi,,simulated
thrust,thrust,53381.093248,1780902732.6161659,2.4992534517351928,2.5007465482648072,33.566145392002916,lbs,,simulated
CC-PT,pressure,53381.0990558,1780902732.6219735,1.3292248641520577,,207.3062160380144,psi,,simulated
FI-PT,pressure,53381.0990856,1780902732.6220028,1.695102655303795,,298.7756638259487,psi,,simulated
thrust,thrust,53381.1035467,1780902732.6264646,2.499258220107343,2.500741779892657,33.35175085057695,lbs,,simulated
CC-PT,pressure,53381.1094723,1780902732.6323898,1.3363130493537245,,209.07826233843113,psi,,simulated
FI-PT,pressure,53381.1095036,1780902732.632421,1.6840626816824296,,296.01567042060736,psi,,simulated
thrust,thrust,53381.1136737,1780902732.6365917,2.4992170928975455,2.5007829071024545,35.200903770375916,lbs,,simulated
CC-PT,pressure,53381.1195685,1780902732.6424863,1.3314904369700475,,207.87260924251188,psi,,simulated
FI-PT,pressure,53381.1196035,1780902732.6425211,1.6840608935428731,,296.0152233857183,psi,,simulated
FM-FM,flow,53381.1213266,1780902732.6442442,1.7419149567979522,,8.8304527199808,gallons_per_minute,,simulated
thrust,thrust,53381.1239497,1780902732.6468682,2.4991890787111615,2.5008109212888385,36.46047170125347,lbs,,simulated
CC-PT,pressure,53381.1299047,1780902732.6528227,1.3284464273984942,,207.11160684962354,psi,,simulated
FI-PT,pressure,53381.1299796,1780902732.6528971,1.6928799978351592,,298.2199994587898,psi,,simulated
thrust,thrust,53381.1340889,1780902732.6570063,2.4991831182459734,2.5008168817540266,36.72846487803593,lbs,,simulated
CC-PT,pressure,53381.1402076,1780902732.6631253,1.3363231821445443,,209.08079553613607,psi,,simulated
FI-PT,pressure,53381.1402456,1780902732.663163,1.6892965661640842,,297.32414154102105,psi,,simulated
thrust,thrust,53381.1442908,1780902732.667209,2.499159276385221,2.500840723614779,37.80043758516576,lbs,,simulated
tank_temp,temperature,53381.1489319,1780902732.67185,,,20.99895108352894,°C,,simulated
CC-PT,pressure,53381.150593,1780902732.6735106,1.3317920365085645,,207.94800912714112,psi,,simulated
FI-PT,pressure,53381.150626,1780902732.6735435,1.6947706573928187,,298.6926643482047,psi,,simulated
thrust,thrust,53381.1549384,1780902732.677856,2.499144375222251,2.500855624777749,38.4704205271219,lbs,,simulated
CC-PT,pressure,53381.1607859,1780902732.683704,1.3405497480094133,,210.13743700235332,psi,,simulated
FI-PT,pressure,53381.1608399,1780902732.6837575,1.696537935321085,,299.1344838302712,psi,,simulated
FM-FM,flow,53381.1621119,1780902732.6850293,1.7294402992058158,,8.713502805054521,gallons_per_minute,,simulated
thrust,thrust,53381.1651899,1780902732.6881075,2.499153911966552,2.500846088033448,38.041631444269974,lbs,,simulated
CC-PT,pressure,53381.1713062,1780902732.6942239,1.3346965711947167,,208.67414279867918,psi,,simulated
FI-PT,pressure,53381.1713473,1780902732.694265,1.6915603508425179,,297.8900877106295,psi,,simulated
thrust,thrust,53381.1754975,1780902732.698415,2.4991336463849123,2.5008663536150877,38.95280824533033,lbs,,simulated
CC-PT,pressure,53381.1814336,1780902732.7043512,1.3368029995921848,,209.2007498980462,psi,,simulated
FI-PT,pressure,53381.1814976,1780902732.704415,1.681081256995351,,295.27031424883774,psi,,simulated
thrust,thrust,53381.1856972,1780902732.7086148,2.4991151689428293,2.5008848310571707,39.783587093355955,lbs,,simulated
CC-PT,pressure,53381.1915694,1780902732.7144873,1.332287351165694,,208.07183779142352,psi,,simulated
FI-PT,pressure,53381.1916084,1780902732.714526,1.683775387260364,,295.943846815091,psi,,simulated
thrust,thrust,53381.1962146,1780902732.719132,2.4991014598728967,2.5008985401271033,40.399971399955604,lbs,,simulated
CC-PT,pressure,53381.201739,1780902732.724657,1.3403846431237034,,210.09616078092586,psi,,simulated
FI-PT,pressure,53381.2017783,1780902732.7246954,1.6941310994781376,,298.53277486953436,psi,,simulated
FM-FM,flow,53381.2023385,1780902732.7252562,1.7643018679978688,,9.040330012480018,gallons_per_minute,,simulated
thrust,thrust,53381.2064638,1780902732.7293813,2.499062716849174,2.500937283150826,42.141927049041584,lbs,,simulated
CC-PT,pressure,53381.2120856,1780902732.7350032,1.3406922031274084,,210.1730507818521,psi,,simulated
FI-PT,pressure,53381.2121108,1780902732.7350283,1.6841431479624687,,296.03578699061717,psi,,simulated
thrust,thrust,53381.2167988,1780902732.7397165,2.4990406631279782,2.5009593368720218,43.13350180313668,lbs,,simulated
CC-PT,pressure,53381.2222808,1780902732.7451982,1.3410838056902654,,210.27095142256636,psi,,simulated
FI-PT,pressure,53381.2223052,1780902732.7452226,1.6968502636969405,,299.2125659242351,psi,,simulated
thrust,thrust,53381.2271744,1780902732.7500923,2.499057352430505,2.500942647569495,42.3831209081458,lbs,,simulated
CC-PT,pressure,53381.2324099,1780902732.7553277,1.3381077454218562,,209.52693635546404,psi,,simulated
FI-PT,pressure,53381.2324693,1780902732.7553868,1.6894044505839885,,297.3511126459971,psi,,simulated
thrust,thrust,53381.2374937,1780902732.7604117,2.499044239407091,2.500955760592909,42.97270589706721,lbs,,simulated
CC-PT,pressure,53381.242539,1780902732.765457,1.3453634196953081,,211.34085492382704,psi,,simulated
FI-PT,pressure,53381.2426903,1780902732.7656085,1.692818605043722,,298.20465126093046,psi,,simulated
FM-FM,flow,53381.2427542,1780902732.7656717,1.7229243186622045,,8.652415487458166,gallons_per_minute,,simulated
thrust,thrust,53381.2476549,1780902732.770573,2.499032318476715,2.500967681523285,43.50869225063212,lbs,,simulated
tank_temp,temperature,53381.2493618,1780902732.7722797,,,21.23112745841885,°C,,simulated
CC-PT,pressure,53381.2530476,1780902732.7759652,1.3395227598575068,,209.8806899643767,psi,,simulated
FI-PT,pressure,53381.2530799,1780902732.7759974,1.6841437440089875,,296.03593600224684,psi,,simulated
thrust,thrust,53381.2579078,1780902732.7808259,2.499022781732414,2.500977218267586,43.93748133348406,lbs,,simulated
CC-PT,pressure,53381.263576,1780902732.786494,1.3366957112187994,,209.17392780469984,psi,,simulated
FI-PT,pressure,53381.2636253,1780902732.7865427,1.6885926352253717,,297.1481588063429,psi,,simulated
thrust,thrust,53381.2684914,1780902732.7914093,2.4990245698719704,2.5009754301280296,43.85708338044932,lbs,,simulated
CC-PT,pressure,53381.2737629,1780902732.7966807,1.3433213643218713,,210.83034108046783,psi,,simulated
FI-PT,pressure,53381.2738037,1780902732.7967212,1.6711791361783908,,292.7947840445977,psi,,simulated
thrust,thrust,53381.2789492,1780902732.8018668,2.4990174173137447,2.5009825826862553,44.17867519258827,lbs,,simulated
FM-FM,flow,53381.2832421,1780902732.8061597,1.7209633256153256,,8.634031177643676,gallons_per_minute,,simulated
CC-PT,pressure,53381.2843645,1780902732.8072824,1.3573409744907585,,214.33524362268963,psi,,simulated
FI-PT,pressure,53381.2844374,1780902732.807355,1.6874404773045155,,296.8601193261289,psi,,simulated
thrust,thrust,53381.2891773,1780902732.812095,2.499010264755519,2.500989735244481,44.50026700472722,lbs,,simulated
CC-PT,pressure,53381.2946163,1780902732.817534,1.3384337828676443,,209.60844571691106,psi,,simulated
FI-PT,pressure,53381.2946513,1780902732.8175688,1.6918911566604564,,297.9727891651141,psi,,simulated
thrust,thrust,53381.2997477,1780902732.8226655,2.4990090726624814,2.5009909273375186,44.553865640083714,lbs,,simulated
CC-PT,pressure,53381.3052057,1780902732.8281233,1.342620413615753,,210.65510340393823,psi,,simulated
FI-PT,pressure,53381.3052341,1780902732.8281515,1.6828085998068572,,295.70214995171426,psi,,simulated
thrust,thrust,53381.3099791,1780902732.832897,2.4989995359181805,2.5010004640818195,44.98265472293564,lbs,,simulated
CC-PT,pressure,53381.3153243,1780902732.8382423,1.3430853299004233,,210.77133247510582,psi,,simulated
FI-PT,pressure,53381.3153943,1780902732.8383117,1.6828908542264527,,295.72271355661314,psi,,simulated
thrust,thrust,53381.3202935,1780902732.843211,2.4989965556855864,2.5010034443144136,45.116651311326876,lbs,,simulated
FM-FM,flow,53381.3233637,1780902732.8462813,1.7373689099990022,,8.787833531240643,gallons_per_minute,,simulated
CC-PT,pressure,53381.3254819,1780902732.8483996,1.3495911776532146,,212.39779441330364,psi,,simulated
FI-PT,pressure,53381.3255052,1780902732.8484228,1.6873838528852287,,296.84596322130716,psi,,simulated
thrust,thrust,53381.3304609,1780902732.8533788,2.4990144370811507,2.5009855629188493,44.3126717809795,lbs,,simulated
CC-PT,pressure,53381.3355762,1780902732.8584943,1.347498458325679,,211.87461458141976,psi,,simulated
FI-PT,pressure,53381.3356315,1780902732.8585489,1.6878511533559744,,296.96278833899356,psi,,simulated
thrust,thrust,53381.3406508,1780902732.8635683,2.498998343825143,2.501001656174857,45.036253358292136,lbs,,simulated
CC-PT,pressure,53381.3458086,1780902732.8687263,1.3453866655095417,,211.34666637738542,psi,,simulated
FI-PT,pressure,53381.3458362,1780902732.8687537,1.6823693135224955,,295.5923283806239,psi,,simulated
tank_temp,temperature,53381.3497403,1780902732.8726583,,,21.22644578394386,°C,,simulated
thrust,thrust,53381.3508516,1780902732.873769,2.499022781732414,2.500977218267586,43.93748133348406,lbs,,simulated
CC-PT,pressure,53381.3562524,1780902732.8791704,1.3475735601870489,,211.89339004676222,psi,,simulated
FI-PT,pressure,53381.3563004,1780902732.8792179,1.6910239089755905,,297.75597724389763,psi,,simulated
thrust,thrust,53381.3614628,1780902732.8843803,2.4990120528950754,2.5009879471049246,44.41986905169248,lbs,,simulated
FM-FM,flow,53381.3640507,1780902732.8869686,1.697513663472374,,8.414190595053505,gallons_per_minute,,simulated
CC-PT,pressure,53381.3666446,1780902732.8895621,1.361684961519833,,215.42124037995825,psi,,simulated
FI-PT,pressure,53381.3666711,1780902732.8895886,1.6768499227583318,,294.21248068958295,psi,,simulated
thrust,thrust,53381.3717282,1780902732.894646,2.499009668709,2.500990331291,44.52706632240547,lbs,,simulated
CC-PT,pressure,53381.3769217,1780902732.8998394,1.342213313843407,,210.55332846085173,psi,,simulated
FI-PT,pressure,53381.3769769,1780902732.8998945,1.693166696210706,,298.29167405267646,psi,,simulated
thrust,thrust,53381.3821612,1780902732.9050798,2.499025761965008,2.500974238034992,43.80348474509283,lbs,,simulated
CC-PT,pressure,53381.3874463,1780902732.910365,1.3534595195602797,,213.36487989006991,psi,,simulated
FI-PT,pressure,53381.3875056,1780902732.910423,1.6778101537001318,,294.4525384250329,psi,,simulated
thrust,thrust,53381.3926792,1780902732.915598,2.4990156291741883,2.5009843708258117,44.259073145623006,lbs,,simulated
CC-PT,pressure,53381.3978395,1780902732.9207573,1.3475747522800865,,211.89368807002162,psi,,simulated
FI-PT,pressure,53381.3979027,1780902732.9208202,1.6810466862972602,,295.261671574315,psi,,simulated
thrust,thrust,53381.403022,1780902732.9259405,2.499025761965008,2.500974238034992,43.80348474509283,lbs,,simulated
FM-FM,flow,53381.4046301,1780902732.927548,1.728108731282798,,8.70101935577623,gallons_per_minute,,simulated
CC-PT,pressure,53381.4082191,1780902732.9311368,1.3537360851450067,,213.43402128625166,psi,,simulated
FI-PT,pressure,53381.4082543,1780902732.9311717,1.6937329404035737,,298.4332351008934,psi,,simulated
thrust,thrust,53381.4132643,1780902732.9361827,2.499031722430196,2.500968277569804,43.53549156831037,lbs,,simulated
CC-PT,pressure,53381.4187729,1780902732.9416914,1.364121003642202,,216.0302509105505,psi,,simulated
FI-PT,pressure,53381.4188182,1780902732.9417357,1.6795267676742993,,294.8816919185748,psi,,simulated
thrust,thrust,53381.4237781,1780902732.9466968,2.49904483545361,2.50095516454639,42.94590657938896,lbs,,simulated
CC-PT,pressure,53381.4292002,1780902732.9521186,1.353240770487877,,213.31019262196926,psi,,simulated
FI-PT,pressure,53381.4292443,1780902732.9521616,1.6753311962284085,,293.83279905710214,psi,,simulated
thrust,thrust,53381.4342322,1780902732.9571507,2.4990621208026553,2.5009378791973447,42.16872636671983,lbs,,simulated
CC-PT,pressure,53381.4398034,1780902732.9627223,1.3616623117521183,,215.41557793802957,psi,,simulated
FI-PT,pressure,53381.4399004,1780902732.962818,1.685456834489922,,296.3642086224805,psi,,simulated
thrust,thrust,53381.4447352,1780902732.9676533,2.499087750802964,2.500912249197036,41.01635570655526,lbs,,simulated
FM-FM,flow,53381.4447689,1780902732.9676864,1.7021407725978819,,8.457569743105143,gallons_per_minute,,simulated
CC-PT,pressure,53381.4498936,1780902732.9728112,1.3593955468410908,,214.8488867102727,psi,,simulated
FI-PT,pressure,53381.4499235,1780902732.972841,1.67925139418261,,294.81284854565246,psi,,simulated
tank_temp,temperature,53381.4499338,1780902732.9728513,,,21.463824019361553,°C,,simulated
thrust,thrust,53381.4549799,1780902732.9778974,2.4990835784773324,2.5009164215226676,41.20395093030298,lbs,,simulated
CC-PT,pressure,53381.4603445,1780902732.9832623,1.3579906651962599,,214.49766629906497,psi,,simulated
FI-PT,pressure,53381.4603673,1780902732.9832847,1.6778262469561396,,294.4565617390349,psi,,simulated
thrust,thrust,53381.4651373,1780902732.9880552,2.4990800021982196,2.5009199978017804,41.364746836372454,lbs,,simulated
CC-PT,pressure,53381.470471,1780902732.9933887,1.3601805401063611,,215.0451350265903,psi,,simulated
FI-PT,pressure,53381.4704965,1780902732.993414,1.680084071169385,,295.02101779234624,psi,,simulated
thrust,thrust,53381.475337,1780902732.998255,2.499096691500746,2.500903308499254,40.61436594138157,lbs,,simulated
CC-PT,pressure,53381.4806727,1780902733.0035906,1.3587995003222826,,214.69987508057065,psi,,simulated
FI-PT,pressure,53381.4807384,1780902733.0036557,1.679592928837887,,294.89823220947176,psi,,simulated
FM-FM,flow,53381.4850733,1780902733.0079908,1.7255880505547583,,8.677387973950857,gallons_per_minute,,simulated
thrust,thrust,53381.485628,1780902733.0085454,2.4991014598728967,2.5008985401271033,40.399971399955604,lbs,,simulated
CC-PT,pressure,53381.4910648,1780902733.0139825,1.3648094373714255,,216.20235934285637,psi,,simulated
FI-PT,pressure,53381.491106,1780902733.0140235,1.6779669139345783,,294.4917284836446,psi,,simulated
thrust,thrust,53381.4962027,1780902733.0191202,2.4991431831292132,2.5008568168707868,38.524019162478396,lbs,,simulated
CC-PT,pressure,53381.5011752,1780902733.024093,1.3626565173454903,,215.66412933637258,psi,,simulated
FI-PT,pressure,53381.5012068,1780902733.0241241,1.6774131867186055,,294.35329667965135,psi,,simulated
thrust,thrust,53381.5066009,1780902733.029519,2.4991616605712963,2.5008383394287037,37.69324031445278,lbs,,simulated
CC-PT,pressure,53381.5119009,1780902733.034819,1.351221364882155,,212.80534122053874,psi,,simulated
FI-PT,pressure,53381.5119442,1780902733.0348616,1.6930117241158158,,298.2529310289539,psi,,simulated
thrust,thrust,53381.5171807,1780902733.0400987,2.4991741775481913,2.5008258224518087,37.13045464320961,lbs,,simulated
CC-PT,pressure,53381.5219985,1780902733.0449164,1.3581498096167817,,214.53745240419542,psi,,simulated
FI-PT,pressure,53381.522056,1780902733.0449736,1.6790749644130427,,294.76874110326065,psi,,simulated
FM-FM,flow,53381.5253701,1780902733.0482876,1.6791101311576524,,8.24165747960299,gallons_per_minute,,simulated
thrust,thrust,53381.5275012,1780902733.050419,2.499193251036793,2.500806748963207,36.27287647750575,lbs,,simulated
CC-PT,pressure,53381.5324042,1780902733.055322,1.3658465583141517,,216.46163957853793,psi,,simulated
FI-PT,pressure,53381.532429,1780902733.0553463,1.688700519645276,,297.175129911319,psi,,simulated
thrust,thrust,53381.5379615,1780902733.0608797,2.4992147087114702,2.5007852912885298,35.3081010410889,lbs,,simulated
CC-PT,pressure,53381.5428906,1780902733.065808,1.3674719771709416,,216.8679942927354,psi,,simulated
FI-PT,pressure,53381.5429155,1780902733.0658329,1.674204668307861,,293.55116707696527,psi,,simulated
thrust,thrust,53381.5482001,1780902733.0711179,2.499233782200072,2.500766217799928,34.450522875385026,lbs,,simulated
tank_temp,temperature,53381.5502881,1780902733.0732055,,,21.118767271018783,°C,,simulated
CC-PT,pressure,53381.5529704,1780902733.075888,1.361554427332214,,215.3886068330535,psi,,simulated
FI-PT,pressure,53381.5529971,1780902733.0759144,1.6856720072832116,,296.4180018208029,psi,,simulated
thrust,thrust,53381.558711,1780902733.0816283,2.4992576240608244,2.5007423759391756,33.378550168255195,lbs,,simulated
CC-PT,pressure,53381.5633002,1780902733.0862176,1.361918015708687,,215.47950392717175,psi,,simulated
FI-PT,pressure,53381.5633269,1780902733.0862443,1.674670776685569,,293.66769417139227,psi,,simulated
FM-FM,flow,53381.5659035,1780902733.088821,1.703035438422613,,8.465957235211995,gallons_per_minute,,simulated
thrust,thrust,53381.5690353,1780902733.091953,2.49927490940987,2.50072509059013,32.601369955586065,lbs,,simulated
CC-PT,pressure,53381.5736177,1780902733.0965352,1.3590325545111366,,214.75813862778415,psi,,simulated
FI-PT,pressure,53381.5736422,1780902733.0965595,1.6791905974376915,,294.79764935942285,psi,,simulated
thrust,thrust,53381.5792405,1780902733.102159,2.4992850422006896,2.5007149577993104,32.14578155505589,lbs,,simulated
CC-PT,pressure,53381.5841333,1780902733.107051,1.3670285185609483,,216.75712964023708,psi,,simulated
FI-PT,pressure,53381.5841914,1780902733.1071088,1.6855212075139532,,296.3803018784883,psi,,simulated
thrust,thrust,53381.5897553,1780902733.1126733,2.4993285535965626,2.5006714464034374,30.18943136454394,lbs,,simulated
CC-PT,pressure,53381.5942616,1780902733.1171792,1.3676239690332377,,216.90599225830942,psi,,simulated
FI-PT,pressure,53381.5942913,1780902733.1172085,1.678297123705998,,294.5742809264995,psi,,simulated
thrust,thrust,53381.6001801,1780902733.123098,2.4993571638294654,2.5006428361705346,28.90306411598814,lbs,,simulated
CC-PT,pressure,53381.6046761,1780902733.127594,1.3655974108692899,,216.39935271732247,psi,,simulated
FI-PT,pressure,53381.6047248,1780902733.1276422,1.6694601380181475,,292.3650345045369,psi,,simulated
FM-FM,flow,53381.6062903,1780902733.1292078,1.656836468796309,,8.032841894965397,gallons_per_minute,,simulated
thrust,thrust,53381.6107763,1780902733.1336942,2.499351799410796,2.500648200589204,29.14425797509235,lbs,,simulated
CC-PT,pressure,53381.6152524,1780902733.13817,1.3616050912863127,,215.40127282157817,psi,,simulated
FI-PT,pressure,53381.6152906,1780902733.138208,1.6777010771871899,,294.42526929679747,psi,,simulated
thrust,thrust,53381.6209491,1780902733.1438665,2.4993917345275563,2.5006082654724437,27.34870369064988,lbs,,simulated
CC-PT,pressure,53381.6254828,1780902733.1484005,1.3707865918620339,,217.69664796550848,psi,,simulated
FI-PT,pressure,53381.6255475,1780902733.148465,1.6798426723292676,,294.9606680823169,psi,,simulated
thrust,thrust,53381.6311108,1780902733.1540287,2.499407827783564,2.500592172216436,26.625122113337245,lbs,,simulated
CC-PT,pressure,53381.635807,1780902733.1587245,1.3672323664703807,,216.80809161759518,psi,,simulated
FI-PT,pressure,53381.6358322,1780902733.1587493,1.68400248098403,,296.0006202460075,psi,,simulated
thrust,thrust,53381.6414296,1780902733.1643472,2.499451339179437,2.500548660820563,24.668771922825297,lbs,,simulated
CC-PT,pressure,53381.6460361,1780902733.1689537,1.3632638887481558,,215.81597218703897,psi,,simulated
FI-PT,pressure,53381.6460609,1780902733.1689782,1.674347719472375,,293.58692986809376,psi,,simulated
FM-FM,flow,53381.6466348,1780902733.1695523,1.6783585164974353,,8.234611092163455,gallons_per_minute,,simulated
tank_temp,temperature,53381.6505542,1780902733.1734717,,,21.443363367952273,°C,,simulated
thrust,thrust,53381.6516264,1780902733.1745439,2.499470412668039,2.500529587331961,23.81119375712143,lbs,,simulated
CC-PT,pressure,53381.6561222,1780902733.1790397,1.3704343283694183,,217.60858209235457,psi,,simulated
FI-PT,pressure,53381.6561479,1780902733.179065,1.6783275220784573,,294.5818805196143,psi,,simulated
thrust,thrust,53381.6620031,1780902733.1849205,2.4995157122034684,2.5004842877965316,21.774445613574745,lbs,,simulated
CC-PT,pressure,53381.666671,1780902733.1895888,1.374331876555905,,218.58296913897624,psi,,simulated
FI-PT,pressure,53381.6667191,1780902733.1896367,1.6802622890785086,,295.0655722696271,psi,,simulated
thrust,thrust,53381.67252,1780902733.195438,2.499541342203777,2.500458657796223,20.622074953410173,lbs,,simulated
CC-PT,pressure,53381.6767491,1780902733.1996667,1.3555802530741992,,213.8950632685498,psi,,simulated
FI-PT,pressure,53381.6767759,1780902733.1996932,1.6697742545335594,,292.4435636333899,psi,,simulated
thrust,thrust,53381.682912,1780902733.2058296,2.499554455227191,2.500445544772809,20.032489964488768,lbs,,simulated
CC-PT,pressure,53381.686944,1780902733.209862,1.3731981960771318,,218.29954901928295,psi,,simulated
FI-PT,pressure,53381.6870097,1780902733.209927,1.6788079355726166,,294.70198389315414,psi,,simulated
FM-FM,flow,53381.6870305,1780902733.209948,1.6849323135533707,,8.29624043956285,gallons_per_minute,,simulated
thrust,thrust,53381.6933727,1780902733.2162902,2.4995842575531313,2.5004157424468687,18.692524080576476,lbs,,simulated
CC-PT,pressure,53381.6973927,1780902733.2203102,1.3724066463001545,,218.10166157503863,psi,,simulated
FI-PT,pressure,53381.6974186,1780902733.2203362,1.6742553322619598,,293.5638330654899,psi,,simulated
thrust,thrust,53381.7038623,1780902733.2267802,2.499612867786034,2.500387132213966,17.406156832020674,lbs,,simulated
CC-PT,pressure,53381.7075082,1780902733.2304256,1.3668497046053059,,216.71242615132647,psi,,simulated
FI-PT,pressure,53381.7076055,1780902733.2305229,1.6816326000252486,,295.40815000631216,psi,,simulated
thrust,thrust,53381.7139925,1780902733.2369106,2.4996545910423507,2.5003454089576493,15.530204594543465,lbs,,simulated
CC-PT,pressure,53381.7178097,1780902733.2407272,1.3633807138658423,,215.84517846646057,psi,,simulated
FI-PT,pressure,53381.7178349,1780902733.2407522,1.6781254623085813,,294.5313655771453,psi,,simulated
thrust,thrust,53381.7243306,1780902733.2472482,2.4996700882518397,2.5003299117481603,14.833422334909073,lbs,,simulated
FM-FM,flow,53381.727542,1780902733.2504597,1.6919436087541115,,8.361971332069796,gallons_per_minute,,simulated
CC-PT,pressure,53381.7281017,1780902733.251019,1.36910812486507,,217.27703121626752,psi,,simulated
FI-PT,pressure,53381.7281119,1780902733.2510293,1.677569946953052,,294.392486738263,psi,,simulated
thrust,thrust,53381.7349172,1780902733.257835,2.499715387787269,2.500284612212731,12.79667419136239,lbs,,simulated
CC-PT,pressure,53381.7385305,1780902733.2614484,1.3746686428390316,,218.6671607097579,psi,,simulated
FI-PT,pressure,53381.7385783,1780902733.2614958,1.663859088880907,,290.9647722202268,psi,,simulated
thrust,thrust,53381.7450821,1780902733.2680402,2.4997273087176453,2.5002726912823547,12.260687837797473,lbs,,simulated
CC-PT,pressure,53381.7488314,1780902733.271749,1.366989179490707,,216.74729487267675,psi,,simulated
FI-PT,pressure,53381.7488559,1780902733.2717733,1.6774775597426368,,294.36938993565917,psi,,simulated
tank_temp,temperature,53381.7509201,1780902733.2738376,,,21.281758900889237,°C,,simulated
thrust,thrust,53381.7556487,1780902733.2785664,2.499784529183451,2.500215470816549,9.68795334068587,lbs,,simulated
CC-PT,pressure,53381.7593017,1780902733.2822192,1.3654156166810534,,216.35390417026335,psi,,simulated
FI-PT,pressure,53381.7593266,1780902733.2822437,1.675687036000137,,293.9217590000342,psi,,simulated
thrust,thrust,53381.7660653,1780902733.2889829,2.4998107552302784,2.5001892447697216,8.508783362843054,lbs,,simulated
FM-FM,flow,53381.7681265,1780902733.291044,1.7202778721186962,,8.627605051112775,gallons_per_minute,,simulated
CC-PT,pressure,53381.7696853,1780902733.2926025,1.380152270812067,,220.03806770301676,psi,,simulated
FI-PT,pressure,53381.7697017,1780902733.292619,1.6720308866537676,,293.0077216634419,psi,,simulated
thrust,thrust,53381.7763982,1780902733.299316,2.4998262524397674,2.5001737475602326,7.8120011032086625,lbs,,simulated
CC-PT,pressure,53381.7798843,1780902733.3028018,1.3703258479029952,,217.5814619757488,psi,,simulated
FI-PT,pressure,53381.77991,1780902733.3028276,1.6744186490081132,,293.6046622520283,psi,,simulated
thrust,thrust,53381.7867489,1780902733.3096664,2.499862015230896,2.500137984769104,6.204042042513913,lbs,,simulated
CC-PT,pressure,53381.7903861,1780902733.3133035,1.376708910072912,,219.177227518228,psi,,simulated
FI-PT,pressure,53381.790409,1780902733.3133264,1.6696806752301065,,292.42016880752664,psi,,simulated
thrust,thrust,53381.7969895,1780902733.3199074,2.4999031424406937,2.5000968575593063,4.354889122714949,lbs,,simulated
CC-PT,pressure,53381.8012329,1780902733.3241508,1.3616903259385023,,215.42258148462557,psi,,simulated
FI-PT,pressure,53381.8012702,1780902733.3241878,1.6780855271918211,,294.52138179795526,psi,,simulated
thrust,thrust,53381.8073771,1780902733.330295,2.4999371170922657,2.5000628829077343,2.8273280150549365,lbs,,simulated
FM-FM,flow,53381.8084885,1780902733.3314064,1.7141594546031302,,8.570244886904344,gallons_per_minute,,simulated
CC-PT,pressure,53381.8116707,1780902733.3345888,1.3796247696429218,,219.90619241073045,psi,,simulated
FI-PT,pressure,53381.8117157,1780902733.334633,1.680783233735947,,295.1958084339867,psi,,simulated
thrust,thrust,53381.8174438,1780902733.340361,2.4999371170922657,2.5000628829077343,2.8273280150549365,lbs,,simulated
CC-PT,pressure,53381.8220376,1780902733.3449552,1.380068824299434,,220.01720607485848,psi,,simulated
FI-PT,pressure,53381.8220633,1780902733.3449805,1.6801973200079585,,295.04933000198963,psi,,simulated
thrust,thrust,53381.8279514,1780902733.350869,2.500000894069778,2.499999105930222,0.04019897651736876,lbs,,simulated
CC-PT,pressure,53381.8324549,1780902733.3553724,1.3814349629205422,,220.35874073013557,psi,,simulated
FI-PT,pressure,53381.8324855,1780902733.355403,1.6732831803897836,,293.3207950974459,psi,,simulated
thrust,thrust,53381.838031,1780902733.3609488,2.5000461936052076,2.4999538063947924,2.0769471200640526,lbs,,simulated
CC-PT,pressure,53381.8426847,1780902733.3656027,1.3720376935050123,,218.00942337625307,psi,,simulated
FI-PT,pressure,53381.8427605,1780902733.365678,1.6862728221741703,,296.56820554354255,psi,,simulated
thrust,thrust,53381.8482712,1780902733.3711886,2.500058114535584,2.499941885464416,2.6129334736289698,lbs,,simulated
FM-FM,flow,53381.8488499,1780902733.3717673,1.6431726983991501,,7.9047440474920325,gallons_per_minute,,simulated
tank_temp,temperature,53381.8514031,1780902733.3743203,,,21.357879459945792,°C,,simulated
CC-PT,pressure,53381.8529796,1780902733.375897,1.3715805258250864,,217.8951314562716,psi,,simulated
FI-PT,pressure,53381.8529881,1780902733.3759055,1.6811140395538855,,295.2785098884714,psi,,simulated
thrust,thrust,53381.8590081,1780902733.381926,2.500082552442855,2.499917447557145,3.7117054984370492,lbs,,simulated
CC-PT,pressure,53381.8632764,1780902733.3861942,1.3772048207765606,,219.30120519414015,psi,,simulated
FI-PT,pressure,53381.8633084,1780902733.386226,1.6700913512815658,,292.52283782039143,psi,,simulated
thrust,thrust,53381.8693762,1780902733.3922937,2.500141561048217,2.499858438951783,6.3648379485833875,lbs,,simulated
CC-PT,pressure,53381.8736524,1780902733.3965702,1.3777209970618485,,219.43024926546212,psi,,simulated
FI-PT,pressure,53381.8736733,1780902733.396591,1.6747387259887132,,293.6846814971783,psi,,simulated
thrust,thrust,53381.879877,1780902733.402795,2.5001642108159317,2.4998357891840683,7.383212020356729,lbs,,simulated
CC-PT,pressure,53381.8840365,1780902733.406954,1.375006005168677,,218.75150129216925,psi,,simulated
FI-PT,pressure,53381.8840608,1780902733.4069784,1.6655906040180448,,291.3976510045112,psi,,simulated
FM-FM,flow,53381.8890877,1780902733.4120054,1.652371484323917,,7.9909826655367215,gallons_per_minute,,simulated
thrust,thrust,53381.8901726,1780902733.41309,2.5001952052349097,2.4998047947650903,8.776776539625514,lbs,,simulated
CC-PT,pressure,53381.8942775,1780902733.4171956,1.3699652397591162,,217.49130993977906,psi,,simulated
FI-PT,pressure,53381.8943389,1780902733.417256,1.6744556038922793,,293.6139009730698,psi,,simulated
thrust,thrust,53381.9008644,1780902733.423782,2.5002327561655946,2.4997672438344054,10.465133553355,lbs,,simulated
CC-PT,pressure,53381.9046142,1780902733.4275317,1.3831515768947098,,220.78789422367745,psi,,simulated
FI-PT,pressure,53381.9046407,1780902733.427558,1.6792370890661585,,294.8092722665396,psi,,simulated
thrust,thrust,53381.9110961,1780902733.4340136,2.5002446770959708,2.4997553229040292,11.001119906919918,lbs,,simulated
CC-PT,pressure,53381.9146742,1780902733.4375918,1.3785638068394432,,219.64095170986081,psi,,simulated
FI-PT,pressure,53381.9147047,1780902733.4376223,1.68237706212724,,295.59426553181,psi,,simulated
thrust,thrust,53381.9215144,1780902733.4444325,2.5002822280266557,2.4997177719733443,12.689476920649406,lbs,,simulated
CC-PT,pressure,53381.9249852,1780902733.4479027,1.379509136618273,,219.87728415456826,psi,,simulated
FI-PT,pressure,53381.9250099,1780902733.4479272,1.67205472851452,,293.01368212862997,psi,,simulated
FM-FM,flow,53381.9292608,1780902733.4521787,1.6920032134059924,,8.362530125681179,gallons_per_minute,,simulated
thrust,thrust,53381.9318418,1780902733.4547594,2.5003084540734832,2.4996915459265168,13.868646898492223,lbs,,simulated
CC-PT,pressure,53381.9355336,1780902733.4584513,1.3703276360425516,,217.5819090106379,psi,,simulated
FI-PT,pressure,53381.9355623,1780902733.45848,1.6636278228316095,,290.9069557079024,psi,,simulated
thrust,thrust,53381.9421935,1780902733.465111,2.5003388524459425,2.4996611475540575,15.235412100082762,lbs,,simulated
CC-PT,pressure,53381.9460669,1780902733.4689848,1.3755430430821232,,218.8857607705308,psi,,simulated
FI-PT,pressure,53381.9460987,1780902733.469016,1.673138937132232,,293.284734283058,psi,,simulated
tank_temp,temperature,53381.9515734,1780902733.474491,,,21.32441415721706,°C,,simulated
thrust,thrust,53381.9525706,1780902733.475488,2.500377595469665,2.499622404530335,16.977367749168742,lbs,,simulated
CC-PT,pressure,53381.9566096,1780902733.4795275,1.3780881617174343,,219.52204042935858,psi,,simulated
FI-PT,pressure,53381.9566377,1780902733.4795551,1.6821231463102277,,295.5307865775569,psi,,simulated
thrust,thrust,53381.9631742,1780902733.4860926,2.5004002452373797,2.4995997547626203,17.995741820942083,lbs,,simulated
CC-PT,pressure,53381.9671266,1780902733.490044,1.3773848268252407,,219.34620670631017,psi,,simulated
FI-PT,pressure,53381.9671597,1780902733.4900773,1.6746195166849516,,293.6548791712379,psi,,simulated
FM-FM,flow,53381.9697287,1780902733.4926462,1.6714211310650269,,8.169573103734626,gallons_per_minute,,simulated
thrust,thrust,53381.9734383,1780902733.4963558,2.5004568696566665,2.4995431303433335,20.541677000375437,lbs,,simulated
CC-PT,pressure,53381.977657,1780902733.5005748,1.3728411642123657,,218.21029105309142,psi,,simulated
FI-PT,pressure,53381.977681,1780902733.5005982,1.6812082149038572,,295.3020537259643,psi,,simulated
thrust,thrust,53381.9840345,1780902733.5069525,2.5004753470987495,2.4995246529012505,21.37245584840106,lbs,,simulated
CC-PT,pressure,53381.9877179,1780902733.5106356,1.375062033541445,,218.76550838536124,psi,,simulated
FI-PT,pressure,53381.9877446,1780902733.5106618,1.678334674636683,,294.5836686591707,psi,,simulated
thrust,thrust,53381.9950442,1780902733.5179617,2.500508725703803,2.499491274296197,22.873217638382826,lbs,,simulated
CC-PT,pressure,53381.9978817,1780902733.5207992,1.3704700911605467,,217.6175227901367,psi,,simulated
FI-PT,pressure,53381.9979058,1780902733.5208232,1.682538590733837,,295.63464768345926,psi,,simulated
thrust,thrust,53382.0054251,1780902733.528343,2.500511109889878,2.499488890110122,22.98041490909581,lbs,,simulated
CC-PT,pressure,53382.0081262,1780902733.5310435,1.380814478494463,,220.20361962361574,psi,,simulated
FI-PT,pressure,53382.0081513,1780902733.5310686,1.6765793176387929,,294.1448294096982,psi,,simulated
FM-FM,flow,53382.0102564,1780902733.5331748,1.6296698605620694,,7.778154942769399,gallons_per_minute,,simulated
thrust,thrust,53382.0155206,1780902733.538438,2.5005528331461946,2.4994471668538054,24.856367146573017,lbs,,simulated
CC-PT,pressure,53382.0186851,1780902733.5416028,1.3898803460455353,,222.47008651138384,psi,,simulated
FI-PT,pressure,53382.0187103,1780902733.541628,1.6688056789404961,,292.20141973512403,psi,,simulated
thrust,thrust,53382.0259675,1780902733.5488856,2.5005802512860598,2.4994197487139402,26.089135759772326,lbs,,simulated
CC-PT,pressure,53382.0290606,1780902733.5519779,1.3766046019321205,,219.15115048303014,psi,,simulated
FI-PT,pressure,53382.0290922,1780902733.5520098,1.6752763599486782,,293.81908998716955,psi,,simulated
thrust,thrust,53382.0363292,1780902733.559247,2.500610053612,2.499389946388,27.429101643684618,lbs,,simulated
CC-PT,pressure,53382.0391298,1780902733.5620472,1.3968528982225537,,224.21322455563842,psi,,simulated
FI-PT,pressure,53382.0391568,1780902733.5620744,1.6876419410278727,,296.9104852569682,psi,,simulated
thrust,thrust,53382.0467414,1780902733.5696595,2.500638067798384,2.499361932201616,28.688669574562173,lbs,,simulated
CC-PT,pressure,53382.0493867,1780902733.5723045,1.3889761434765033,,222.24403586912584,psi,,simulated
FI-PT,pressure,53382.0494123,1780902733.5723298,1.6691245638280585,,292.28114095701466,psi,,simulated
FM-FM,flow,53382.050486,1780902733.5734034,1.6659220058825022,,8.118018805148457,gallons_per_minute,,simulated
tank_temp,temperature,53382.0520459,1780902733.574963,,,21.473534159013433,°C,,simulated
thrust,thrust,53382.0570895,1780902733.5800073,2.500650584775279,2.499349415224721,29.251455245805335,lbs,,simulated
CC-PT,pressure,53382.0597562,1780902733.5826735,1.3885463939364426,,222.13659848411066,psi,,simulated
FI-PT,pressure,53382.0597709,1780902733.5826883,1.6609086586128066,,290.22716465320167,psi,,simulated
thrust,thrust,53382.0672814,1780902733.5901992,2.500673234542994,2.499326765457006,30.26982931757868,lbs,,simulated
CC-PT,pressure,53382.0700103,1780902733.5929277,1.3844670515617195,,221.11676289042987,psi,,simulated
FI-PT,pressure,53382.0700377,1780902733.5929549,1.684484086571227,,296.12102164280674,psi,,simulated
thrust,thrust,53382.0777651,1780902733.6006827,2.500715553845829,2.499284446154171,32.17258087273413,lbs,,simulated
CC-PT,pressure,53382.0803328,1780902733.6032503,1.3811643578010033,,220.29108945025084,psi,,simulated
FI-PT,pressure,53382.0803444,1780902733.6032617,1.6741295664464912,,293.5323916116228,psi,,simulated
thrust,thrust,53382.0882203,1780902733.6111383,2.5007519126834765,2.4992480873165235,33.80733925110713,lbs,,simulated
CC-PT,pressure,53382.0908828,1780902733.6138005,1.372175380250857,,218.04384506271424,psi,,simulated
FI-PT,pressure,53382.0909174,1780902733.613835,1.6677304110205662,,291.93260275514155,psi,,simulated
FM-FM,flow,53382.0909376,1780902733.613855,1.6283090863596303,,7.765397684621533,gallons_per_minute,,simulated
thrust,thrust,53382.0983947,1780902733.6213126,2.500771582218597,2.499228417781403,34.69171673448924,lbs,,simulated
CC-PT,pressure,53382.1012247,1780902733.6241424,1.378673479398904,,219.668369849726,psi,,simulated
FI-PT,pressure,53382.1012536,1780902733.624171,1.6676672300895725,,291.9168075223931,psi,,simulated
thrust,thrust,53382.1087183,1780902733.631636,2.500768601986003,2.499231398013997,34.55772014609801,lbs,,simulated
CC-PT,pressure,53382.1115768,1780902733.6344945,1.3777168247362168,,219.4292061840542,psi,,simulated
FI-PT,pressure,53382.1116081,1780902733.6345255,1.6618873669966896,,290.4718417491724,psi,,simulated
thrust,thrust,53382.1190808,1780902733.6419985,2.5007835031489734,2.4992164968510266,35.227703088054156,lbs,,simulated
CC-PT,pressure,53382.1220849,1780902733.6450028,1.3815672852477177,,220.39182131192942,psi,,simulated
FI-PT,pressure,53382.1221265,1780902733.6450438,1.6751696676218115,,293.79241690545285,psi,,simulated
thrust,thrust,53382.129633,1780902733.6525505,2.5008133054749138,2.4991866945250862,36.56766897196645,lbs,,simulated
FM-FM,flow,53382.1311918,1780902733.6541092,1.6307796991800902,,7.7885596798133445,gallons_per_minute,,simulated
CC-PT,pressure,53382.1321961,1780902733.6551137,1.3797356342954201,,219.93390857385504,psi,,simulated
FI-PT,pressure,53382.1322046,1780902733.6551218,1.6716315354861662,,292.9078838715415,psi,,simulated
thrust,thrust,53382.1397161,1780902733.662634,2.500834763149591,2.499165236850409,37.5324444083833,lbs,,simulated
CC-PT,pressure,53382.1424622,1780902733.66538,1.3846369248195798,,221.15923120489495,psi,,simulated
FI-PT,pressure,53382.1425164,1780902733.665434,1.6667981942651502,,291.69954856628755,psi,,simulated
thrust,thrust,53382.1498988,1780902733.672817,2.50086516152205,2.49913483847795,38.89920960997384,lbs,,simulated
CC-PT,pressure,53382.1525282,1780902733.6754458,1.3800819373228477,,220.02048433071192,psi,,simulated
FI-PT,pressure,53382.152554,1780902733.6754713,1.667886575208494,,291.9716438021235,psi,,simulated
tank_temp,temperature,53382.152563,1780902733.6754804,,,21.31366364545966,°C,,simulated
thrust,thrust,53382.1604421,1780902733.68336,2.5008615852429372,2.4991384147570628,38.738413703904364,lbs,,simulated
CC-PT,pressure,53382.1630796,1780902733.685997,1.3664223392513204,,216.6055848128301,psi,,simulated
FI-PT,pressure,53382.163102,1780902733.6860194,1.6676803431129863,,291.9200857782466,psi,,simulated
thrust,thrust,53382.1707078,1780902733.6936262,2.5008723140802758,2.4991276859197242,39.22080142211279,lbs,,simulated
FM-FM,flow,53382.1718804,1780902733.694798,1.6189815543868011,,7.677952072376259,gallons_per_minute,,simulated
CC-PT,pressure,53382.1734366,1780902733.6963542,1.3780965063686976,,219.5241265921744,psi,,simulated
FI-PT,pressure,53382.173451,1780902733.6963685,1.6764785857771143,,294.11964644427854,psi,,simulated
thrust,thrust,53382.1809959,1780902733.7039137,2.500905692685329,2.499094307314671,40.72156321209456,lbs,,simulated
CC-PT,pressure,53382.1837759,1780902733.7066936,1.378387377069876,,219.596844267469,psi,,simulated
FI-PT,pressure,53382.1838075,1780902733.706725,1.6688074670800526,,292.20186677001317,psi,,simulated
thrust,thrust,53382.1915866,1780902733.7145042,2.5009015203596974,2.4990984796403026,40.53396798834684,lbs,,simulated
CC-PT,pressure,53382.194206,1780902733.7171237,1.3804949975603817,,220.12374939009544,psi,,simulated
FI-PT,pressure,53382.1942685,1780902733.717186,1.6780086371908949,,294.5021592977237,psi,,simulated
thrust,thrust,53382.2019443,1780902733.7248619,2.5009134412900735,2.4990865587099265,41.06995434191175,lbs,,simulated
CC-PT,pressure,53382.2045176,1780902733.727435,1.374048754459471,,218.51218861486777,psi,,simulated
FI-PT,pressure,53382.2045297,1780902733.727447,1.6645350056332355,,291.1337514083089,psi,,simulated
thrust,thrust,53382.212278,1780902733.7351956,2.500939667336901,2.499060332663099,42.24912431975457,lbs,,simulated
FM-FM,flow,53382.2123032,1780902733.7352207,1.6370203062320121,,7.8470653709251135,gallons_per_minute,,simulated
CC-PT,pressure,53382.2146536,1780902733.7375712,1.3748790472601709,,218.71976181504272,psi,,simulated
FI-PT,pressure,53382.214679,1780902733.7375965,1.6657247144847767,,291.4311786211942,psi,,simulated
thrust,thrust,53382.2224624,1780902733.7453802,2.500943243616014,2.499056756383986,42.409920225824045,lbs,,simulated
CC-PT,pressure,53382.2249648,1780902733.7478826,1.384872363194509,,221.21809079862726,psi,,simulated
FI-PT,pressure,53382.2250036,1780902733.7479212,1.6663350661200362,,291.5837665300091,psi,,simulated
thrust,thrust,53382.2326789,1780902733.7555966,2.5009444357090516,2.4990555642909484,42.46351886118054,lbs,,simulated
CC-PT,pressure,53382.2351645,1780902733.7580822,1.3785292361413524,,219.6323090353381,psi,,simulated
FI-PT,pressure,53382.2351775,1780902733.7580948,1.665835579137275,,291.4588947843188,psi,,simulated
thrust,thrust,53382.2430274,1780902733.7659452,2.500961721058097,2.499038278941903,43.24069907384967,lbs,,simulated
CC-PT,pressure,53382.2453779,1780902733.7682955,1.3917251100212467,,222.93127750531167,psi,,simulated
FI-PT,pressure,53382.2454046,1780902733.768322,1.6683604321909464,,292.09010804773663,psi,,simulated
FM-FM,flow,53382.2524638,1780902733.7753816,1.687305174744746,,8.318486013231993,gallons_per_minute,,simulated
thrust,thrust,53382.2531143,1780902733.776032,2.500968277569804,2.499031722430196,43.53549156831037,lbs,,simulated
tank_temp,temperature,53382.2531582,1780902733.7760758,,,21.43712113531897,°C,,simulated
CC-PT,pressure,53382.255755,1780902733.7786727,1.3812269426854782,,220.30673567136955,psi,,simulated
FI-PT,pressure,53382.2557881,1780902733.7787056,1.6748954862231598,,293.7238715557899,psi,,simulated
thrust,thrust,53382.2635312,1780902733.786449,2.500977218267586,2.499022781732414,43.93748133348406,lbs,,simulated
CC-PT,pressure,53382.2662007,1780902733.7891188,1.383094952475423,,220.77373811885576,psi,,simulated
FI-PT,pressure,53382.2662476,1780902733.789165,1.6758384318159143,,293.95960795397855,psi,,simulated
thrust,thrust,53382.2737646,1780902733.7966826,2.500977814314105,2.499022185685895,43.964280651162305,lbs,,simulated
CC-PT,pressure,53382.2765242,1780902733.7994418,1.3757343740146606,,218.93359350366515,psi,,simulated
FI-PT,pressure,53382.2765649,1780902733.7994823,1.6619851186257741,,290.49627965644356,psi,,simulated
thrust,thrust,53382.2840645,1780902733.8069825,2.500996291756188,2.499003708243812,44.79505949918792,lbs,,simulated
CC-PT,pressure,53382.2867105,1780902733.8096282,1.3843120794668293,,221.07801986670734,psi,,simulated
FI-PT,pressure,53382.2867576,1780902733.809675,1.6759320111193672,,293.9830027798418,psi,,simulated
FM-FM,flow,53382.2928881,1780902733.815806,1.644177036783342,,7.9141597198438305,gallons_per_minute,,simulated
thrust,thrust,53382.2945187,1780902733.8174362,2.5009909273375186,2.4990090726624814,44.553865640083714,lbs,,simulated
CC-PT,pressure,53382.2970367,1780902733.8199542,1.3694597923111669,,217.36494807779172,psi,,simulated
FI-PT,pressure,53382.2970599,1780902733.8199773,1.668675740799396,,292.168935199849,psi,,simulated
thrust,thrust,53382.3047278,1780902733.827646,2.5009909273375186,2.4990090726624814,44.553865640083714,lbs,,simulated
CC-PT,pressure,53382.3073737,1780902733.8302913,1.372926994911074,,218.23174872776852,psi,,simulated
FI-PT,pressure,53382.307385,1780902733.8303025,1.6774811360217496,,294.3702840054374,psi,,simulated
thrust,thrust,53382.3148467,1780902733.8377645,2.5010100008261205,2.4989899991738795,45.41144380578758,lbs,,simulated
CC-PT,pressure,53382.3174487,1780902733.8403664,1.3703592265080484,,217.5898066270121,psi,,simulated
FI-PT,pressure,53382.317493,1780902733.8404107,1.6667898496138869,,291.6974624034717,psi,,simulated
thrust,thrust,53382.3249431,1780902733.8478606,2.500990331291,2.499009668709,44.52706632240547,lbs,,simulated
CC-PT,pressure,53382.3279526,1780902733.8508704,1.3748832195858025,,218.72080489645063,psi,,simulated
FI-PT,pressure,53382.3279762,1780902733.8508935,1.662619312121786,,290.65482803044654,psi,,simulated
FM-FM,flow,53382.3334496,1780902733.856367,1.6305895603405904,,7.786777128193034,gallons_per_minute,,simulated
thrust,thrust,53382.3349693,1780902733.8578868,2.5010076166400452,2.4989923833599548,45.3042465350746,lbs,,simulated
CC-PT,pressure,53382.3380664,1780902733.8609838,1.3717271532687132,,217.9317883171783,psi,,simulated
FI-PT,pressure,53382.3380887,1780902733.861006,1.6722299661910496,,293.05749154776237,psi,,simulated
thrust,thrust,53382.3453831,1780902733.868301,2.501004636407451,2.498995363592549,45.17024994668336,lbs,,simulated
CC-PT,pressure,53382.3482057,1780902733.8711236,1.3708742107002987,,217.71855267507468,psi,,simulated
FI-PT,pressure,53382.348238,1780902733.8711555,1.6710861529214567,,292.7715382303642,psi,,simulated
tank_temp,temperature,53382.3536253,1780902733.876543,,,21.497636112792126,°C,,simulated
thrust,thrust,53382.355746,1780902733.8786638,2.500993311523594,2.499006688476406,44.661062910796694,lbs,,simulated
CC-PT,pressure,53382.358613,1780902733.8815312,1.3769699784481502,,219.24249461203755,psi,,simulated
FI-PT,pressure,53382.3587193,1780902733.881637,1.6644438105158579,,291.11095262896447,psi,,simulated
thrust,thrust,53382.3659202,1780902733.888838,2.5009950996631503,2.4990049003368497,44.741460863831435,lbs,,simulated
CC-PT,pressure,53382.3692443,1780902733.8921618,1.3643069701560702,,216.07674253901754,psi,,simulated
FI-PT,pressure,53382.369276,1780902733.8921936,1.6671754917115558,,291.79387292788897,psi,,simulated
FM-FM,flow,53382.3738575,1780902733.8967755,1.6832574228355197,,8.280538339082996,gallons_per_minute,,simulated
thrust,thrust,53382.3766759,1780902733.8995938,2.5009730459419544,2.4990269540580456,43.74988610973634,lbs,,simulated
CC-PT,pressure,53382.3793213,1780902733.902239,1.3728220907237638,,218.20552268094096,psi,,simulated
FI-PT,pressure,53382.3793473,1780902733.9022646,1.6676839193920991,,291.9209798480248,psi,,simulated
thrust,thrust,53382.3870544,1780902733.9099722,2.5009855629188493,2.4990144370811507,44.3126717809795,lbs,,simulated
CC-PT,pressure,53382.3896731,1780902733.9125907,1.3795323824325065,,219.88309560812664,psi,,simulated
FI-PT,pressure,53382.3897123,1780902733.9126298,1.6686220966127032,,292.1555241531758,psi,,simulated
thrust,thrust,53382.3974499,1780902733.9203677,2.5009658933837287,2.4990341066162713,43.42829429759739,lbs,,simulated
CC-PT,pressure,53382.3998545,1780902733.9227722,1.3711328948894614,,217.78322372236536,psi,,simulated
FI-PT,pressure,53382.3998883,1780902733.9228055,1.656323868790134,,289.08096719753354,psi,,simulated
thrust,thrust,53382.4078115,1780902733.9307294,2.5009599329185406,2.4990400670814594,43.16030112081493,lbs,,simulated
CC-PT,pressure,53382.4103965,1780902733.933314,1.370590492557346,,217.6476231393365,psi,,simulated
FI-PT,pressure,53382.4104201,1780902733.9333377,1.659235556034512,,289.808889008628,psi,,simulated
FM-FM,flow,53382.4141853,1780902733.937103,1.6165961762185308,,7.655589152048725,gallons_per_minute,,simulated
thrust,thrust,53382.4179031,1780902733.940821,2.5009629131511346,2.4990370868488654,43.294297709206155,lbs,,simulated
CC-PT,pressure,53382.4204419,1780902733.9433594,1.3707931483737408,,217.6982870934352,psi,,simulated
FI-PT,pressure,53382.4204675,1780902733.943385,1.6666640837984183,,291.6660209496046,psi,,simulated
thrust,thrust,53382.4284349,1780902733.9513526,2.500943243616014,2.499056756383986,42.409920225824045,lbs,,simulated
CC-PT,pressure,53382.4309395,1780902733.9538572,1.366709633673386,,216.6774084183465,psi,,simulated
FI-PT,pressure,53382.4309776,1780902733.953895,1.667749484509168,,291.937371127292,psi,,simulated
thrust,thrust,53382.4390014,1780902733.9619195,2.5009414554764575,2.4990585445235425,42.329522272789305,lbs,,simulated
CC-PT,pressure,53382.4414973,1780902733.964415,1.3690407716084447,,217.26019290211119,psi,,simulated
FI-PT,pressure,53382.4415224,1780902733.9644399,1.66290243421822,,290.725608554555,psi,,simulated
thrust,thrust,53382.449203,1780902733.9721208,2.5009325147786754,2.4990674852213246,41.92753250761562,lbs,,simulated
CC-PT,pressure,53382.4518489,1780902733.9747665,1.3695605241728455,,217.39013104321137,psi,,simulated
FI-PT,pressure,53382.4518766,1780902733.974794,1.6553493327318827,,288.83733318297067,psi,,simulated
tank_temp,temperature,53382.4539417,1780902733.976859,,,21.66340206827742,°C,,simulated
FM-FM,flow,53382.4545041,1780902733.9774215,1.6200919890513408,,7.688362397356318,gallons_per_minute,,simulated
thrust,thrust,53382.4593722,1780902733.9822903,2.500927150360006,2.499072849639994,41.68633864851141,lbs,,simulated
CC-PT,pressure,53382.4620037,1780902733.984921,1.3681174955508109,,217.02937388770272,psi,,simulated
FI-PT,pressure,53382.4620294,1780902733.9849467,1.6738392917918317,,293.4598229479579,psi,,simulated
thrust,thrust,53382.4697194,1780902733.9926372,2.5009068847783666,2.4990931152216334,40.775161847451045,lbs,,simulated
CC-PT,pressure,53382.4723275,1780902733.995245,1.365500851333243,,216.37521283331074,psi,,simulated
FI-PT,pressure,53382.4723975,1780902733.9953148,1.6637965039964322,,290.94912599910805,psi,,simulated
thrust,thrust,53382.4798696,1780902734.0027876,2.500899136173622,2.499100863826378,40.42677071763385,lbs,,simulated
CC-PT,pressure,53382.4824892,1780902734.0054066,1.3637723164286992,,215.9430791071748,psi,,simulated
FI-PT,pressure,53382.4825155,1780902734.0054328,1.6592349599879932,,289.8087399969983,psi,,simulated
thrust,thrust,53382.4901994,1780902734.0131168,2.500865757568569,2.499134242431431,38.926008927652084,lbs,,simulated
CC-PT,pressure,53382.4929478,1780902734.0158653,1.3704396927880875,,217.60992319702189,psi,,simulated
FI-PT,pressure,53382.4929686,1780902734.015886,1.674950918549409,,293.73772963735223,psi,,simulated
FM-FM,flow,53382.4950223,1780902734.01794,1.6144474285182273,,7.6354446423583795,gallons_per_minute,,simulated
thrust,thrust,53382.5006896,1780902734.0236075,2.500853240591674,2.499146759408326,38.36322325640892,lbs,,simulated
CC-PT,pressure,53382.5032853,1780902734.026203,1.3597108554495403,,214.92771386238508,psi,,simulated
FI-PT,pressure,53382.5033641,1780902734.0262814,1.6720469799097755,,293.01174497744387,psi,,simulated
thrust,thrust,53382.511087,1780902734.0340047,2.500846088033448,2.499153911966552,38.041631444269974,lbs,,simulated
CC-PT,pressure,53382.5137083,1780902734.0366259,1.3696624481275617,,217.41561203189042,psi,,simulated
FI-PT,pressure,53382.5137319,1780902734.0366492,1.6713513936223263,,292.83784840558155,psi,,simulated
thrust,thrust,53382.5216559,1780902734.0445735,2.5008329750100344,2.4991670249899656,37.452046455348565,lbs,,simulated
CC-PT,pressure,53382.5241493,1780902734.047067,1.3641382889912474,,216.03457224781187,psi,,simulated
FI-PT,pressure,53382.5241756,1780902734.047093,1.6700049245363386,,292.50123113408466,psi,,simulated
thrust,thrust,53382.5320139,1780902734.0549316,2.500806748963207,2.499193251036793,36.27287647750575,lbs,,simulated
CC-PT,pressure,53382.5342552,1780902734.0571728,1.3751466721471157,,218.78666803677893,psi,,simulated
FI-PT,pressure,53382.5342832,1780902734.0572007,1.6682889066086894,,292.0722266521724,psi,,simulated
FM-FM,flow,53382.5354233,1780902734.0583413,1.6258641035394792,,7.742475970682616,gallons_per_minute,,simulated
thrust,thrust,53382.5424415,1780902734.0653594,2.5007763505907477,2.4992236494092523,34.90611127591521,lbs,,simulated
CC-PT,pressure,53382.5447857,1780902734.0677032,1.3713480676827512,,217.8370169206878,psi,,simulated
FI-PT,pressure,53382.5448108,1780902734.067728,1.6589053462630923,,289.72633656577307,psi,,simulated
thrust,thrust,53382.5528965,1780902734.0758145,2.50075012454392,2.49924987545608,33.72694129807239,lbs,,simulated
tank_temp,temperature,53382.5545434,1780902734.0774608,,,21.255749598250336,°C,,simulated
CC-PT,pressure,53382.5550829,1780902734.0780003,1.3679321250834615,,216.98303127086538,psi,,simulated
FI-PT,pressure,53382.5550916,1780902734.078009,1.664809783078406,,291.2024457696015,psi,,simulated
thrust,thrust,53382.5634116,1780902734.086329,2.500729262915762,2.499270737084238,32.788965179333786,lbs,,simulated
CC-PT,pressure,53382.5654751,1780902734.0883927,1.3654048878437148,,216.3512219609287,psi,,simulated
FI-PT,pressure,53382.5655008,1780902734.0884182,1.6666378577515908,,291.6594644378977,psi,,simulated
thrust,thrust,53382.5739756,1780902734.0968935,2.500728070822724,2.499271929177276,32.73536654397729,lbs,,simulated
CC-PT,pressure,53382.5761239,1780902734.0990415,1.362875266417893,,215.71881660447323,psi,,simulated
FI-PT,pressure,53382.576149,1780902734.0990663,1.6681822142818228,,292.0455535704557,psi,,simulated
FM-FM,flow,53382.5761581,1780902734.0990756,1.6070940026156904,,7.566506274522096,gallons_per_minute,,simulated
thrust,thrust,53382.5840795,1780902734.106997,2.5006839633803324,2.4993160366196676,30.752217035787105,lbs,,simulated
CC-PT,pressure,53382.5866771,1780902734.1095948,1.3632275299105086,,215.80688247762714,psi,,simulated
FI-PT,pressure,53382.5867316,1780902734.1096492,1.6671152910131561,,291.77882275328903,psi,,simulated
thrust,thrust,53382.5944519,1780902734.1173694,2.5006678701243246,2.4993321298756754,30.028635458474465,lbs,,simulated
CC-PT,pressure,53382.59697,1780902734.1198876,1.3626517489733398,,215.66293724333497,psi,,simulated
FI-PT,pressure,53382.5969868,1780902734.119904,1.6581000874161824,,289.52502185404563,psi,,simulated
thrust,thrust,53382.6048108,1780902734.127729,2.5006517768683167,2.4993482231316833,29.30505388116183,lbs,,simulated
CC-PT,pressure,53382.6074665,1780902734.1303842,1.3505794227813985,,212.64485569534963,psi,,simulated
FI-PT,pressure,53382.6075027,1780902734.1304202,1.6604020190718196,,290.10050476795493,psi,,simulated
thrust,thrust,53382.6151913,1780902734.138109,2.5006249547749704,2.4993750452250296,28.099084585640764,lbs,,simulated
FM-FM,flow,53382.616677,1780902734.1395946,1.641585426519564,,7.889863373620912,gallons_per_minute,,simulated
CC-PT,pressure,53382.6176789,1780902734.1405962,1.3645453887635934,,216.13634719089836,psi,,simulated
FI-PT,pressure,53382.6176877,1780902734.1406052,1.661926706066931,,290.48167651673276,psi,,simulated
thrust,thrust,53382.6252486,1780902734.1481662,2.5005879998908043,2.4994120001091957,26.437526889589524,lbs,,simulated
CC-PT,pressure,53382.6279695,1780902734.1508875,1.368980570910045,,217.24514272751128,psi,,simulated
FI-PT,pressure,53382.6280084,1780902734.1509259,1.6626354053777939,,290.65885134444846,psi,,simulated
thrust,thrust,53382.6354438,1780902734.1583614,2.500589191983842,2.499410808016158,26.491125524946014,lbs,,simulated
CC-PT,pressure,53382.6381923,1780902734.16111,1.361460848028761,,215.36521200719028,psi,,simulated
FI-PT,pressure,53382.6382457,1780902734.1611633,1.658458907420505,,289.61472685512626,psi,,simulated
thrust,thrust,53382.6457695,1780902734.168687,2.5005438924484125,2.4994561075515875,24.45437738139933,lbs,,simulated
CC-PT,pressure,53382.6482339,1780902734.1711514,1.3713558162874957,,217.83895407187393,psi,,simulated
FI-PT,pressure,53382.6487714,1780902734.1716888,1.6526486459551628,,288.16216148879073,psi,,simulated
tank_temp,temperature,53382.6549416,1780902734.177859,,,21.66548281248852,°C,,simulated
thrust,thrust,53382.6559699,1780902734.1788874,2.500517666401585,2.499482333598415,23.275207403556514,lbs,,simulated
FM-FM,flow,53382.6569933,1780902734.179911,1.6012259246380238,,7.511493043481472,gallons_per_minute,,simulated
CC-PT,pressure,53382.6585217,1780902734.181439,1.3645412164379618,,216.13530410949045,psi,,simulated
FI-PT,pressure,53382.659044,1780902734.1819615,1.6561861820442894,,289.04654551107234,psi,,simulated
thrust,thrust,53382.6662336,1780902734.1891515,2.500495612680389,2.499504387319611,22.283632649461417,lbs,,simulated
CC-PT,pressure,53382.6689058,1780902734.1918237,1.3551040119056714,,213.77600297641786,psi,,simulated
FI-PT,pressure,53382.6695364,1780902734.1924539,1.6652216512229026,,291.30541280572567,psi,,simulated
thrust,thrust,53382.6767844,1780902734.1997025,2.50045508151711,2.49954491848289,20.4612790473407,lbs,,simulated
CC-PT,pressure,53382.6795318,1780902734.20245,1.349129837647657,,212.28245941191426,psi,,simulated
FI-PT,pressure,53382.6795942,1780902734.2025118,1.6632105902684438,,290.80264756711097,psi,,simulated
thrust,thrust,53382.6871011,1780902734.210019,2.500436008028508,2.499563991971492,19.603700881636833,lbs,,simulated
CC-PT,pressure,53382.6898634,1780902734.212781,1.3571758696050487,,214.29396740126217,psi,,simulated
FI-PT,pressure,53382.6898985,1780902734.2128158,1.6666533549610798,,291.66333874027,psi,,simulated
thrust,thrust,53382.6973866,1780902734.2203045,2.5003978610513045,2.4996021389486955,17.8885445502291,lbs,,simulated
FM-FM,flow,53382.6974411,1780902734.2203586,1.6163213987733602,,7.653013113500251,gallons_per_minute,,simulated
CC-PT,pressure,53382.7003222,1780902734.2232401,1.3561768956395261,,214.04422390988154,psi,,simulated
FI-PT,pressure,53382.7003821,1780902734.2232995,1.6517480196652436,,287.9370049163109,psi,,simulated
thrust,thrust,53382.707576,1780902734.230494,2.5003609061671384,2.4996390938328616,16.226986854177856,lbs,,simulated
CC-PT,pressure,53382.7109888,1780902734.2339065,1.3640894131767052,,216.0223532941763,psi,,simulated
FI-PT,pressure,53382.7110279,1780902734.2339454,1.6604729486075578,,290.11823715188945,psi,,simulated
thrust,thrust,53382.7177076,1780902734.2406254,2.500330507794679,2.499669492205321,14.860221652587319,lbs,,simulated
CC-PT,pressure,53382.7211884,1780902734.2441058,1.3574125000730155,,214.35312501825388,psi,,simulated
FI-PT,pressure,53382.7212032,1780902734.2441206,1.6682173810264325,,292.05434525660814,psi,,simulated
thrust,thrust,53382.7279012,1780902734.2508187,2.5003138184921525,2.4996861815078475,14.109840757596436,lbs,,simulated
CC-PT,pressure,53382.7313925,1780902734.25431,1.3667209585572433,,216.68023963931083,psi,,simulated
FI-PT,pressure,53382.7314046,1780902734.2543218,1.6510059417493275,,287.7514854373319,psi,,simulated
thrust,thrust,53382.7380327,1780902734.2609506,2.5002804398870992,2.4997195601129008,12.609078967614668,lbs,,simulated
FM-FM,flow,53382.7380794,1780902734.260997,1.6060217149283544,,7.556453577453322,gallons_per_minute,,simulated
CC-PT,pressure,53382.7418409,1780902734.2647588,1.3537313167728562,,213.43282919321405,psi,,simulated
FI-PT,pressure,53382.7419026,1780902734.2648203,1.6561867780908082,,289.04669452270207,psi,,simulated
thrust,thrust,53382.748258,1780902734.2711759,2.500247061282046,2.499752938717954,11.108317177632902,lbs,,simulated
CC-PT,pressure,53382.7521483,1780902734.2750664,1.3499768197508835,,212.49420493772087,psi,,simulated
FI-PT,pressure,53382.7522223,1780902734.2751398,1.6525979820010641,,288.149495500266,psi,,simulated
tank_temp,temperature,53382.7550514,1780902734.277969,,,21.624041323617227,°C,,simulated
thrust,thrust,53382.7589203,1780902734.2818382,2.5002112984909175,2.4997887015090825,9.50035811693815,lbs,,simulated
CC-PT,pressure,53382.7625745,1780902734.2854922,1.3430030754808278,,210.75076887020694,psi,,simulated
FI-PT,pressure,53382.7626061,1780902734.2855234,1.669766505928815,,292.44162648220373,psi,,simulated
thrust,thrust,53382.7692474,1780902734.2921653,2.500181496164977,2.499818503835023,8.160392233025858,lbs,,simulated
CC-PT,pressure,53382.773125,1780902734.296043,1.3528467837389448,,213.2116959347362,psi,,simulated
FI-PT,pressure,53382.7731942,1780902734.2961116,1.6625930860749585,,290.64827151873965,psi,,simulated
FM-FM,flow,53382.7784106,1780902734.3013282,1.5798934197298788,,7.3115008099676135,gallons_per_minute,,simulated
thrust,thrust,53382.7794806,1780902734.3023982,2.500160634536819,2.499839365463181,7.222416114287254,lbs,,simulated
CC-PT,pressure,53382.7836386,1780902734.3065562,1.3604773712727276,,215.1193428181819,psi,,simulated
FI-PT,pressure,53382.7836607,1780902734.306578,1.658874947890633,,289.7187369726583,psi,,simulated
thrust,thrust,53382.7898591,1780902734.312777,2.500131428257397,2.499868571742603,5.909249548053208,lbs,,simulated
CC-PT,pressure,53382.7940352,1780902734.3169532,1.3490875183448217,,212.27187958620542,psi,,simulated
FI-PT,pressure,53382.7941031,1780902734.3170207,1.6631301239884047,,290.78253099710116,psi,,simulated
thrust,thrust,53382.8008208,1780902734.3237386,2.5000831484893737,2.4999168515106263,3.7385048161152947,lbs,,simulated
CC-PT,pressure,53382.8044258,1780902734.3273437,1.3516868772133441,,212.92171930333603,psi,,simulated
FI-PT,pressure,53382.8044521,1780902734.3273695,1.6616048409467745,,290.40121023669366,psi,,simulated
thrust,thrust,53382.8111332,1780902734.334051,2.5000563263960274,2.4999436736039726,2.532535520594232,lbs,,simulated
CC-PT,pressure,53382.8145276,1780902734.337445,1.3429166487356006,,210.72916218390014,psi,,simulated
FI-PT,pressure,53382.8145544,1780902734.3374717,1.6674943765991181,,291.87359414977954,psi,,simulated
FM-FM,flow,53382.8188844,1780902734.341802,1.5743442266397747,,7.259477124747887,gallons_per_minute,,simulated
thrust,thrust,53382.8215518,1780902734.3444698,2.500002086162816,2.499997913837184,0.09379761187386045,lbs,,simulated
CC-PT,pressure,53382.825023,1780902734.3479407,1.348586243222504,,212.146560805626,psi,,simulated
FI-PT,pressure,53382.8250531,1780902734.3479705,1.6689982019660712,,292.2495504915178,psi,,simulated
thrust,thrust,53382.8317931,1780902734.3547108,2.499977052209026,2.500022947790974,1.0317737306124648,lbs,,simulated
CC-PT,pressure,53382.8356229,1780902734.3585405,1.3495011746288745,,212.37529365721863,psi,,simulated
FI-PT,pressure,53382.8356883,1780902734.3586059,1.6673882803187703,,291.84707007969257,psi,,simulated
thrust,thrust,53382.8420389,1780902734.3649566,2.4999496340691607,2.5000503659308393,2.2645423438117738,lbs,,simulated
CC-PT,pressure,53382.8462341,1780902734.369152,1.3510121525540533,,212.75303813851332,psi,,simulated
FI-PT,pressure,53382.8463044,1780902734.369222,1.663878162369509,,290.96954059237726,psi,,simulated
thrust,thrust,53382.852376,1780902734.3752937,2.49991506337107,2.50008493662893,3.8189027691500326,lbs,,simulated
tank_temp,temperature,53382.8556013,1780902734.378519,,,21.497115926739337,°C,,simulated
CC-PT,pressure,53382.856711,1780902734.379629,1.349795025562647,,212.44875639066174,psi,,simulated
FI-PT,pressure,53382.8567524,1780902734.37967,1.6663219530966225,,291.58048827415564,psi,,simulated
FM-FM,flow,53382.85942,1780902734.3823378,1.591032933119885,,7.4159337479989205,gallons_per_minute,,simulated
thrust,thrust,53382.8627451,1780902734.385663,2.499898970115062,2.500101029884938,4.54248434646267,lbs,,simulated
CC-PT,pressure,53382.8672234,1780902734.3901412,1.3399316477694092,,209.9829119423523,psi,,simulated
FI-PT,pressure,53382.8672558,1780902734.3901732,1.6665418942620627,,291.63547356551567,psi,,simulated
thrust,thrust,53382.8730779,1780902734.3959956,2.4998381733701436,2.5001618266298564,7.276014749643746,lbs,,simulated
CC-PT,pressure,53382.8777167,1780902734.4006345,1.3339926402560043,,208.49816006400107,psi,,simulated
FI-PT,pressure,53382.8777695,1780902734.4006867,1.6685827575424619,,292.14568938561547,psi,,simulated
thrust,thrust,53382.8833332,1780902734.406251,2.4998328089514743,2.5001671910485257,7.517208608747959,lbs,,simulated
CC-PT,pressure,53382.8882811,1780902734.4111986,1.3450707608545733,,211.26769021364333,psi,,simulated
FI-PT,pressure,53382.8883049,1780902734.4112222,1.6504987061618217,,287.6246765404554,psi,,simulated
thrust,thrust,53382.8937313,1780902734.4166496,2.499802410579015,2.500197589420985,8.883973810338496,lbs,,simulated
CC-PT,pressure,53382.8985741,1780902734.4214919,1.3380016491415083,,209.50041228537708,psi,,simulated
FI-PT,pressure,53382.8987048,1780902734.4216223,1.6635211305047428,,290.8802826261857,psi,,simulated
FM-FM,flow,53382.8997854,1780902734.422703,1.540264074833879,,6.939975701567615,gallons_per_minute,,simulated
thrust,thrust,53382.9039538,1780902734.4268713,2.4997863173230073,2.5002136826769927,9.607555387651134,lbs,,simulated
CC-PT,pressure,53382.9089947,1780902734.4319124,1.3397421049764282,,209.93552624410705,psi,,simulated
FI-PT,pressure,53382.9090429,1780902734.4319603,1.6618492200194859,,290.4623050048715,psi,,simulated
thrust,thrust,53382.9142748,1780902734.4371927,2.499727904764164,2.500272095235836,12.233888520119226,lbs,,simulated
CC-PT,pressure,53382.9191685,1780902734.4420862,1.3448311501540124,,211.2077875385031,psi,,simulated
FI-PT,pressure,53382.9191954,1780902734.4421127,1.6622706249082833,,290.5676562270708,psi,,simulated
thrust,thrust,53382.9244986,1780902734.4474163,2.499706447089487,2.500293552910513,13.198663956536077,lbs,,simulated
CC-PT,pressure,53382.92957,1780902734.4524877,1.3349481028256538,,208.73702570641345,psi,,simulated
FI-PT,pressure,53382.9296008,1780902734.4525182,1.6597529244128375,,289.9382311032094,psi,,simulated
thrust,thrust,53382.9346086,1780902734.4575264,2.4996867775543663,2.5003132224456337,14.08304143991819,lbs,,simulated
CC-PT,pressure,53382.940068,1780902734.4629855,1.3389463828738193,,209.73659571845482,psi,,simulated
FI-PT,pressure,53382.9400814,1780902734.4629989,1.6607405734945027,,290.1851433736257,psi,,simulated
FM-FM,flow,53382.9400878,1780902734.463005,1.5865065558560556,,7.373498961150521,gallons_per_minute,,simulated
thrust,thrust,53382.9453119,1780902734.4682293,2.4996498226702,2.5003501773298,15.744599135969432,lbs,,simulated
CC-PT,pressure,53382.9503117,1780902734.4732294,1.3308031953338617,,207.70079883346543,psi,,simulated
FI-PT,pressure,53382.9503321,1780902734.4732494,1.6640885667906482,,291.02214169766205,psi,,simulated
thrust,thrust,53382.9553932,1780902734.4783106,2.4996015429021767,2.5003984570978233,17.915343867907346,lbs,,simulated
tank_temp,temperature,53382.9560351,1780902734.4789526,,,21.591789788344965,°C,,simulated
CC-PT,pressure,53382.9606271,1780902734.483545,1.3377352163476008,,209.4338040869002,psi,,simulated
FI-PT,pressure,53382.9607094,1780902734.483627,1.662255723745313,,290.5639309363283,psi,,simulated
thrust,thrust,53382.9657336,1780902734.4886515,2.4995777010414244,2.5004222989585756,18.98731657503718,lbs,,simulated
CC-PT,pressure,53382.9709061,1780902734.4938238,1.3291384374068305,,207.28460935170762,psi,,simulated
FI-PT,pressure,53382.9709407,1780902734.4938583,1.6617723300185596,,290.4430825046399,psi,,simulated
thrust,thrust,53382.9761252,1780902734.499043,2.4995401501107395,2.5004598498892605,20.675673588766667,lbs,,simulated
FM-FM,flow,53382.9802817,1780902734.5031998,1.5849413376976653,,7.358825040915612,gallons_per_minute,,simulated
CC-PT,pressure,53382.9813392,1780902734.5042572,1.3345147770064802,,208.62869425162006,psi,,simulated
FI-PT,pressure,53382.9813935,1780902734.504311,1.6545083110938443,,288.6270777734611,psi,,simulated
thrust,thrust,53382.9862922,1780902734.5092099,2.4995240568547317,2.5004759431452683,21.399255166079303,lbs,,simulated
CC-PT,pressure,53382.9918451,1780902734.5147634,1.3367112084282884,,209.1778021070721,psi,,simulated
FI-PT,pressure,53382.9919196,1780902734.514837,1.6533507887543188,,288.33769718857974,psi,,simulated
thrust,thrust,53382.9967776,1780902734.519695,2.4995020031335358,2.5004979968664642,22.3908299201744,lbs,,simulated
CC-PT,pressure,53383.0020501,1780902734.5249681,1.3392914938082092,,209.8228734520523,psi,,simulated
FI-PT,pressure,53383.0020928,1780902734.52501,1.6563494987904428,,289.0873746976107,psi,,simulated
thrust,thrust,53383.0069601,1780902734.5298777,2.4994811415053775,2.5005188584946225,23.328806038913005,lbs,,simulated
CC-PT,pressure,53383.0122114,1780902734.535129,1.3280035648350197,,207.00089120875492,psi,,simulated
FI-PT,pressure,53383.0122368,1780902734.535154,1.6500904142964379,,287.5226035741095,psi,,simulated
thrust,thrust,53383.0171255,1780902734.540043,2.4994465708072866,2.5005534291927134,24.883166464251264,lbs,,simulated
FM-FM,flow,53383.0208875,1780902734.5438054,1.5833880404696512,,7.344262879402979,gallons_per_minute,,simulated
CC-PT,pressure,53383.022515,1780902734.5454326,1.33564011283399,,208.91002820849752,psi,,simulated
FI-PT,pressure,53383.0225564,1780902734.5454738,1.6576363632245497,,289.40909080613744,psi,,simulated
thrust,thrust,53383.0275257,1780902734.5504432,2.4994227289465343,2.5005772710534657,25.9551391713811,lbs,,simulated
CC-PT,pressure,53383.0327775,1780902734.555695,1.3308514751018852,,207.7128687754713,psi,,simulated
FI-PT,pressure,53383.0328012,1780902734.5557184,1.6555931157580752,,288.89827893951883,psi,,simulated
thrust,thrust,53383.0378076,1780902734.560725,2.499398887085782,2.500601112914218,27.027111878510933,lbs,,simulated
CC-PT,pressure,53383.043,1780902734.565918,1.3283129129782811,,207.07822824457028,psi,,simulated
FI-PT,pressure,53383.0430448,1780902734.5659623,1.6498615324332155,,287.4653831083039,psi,,simulated
thrust,thrust,53383.0479377,1780902734.5708556,2.49935477964339,2.50064522035661,29.010261386701124,lbs,,simulated
CC-PT,pressure,53383.0533408,1780902734.5762587,1.3295956050867563,,207.39890127168908,psi,,simulated
FI-PT,pressure,53383.0533815,1780902734.576299,1.648962098236334,,287.2405245590835,psi,,simulated
tank_temp,temperature,53383.0565879,1780902734.5795057,,,21.530407834117177,°C,,simulated
thrust,thrust,53383.058697,1780902734.5816145,2.4993440508060516,2.5006559491939484,29.49264910490955,lbs,,simulated
FM-FM,flow,53383.0613677,1780902734.5842857,1.5758206338668626,,7.273318442501836,gallons_per_minute,,simulated
CC-PT,pressure,53383.0639899,1780902734.5869074,1.3268704804027653,,206.71762010069133,psi,,simulated
FI-PT,pressure,53383.0640123,1780902734.5869296,1.6577305385745214,,289.43263464363037,psi,,simulated
thrust,thrust,53383.0691255,1780902734.5920432,2.4993231891778933,2.5006768108221067,30.430625223648153,lbs,,simulated
CC-PT,pressure,53383.0744477,1780902734.5973656,1.326974192497038,,206.7435481242595,psi,,simulated
FI-PT,pressure,53383.0744787,1780902734.5973961,1.6570283957753653,,289.25709894384136,psi,,simulated
thrust,thrust,53383.0796463,1780902734.6025639,2.4992880224332836,2.5007119775667164,32.011784966664656,lbs,,simulated
CC-PT,pressure,53383.0845824,1780902734.6075,1.3217146780150746,,205.42866950376865,psi,,simulated
FI-PT,pressure,53383.0846156,1780902734.607533,1.6735108701599684,,293.3777175399921,psi,,simulated
thrust,thrust,53383.0898672,1780902734.612785,2.4992576240608244,2.5007423759391756,33.378550168255195,lbs,,simulated
CC-PT,pressure,53383.094996,1780902734.6179135,1.3202847624164538,,205.07119060411344,psi,,simulated
FI-PT,pressure,53383.0950219,1780902734.6179392,1.6656102735531655,,291.4025683882914,psi,,simulated
thrust,thrust,53383.100107,1780902734.6230252,2.4992474912700047,2.5007525087299953,33.83413856878538,lbs,,simulated
FM-FM,flow,53383.1018046,1780902734.6247222,1.5821512439431242,,7.332667911966789,gallons_per_minute,,simulated
CC-PT,pressure,53383.105048,1780902734.6279655,1.315799512362422,,203.9498780906055,psi,,simulated
FI-PT,pressure,53383.105072,1780902734.6279895,1.655702788317536,,288.925697079384,psi,,simulated
thrust,thrust,53383.1103039,1780902734.6332223,2.4992266296418464,2.5007733703581536,34.77211468752398,lbs,,simulated
CC-PT,pressure,53383.1151598,1780902734.6380777,1.3158632893399345,,203.9658223349836,psi,,simulated
FI-PT,pressure,53383.1152122,1780902734.6381297,1.6573609897328603,,289.3402474332151,psi,,simulated
thrust,thrust,53383.1204477,1780902734.6433654,2.499212324525395,2.500787675474605,35.41529831180188,lbs,,simulated
CC-PT,pressure,53383.1258586,1780902734.648778,1.3181127689019165,,204.52819222547913,psi,,simulated
FI-PT,pressure,53383.1259564,1780902734.648874,1.6542555873698697,,288.56389684246744,psi,,simulated
thrust,thrust,53383.1308081,1780902734.6537256,2.499168217083003,2.500831782916997,37.39844781999207,lbs,,simulated
CC-PT,pressure,53383.1362852,1780902734.6592028,1.3122035637144522,,203.05089092861306,psi,,simulated
FI-PT,pressure,53383.1363075,1780902734.6592247,1.655562717385616,,288.890679346404,psi,,simulated
thrust,thrust,53383.1412922,1780902734.6642096,2.4991640447573715,2.5008359552426285,37.58604304373979,lbs,,simulated
FM-FM,flow,53383.1422844,1780902734.665202,1.5643598514032186,,7.165873606905174,gallons_per_minute,,simulated
CC-PT,pressure,53383.1465233,1780902734.669441,1.3154663223584082,,203.86658058960205,psi,,simulated
FI-PT,pressure,53383.1465577,1780902734.669475,1.6581555197424316,,289.5388799356079,psi,,simulated
thrust,thrust,53383.1513968,1780902734.6743145,2.4991706012690784,2.5008293987309216,37.29125054927909,lbs,,simulated
CC-PT,pressure,53383.1566439,1780902734.6795611,1.3291199599647474,,207.27998999118685,psi,,simulated
FI-PT,pressure,53383.1566546,1780902734.6795719,1.6599371027871492,,289.98427569678734,psi,,simulated
tank_temp,temperature,53383.1566607,1780902734.679578,,,21.75703555777747,°C,,simulated
thrust,thrust,53383.1619625,1780902734.68488,2.4991461633618073,2.5008538366381927,38.39002257408717,lbs,,simulated
CC-PT,pressure,53383.1670638,1780902734.6899817,1.3120795860385401,,203.01989650963503,psi,,simulated
FI-PT,pressure,53383.1671148,1780902734.6900325,1.6564657278616104,,289.1164319654026,psi,,simulated
thrust,thrust,53383.172131,1780902734.6950488,2.499116361035867,2.500883638964133,39.72998845799946,lbs,,simulated
CC-PT,pressure,53383.1776017,1780902734.7005193,1.3203467512544098,,205.08668781360245,psi,,simulated
FI-PT,pressure,53383.1776363,1780902734.7005537,1.6651119786634418,,291.2779946658605,psi,,simulated
thrust,thrust,53383.1826381,1780902734.7055557,2.4990996717333402,2.5009003282666598,40.480369352990344,lbs,,simulated
FM-FM,flow,53383.1826674,1780902734.705585,1.5827025869730218,,7.337836752872079,gallons_per_minute,,simulated
CC-PT,pressure,53383.1880101,1780902734.7109277,1.3091327320495525,,202.28318301238812,psi,,simulated
FI-PT,pressure,53383.1880199,1780902734.7109373,1.664020617487504,,291.005154371876,psi,,simulated
thrust,thrust,53383.1931095,1780902734.716027,2.4990859626634077,2.5009140373365923,41.09675365959,lbs,,simulated
CC-PT,pressure,53383.1980514,1780902734.720969,1.3076962599392248,,201.9240649848062,psi,,simulated
FI-PT,pressure,53383.1980784,1780902734.720996,1.6718717422332459,,292.96793555831147,psi,,simulated
thrust,thrust,53383.2034309,1780902734.7263484,2.499066293128287,2.500933706871713,41.98113114297211,lbs,,simulated
CC-PT,pressure,53383.2083303,1780902734.7312477,1.3263763578386734,,206.59408945966834,psi,,simulated
FI-PT,pressure,53383.2083461,1780902734.7312634,1.6522576394388246,,288.0644098597062,psi,,simulated
thrust,thrust,53383.2136752,1780902734.7365932,2.49905973661658,2.50094026338342,42.27592363743282,lbs,,simulated
CC-PT,pressure,53383.2188972,1780902734.741815,1.3069202073717365,,201.73005184293413,psi,,simulated
FI-PT,pressure,53383.2189586,1780902734.7418761,1.6641517477216419,,291.03793693041047,psi,,simulated
FM-FM,flow,53383.2231211,1780902734.7460387,1.5315731205431367,,6.8584980050919055,gallons_per_minute,,simulated
thrust,thrust,53383.2242819,1780902734.7471998,2.4990525840583544,2.5009474159416456,42.597515449571766,lbs,,simulated
CC-PT,pressure,53383.2289961,1780902734.7519135,1.3225974229094295,,205.64935572735737,psi,,simulated
FI-PT,pressure,53383.2290233,1780902734.7519405,1.6578312704362,,289.45781760905,psi,,simulated
thrust,thrust,53383.2345987,1780902734.7575166,2.4990311263836773,2.5009688736163227,43.56229088598862,lbs,,simulated
CC-PT,pressure,53383.2393089,1780902734.7622266,1.3029398087191355,,200.73495217978387,psi,,simulated
FI-PT,pressure,53383.2393409,1780902734.7622585,1.650425988486527,,287.6064971216318,psi,,simulated
thrust,thrust,53383.2449699,1780902734.7678876,2.4990335105697525,2.5009664894302475,43.45509361527563,lbs,,simulated
CC-PT,pressure,53383.2495271,1780902734.7724447,1.3018120887055504,,200.4530221763876,psi,,simulated
FI-PT,pressure,53383.2496122,1780902734.7725296,1.6582395623015835,,289.5598905753959,psi,,simulated
thrust,thrust,53383.2555574,1780902734.7784755,2.499028742197602,2.500971257802398,43.6694881567016,lbs,,simulated
tank_temp,temperature,53383.2572075,1780902734.780125,,,21.628376207390378,°C,,simulated
CC-PT,pressure,53383.2598177,1780902734.782735,1.30347267430695,,200.8681685767375,psi,,simulated
FI-PT,pressure,53383.2598417,1780902734.7827592,1.6501786291812215,,287.5446572953054,psi,,simulated
FM-FM,flow,53383.2635002,1780902734.7864177,1.5829708079064855,,7.340351324123301,gallons_per_minute,,simulated
thrust,thrust,53383.2660995,1780902734.7890172,2.4990060924298874,2.5009939075701126,44.68786222847494,lbs,,simulated
CC-PT,pressure,53383.2701264,1780902734.7930446,1.3046433096698893,,201.16082741747232,psi,,simulated
FI-PT,pressure,53383.2701979,1780902734.7931154,1.659863193018817,,289.9657982547043,psi,,simulated
thrust,thrust,53383.2767061,1780902734.799624,2.4990084766159626,2.5009915233840374,44.58066495776196,lbs,,simulated
CC-PT,pressure,53383.2802333,1780902734.8031511,1.3008107305539527,,200.20268263848817,psi,,simulated
FI-PT,pressure,53383.2802582,1780902734.8031757,1.6764416308929482,,294.110407723237,psi,,simulated
thrust,thrust,53383.2870992,1780902734.8100169,2.4989929794064736,2.5010070205935264,45.27744721739635,lbs,,simulated
CC-PT,pressure,53383.290301,1780902734.8132186,1.303628242448359,,200.90706061208974,psi,,simulated
FI-PT,pressure,53383.2903267,1780902734.813244,1.6678424677661021,,291.96061694152553,psi,,simulated
thrust,thrust,53383.2973514,1780902734.8202689,2.4990049003368497,2.5009950996631503,44.741460863831435,lbs,,simulated
CC-PT,pressure,53383.3008868,1780902734.8238046,1.3045312529243533,,201.13281323108833,psi,,simulated
FI-PT,pressure,53383.3009182,1780902734.8238354,1.6709293926870101,,292.7323481717525,psi,,simulated
FM-FM,flow,53383.3037274,1780902734.8266451,1.5421583106706513,,6.957734162537356,gallons_per_minute,,simulated
thrust,thrust,53383.3075321,1780902734.8304496,2.499004304290331,2.500995695709669,44.76826018150968,lbs,,simulated
CC-PT,pressure,53383.3115157,1780902734.8344333,1.3019509675444327,,200.48774188610818,psi,,simulated
FI-PT,pressure,53383.3115429,1780902734.8344605,1.6671677431068113,,291.7919357767028,psi,,simulated
thrust,thrust,53383.3179269,1780902734.8408449,2.498995363592549,2.501004636407451,45.17024994668336,lbs,,simulated
CC-PT,pressure,53383.3216124,1780902734.8445299,1.3011123300924696,,200.2780825231174,psi,,simulated
FI-PT,pressure,53383.3216368,1780902734.8445542,1.6507108987225174,,287.67772468062935,psi,,simulated
thrust,thrust,53383.3284636,1780902734.8513813,2.499000728011218,2.500999271988782,44.929056087579156,lbs,,simulated
CC-PT,pressure,53383.332109,1780902734.8550267,1.2977440712146842,,199.43601780367104,psi,,simulated
FI-PT,pressure,53383.3321358,1780902734.855053,1.6624810293294225,,290.62025733235566,psi,,simulated
thrust,thrust,53383.3386695,1780902734.8615875,2.4990060924298874,2.5009939075701126,44.68786222847494,lbs,,simulated
CC-PT,pressure,53383.3426417,1780902734.8655593,1.295821225145009,,198.95530628625224,psi,,simulated
FI-PT,pressure,53383.3426674,1780902734.8655849,1.6608568025656703,,290.21420064141756,psi,,simulated
FM-FM,flow,53383.3442743,1780902734.8671918,1.5686054907566893,,7.205676475843961,gallons_per_minute,,simulated
thrust,thrust,53383.348803,1780902734.8717206,2.4990090726624814,2.5009909273375186,44.553865640083714,lbs,,simulated
CC-PT,pressure,53383.3529292,1780902734.8758466,1.2995834707717266,,199.89586769293166,psi,,simulated
FI-PT,pressure,53383.3529546,1780902734.875872,1.6626109674705227,,290.6527418676307,psi,,simulated
tank_temp,temperature,53383.3574237,1780902734.8803413,,,21.600806346593107,°C,,simulated
thrust,thrust,53383.3590555,1780902734.881973,2.498991191266917,2.501008808733083,45.357845170431084,lbs,,simulated
CC-PT,pressure,53383.3632296,1780902734.8861475,1.2876541957442993,,196.91354893607482,psi,,simulated
FI-PT,pressure,53383.3632857,1780902734.886203,1.6537799422478607,,288.4449855619652,psi,,simulated
thrust,thrust,53383.3694813,1780902734.8923988,2.4990049003368497,2.5009950996631503,44.741460863831435,lbs,,simulated
CC-PT,pressure,53383.3736581,1780902734.8965757,1.3013590933512562,,200.33977333781405,psi,,simulated
FI-PT,pressure,53383.3736935,1780902734.8966107,1.6481216726448145,,287.0304181612036,psi,,simulated
thrust,thrust,53383.3799202,1780902734.902838,2.4989989398716617,2.5010010601283383,45.00945404061389,lbs,,simulated
CC-PT,pressure,53383.3839138,1780902734.9068313,1.2932975641843751,,198.32439104609378,psi,,simulated
FI-PT,pressure,53383.3839384,1780902734.9068556,1.6726507750333282,,293.162693758332,psi,,simulated
FM-FM,flow,53383.3845003,1780902734.907418,1.545779293272411,,6.991680874428853,gallons_per_minute,,simulated
thrust,thrust,53383.3901877,1780902734.9131052,2.4990001319646993,2.5009998680353007,44.9558554052574,lbs,,simulated
CC-PT,pressure,53383.3942869,1780902734.9172046,1.2991716026272302,,199.79290065680755,psi,,simulated
FI-PT,pressure,53383.3943453,1780902734.9172626,1.6671892007814884,,291.7973001953721,psi,,simulated
thrust,thrust,53383.4007173,1780902734.9236352,2.4990358947558278,2.5009641052441722,43.34789634456265,lbs,,simulated
CC-PT,pressure,53383.4046526,1780902734.92757,1.2891967641349749,,197.2991910337437,psi,,simulated
FI-PT,pressure,53383.4046798,1780902734.9275973,1.661889155136246,,290.4722887840615,psi,,simulated
thrust,thrust,53383.4110466,1780902734.933964,2.499041259174497,2.500958740825503,43.106702485458435,lbs,,simulated
CC-PT,pressure,53383.4151731,1780902734.9380906,1.2897862541420761,,197.44656353551903,psi,,simulated
FI-PT,pressure,53383.4151883,1780902734.9381056,1.6571136304275549,,289.2784076068887,psi,,simulated
thrust,thrust,53383.4211345,1780902734.9440522,2.4990549682444296,2.5009450317555704,42.49031817885878,lbs,,simulated
FM-FM,flow,53383.4248123,1780902734.9477298,1.5440650634843187,,6.975609970165488,gallons_per_minute,,simulated
CC-PT,pressure,53383.4253729,1780902734.9482903,1.2926127067342645,,198.15317668356613,psi,,simulated
FI-PT,pressure,53383.4253945,1780902734.9483118,1.6611697269880445,,290.29243174701116,psi,,simulated
thrust,thrust,53383.4314898,1780902734.9544075,2.49905973661658,2.50094026338342,42.27592363743282,lbs,,simulated
CC-PT,pressure,53383.4354626,1780902734.95838,1.2971611377192898,,199.29028442982244,psi,,simulated
FI-PT,pressure,53383.4354882,1780902734.9584057,1.6526486459551628,,288.16216148879073,psi,,simulated
thrust,thrust,53383.4415866,1780902734.9645042,2.4990579484770237,2.5009420515229763,42.35632159046755,lbs,,simulated
CC-PT,pressure,53383.4455595,1780902734.968477,1.2810732461301382,,195.26831153253454,psi,,simulated
FI-PT,pressure,53383.4455906,1780902734.968508,1.6658671696027718,,291.46679240069295,psi,,simulated
thrust,thrust,53383.4521301,1780902734.9750478,2.4990770219656255,2.5009229780343745,41.49874342476369,lbs,,simulated
CC-PT,pressure,53383.455802,1780902734.9787195,1.2842978577968904,,196.0744644492226,psi,,simulated
FI-PT,pressure,53383.4558282,1780902734.9787457,1.661118466987427,,290.2796167468568,psi,,simulated
tank_temp,temperature,53383.4579103,1780902734.9808278,,,21.6141577886144,°C,,simulated
thrust,thrust,53383.4625197,1780902734.9854372,2.499082386384295,2.500917613615705,41.257549565659474,lbs,,simulated
FM-FM,flow,53383.4650909,1780902734.9880087,1.5337773005696895,,6.879162192840839,gallons_per_minute,,simulated
CC-PT,pressure,53383.466137,1780902734.9890544,1.2921364655657368,,198.0341163914342,psi,,simulated
FI-PT,pressure,53383.4661474,1780902734.9890647,1.6592474769648882,,289.81186924122204,psi,,simulated
thrust,thrust,53383.472947,1780902734.9958649,2.4991151689428293,2.5008848310571707,39.783587093355955,lbs,,simulated
CC-PT,pressure,53383.4766822,1780902734.9996002,1.28449812942721,,196.1245323568025,psi,,simulated
FI-PT,pressure,53383.4767374,1780902734.999655,1.6575934478751955,,289.3983619687989,psi,,simulated
thrust,thrust,53383.483079,1780902735.0059967,2.4990925191751145,2.5009074808248855,40.80196116512929,lbs,,simulated
CC-PT,pressure,53383.4868988,1780902735.0098164,1.285442863159521,,196.36071578988023,psi,,simulated
FI-PT,pressure,53383.4869107,1780902735.009828,1.659798223948267,,289.94955598706673,psi,,simulated
thrust,thrust,53383.4932795,1780902735.0161972,2.4991354345244687,2.5008645654755313,38.87241029229559,lbs,,simulated
CC-PT,pressure,53383.4973931,1780902735.020311,1.2886501894772278,,197.16254736930694,psi,,simulated
FI-PT,pressure,53383.4975368,1780902735.020455,1.6610177351257485,,290.2544337814371,psi,,simulated
thrust,thrust,53383.5036254,1780902735.0265434,2.4991425870826944,2.5008574129173056,38.55081848015664,lbs,,simulated
FM-FM,flow,53383.5058108,1780902735.0287282,1.576711127365962,,7.281666819055893,gallons_per_minute,,simulated
CC-PT,pressure,53383.5078532,1780902735.0307708,1.283674393138217,,195.91859828455426,psi,,simulated
FI-PT,pressure,53383.5078633,1780902735.0307806,1.6578396150874632,,289.4599037718658,psi,,simulated
thrust,thrust,53383.5137339,1780902735.0366516,2.499172389408635,2.500827610591365,37.21085259624435,lbs,,simulated
CC-PT,pressure,53383.5183985,1780902735.041316,1.2828971484776912,,195.7242871194228,psi,,simulated
FI-PT,pressure,53383.5184167,1780902735.041334,1.6660579044887904,,291.5144761221976,psi,,simulated
thrust,thrust,53383.5239577,1780902735.0468757,2.4991950391763496,2.5008049608236504,36.19247852447101,lbs,,simulated
CC-PT,pressure,53383.52849,1780902735.0514076,1.2871570929476133,,196.7892732369033,psi,,simulated
FI-PT,pressure,53383.528518,1780902735.0514355,1.6615762307138717,,290.39405767846796,psi,,simulated
thrust,thrust,53383.5345345,1780902735.0574522,2.499196231269387,2.500803768730613,36.13887988911452,lbs,,simulated
CC-PT,pressure,53383.538663,1780902735.061581,1.2806208468223628,,195.1552117055907,psi,,simulated
FI-PT,pressure,53383.5387097,1780902735.0616271,1.659782130692259,,289.9455326730648,psi,,simulated
thrust,thrust,53383.5446889,1780902735.0676064,2.4992361663861473,2.5007638336138527,34.343325604672046,lbs,,simulated
FM-FM,flow,53383.5462609,1780902735.0691786,1.522570433923058,,6.774097818028667,gallons_per_minute,,simulated
CC-PT,pressure,53383.5488732,1780902735.071791,1.2818200924182048,,195.4550231045512,psi,,simulated
FI-PT,pressure,53383.5488949,1780902735.0718124,1.6552140301721132,,288.80350754302833,psi,,simulated
thrust,thrust,53383.5548769,1780902735.0777948,2.4992540477817116,2.5007459522182884,33.53934607432467,lbs,,simulated
tank_temp,temperature,53383.5583282,1780902735.0812461,,,21.631323928356107,°C,,simulated
CC-PT,pressure,53383.5594627,1780902735.0823803,1.2725050774222704,,193.1262693555676,psi,,simulated
FI-PT,pressure,53383.5595065,1780902735.0824242,1.6677286228810098,,291.93215572025247,psi,,simulated
thrust,thrust,53383.5652171,1780902735.0881352,2.4992486833630423,2.5007513166369577,33.780539933428884,lbs,,simulated
CC-PT,pressure,53383.5696834,1780902735.0926013,1.2674392780589196,,191.8598195147299,psi,,simulated
FI-PT,pressure,53383.5697511,1780902735.0926688,1.6682418189337036,,292.0604547334259,psi,,simulated
thrust,thrust,53383.5753294,1780902735.0982468,2.4993047117358103,2.5006952882641897,31.261404071673773,lbs,,simulated
CC-PT,pressure,53383.5801307,1780902735.103048,1.2705583894918429,,192.6395973729607,psi,,simulated
FI-PT,pressure,53383.5801595,1780902735.103077,1.6646339493553577,,291.15848733883945,psi,,simulated
thrust,thrust,53383.5854744,1780902735.1083922,2.4992975591775846,2.5007024408224154,31.582995883812725,lbs,,simulated
FM-FM,flow,53383.5866043,1780902735.1095219,1.5176506659568152,,6.727974993345142,gallons_per_minute,,simulated
CC-PT,pressure,53383.5904242,1780902735.1133423,1.2851114612950636,,196.2778653237659,psi,,simulated
FI-PT,pressure,53383.5904888,1780902735.1134062,1.6494800626611783,,287.3700156652946,psi,,simulated
thrust,thrust,53383.5956255,1780902735.1185431,2.4993190168522617,2.5006809831477383,30.618220447395874,lbs,,simulated
CC-PT,pressure,53383.6005797,1780902735.1234977,1.2729872790559862,,193.24681976399654,psi,,simulated
FI-PT,pressure,53383.6006187,1780902735.123536,1.6584940741651146,,289.62351854127866,psi,,simulated
thrust,thrust,53383.6061364,1780902735.1290543,2.499367296620285,2.500632703379715,28.447475715457962,lbs,,simulated
CC-PT,pressure,53383.6110916,1780902735.1340091,1.27766147585648,,194.41536896411998,psi,,simulated
FI-PT,pressure,53383.6111164,1780902735.134034,1.666584213564898,,291.64605339122454,psi,,simulated
thrust,thrust,53383.6164487,1780902735.1393664,2.4993756412715484,2.5006243587284516,28.07228526796252,lbs,,simulated
CC-PT,pressure,53383.6211633,1780902735.144081,1.27078488716899,,192.69622179224748,psi,,simulated
FI-PT,pressure,53383.621217,1780902735.1441343,1.660897929775468,,290.22448244386703,psi,,simulated
thrust,thrust,53383.6267282,1780902735.1496463,2.499410808016158,2.500589191983842,26.491125524946014,lbs,,simulated
FM-FM,flow,53383.6267863,1780902735.1497037,1.5456368381544159,,6.990345357697649,gallons_per_minute,,simulated
CC-PT,pressure,53383.6317985,1780902735.1547163,1.2684525571408936,,192.11313928522338,psi,,simulated
FI-PT,pressure,53383.6318275,1780902735.1547449,1.668380697772586,,292.0951744431465,psi,,simulated
thrust,thrust,53383.6373104,1780902735.1602278,2.4994352459234292,2.5005647540765708,25.392353500137936,lbs,,simulated
CC-PT,pressure,53383.6419278,1780902735.1648452,1.2713994111298812,,192.8498527824703,psi,,simulated
FI-PT,pressure,53383.6419654,1780902735.164883,1.6581430027655366,,289.5357506913842,psi,,simulated
thrust,thrust,53383.6479397,1780902735.170858,2.4994531273189935,2.5005468726810065,24.58837396979056,lbs,,simulated
CC-PT,pressure,53383.6524292,1780902735.1753469,1.267363580151031,,191.84089503775775,psi,,simulated
FI-PT,pressure,53383.6524533,1780902735.1753707,1.6656066972740526,,291.4016743185132,psi,,simulated
thrust,thrust,53383.6583855,1780902735.181303,2.499507367552205,2.500492632447795,22.149636061070186,lbs,,simulated
tank_temp,temperature,53383.6584099,1780902735.1813273,,,21.64779648669408,°C,,simulated
CC-PT,pressure,53383.6629811,1780902735.1858988,1.2579800198054336,,189.4950049513584,psi,,simulated
FI-PT,pressure,53383.6630083,1780902735.1859257,1.6640295581852862,,291.0073895463216,psi,,simulated
FM-FM,flow,53383.6670917,1780902735.1900096,1.544256990463375,,6.97740928559414,gallons_per_minute,,simulated
thrust,thrust,53383.6686818,1780902735.1915991,2.4995341896455514,2.5004658103544486,20.943666765549125,lbs,,simulated
CC-PT,pressure,53383.6733211,1780902735.196239,1.2687225662139137,,192.1806415534784,psi,,simulated
FI-PT,pressure,53383.6733847,1780902735.1963022,1.6462578351805013,,286.56445879512535,psi,,simulated
thrust,thrust,53383.6791683,1780902735.202086,2.4995496868550404,2.5004503131449596,20.246884505914732,lbs,,simulated
CC-PT,pressure,53383.6836186,1780902735.2065363,1.2758798928117623,,193.96997320294057,psi,,simulated
FI-PT,pressure,53383.6836417,1780902735.206559,1.6585566590495895,,289.6391647623974,psi,,simulated
thrust,thrust,53383.6895951,1780902735.212513,2.4995937942974322,2.5004062057025678,18.26373499772454,lbs,,simulated
CC-PT,pressure,53383.6937211,1780902735.2166388,1.267739685504399,,191.93492137609974,psi,,simulated
FI-PT,pressure,53383.6937419,1780902735.2166593,1.659627158597369,,289.9067896493423,psi,,simulated
thrust,thrust,53383.7001026,1780902735.2230203,2.4996080994138836,2.5003919005861164,17.62055137344664,lbs,,simulated
CC-PT,pressure,53383.7038742,1780902735.2267916,1.2702263915808667,,192.55659789521667,psi,,simulated
FI-PT,pressure,53383.7039659,1780902735.2268834,1.6573478767094465,,289.33696917736165,psi,,simulated
FM-FM,flow,53383.7074711,1780902735.2303886,1.5373947068923364,,6.9130753771156535,gallons_per_minute,,simulated
thrust,thrust,53383.7106842,1780902735.2336018,2.499641478018937,2.500358521981063,16.119789583464875,lbs,,simulated
CC-PT,pressure,53383.7142979,1780902735.237216,1.26180783054922,,190.451957637305,psi,,simulated
FI-PT,pressure,53383.7143623,1780902735.2372797,1.6558136529700342,,288.9534132425086,psi,,simulated
thrust,thrust,53383.7210061,1780902735.2439237,2.499666511972727,2.500333488027273,14.99421824097855,lbs,,simulated
CC-PT,pressure,53383.7245238,1780902735.2474413,1.2636061028964642,,190.90152572411606,psi,,simulated
FI-PT,pressure,53383.7245582,1780902735.2474756,1.6707720364060448,,292.69300910151117,psi,,simulated
thrust,thrust,53383.7316175,1780902735.2545354,2.499687969647404,2.500312030352596,14.029442804561699,lbs,,simulated
CC-PT,pressure,53383.7345969,1780902735.2575145,1.2625683859072192,,190.6420964768048,psi,,simulated
FI-PT,pressure,53383.7346197,1780902735.2575371,1.6605784488413868,,290.14461221034674,psi,,simulated
thrust,thrust,53383.7417521,1780902735.2646697,2.499728500810683,2.500271499189317,12.207089202440981,lbs,,simulated
CC-PT,pressure,53383.7447561,1780902735.2676735,1.2683226189997934,,192.08065474994834,psi,,simulated
FI-PT,pressure,53383.7447791,1780902735.2676964,1.666099627745107,,291.52490693627675,psi,,simulated
FM-FM,flow,53383.7481312,1780902735.2710493,1.5137715952124116,,6.691608705116358,gallons_per_minute,,simulated
thrust,thrust,53383.7519058,1780902735.2748234,2.499752938717954,2.500247061282046,11.108317177632902,lbs,,simulated
CC-PT,pressure,53383.7551279,1780902735.2780457,1.26504853547198,,191.262133867995,psi,,simulated
FI-PT,pressure,53383.7551665,1780902735.278084,1.6533960882897483,,288.3490220724371,psi,,simulated
tank_temp,temperature,53383.7588527,1780902735.2817705,,,21.591269602292176,°C,,simulated
thrust,thrust,53383.7620888,1780902735.2850068,2.4997976422068646,2.5002023577931354,9.098368351764464,lbs,,simulated
CC-PT,pressure,53383.7653303,1780902735.288248,1.2466879185066126,,186.67197962665315,psi,,simulated
FI-PT,pressure,53383.7653765,1780902735.2882938,1.649030643585997,,287.25766089649926,psi,,simulated
thrust,thrust,53383.7724738,1780902735.2953918,2.499827444532805,2.500172555467195,7.7584024678521715,lbs,,simulated
CC-PT,pressure,53383.7757443,1780902735.298662,1.2642647342997473,,191.06618357493682,psi,,simulated
FI-PT,pressure,53383.7757667,1780902735.2986841,1.6587330888191567,,289.6832722047892,psi,,simulated
thrust,thrust,53383.7829031,1780902735.305821,2.499852478486595,2.500147521513405,6.632831125365846,lbs,,simulated
CC-PT,pressure,53383.7861664,1780902735.309084,1.2542195623182728,,188.5548905795682,psi,,simulated
FI-PT,pressure,53383.7862032,1780902735.3091207,1.6640879707441294,,291.0219926860324,psi,,simulated
FM-FM,flow,53383.7887784,1780902735.3116958,1.518272938522451,,6.733808798647977,gallons_per_minute,,simulated
thrust,thrust,53383.7934318,1780902735.3163497,2.4999037384872125,2.5000962615127875,4.328089805036703,lbs,,simulated
CC-PT,pressure,53383.7968298,1780902735.3197472,1.2564392395543145,,189.1098098885786,psi,,simulated
FI-PT,pressure,53383.796853,1780902735.3197703,1.6573830434540562,,289.34576086351404,psi,,simulated
thrust,thrust,53383.8040105,1780902735.3269289,2.499927580347965,2.500072419652035,3.25611709790687,lbs,,simulated
CC-PT,pressure,53383.8071083,1780902735.330026,1.2456889445410901,,186.42223613527253,psi,,simulated
FI-PT,pressure,53383.80721,1780902735.3301275,1.664980848429304,,291.24521210732604,psi,,simulated
thrust,thrust,53383.8141691,1780902735.3370867,2.499974071976432,2.500025928023568,1.165770319003694,lbs,,simulated
CC-PT,pressure,53383.817456,1780902735.340374,1.2583120177164098,,189.57800442910244,psi,,simulated
FI-PT,pressure,53383.8175193,1780902735.3404367,1.666689713798727,,291.6724284496818,psi,,simulated
thrust,thrust,53383.8244276,1780902735.347345,2.4999842047672516,2.5000157952327484,0.7101819184735148,lbs,,simulated
CC-PT,pressure,53383.8276318,1780902735.3505495,1.2538351123136415,,188.45877807841038,psi,,simulated
FI-PT,pressure,53383.8276579,1780902735.3505754,1.6592611860348208,,289.8152965087052,psi,,simulated
FM-FM,flow,53383.829226,1780902735.3521435,1.5492733179656646,,7.0244373559281055,gallons_per_minute,,simulated
thrust,thrust,53383.8344958,1780902735.3574133,2.5000157952327484,2.4999842047672516,0.7101819184735148,lbs,,simulated
CC-PT,pressure,53383.8377409,1780902735.3606584,1.2507100404155302,,187.67751010388255,psi,,simulated
FI-PT,pressure,53383.8377651,1780902735.3606825,1.6616739823429563,,290.4184955857391,psi,,simulated
thrust,thrust,53383.8449796,1780902735.367897,2.50004500151217,2.49995499848783,2.023348484707561,lbs,,simulated
CC-PT,pressure,53383.847962,1780902735.3708797,1.2543328111568464,,188.58320278921158,psi,,simulated
FI-PT,pressure,53383.848005,1780902735.3709226,1.6576876232251672,,289.4219058062918,psi,,simulated
thrust,thrust,53383.8554616,1780902735.3783796,2.500087916861524,2.499912083138476,3.9528993575412614,lbs,,simulated
CC-PT,pressure,53383.8582894,1780902735.3812068,1.2568707772339316,,189.2176943084829,psi,,simulated
FI-PT,pressure,53383.8583045,1780902735.3812218,1.66867872103199,,292.1696802579975,psi,,simulated
tank_temp,temperature,53383.8594049,1780902735.3823228,,,21.89869955948401,°C,,simulated
thrust,thrust,53383.8659457,1780902735.3888633,2.500116527094427,2.499883472905573,5.239266606097062,lbs,,simulated
CC-PT,pressure,53383.8686015,1780902735.391519,1.2581719467844898,,189.54298669612245,psi,,simulated
FI-PT,pressure,53383.8686135,1780902735.3915308,1.6728945580595207,,293.2236395148802,psi,,simulated
FM-FM,flow,53383.8696591,1780902735.3925767,1.5060170300027167,,6.618909656275468,gallons_per_minute,,simulated
thrust,thrust,53383.8760289,1780902735.3989468,2.5001499056994803,2.4998500943005197,6.740028396078829,lbs,,simulated
CC-PT,pressure,53383.8791346,1780902735.4020522,1.2576855728251424,,189.4213932062856,psi,,simulated
FI-PT,pressure,53383.8791583,1780902735.4020755,1.6653527814570404,,291.3381953642601,psi,,simulated
thrust,thrust,53383.8861768,1780902735.4090943,2.5001987815140225,2.4998012184859775,8.937572445694988,lbs,,simulated
CC-PT,pressure,53383.8893538,1780902735.4122713,1.2529714409078885,,188.2428602269721,psi,,simulated
FI-PT,pressure,53383.8893786,1780902735.4122958,1.6594304632461623,,289.8576158115406,psi,,simulated
thrust,thrust,53383.8963506,1780902735.4192686,2.5002202391886996,2.4997797608113004,9.902347882111838,lbs,,simulated
CC-PT,pressure,53383.8999128,1780902735.4228306,1.2452347570937583,,186.30868927343957,psi,,simulated
FI-PT,pressure,53383.8999442,1780902735.4228616,1.6583206246281414,,289.5801561570354,psi,,simulated
thrust,thrust,53383.9066182,1780902735.429536,2.500237524537745,2.499762475462255,10.679528094780968,lbs,,simulated
FM-FM,flow,53383.9097459,1780902735.4326632,1.5390034364465996,,6.928157216686872,gallons_per_minute,,simulated
CC-PT,pressure,53383.91029,1780902735.4332078,1.2395371484204707,,184.88428710511766,psi,,simulated
FI-PT,pressure,53383.9103487,1780902735.4332662,1.6609736276833567,,290.24340692083916,psi,,simulated
thrust,thrust,53383.9169615,1780902735.4398792,2.5002792477940616,2.4997207522059384,12.555480332258178,lbs,,simulated
CC-PT,pressure,53383.920372,1780902735.4432895,1.2488593159746308,,187.2148289936577,psi,,simulated
FI-PT,pressure,53383.9203945,1780902735.443312,1.6680767140479937,,292.01917851199846,psi,,simulated
thrust,thrust,53383.927043,1780902735.4499607,2.500303089654814,2.499696910345186,13.62745303938801,lbs,,simulated
CC-PT,pressure,53383.9307928,1780902735.4537106,1.2433888010250091,,185.84720025625228,psi,,simulated
FI-PT,pressure,53383.9308536,1780902735.453771,1.6582914183487198,,289.57285458717996,psi,,simulated
thrust,thrust,53383.9373108,1780902735.460229,2.5003328919807544,2.4996671080192456,14.967418923300302,lbs,,simulated
CC-PT,pressure,53383.9413795,1780902735.4642975,1.2515802683329902,,187.89506708324754,psi,,simulated
FI-PT,pressure,53383.9414306,1780902735.4643478,1.6718073692092146,,292.95184230230365,psi,,simulated
thrust,thrust,53383.9475522,1780902735.47047,2.5003638863997324,2.4996361136002676,16.360983442569086,lbs,,simulated
FM-FM,flow,53383.9501834,1780902735.4731011,1.539533917848339,,6.933130479828177,gallons_per_minute,,simulated
CC-PT,pressure,53383.9517396,1780902735.474657,1.2450541549985592,,186.2635387496398,psi,,simulated
FI-PT,pressure,53383.9517551,1780902735.4746723,1.6556980199453855,,288.9245049863464,psi,,simulated
thrust,thrust,53383.9578664,1780902735.4807844,2.500396668958267,2.499603331041733,17.83494591487261,lbs,,simulated
tank_temp,temperature,53383.9599912,1780902735.482909,,,21.515149043235677,°C,,simulated
CC-PT,pressure,53383.9620536,1780902735.484971,1.247603445959502,,186.9008614898755,psi,,simulated
FI-PT,pressure,53383.9620764,1780902735.4849937,1.6630818442203812,,290.7704610550953,psi,,simulated
thrust,thrust,53383.9683178,1780902735.4912353,2.5004324317493953,2.4995675682506047,19.44290497556736,lbs,,simulated
CC-PT,pressure,53383.9724483,1780902735.4953656,1.2344457190568112,,183.6114297642028,psi,,simulated
FI-PT,pressure,53383.9724602,1780902735.4953773,1.6711368168755554,,292.7842042188888,psi,,simulated
thrust,thrust,53383.9786752,1780902735.5015929,2.50046521430793,2.49953478569207,20.916867447870878,lbs,,simulated
CC-PT,pressure,53383.9827473,1780902735.505665,1.24429359964056,,186.07339991013998,psi,,simulated
FI-PT,pressure,53383.9827933,1780902735.5057108,1.6740377752825948,,293.5094438206487,psi,,simulated
thrust,thrust,53383.9890232,1780902735.5119407,2.5004842877965316,2.4995157122034684,21.774445613574745,lbs,,simulated
FM-FM,flow,53383.990582,1780902735.5134995,1.525009456278021,,6.796963652606446,gallons_per_minute,,simulated
CC-PT,pressure,53383.9931405,1780902735.5160582,1.2361170334955494,,184.02925837388733,psi,,simulated
FI-PT,pressure,53383.9931586,1780902735.516076,1.6609968734975902,,290.24921837439757,psi,,simulated
thrust,thrust,53383.9992118,1780902735.52213,2.5005033612851335,2.4994966387148665,22.63202377927861,lbs,,simulated
CC-PT,pressure,53384.0035794,1780902735.5264971,1.2389136837617973,,184.72842094044933,psi,,simulated
FI-PT,pressure,53384.0036046,1780902735.5265222,1.6683020196321032,,292.07550490802583,psi,,simulated
thrust,thrust,53384.0095369,1780902735.5324545,2.500539124076262,2.499460875923738,24.239982839973365,lbs,,simulated
CC-PT,pressure,53384.0142471,1780902735.5371659,1.2396062898166524,,184.9015724541631,psi,,simulated
FI-PT,pressure,53384.0143625,1780902735.5372803,1.678840718131151,,294.7101795327878,psi,,simulated
thrust,thrust,53384.0196145,1780902735.5425322,2.500563561983533,2.499436438016467,25.338754864781443,lbs,,simulated
CC-PT,pressure,53384.024864,1780902735.5477822,1.2415690710030878,,185.39226775077194,psi,,simulated
FI-PT,pressure,53384.024943,1780902735.5478604,1.6707815731503457,,292.6953932875864,psi,,simulated
thrust,thrust,53384.0298618,1780902735.5527797,2.500589191983842,2.499410808016158,26.491125524946014,lbs,,simulated
FM-FM,flow,53384.0309552,1780902735.5538728,1.4945181005618693,,6.511107192767524,gallons_per_minute,,simulated
CC-PT,pressure,53384.0352538,1780902735.5581715,1.2384803579426238,,184.62008948565594,psi,,simulated
FI-PT,pressure,53384.0352813,1780902735.5581985,1.6507347405832697,,287.68368514581744,psi,,simulated
thrust,thrust,53384.0402674,1780902735.563185,2.5006058812863685,2.4993941187136315,27.241506419936897,lbs,,simulated
CC-PT,pressure,53384.0457064,1780902735.568624,1.2345732730118362,,183.64331825295903,psi,,simulated
FI-PT,pressure,53384.0457333,1780902735.5686505,1.66568299122846,,291.42074780711505,psi,,simulated
thrust,thrust,53384.0505182,1780902735.5734363,2.500641644077497,2.499358355922503,28.849465480631647,lbs,,simulated
CC-PT,pressure,53384.0562666,1780902735.5791843,1.2361110730303613,,184.0277682575903,psi,,simulated
FI-PT,pressure,53384.056312,1780902735.5792294,1.6783710334743303,,294.59275836858257,psi,,simulated
tank_temp,temperature,53384.0602709,1780902735.5831885,,,21.358573041349473,°C,,simulated
thrust,thrust,53384.0608914,1780902735.5838094,2.5006493926822415,2.4993506073177585,29.197856610448845,lbs,,simulated
CC-PT,pressure,53384.0663917,1780902735.5893097,1.2314708508814396,,182.8677127203599,psi,,simulated
FI-PT,pressure,53384.0664593,1780902735.5893767,1.6572548934525124,,289.31372336312813,psi,,simulated
thrust,thrust,53384.0710087,1780902735.5939264,2.500703632915453,2.499296367084547,31.636594519169215,lbs,,simulated
FM-FM,flow,53384.0710496,1780902735.5939674,1.5591438483171283,,7.116973577973076,gallons_per_minute,,simulated
CC-PT,pressure,53384.0768247,1780902735.5997422,1.2332494536935632,,183.3123634233908,psi,,simulated
FI-PT,pressure,53384.0768634,1780902735.5997808,1.6698237263946205,,292.4559315986551,psi,,simulated
thrust,thrust,53384.0813109,1780902735.6042285,2.5007215143110173,2.4992784856889827,32.44057404951659,lbs,,simulated
CC-PT,pressure,53384.0869411,1780902735.609859,1.2443287663851696,,186.0821915962924,psi,,simulated
FI-PT,pressure,53384.0870089,1780902735.6099265,1.6519345822256306,,287.9836455564077,psi,,simulated
thrust,thrust,53384.0916292,1780902735.6145468,2.500743568032213,2.499256431967787,33.43214880361169,lbs,,simulated
CC-PT,pressure,53384.0971456,1780902735.6200635,1.228865531547729,,182.21638288693225,psi,,simulated
FI-PT,pressure,53384.0971993,1780902735.6201167,1.6741063206322577,,293.5265801580644,psi,,simulated
thrust,thrust,53384.1021374,1780902735.6250553,2.5007489324508825,2.4992510675491175,33.6733426627159,lbs,,simulated
CC-PT,pressure,53384.107536,1780902735.6304536,1.225263622434571,,181.31590560864274,psi,,simulated
FI-PT,pressure,53384.1075585,1780902735.6304758,1.6596402716207828,,289.9100679051957,psi,,simulated
FM-FM,flow,53384.1111851,1780902735.6341028,1.5195347690027678,,6.745638459400948,gallons_per_minute,,simulated
thrust,thrust,53384.112175,1780902735.6350925,2.5007805229163793,2.4992194770836207,35.09370649966293,lbs,,simulated
CC-PT,pressure,53384.1176689,1780902735.6405866,1.2212027575019309,,180.3006893754827,psi,,simulated
FI-PT,pressure,53384.1176931,1780902735.6406105,1.6696687542997304,,292.4171885749326,psi,,simulated
thrust,thrust,53384.1227764,1780902735.6456943,2.5008115173353573,2.4991884826646427,36.487271018931715,lbs,,simulated
CC-PT,pressure,53384.1279823,1780902735.6509,1.2313260115773692,,182.8315028943423,psi,,simulated
FI-PT,pressure,53384.1280073,1780902735.6509247,1.6704144084947599,,292.60360212368994,psi,,simulated
thrust,thrust,53384.133261,1780902735.656179,2.500816285707508,2.499183714292492,36.70166556035768,lbs,,simulated
CC-PT,pressure,53384.1382569,1780902735.6611745,1.2381459758455724,,184.5364939613931,psi,,simulated
FI-PT,pressure,53384.1382881,1780902735.6612055,1.6483803568339772,,287.0950892084943,psi,,simulated
thrust,thrust,53384.1436901,1780902735.6666083,2.5008258224518087,2.4991741775481913,37.13045464320961,lbs,,simulated
CC-PT,pressure,53384.1487383,1780902735.671656,1.2373526379290387,,184.33815948225967,psi,,simulated
FI-PT,pressure,53384.1487833,1780902735.6717005,1.65661593158435,,289.15398289608754,psi,,simulated
FM-FM,flow,53384.1514832,1780902735.6744008,1.519391121791735,,6.744291766797516,gallons_per_minute,,simulated
thrust,thrust,53384.1540774,1780902735.676995,2.500852644545155,2.499147355454845,38.336423938730675,lbs,,simulated
CC-PT,pressure,53384.1591272,1780902735.6820452,1.2380637214259769,,184.5159303564942,psi,,simulated
FI-PT,pressure,53384.1591989,1780902735.6821163,1.66730841008525,,291.8271025213125,psi,,simulated
tank_temp,temperature,53384.1608907,1780902735.6838086,,,21.719755557328376,°C,,simulated
thrust,thrust,53384.1643286,1780902735.687246,2.5008478761730046,2.4991521238269954,38.12202939730471,lbs,,simulated
CC-PT,pressure,53384.1693282,1780902735.6922457,1.2369652076918134,,184.24130192295334,psi,,simulated
FI-PT,pressure,53384.1693515,1780902735.6922688,1.6563214846040588,,289.08037115101473,psi,,simulated
thrust,thrust,53384.1747036,1780902735.6976213,2.5008955598945093,2.4991044401054907,40.26597481156438,lbs,,simulated
CC-PT,pressure,53384.1796614,1780902735.7025795,1.22413888265358,,181.03472066339498,psi,,simulated
FI-PT,pressure,53384.1797378,1780902735.7026556,1.6654702026212456,,291.3675506553114,psi,,simulated
thrust,thrust,53384.185157,1780902735.7080748,2.50090509663881,2.49909490336119,40.69476389441631,lbs,,simulated
CC-PT,pressure,53384.1902628,1780902735.7131803,1.2362880988464473,,184.07202471161182,psi,,simulated
FI-PT,pressure,53384.1903013,1780902735.713219,1.660043199067497,,290.0107997668743,psi,,simulated
FM-FM,flow,53384.1919683,1780902735.7148864,1.5056111223234083,,6.615104271781952,gallons_per_minute,,simulated
thrust,thrust,53384.1956527,1780902735.7185702,2.5009009243131786,2.4990990756868214,40.50716867066859,lbs,,simulated
CC-PT,pressure,53384.2005622,1780902735.72348,1.2262983591912222,,181.57458979780554,psi,,simulated
FI-PT,pressure,53384.200601,1780902735.7235184,1.6739179699323143,,293.47949248307856,psi,,simulated
thrust,thrust,53384.2059633,1780902735.728881,2.500934302918232,2.499065697081768,42.00793046065036,lbs,,simulated
CC-PT,pressure,53384.2112425,1780902735.7341604,1.2199087405095983,,179.97718512739957,psi,,simulated
FI-PT,pressure,53384.2112994,1780902735.734217,1.662945945614093,,290.73648640352326,psi,,simulated
thrust,thrust,53384.2160592,1780902735.7389767,2.500949800127721,2.499050199872279,42.704712720284746,lbs,,simulated
CC-PT,pressure,53384.2213376,1780902735.7442553,1.2299235141186136,,182.48087852965338,psi,,simulated
FI-PT,pressure,53384.2213697,1780902735.744287,1.660646398144531,,290.16159953613277,psi,,simulated
thrust,thrust,53384.2265223,1780902735.7494414,2.500955760592909,2.499044239407091,42.97270589706721,lbs,,simulated
CC-PT,pressure,53384.2314919,1780902735.7544098,1.2386216209675813,,184.65540524189532,psi,,simulated
FI-PT,pressure,53384.2315524,1780902735.7544699,1.6701259219796567,,292.53148049491415,psi,,simulated
FM-FM,flow,53384.2324777,1780902735.7553954,1.4918782105300676,,6.4863582237193835,gallons_per_minute,,simulated
thrust,thrust,53384.2370824,1780902735.76,2.5009658933837287,2.4990341066162713,43.42829429759739,lbs,,simulated
CC-PT,pressure,53384.241652,1780902735.76457,1.2274970087405455,,181.87425218513636,psi,,simulated
FI-PT,pressure,53384.2417046,1780902735.764622,1.67374511644186,,293.43627911046497,psi,,simulated
thrust,thrust,53384.2474106,1780902735.7703283,2.500983178732774,2.499016821267226,44.20547451026651,lbs,,simulated
CC-PT,pressure,53384.2520873,1780902735.775005,1.2338604013753416,,183.4651003438354,psi,,simulated
FI-PT,pressure,53384.2521285,1780902735.7750459,1.665615041925316,,291.403760481329,psi,,simulated
thrust,thrust,53384.2580194,1780902735.7809372,2.500977814314105,2.499022185685895,43.964280651162305,lbs,,simulated
tank_temp,temperature,53384.2612154,1780902735.7841334,,,21.729812487682096,°C,,simulated
CC-PT,pressure,53384.2623801,1780902735.7852979,1.2242217331196943,,181.05543327992356,psi,,simulated
FI-PT,pressure,53384.2624238,1780902735.7853413,1.6683747373073978,,292.0936843268495,psi,,simulated
thrust,thrust,53384.2685547,1780902735.7914724,2.5009968878027067,2.4990031121972933,44.82185881686617,lbs,,simulated
CC-PT,pressure,53384.2729172,1780902735.7958348,1.2219192054175383,,180.47980135438456,psi,,simulated
FI-PT,pressure,53384.2729552,1780902735.7958727,1.6697998845338682,,292.44997113346705,psi,,simulated
FM-FM,flow,53384.2729733,1780902735.7958906,1.5048827534774247,,6.608275813850856,gallons_per_minute,,simulated
thrust,thrust,53384.2791279,1780902735.802046,2.500986158965368,2.499013841034632,44.33947109865775,lbs,,simulated
CC-PT,pressure,53384.2830095,1780902735.8059273,1.2220300700700366,,180.50751751750914,psi,,simulated
FI-PT,pressure,53384.2830544,1780902735.8059719,1.664020617487504,,291.005154371876,psi,,simulated
thrust,thrust,53384.2892227,1780902735.8121402,2.5009855629188493,2.4990144370811507,44.3126717809795,lbs,,simulated
CC-PT,pressure,53384.2935071,1780902735.8164248,1.2215001847148161,,180.37504617870403,psi,,simulated
FI-PT,pressure,53384.2935515,1780902735.816469,1.6600098204624438,,290.002455115611,psi,,simulated
thrust,thrust,53384.2993929,1780902735.8223107,2.500992715477075,2.499007284522925,44.63426359311845,lbs,,simulated
CC-PT,pressure,53384.3039806,1780902735.826898,1.229884771094891,,182.47119277372275,psi,,simulated
FI-PT,pressure,53384.30401,1780902735.8269274,1.6704805696583476,,292.6201424145869,psi,,simulated
thrust,thrust,53384.3094907,1780902735.8324084,2.5009879471049246,2.4990120528950754,44.41986905169248,lbs,,simulated
FM-FM,flow,53384.3130692,1780902735.835987,1.5133722440448096,,6.687864787920089,gallons_per_minute,,simulated
CC-PT,pressure,53384.3147004,1780902735.8376179,1.2339694778882835,,183.49236947207086,psi,,simulated
FI-PT,pressure,53384.3147223,1780902735.8376396,1.6653229791311,,291.330744782775,psi,,simulated
thrust,thrust,53384.3200221,1780902735.8429399,2.5010034443144136,2.4989965556855864,45.116651311326876,lbs,,simulated
CC-PT,pressure,53384.3250109,1780902735.8479285,1.218961622591212,,179.74040564780302,psi,,simulated
FI-PT,pressure,53384.3250552,1780902735.8479726,1.6593827795246576,,289.84569488116443,psi,,simulated
thrust,thrust,53384.3305105,1780902735.8534284,2.500992715477075,2.499007284522925,44.63426359311845,lbs,,simulated
CC-PT,pressure,53384.3351137,1780902735.8580313,1.2219507958830351,,180.48769897075877,psi,,simulated
FI-PT,pressure,53384.3351458,1780902735.8580632,1.6728725043383248,,293.2181260845812,psi,,simulated
thrust,thrust,53384.3406103,1780902735.863528,2.5010028482678948,2.4989971517321052,45.08985199364863,lbs,,simulated
CC-PT,pressure,53384.3453789,1780902735.8682969,1.2222321298399126,,180.55803245997814,psi,,simulated
FI-PT,pressure,53384.3454539,1780902735.8683715,1.6705044115191,,292.626102879775,psi,,simulated
thrust,thrust,53384.3512359,1780902735.8741534,2.5010004640818195,2.4989995359181805,44.98265472293564,lbs,,simulated
FM-FM,flow,53384.3538543,1780902735.876772,1.4897819149234193,,6.466705452407055,gallons_per_minute,,simulated
CC-PT,pressure,53384.3559399,1780902735.8788574,1.2224055793768858,,180.60139484422143,psi,,simulated
FI-PT,pressure,53384.3559568,1780902735.878874,1.6689034305695807,,292.22585764239517,psi,,simulated
thrust,thrust,53384.3617651,1780902735.884683,2.5010105968726393,2.4989894031273607,45.438243123465824,lbs,,simulated
tank_temp,temperature,53384.3618165,1780902735.884734,,,21.793968767524724,°C,,simulated
CC-PT,pressure,53384.3660092,1780902735.8889267,1.2269534143153924,,181.7383535788481,psi,,simulated
FI-PT,pressure,53384.3660351,1780902735.8889525,1.6636844472508963,,290.92111181272406,psi,,simulated
thrust,thrust,53384.3722029,1780902735.8951209,2.501008212686564,2.498991787313436,45.331045852752844,lbs,,simulated
CC-PT,pressure,53384.3763806,1780902735.8992982,1.2269432815245727,,181.73582038114316,psi,,simulated
FI-PT,pressure,53384.3764096,1780902735.899327,1.6670306524074854,,291.75766310187134,psi,,simulated
thrust,thrust,53384.3824256,1780902735.9053433,2.50098019850018,2.49901980149982,44.071477921875285,lbs,,simulated
CC-PT,pressure,53384.3865358,1780902735.9094534,1.229397205042506,,182.34930126062648,psi,,simulated
FI-PT,pressure,53384.3865612,1780902735.9094784,1.6721810903765073,,293.0452725941268,psi,,simulated
thrust,thrust,53384.3928433,1780902735.915762,2.500977814314105,2.499022185685895,43.964280651162305,lbs,,simulated
FM-FM,flow,53384.3944256,1780902735.9173431,1.5088941465490038,,6.6458826238969095,gallons_per_minute,,simulated
CC-PT,pressure,53384.3969875,1780902735.9199052,1.2209768558713026,,180.24421396782563,psi,,simulated
FI-PT,pressure,53384.3970576,1780902735.9199753,1.6715957726950377,,292.8989431737594,psi,,simulated
thrust,thrust,53384.403046,1780902735.9259644,2.500970661755879,2.499029338244121,43.64268883902335,lbs,,simulated
CC-PT,pressure,53384.407284,1780902735.9302015,1.2308938778512333,,182.7234694628083,psi,,simulated
FI-PT,pressure,53384.4073544,1780902735.9302716,1.6638990239976672,,290.9747559994168,psi,,simulated
thrust,thrust,53384.4131221,1780902735.9360397,2.500958740825503,2.499041259174497,43.106702485458435,lbs,,simulated
CC-PT,pressure,53384.4174168,1780902735.9403348,1.2263460429127269,,181.5865107281817,psi,,simulated
FI-PT,pressure,53384.417494,1780902735.9404113,1.6635944442265562,,290.8986110566391,psi,,simulated
thrust,thrust,53384.4233198,1780902735.946237,2.500973641988473,2.499026358011527,43.776685427414584,lbs,,simulated
CC-PT,pressure,53384.4279068,1780902735.9508245,1.2234558133430258,,180.86395333575643,psi,,simulated
FI-PT,pressure,53384.4279346,1780902735.950852,1.6712303961790083,,292.80759904475207,psi,,simulated
thrust,thrust,53384.4334159,1780902735.9563334,2.500958144778984,2.499041855221016,43.07990316778019,lbs,,simulated
FM-FM,flow,53384.4349711,1780902735.957889,1.529623452380115,,6.8402198660635785,gallons_per_minute,,simulated
CC-PT,pressure,53384.4379578,1780902735.9608755,1.2110800994730115,,177.77002486825288,psi,,simulated
FI-PT,pressure,53384.437974,1780902735.9608915,1.6704412305881062,,292.61030764702656,psi,,simulated
thrust,thrust,53384.4434861,1780902735.9664035,2.500933110825194,2.499066889174806,41.95433182529386,lbs,,simulated
CC-PT,pressure,53384.4484957,1780902735.9714131,1.2126733318177858,,178.16833295444644,psi,,simulated
FI-PT,pressure,53384.4485201,1780902735.9714372,1.6745986550567933,,293.6496637641983,psi,,simulated
thrust,thrust,53384.4540592,1780902735.9769769,2.500909268964442,2.499090731035558,40.88235911816403,lbs,,simulated
CC-PT,pressure,53384.4589542,1780902735.9818723,1.2169821521022501,,179.24553802556252,psi,,simulated
FI-PT,pressure,53384.4590368,1780902735.9819543,1.6627301767742844,,290.6825441935711,psi,,simulated
tank_temp,temperature,53384.4620873,1780902735.9850051,,,21.74819239488022,°C,,simulated
thrust,thrust,53384.4646792,1780902735.9875968,2.500903308499254,2.499096691500746,40.61436594138157,lbs,,simulated
CC-PT,pressure,53384.469415,1780902735.9923325,1.222964074965009,,180.74101874125225,psi,,simulated
FI-PT,pressure,53384.4694391,1780902735.9923565,1.6753788799499132,,293.8447199874783,psi,,simulated
thrust,thrust,53384.4748238,1780902735.997742,2.500896155941028,2.499103844058972,40.29277412924262,lbs,,simulated
FM-FM,flow,53384.4754356,1780902735.9983532,1.513246478229341,,6.686685733400072,gallons_per_minute,,simulated
CC-PT,pressure,53384.4798272,1780902736.0027452,1.230099347841662,,182.52483696041548,psi,,simulated
FI-PT,pressure,53384.4798932,1780902736.0028107,1.6806044197803045,,295.1511049450761,psi,,simulated
thrust,thrust,53384.485154,1780902736.008072,2.500896751987547,2.499103248012453,40.31957344692087,lbs,,simulated
CC-PT,pressure,53384.4901141,1780902736.0130317,1.2245835333566109,,181.1458833391527,psi,,simulated
FI-PT,pressure,53384.4901362,1780902736.0130537,1.6758896918165318,,293.9724229541329,psi,,simulated
thrust,thrust,53384.495519,1780902736.0184367,2.5008520484986363,2.4991479515013637,38.30962462105243,lbs,,simulated
CC-PT,pressure,53384.50065,1780902736.0235682,1.211106921566358,,177.77673039158947,psi,,simulated
FI-PT,pressure,53384.5006904,1780902736.0236077,1.6711588705967513,,292.7897176491878,psi,,simulated
thrust,thrust,53384.5056619,1780902736.0285795,2.5008633733824936,2.4991366266175064,38.818811656939104,lbs,,simulated
CC-PT,pressure,53384.5107912,1780902736.033709,1.2154306430137924,,178.8576607534481,psi,,simulated
FI-PT,pressure,53384.5108556,1780902736.033773,1.6759814829804283,,293.99537074510704,psi,,simulated
FM-FM,flow,53384.5156346,1780902736.0385525,1.500789702032769,,6.569903456557208,gallons_per_minute,,simulated
thrust,thrust,53384.5157113,1780902736.0386288,2.5008168817540266,2.4991831182459734,36.72846487803593,lbs,,simulated
CC-PT,pressure,53384.521145,1780902736.044063,1.2265922101249946,,181.64805253124865,psi,,simulated
FI-PT,pressure,53384.5212053,1780902736.044123,1.6629989937542669,,290.7497484385667,psi,,simulated
thrust,thrust,53384.5260958,1780902736.0490136,2.500816285707508,2.499183714292492,36.70166556035768,lbs,,simulated
CC-PT,pressure,53384.5316349,1780902736.0545526,1.2112475885447966,,177.81189713619915,psi,,simulated
FI-PT,pressure,53384.5316649,1780902736.0545824,1.668240626840666,,292.0601567101665,psi,,simulated
thrust,thrust,53384.5366326,1780902736.0595503,2.500781715009417,2.499218284990583,35.14730513501942,lbs,,simulated
CC-PT,pressure,53384.5417905,1780902736.0647087,1.2107373727246968,,177.6843431811742,psi,,simulated
FI-PT,pressure,53384.5418467,1780902736.0647643,1.683433852605087,,295.85846315127174,psi,,simulated
thrust,thrust,53384.5469809,1780902736.0698986,2.500768601986003,2.499231398013997,34.55772014609801,lbs,,simulated
CC-PT,pressure,53384.5521711,1780902736.0750887,1.2288929496875942,,182.22323742189855,psi,,simulated
FI-PT,pressure,53384.552196,1780902736.0751135,1.6614498688518844,,290.3624672129711,psi,,simulated
FM-FM,flow,53384.556074,1780902736.0789917,1.5240826039412743,,6.788274411949446,gallons_per_minute,,simulated
thrust,thrust,53384.5576599,1780902736.0805774,2.5007274747762054,2.4992725252237946,32.70856722629905,lbs,,simulated
CC-PT,pressure,53384.5624364,1780902736.085354,1.2271530898991931,,181.78827247479828,psi,,simulated
FI-PT,pressure,53384.5624602,1780902736.0853775,1.6644908981908437,,291.12272454771096,psi,,simulated
tank_temp,temperature,53384.5624681,1780902736.0853856,,,21.76535853462193,°C,,simulated
thrust,thrust,53384.5678319,1780902736.0907497,2.5007358194274687,2.4992641805725313,33.083757673794494,lbs,,simulated
CC-PT,pressure,53384.5727945,1780902736.095712,1.214425112536563,,178.60627813414075,psi,,simulated
FI-PT,pressure,53384.5728186,1780902736.0957358,1.676557263917597,,294.1393159793992,psi,,simulated
thrust,thrust,53384.5786313,1780902736.101549,2.500706613148047,2.499293386851953,31.770591107560445,lbs,,simulated
CC-PT,pressure,53384.5830539,1780902736.105972,1.2190665267785223,,179.76663169463058,psi,,simulated
FI-PT,pressure,53384.583119,1780902736.1060364,1.6678627333477416,,291.9656833369354,psi,,simulated
thrust,thrust,53384.5889678,1780902736.1118858,2.500672638496475,2.499327361503525,30.243029999900433,lbs,,simulated
CC-PT,pressure,53384.5933495,1780902736.116267,1.2190945409649063,,179.77363524122657,psi,,simulated
FI-PT,pressure,53384.5933832,1780902736.1163006,1.6685964666123945,,292.14911665309864,psi,,simulated
FM-FM,flow,53384.5965657,1780902736.1194835,1.5202899599420978,,6.752718374457166,gallons_per_minute,,simulated
thrust,thrust,53384.5996018,1780902736.1225195,2.5006368757053465,2.4993631242946535,28.635070939205683,lbs,,simulated
CC-PT,pressure,53384.6035401,1780902736.1264577,1.2203039193515681,,180.07597983789202,psi,,simulated
FI-PT,pressure,53384.6035641,1780902736.1264813,1.6654529172722001,,291.36322931805006,psi,,simulated
thrust,thrust,53384.6101678,1780902736.1330867,2.500632107333196,2.499367892666804,28.420676397779715,lbs,,simulated
CC-PT,pressure,53384.6135929,1780902736.1365104,1.2217105891359554,,180.42764728398885,psi,,simulated
FI-PT,pressure,53384.6136187,1780902736.1365361,1.682445607476903,,295.61140186922574,psi,,simulated
thrust,thrust,53384.6207181,1780902736.1436357,2.5006064773328873,2.4993935226671127,27.268305737615144,lbs,,simulated
CC-PT,pressure,53384.6237316,1780902736.1466491,1.228704002941132,,182.176000735283,psi,,simulated
FI-PT,pressure,53384.623759,1780902736.1466765,1.6688843570809788,,292.2210892702447,psi,,simulated
thrust,thrust,53384.6310736,1780902736.1539915,2.5005659461696084,2.4994340538303916,25.445952135494426,lbs,,simulated
CC-PT,pressure,53384.6340324,1780902736.15695,1.2164719362821503,,179.11798407053757,psi,,simulated
FI-PT,pressure,53384.6340581,1780902736.1569755,1.6710599268746291,,292.7649817186573,psi,,simulated
FM-FM,flow,53384.6371202,1780902736.1600375,1.5189858101589455,,6.740491970240114,gallons_per_minute,,simulated
thrust,thrust,53384.6415735,1780902736.164491,2.500558197564864,2.499441802435136,25.097561005677232,lbs,,simulated
CC-PT,pressure,53384.6441611,1780902736.1670787,1.2143357055587418,,178.58392638968544,psi,,simulated
FI-PT,pressure,53384.6441818,1780902736.1670992,1.6620339944403164,,290.50849861007913,psi,,simulated
thrust,thrust,53384.6518282,1780902736.174746,2.5005248189598106,2.4994751810401894,23.596799215695462,lbs,,simulated
CC-PT,pressure,53384.6545059,1780902736.1774237,1.226945069664129,,181.73626741603226,psi,,simulated
FI-PT,pressure,53384.654529,1780902736.1774464,1.6777243230014234,,294.4310807503558,psi,,simulated
thrust,thrust,53384.662251,1780902736.1851687,2.500486671982607,2.499513328017393,21.88164288428773,lbs,,simulated
tank_temp,temperature,53384.662817,1780902736.1857345,,,21.824833139989508,°C,,simulated
CC-PT,pressure,53384.6648958,1780902736.1878135,1.2184883616552784,,179.6220904138196,psi,,simulated
FI-PT,pressure,53384.6649348,1780902736.1878524,1.67324503341258,,293.311258353145,psi,,simulated
thrust,thrust,53384.6725268,1780902736.1954448,2.500461638028817,2.499538361971183,20.756071541801404,lbs,,simulated
CC-PT,pressure,53384.675191,1780902736.198109,1.216040994649052,,179.010248662263,psi,,simulated
FI-PT,pressure,53384.6752625,1780902736.1981802,1.6764839501957836,,294.1209875489459,psi,,simulated
FM-FM,flow,53384.6773512,1780902736.2002687,1.4820213892485368,,6.393950524205032,gallons_per_minute,,simulated
thrust,thrust,53384.6828354,1780902736.205753,2.5004163384933875,2.4995836615066125,18.71932339825472,lbs,,simulated
CC-PT,pressure,53384.6854158,1780902736.2083333,1.2314398564624616,,182.85996411561538,psi,,simulated
FI-PT,pressure,53384.6854401,1780902736.2083573,1.6831680158576985,,295.7920039644246,psi,,simulated
thrust,thrust,53384.6931713,1780902736.2160892,2.5004187226794627,2.4995812773205373,18.826520668967703,lbs,,simulated
CC-PT,pressure,53384.6961311,1780902736.2190485,1.220407035399322,,180.10175884983047,psi,,simulated
FI-PT,pressure,53384.6961465,1780902736.2190638,1.6748060792453385,,293.7015198113346,psi,,simulated
thrust,thrust,53384.7034628,1780902736.2263803,2.5003919005861164,2.4996080994138836,17.62055137344664,lbs,,simulated
CC-PT,pressure,53384.7065424,1780902736.22946,1.22919514527263,,182.29878631815748,psi,,simulated
FI-PT,pressure,53384.7065739,1780902736.2294912,1.6669346889179573,,291.73367222948934,psi,,simulated
thrust,thrust,53384.7135595,1780902736.236477,2.5003501773298,2.4996498226702,15.744599135969432,lbs,,simulated
CC-PT,pressure,53384.7169454,1780902736.2398632,1.217998411416818,,179.4996028542045,psi,,simulated
FI-PT,pressure,53384.7169717,1780902736.2398891,1.6682048640495375,,292.0512160123844,psi,,simulated
FM-FM,flow,53384.7175349,1780902736.2404525,1.4595158647913773,,6.182961232419161,gallons_per_minute,,simulated
thrust,thrust,53384.7240861,1780902736.2470038,2.5003084540734832,2.4996915459265168,13.868646898492223,lbs,,simulated
CC-PT,pressure,53384.7274045,1780902736.2503219,1.210733796445584,,177.683449111396,psi,,simulated
FI-PT,pressure,53384.7274293,1780902736.2503467,1.6749831050614246,,293.74577626535614,psi,,simulated
thrust,thrust,53384.7344194,1780902736.257337,2.5002792477940616,2.4997207522059384,12.555480332258178,lbs,,simulated
CC-PT,pressure,53384.7376359,1780902736.2605538,1.2229026821735718,,180.72567054339294,psi,,simulated
FI-PT,pressure,53384.7376778,1780902736.260595,1.6826113084091316,,295.6528271022829,psi,,simulated
thrust,thrust,53384.7449832,1780902736.2679012,2.5002554059333093,2.4997445940666907,11.483507625128343,lbs,,simulated
CC-PT,pressure,53384.7479435,1780902736.2708614,1.2160511274398718,,179.01278185996793,psi,,simulated
FI-PT,pressure,53384.7479845,1780902736.270902,1.6676952442759565,,291.92381106898915,psi,,simulated
thrust,thrust,53384.7554881,1780902736.278406,2.5002178550026244,2.4997821449973756,9.795150611398855,lbs,,simulated
CC-PT,pressure,53384.758092,1780902736.2810097,1.2235976724145021,,180.89941810362552,psi,,simulated
FI-PT,pressure,53384.7581372,1780902736.2810547,1.6736074296960153,,293.4018574240038,psi,,simulated
FM-FM,flow,53384.7581576,1780902736.2810752,1.5143104212654142,,6.696660199363257,gallons_per_minute,,simulated
tank_temp,temperature,53384.763154,1780902736.2860718,,,21.899393140887693,°C,,simulated
thrust,thrust,53384.7659617,1780902736.2888794,2.500196993374466,2.499803006625534,8.857174492660251,lbs,,simulated
CC-PT,pressure,53384.7685391,1780902736.2914565,1.2228871849640828,,180.72179624102068,psi,,simulated
FI-PT,pressure,53384.7685529,1780902736.29147,1.674422225287226,,293.6055563218065,psi,,simulated
thrust,thrust,53384.7762249,1780902736.2991428,2.500154078025112,2.499845921974888,6.92762361982655,lbs,,simulated
CC-PT,pressure,53384.7788322,1780902736.3017497,1.2202711367930337,,180.0677841982584,psi,,simulated
FI-PT,pressure,53384.778861,1780902736.301778,1.6794415330221097,,294.86038325552744,psi,,simulated
thrust,thrust,53384.7866777,1780902736.3095953,2.5001391768621417,2.4998608231378583,6.257640677870404,lbs,,simulated
CC-PT,pressure,53384.7892224,1780902736.3121397,1.207638526873413,,176.90963171835327,psi,,simulated
FI-PT,pressure,53384.7892348,1780902736.3121524,1.6703553998893979,,292.58884997234946,psi,,simulated
thrust,thrust,53384.7971306,1780902736.320048,2.5001093745362013,2.4998906254637987,4.917674793958112,lbs,,simulated
FM-FM,flow,53384.7984521,1780902736.32137,1.4979543087427984,,6.5433216444637345,gallons_per_minute,,simulated
CC-PT,pressure,53384.7995739,1780902736.3224914,1.219499256551177,,179.87481413779426,psi,,simulated
FI-PT,pressure,53384.799605,1780902736.3225224,1.6777809474207102,,294.44523685517754,psi,,simulated
thrust,thrust,53384.8073644,1780902736.3302824,2.5000593066286214,2.4999406933713786,2.6665321089854612,lbs,,simulated
CC-PT,pressure,53384.8099368,1780902736.3328543,1.2287642036395316,,182.1910509098829,psi,,simulated
FI-PT,pressure,53384.8099484,1780902736.3328657,1.6808219767596695,,295.2054941899174,psi,,simulated
thrust,thrust,53384.8175376,1780902736.3404555,2.5000253319770493,2.4999746680229507,1.1389710013254484,lbs,,simulated
CC-PT,pressure,53384.820163,1780902736.3430808,1.2223388221667792,,180.5847055416948,psi,,simulated
FI-PT,pressure,53384.8201886,1780902736.343106,1.6760989041446335,,294.02472603615837,psi,,simulated
thrust,thrust,53384.8277996,1780902736.350717,2.4999716877903566,2.5000283122096434,1.2729675897166775,lbs,,simulated
CC-PT,pressure,53384.8302352,1780902736.3531528,1.2152935523144666,,178.82338807861663,psi,,simulated
FI-PT,pressure,53384.8302459,1780902736.3531632,1.675942143910187,,293.9855359775467,psi,,simulated
thrust,thrust,53384.8381266,1780902736.3610444,2.4999693036042814,2.5000306963957186,1.3801648604296608,lbs,,simulated
FM-FM,flow,53384.8387703,1780902736.3616881,1.4881815300204193,,6.45170184394143,gallons_per_minute,,simulated
CC-PT,pressure,53384.8407885,1780902736.363706,1.2237484721837606,,180.93711804594014,psi,,simulated
FI-PT,pressure,53384.8408312,1780902736.3637486,1.6804589844297153,,295.1147461074288,psi,,simulated
thrust,thrust,53384.8486677,1780902736.3715856,2.499939501278341,2.500060498721659,2.720130744341953,lbs,,simulated
CC-PT,pressure,53384.8508856,1780902736.3738036,1.2335874120697274,,183.39685301743185,psi,,simulated
FI-PT,pressure,53384.8509265,1780902736.373844,1.6804416990806699,,295.11042477016747,psi,,simulated
thrust,thrust,53384.8588226,1780902736.3817406,2.4998942017429115,2.5001057982570885,4.756878887888637,lbs,,simulated
CC-PT,pressure,53384.8612786,1780902736.384196,1.223104145896929,,180.77603647423223,psi,,simulated
FI-PT,pressure,53384.8613016,1780902736.384219,1.684717140760081,,296.1792851900202,psi,,simulated
tank_temp,temperature,53384.8634401,1780902736.3863578,,,21.7686530462895,°C,,simulated
thrust,thrust,53384.8690859,1780902736.3920035,2.499882876859054,2.500117123140946,5.266065923775308,lbs,,simulated
CC-PT,pressure,53384.8715769,1780902736.3944943,1.2306763208718683,,182.66908021796706,psi,,simulated
FI-PT,pressure,53384.8715911,1780902736.3945086,1.6709055508262578,,292.7263877065644,psi,,simulated
thrust,thrust,53384.8792369,1780902736.4021547,2.499833404997993,2.500166595002007,7.490409291069713,lbs,,simulated
FM-FM,flow,53384.8793088,1780902736.4022262,1.5057976848837953,,6.61685329578558,gallons_per_minute,,simulated
CC-PT,pressure,53384.8819205,1780902736.404838,1.216314580001185,,179.07864500029623,psi,,simulated
FI-PT,pressure,53384.8819622,1780902736.4048798,1.684978209135319,,296.2445522838297,psi,,simulated
thrust,thrust,53384.8893936,1780902736.412311,2.499797046160346,2.500202953839654,9.125167669442709,lbs,,simulated
CC-PT,pressure,53384.8920023,1780902736.41492,1.2237466840442042,,180.93667101105103,psi,,simulated
FI-PT,pressure,53384.8920413,1780902736.414959,1.6764350743812413,,294.1087685953103,psi,,simulated
thrust,thrust,53384.8998138,1780902736.422732,2.4997851252299697,2.5002148747700303,9.661154023007626,lbs,,simulated
CC-PT,pressure,53384.9025076,1780902736.4254253,1.2272883924589626,,181.82209811474064,psi,,simulated
FI-PT,pressure,53384.9025432,1780902736.4254606,1.6711922492018045,,292.79806230045114,psi,,simulated
thrust,thrust,53384.9102552,1780902736.4331756,2.499749362438841,2.500250637561159,11.269113083702376,lbs,,simulated
CC-PT,pressure,53384.9128032,1780902736.4357212,1.2279982838628631,,181.99957096571578,psi,,simulated
FI-PT,pressure,53384.9128742,1780902736.4357917,1.6749235004095437,,293.73087510238594,psi,,simulated
FM-FM,flow,53384.9199398,1780902736.4428577,1.4853962046380287,,6.425589418481518,gallons_per_minute,,simulated
thrust,thrust,53384.9205586,1780902736.4434762,2.499693334066073,2.500306665933927,13.788248945457486,lbs,,simulated
CC-PT,pressure,53384.9229254,1780902736.4458432,1.2264610798908568,,181.6152699727142,psi,,simulated
FI-PT,pressure,53384.9229612,1780902736.4458785,1.671053966409441,,292.76349160236026,psi,,simulated
thrust,thrust,53384.9309633,1780902736.453881,2.499675452670509,2.500324547329491,14.59222847580486,lbs,,simulated
CC-PT,pressure,53384.933252,1780902736.4561698,1.2268693717562404,,181.7173429390601,psi,,simulated
FI-PT,pressure,53384.933292,1780902736.4562094,1.6774727913704863,,294.36819784262156,psi,,simulated
thrust,thrust,53384.9410758,1780902736.4639935,2.4996396898793805,2.5003603101206195,16.200187536499612,lbs,,simulated
CC-PT,pressure,53384.9436051,1780902736.466523,1.2324096241485625,,183.1024060371406,psi,,simulated
FI-PT,pressure,53384.943671,1780902736.4665887,1.6851003986716746,,296.27509966791865,psi,,simulated
thrust,thrust,53384.9513887,1780902736.4743063,2.49962002034426,2.50037997965574,17.084565019881722,lbs,,simulated
CC-PT,pressure,53384.9540178,1780902736.4769354,1.2299539124910728,,182.48847812276819,psi,,simulated
FI-PT,pressure,53384.9540476,1780902736.4769652,1.6656192142509476,,291.4048035627369,psi,,simulated
FM-FM,flow,53384.9607196,1780902736.4836395,1.481418190171503,,6.388295532857839,gallons_per_minute,,simulated
thrust,thrust,53384.9618986,1780902736.484816,2.4995937942974322,2.5004062057025678,18.26373499772454,lbs,,simulated
CC-PT,pressure,53384.9640498,1780902736.4869673,1.2279571566530654,,181.98928916326633,psi,,simulated
FI-PT,pressure,53384.9640772,1780902736.4869945,1.6722389068888317,,293.0597267222079,psi,,simulated
tank_temp,temperature,53384.9640875,1780902736.487005,,,21.786686162785784,°C,,simulated
thrust,thrust,53384.9733188,1780902736.49624,2.4995550512737097,2.5004449487262903,20.00569064681052,lbs,,simulated
CC-PT,pressure,53384.9745756,1780902736.4974935,1.2278886113034024,,181.9721528258506,psi,,simulated
FI-PT,pressure,53384.9746002,1780902736.4975176,1.684169970055815,,296.04249251395373,psi,,simulated
thrust,thrust,53384.9840307,1780902736.5069501,2.4995312094129574,2.5004687905870426,21.077663353940356,lbs,,simulated
CC-PT,pressure,53384.9852147,1780902736.5081327,1.2450726324406423,,186.26815811016056,psi,,simulated
FI-PT,pressure,53384.9852495,1780902736.508167,1.6779853913766614,,294.4963478441653,psi,,simulated
thrust,thrust,53384.9945076,1780902736.5174267,2.4995097517382803,2.5004902482617197,22.042438790357206,lbs,,simulated
CC-PT,pressure,53384.9962015,1780902736.519119,1.236919908156384,,184.22997703909598,psi,,simulated
FI-PT,pressure,53384.9962149,1780902736.5191324,1.684785090063225,,296.19627251580624,psi,,simulated
FM-FM,flow,53385.0012493,1780902736.5241668,1.5325804391599225,,6.867941617124273,gallons_per_minute,,simulated
thrust,thrust,53385.0050212,1780902736.527939,2.4994692205750013,2.5005307794249987,23.864792392477923,lbs,,simulated
CC-PT,pressure,53385.0066578,1780902736.5295753,1.2201155686516247,,180.02889216290617,psi,,simulated
FI-PT,pressure,53385.006674,1780902736.5295913,1.6722925510755244,,293.0731377688811,psi,,simulated
thrust,thrust,53385.0151417,1780902736.5380597,2.499432861737354,2.500567138262646,25.499550770850917,lbs,,simulated
CC-PT,pressure,53385.0167079,1780902736.5396252,1.2377603337479035,,184.44008343697587,psi,,simulated
FI-PT,pressure,53385.0167191,1780902736.5396364,1.6801609611703112,,295.0402402925778,psi,,simulated
thrust,thrust,53385.0254135,1780902736.5483315,2.4994096159231205,2.5005903840768795,26.544724160302508,lbs,,simulated
CC-PT,pressure,53385.026859,1780902736.5497763,1.2337215225364593,,183.4303806341148,psi,,simulated
FI-PT,pressure,53385.0268865,1780902736.5498037,1.665064890988456,,291.266222747114,psi,,simulated
thrust,thrust,53385.0361062,1780902736.559024,2.4994006752253384,2.5005993247746616,26.946713925476192,lbs,,simulated
CC-PT,pressure,53385.0370249,1780902736.5599425,1.2392063426025322,,184.80158565063303,psi,,simulated
FI-PT,pressure,53385.0370481,1780902736.5599654,1.6758449883276212,,293.9612470819053,psi,,simulated
FM-FM,flow,53385.041425,1780902736.5643427,1.4601268124731557,,6.188688866935833,gallons_per_minute,,simulated
thrust,thrust,53385.0465339,1780902736.5694523,2.4993839859228117,2.5006160140771883,27.69709482046708,lbs,,simulated
CC-PT,pressure,53385.0475063,1780902736.5704238,1.2311632908777346,,182.79082271943363,psi,,simulated
FI-PT,pressure,53385.0475242,1780902736.5704417,1.685596309375323,,296.39907734383075,psi,,simulated
thrust,thrust,53385.0568652,1780902736.5797832,2.49933987848042,2.50066012151958,29.68024432865727,lbs,,simulated
CC-PT,pressure,53385.0578602,1780902736.580778,1.237012891413318,,184.2532228533295,psi,,simulated
FI-PT,pressure,53385.0578824,1780902736.5807998,1.6886796580171177,,297.1699145042794,psi,,simulated
tank_temp,temperature,53385.0642494,1780902736.5871673,,,22.028225886625737,°C,,simulated
thrust,thrust,53385.0669717,1780902736.5898893,2.4993219970848557,2.5006780029151443,30.484223859004643,lbs,,simulated
CC-PT,pressure,53385.067923,1780902736.5908403,1.22628941849344,,181.57235462336,psi,,simulated
FI-PT,pressure,53385.0679371,1780902736.5908544,1.6913994182824397,,297.8498545706099,psi,,simulated
thrust,thrust,53385.0775373,1780902736.6004548,2.499286234293727,2.500713765706273,32.0921829196994,lbs,,simulated
CC-PT,pressure,53385.0780871,1780902736.6010046,1.2508036197189831,,187.70090492974578,psi,,simulated
FI-PT,pressure,53385.0780981,1780902736.6010156,1.6815014697911108,,295.3753674477777,psi,,simulated
FM-FM,flow,53385.0816329,1780902736.6045504,1.511503638208346,,6.670346608203243,gallons_per_minute,,simulated
thrust,thrust,53385.0876217,1780902736.6105394,2.4992665647586065,2.5007334352413935,32.97656040308151,lbs,,simulated
CC-PT,pressure,53385.0886056,1780902736.6115232,1.2357999367475434,,183.94998418688584,psi,,simulated
FI-PT,pressure,53385.0886284,1780902736.6115458,1.676808795548534,,294.2021988871335,psi,,simulated
thrust,thrust,53385.0979653,1780902736.620883,2.4992600082468996,2.5007399917531004,33.271352897542215,lbs,,simulated
CC-PT,pressure,53385.0990021,1780902736.6219196,1.2306381738946646,,182.65954347366613,psi,,simulated
FI-PT,pressure,53385.0990269,1780902736.6219444,1.679994068145045,,294.9985170362612,psi,,simulated
thrust,thrust,53385.1081444,1780902736.6310623,2.499224245455771,2.500775754544229,34.87931195823696,lbs,,simulated
CC-PT,pressure,53385.109291,1780902736.6322086,1.233212498809397,,183.30312470234927,psi,,simulated
FI-PT,pressure,53385.109317,1780902736.6322346,1.6710319126882451,,292.75797817206126,psi,,simulated
thrust,thrust,53385.1187118,1780902736.6416297,2.4992105363858386,2.5007894636141614,35.49569626483662,lbs,,simulated
CC-PT,pressure,53385.1198734,1780902736.6427908,1.2403632688955388,,185.0908172238847,psi,,simulated
FI-PT,pressure,53385.119885,1780902736.6428022,1.690907679904423,,297.7269199761057,psi,,simulated
FM-FM,flow,53385.1219346,1780902736.6448524,1.5150221008088711,,6.703332195083166,gallons_per_minute,,simulated
thrust,thrust,53385.1290537,1780902736.651971,2.499190270804199,2.500809729195801,36.406873065896974,lbs,,simulated
CC-PT,pressure,53385.1300869,1780902736.6530046,1.2288828168967745,,182.2207042241936,psi,,simulated
FI-PT,pressure,53385.1301103,1780902736.6530275,1.6900803673363172,,297.52009183407927,psi,,simulated
thrust,thrust,53385.1392586,1780902736.6621766,2.4991825221994546,2.5008174778005454,36.75526419571417,lbs,,simulated
CC-PT,pressure,53385.1404857,1780902736.6634033,1.237239985136984,,184.30999628424598,psi,,simulated
FI-PT,pressure,53385.1404964,1780902736.6634138,1.6777898881184923,,294.44747202962304,psi,,simulated
thrust,thrust,53385.1496221,1780902736.67254,2.499155700106108,2.500844299893892,37.961233491235234,lbs,,simulated
CC-PT,pressure,53385.1507201,1780902736.6736376,1.2372352167648335,,184.30880419120837,psi,,simulated
FI-PT,pressure,53385.1507447,1780902736.673662,1.6944726341334146,,298.61815853335366,psi,,simulated
thrust,thrust,53385.1600176,1780902736.6829355,2.4991354345244687,2.5008645654755313,38.87241029229559,lbs,,simulated
CC-PT,pressure,53385.16119,1780902736.6841075,1.2343616764976593,,183.5904191244148,psi,,simulated
FI-PT,pressure,53385.1612159,1780902736.6841333,1.675605973673579,,293.90149341839475,psi,,simulated
FM-FM,flow,53385.1622734,1780902736.6851912,1.5310891307698644,,6.853960600967478,gallons_per_minute,,simulated
tank_temp,temperature,53385.1648401,1780902736.6877577,,,21.896965605974753,°C,,simulated
thrust,thrust,53385.1703312,1780902736.6932487,2.4991175531289045,2.5008824468710955,39.67638982264297,lbs,,simulated
CC-PT,pressure,53385.1714536,1780902736.694371,1.2542898958074922,,188.57247395187304,psi,,simulated
FI-PT,pressure,53385.1714803,1780902736.6943977,1.6873170956751222,,296.82927391878053,psi,,simulated
thrust,thrust,53385.1804507,1780902736.7033684,2.499100267779859,2.500899732220141,40.4535700353121,lbs,,simulated
CC-PT,pressure,53385.1820105,1780902736.704928,1.245471983608244,,186.36799590206098,psi,,simulated
FI-PT,pressure,53385.1820219,1780902736.7049394,1.679350337904732,,294.837584476183,psi,,simulated
thrust,thrust,53385.1909668,1780902736.7138844,2.4991014598728967,2.5008985401271033,40.399971399955604,lbs,,simulated
CC-PT,pressure,53385.1925491,1780902736.7154667,1.237662582118819,,184.41564552970473,psi,,simulated
FI-PT,pressure,53385.192574,1780902736.7154913,1.6740163176079177,,293.5040794019794,psi,,simulated
thrust,thrust,53385.2014686,1780902736.724387,2.4990996717333402,2.5009003282666598,40.480369352990344,lbs,,simulated
FM-FM,flow,53385.2025657,1780902736.7254832,1.4987494347988886,,6.550775951239579,gallons_per_minute,,simulated
CC-PT,pressure,53385.2025908,1780902736.7255085,1.2466211612965061,,186.65529032412653,psi,,simulated
FI-PT,pressure,53385.2025982,1780902736.7255156,1.687053643113809,,296.7634107784522,psi,,simulated
thrust,thrust,53385.2118756,1780902736.7347932,2.499050199872279,2.500949800127721,42.704712720284746,lbs,,simulated
CC-PT,pressure,53385.2128632,1780902736.7357807,1.247395425724438,,186.84885643110948,psi,,simulated
FI-PT,pressure,53385.2128766,1780902736.7357938,1.6779657218415407,,294.4914304603852,psi,,simulated
thrust,thrust,53385.2223257,1780902736.7452433,2.4990651010352494,2.5009348989647506,42.034729778328604,lbs,,simulated
CC-PT,pressure,53385.2232951,1780902736.7462127,1.244942694299542,,186.2356735748855,psi,,simulated
FI-PT,pressure,53385.2233094,1780902736.7462268,1.6923232903865923,,298.0808225966481,psi,,simulated
thrust,thrust,53385.2325112,1780902736.755429,2.49903470266279,2.50096529733721,43.40149497991914,lbs,,simulated
CC-PT,pressure,53385.2335024,1780902736.7564201,1.2505222857621057,,187.6305714405264,psi,,simulated
FI-PT,pressure,53385.2335476,1780902736.7564652,1.6800018167497894,,295.00045418744736,psi,,simulated
thrust,thrust,53385.2430061,1780902736.7659237,2.499029338244121,2.500970661755879,43.64268883902335,lbs,,simulated
FM-FM,flow,53385.2430492,1780902736.765967,1.5042217378880665,,6.602078792700622,gallons_per_minute,,simulated
CC-PT,pressure,53385.2441733,1780902736.767091,1.2411297847187261,,185.28244617968153,psi,,simulated
FI-PT,pressure,53385.244197,1780902736.7671144,1.68628295496499,,296.5707387412475,psi,,simulated
CC-PT,pressure,53385.2543103,1780902736.7772295,1.2468053396708179,,186.70133491770446,psi,,simulated
FI-PT,pressure,53385.2544208,1780902736.7773383,1.6830160239954024,,295.7540059988506,psi,,simulated
thrust,thrust,53385.2544434,1780902736.777361,2.499023377778933,2.500976622221067,43.91068201580581,lbs,,simulated
CC-PT,pressure,53385.2649461,1780902736.787864,1.244610100342047,,186.15252508551177,psi,,simulated
FI-PT,pressure,53385.2650036,1780902736.7879212,1.6869517191590928,,296.7379297897732,psi,,simulated
thrust,thrust,53385.26502,1780902736.7879376,2.4990150331276695,2.5009849668723305,44.28587246330125,lbs,,simulated
tank_temp,temperature,53385.2650405,1780902736.787958,,,21.75512820891726,°C,,simulated
CC-PT,pressure,53385.2752139,1780902736.7981315,1.2432380012557507,,185.80950031393766,psi,,simulated
FI-PT,pressure,53385.2752487,1780902736.7981663,1.6825868705018605,,295.6467176254651,psi,,simulated
thrust,thrust,53385.2752632,1780902736.7981806,2.499009668709,2.500990331291,44.52706632240547,lbs,,simulated
FM-FM,flow,53385.2835231,1780902736.8064413,1.4740784733388987,,6.3194856875521745,gallons_per_minute,,simulated
CC-PT,pressure,53385.2856508,1780902736.8085685,1.2596531223837282,,189.91328059593204,psi,,simulated
FI-PT,pressure,53385.2856905,1780902736.808608,1.691550814098217,,297.88770352455424,psi,,simulated
thrust,thrust,53385.2857066,1780902736.808624,2.4990025161507745,2.5009974838492255,44.848658134544415,lbs,,simulated
CC-PT,pressure,53385.296061,1780902736.8189788,1.2523438039235835,,188.08595098089586,psi,,simulated
FI-PT,pressure,53385.2961176,1780902736.819035,1.6905381310627619,,297.63453276569044,psi,,simulated
thrust,thrust,53385.2961362,1780902736.8190536,2.499022781732414,2.500977218267586,43.93748133348406,lbs,,simulated
CC-PT,pressure,53385.3064029,1780902736.8293211,1.247143894093501,,186.78597352337522,psi,,simulated
FI-PT,pressure,53385.3065572,1780902736.8294773,1.6875429973057505,,296.88574932643763,psi,,simulated
thrust,thrust,53385.3066727,1780902736.8295906,2.4989876149878043,2.5010123850121957,45.518641076500565,lbs,,simulated
CC-PT,pressure,53385.316541,1780902736.8394587,1.2628056124217049,,190.7014031054262,psi,,simulated
FI-PT,pressure,53385.3171473,1780902736.840065,1.6866137607829286,,296.6534401957321,psi,,simulated
thrust,thrust,53385.3171797,1780902736.8400972,2.498994171499511,2.501005828500489,45.22384858203986,lbs,,simulated
FM-FM,flow,53385.3241742,1780902736.847092,1.4943285577688883,,6.509330229083327,gallons_per_minute,,simulated
CC-PT,pressure,53385.3267102,1780902736.8496287,1.2543536727850046,,188.58841819625115,psi,,simulated
FI-PT,pressure,53385.3277146,1780902736.8506324,1.699455583030651,,299.86389575766276,psi,,simulated
thrust,thrust,53385.3277674,1780902736.850685,2.4989923833599548,2.5010076166400452,45.3042465350746,lbs,,simulated
CC-PT,pressure,53385.337298,1780902736.860216,1.25887706981624,,189.71926745405997,psi,,simulated
FI-PT,pressure,53385.3382698,1780902736.8611877,1.6837050537711447,,295.92626344278614,psi,,simulated
thrust,thrust,53385.3383108,1780902736.8612282,2.4990025161507745,2.5009974838492255,44.848658134544415,lbs,,simulated
CC-PT,pressure,53385.3474526,1780902736.8703706,1.2637771682473622,,190.94429206184054,psi,,simulated
FI-PT,pressure,53385.3485584,1780902736.871476,1.6854925972810504,,296.3731493202626,psi,,simulated
thrust,thrust,53385.3485897,1780902736.8715072,2.498988807080842,2.501011192919158,45.46504244114407,lbs,,simulated
CC-PT,pressure,53385.3587609,1780902736.8816807,1.254022866967066,,188.50571674176652,psi,,simulated
FI-PT,pressure,53385.3589243,1780902736.881842,1.6930099359762594,,298.25248399406485,psi,,simulated
thrust,thrust,53385.3589557,1780902736.8818734,2.499004304290331,2.500995695709669,44.76826018150968,lbs,,simulated
FM-FM,flow,53385.3647726,1780902736.8876905,1.4492573081561693,,6.086787263964086,gallons_per_minute,,simulated
tank_temp,temperature,53385.3654012,1780902736.888319,,,22.095329887434094,°C,,simulated
CC-PT,pressure,53385.3690599,1780902736.8919773,1.2530310455597693,,188.25776138994232,psi,,simulated
FI-PT,pressure,53385.3690685,1780902736.891986,1.6885538922016492,,297.1384730504123,psi,,simulated
thrust,thrust,53385.369073,1780902736.8919904,2.4990090726624814,2.5009909273375186,44.553865640083714,lbs,,simulated
CC-PT,pressure,53385.3795597,1780902736.9024773,1.2693627201751136,,192.3406800437784,psi,,simulated
FI-PT,pressure,53385.3795813,1780902736.9024985,1.6790690039478546,,294.76725098696363,psi,,simulated
thrust,thrust,53385.3795887,1780902736.9025059,2.499032318476715,2.500967681523285,43.50869225063212,lbs,,simulated
CC-PT,pressure,53385.3899314,1780902736.9128492,1.264645011978747,,191.16125299468672,psi,,simulated
FI-PT,pressure,53385.3899742,1780902736.9128916,1.6882731542912905,,297.0682885728226,psi,,simulated
thrust,thrust,53385.389987,1780902736.9129045,2.499025165918489,2.500974834081511,43.83028406277107,lbs,,simulated
CC-PT,pressure,53385.4006148,1780902736.9235327,1.2522323432245663,,188.05808580614158,psi,,simulated
FI-PT,pressure,53385.40066,1780902736.9235773,1.6870780810210801,,296.76952025527004,psi,,simulated
thrust,thrust,53385.4006709,1780902736.923588,2.499025165918489,2.500974834081511,43.83028406277107,lbs,,simulated
FM-FM,flow,53385.4050522,1780902736.9279697,1.4821453669244489,,6.395112814916708,gallons_per_minute,,simulated
CC-PT,pressure,53385.4111081,1780902736.9340258,1.255145222561982,,188.78630564049547,psi,,simulated
FI-PT,pressure,53385.4111315,1780902736.9340487,1.6836710791195726,,295.91776977989315,psi,,simulated
thrust,thrust,53385.4111379,1780902736.934055,2.49903470266279,2.50096529733721,43.40149497991914,lbs,,simulated
CC-PT,pressure,53385.4216069,1780902736.9445248,1.2575806686378321,,189.39516715945803,psi,,simulated
FI-PT,pressure,53385.4216779,1780902736.9445953,1.6910620559527942,,297.76551398819856,psi,,simulated
thrust,thrust,53385.4217,1780902736.9446175,2.4990609287096177,2.5009390712903823,42.222325002076325,lbs,,simulated
CC-PT,pressure,53385.4318919,1780902736.95481,1.2626893833505373,,190.6723458376343,psi,,simulated
FI-PT,pressure,53385.4319622,1780902736.9548798,1.6833229879525886,,295.83074698814715,psi,,simulated
thrust,thrust,53385.4319827,1780902736.9549003,2.499051391965317,2.500948608034683,42.65111408492826,lbs,,simulated
CC-PT,pressure,53385.4422645,1780902736.9651828,1.2590362142367617,,189.75905355919042,psi,,simulated
FI-PT,pressure,53385.4423472,1780902736.9652648,1.6888954268569263,,297.22385671423154,psi,,simulated
thrust,thrust,53385.4424209,1780902736.9653387,2.499056756383986,2.500943243616014,42.409920225824045,lbs,,simulated
FM-FM,flow,53385.4451705,1780902736.9680884,1.4939613931133022,,6.505888060437208,gallons_per_minute,,simulated
CC-PT,pressure,53385.4526088,1780902736.9755263,1.2608928991428494,,190.22322478571235,psi,,simulated
FI-PT,pressure,53385.4526477,1780902736.9755652,1.6838355879587636,,295.9588969896909,psi,,simulated
thrust,thrust,53385.4526638,1780902736.9755812,2.499069273360881,2.500930726639119,41.84713455458088,lbs,,simulated
CC-PT,pressure,53385.462671,1780902736.9855886,1.267885716901507,,191.97142922537674,psi,,simulated
FI-PT,pressure,53385.4626948,1780902736.9856124,1.7002644181566737,,300.0661045391684,psi,,simulated
thrust,thrust,53385.4627028,1780902736.9856203,2.4990841745238512,2.5009158254761488,41.17715161262473,lbs,,simulated
tank_temp,temperature,53385.4658521,1780902736.98877,,,21.94967779265624,°C,,simulated
CC-PT,pressure,53385.4731102,1780902736.996028,1.2563247986227033,,189.08119965567582,psi,,simulated
FI-PT,pressure,53385.4731332,1780902736.9960506,1.6894539224450498,,297.36348061126245,psi,,simulated
thrust,thrust,53385.4731399,1780902736.996057,2.499110400570679,2.500889599429321,39.997981634781915,lbs,,simulated
CC-PT,pressure,53385.483276,1780902737.0061934,1.280126128211752,,195.031532052938,psi,,simulated
FI-PT,pressure,53385.483301,1780902737.0062184,1.6940524213376549,,298.5131053344137,psi,,simulated
thrust,thrust,53385.4833081,1780902737.0062253,2.499106228245047,2.500893771754953,40.185576858529636,lbs,,simulated
FM-FM,flow,53385.485342,1780902737.0082595,1.4927549949592345,,6.494578077742823,gallons_per_minute,,simulated
CC-PT,pressure,53385.4937309,1780902737.0166485,1.2697328650632935,,192.43321626582338,psi,,simulated
FI-PT,pressure,53385.4937534,1780902737.0166707,1.6933723322596947,,298.3430830649237,psi,,simulated
thrust,thrust,53385.4937602,1780902737.0166776,2.4991264938266866,2.5008735061733134,39.27440005746928,lbs,,simulated
CC-PT,pressure,53385.5041191,1780902737.0270374,1.270846876006946,,192.7117190017365,psi,,simulated
FI-PT,pressure,53385.5042031,1780902737.0271208,1.6961475248512656,,299.0368812128164,psi,,simulated
thrust,thrust,53385.5042199,1780902737.0271373,2.4991485475478825,2.5008514524521175,38.28282530337418,lbs,,simulated
CC-PT,pressure,53385.5142477,1780902737.0371656,1.2698395573901602,,192.45988934754004,psi,,simulated
FI-PT,pressure,53385.5143181,1780902737.0372357,1.6912581552574821,,297.8145388143705,psi,,simulated
thrust,thrust,53385.5143377,1780902737.0372553,2.499156892199146,2.500843107800854,37.90763485587874,lbs,,simulated
CC-PT,pressure,53385.5247621,1780902737.04768,1.2693198048257595,,192.32995120643986,psi,,simulated
FI-PT,pressure,53385.5248385,1780902737.047756,1.696945035093431,,299.23625877335775,psi,,simulated
thrust,thrust,53385.5248629,1780902737.0477803,2.499190866850718,2.500809133149282,36.38007374821873,lbs,,simulated
FM-FM,flow,53385.5258315,1780902737.048749,1.4852936846367937,,6.42462829346994,gallons_per_minute,,simulated
CC-PT,pressure,53385.5348331,1780902737.0577507,1.2744797795390819,,193.61994488477046,psi,,simulated
FI-PT,pressure,53385.5348552,1780902737.0577726,1.6934188238881618,,298.35470597204045,psi,,simulated
thrust,thrust,53385.5354265,1780902737.0583441,2.499200403595019,2.500799596404981,35.9512846653668,lbs,,simulated
CC-PT,pressure,53385.5451157,1780902737.0680332,1.2726278630051449,,193.1569657512862,psi,,simulated
FI-PT,pressure,53385.5451456,1780902737.068063,1.678247651844937,,294.5619129612342,psi,,simulated
thrust,thrust,53385.5455982,1780902737.0685155,2.4992290138279216,2.5007709861720784,34.664917416810994,lbs,,simulated
CC-PT,pressure,53385.5555821,1780902737.0784998,1.278733167497297,,194.68329187432425,psi,,simulated
FI-PT,pressure,53385.5556236,1780902737.078541,1.6950567597218467,,298.76418993046167,psi,,simulated
thrust,thrust,53385.5556427,1780902737.0785604,2.499249279409561,2.500750720590439,33.75374061575064,lbs,,simulated
CC-PT,pressure,53385.5659766,1780902737.0888944,1.2735582916210044,,193.3895729052511,psi,,simulated
FI-PT,pressure,53385.5660345,1780902737.088952,1.6856886965857383,,296.42217414643454,psi,,simulated
thrust,thrust,53385.5660589,1780902737.0889764,2.499280869875058,2.500719130124942,32.33337677880361,lbs,,simulated
FM-FM,flow,53385.5660777,1780902737.0889952,1.5207632208780315,,6.757155195731545,gallons_per_minute,,simulated
tank_temp,temperature,53385.5660926,1780902737.0890102,,,21.821885419023776,°C,,simulated
CC-PT,pressure,53385.5763218,1780902737.0992396,1.2690146290081297,,192.2536572520324,psi,,simulated
FI-PT,pressure,53385.5763837,1780902737.099301,1.6993947862857326,,299.84869657143315,psi,,simulated
thrust,thrust,53385.5764029,1780902737.0993204,2.499305903828848,2.500694096171152,31.207805436317283,lbs,,simulated
CC-PT,pressure,53385.5869463,1780902737.1098642,1.2752486795483444,,193.8121698870861,psi,,simulated
FI-PT,pressure,53385.5870022,1780902737.1099195,1.6952725285616552,,298.8181321404138,psi,,simulated
thrust,thrust,53385.5870182,1780902737.1099355,2.4993041156892915,2.5006958843107085,31.28820338935202,lbs,,simulated
CC-PT,pressure,53385.5972874,1780902737.1202052,1.2840439419798781,,196.01098549496953,psi,,simulated
FI-PT,pressure,53385.5973225,1780902737.12024,1.6919805636382776,,297.9951409095694,psi,,simulated
thrust,thrust,53385.5973409,1780902737.1202583,2.4993231891778933,2.5006768108221067,30.430625223648153,lbs,,simulated
FM-FM,flow,53385.6066479,1780902737.1295667,1.4629031971577642,,6.214717473354038,gallons_per_minute,,simulated
CC-PT,pressure,53385.6077895,1780902737.1307073,1.2740834086040744,,193.5208521510186,psi,,simulated
FI-PT,pressure,53385.6078079,1780902737.1307254,1.6793402051139124,,294.8350512784781,psi,,simulated
thrust,thrust,53385.6078154,1780902737.1307328,2.4993500112712397,2.5006499887287603,29.224655928127092,lbs,,simulated
CC-PT,pressure,53385.6178859,1780902737.1408038,1.2823374607965303,,195.58436519913258,psi,,simulated
FI-PT,pressure,53385.6179493,1780902737.1408668,1.681901417005231,,295.47535425130775,psi,,simulated
thrust,thrust,53385.6179686,1780902737.140886,2.4993911384810374,2.5006088615189626,27.375503008328128,lbs,,simulated
CC-PT,pressure,53385.6283475,1780902737.151265,1.2862737520067395,,196.56843800168488,psi,,simulated
FI-PT,pressure,53385.6283752,1780902737.1512926,1.6879286394034194,,296.9821598508548,psi,,simulated
thrust,thrust,53385.6283827,1780902737.1513002,2.499417960574384,2.500582039425616,26.169533712807063,lbs,,simulated
CC-PT,pressure,53385.6385085,1780902737.1614265,1.2766726346817772,,194.16815867044429,psi,,simulated
FI-PT,pressure,53385.6385753,1780902737.1614928,1.692970596906018,,298.2426492265045,psi,,simulated
thrust,thrust,53385.6385948,1780902737.1615121,2.499438822202542,2.500561177797458,25.23155759406846,lbs,,simulated
FM-FM,flow,53385.6470353,1780902737.1699533,1.5001626610949828,,6.564024947765462,gallons_per_minute,,simulated
CC-PT,pressure,53385.6491833,1780902737.172101,1.2923826327780046,,198.09565819450114,psi,,simulated
FI-PT,pressure,53385.6492278,1780902737.1721454,1.6872324570694515,,296.80811426736284,psi,,simulated
thrust,thrust,53385.6492453,1780902737.1721628,2.4994662403424073,2.5005337596575927,23.99878898086915,lbs,,simulated
CC-PT,pressure,53385.6595391,1780902737.182457,1.2817056514865937,,195.4264128716484,psi,,simulated
FI-PT,pressure,53385.659613,1780902737.1825306,1.7076768526645723,,301.91921316614304,psi,,simulated
thrust,thrust,53385.659637,1780902737.1825547,2.4995097517382803,2.5004902482617197,22.042438790357206,lbs,,simulated
tank_temp,temperature,53385.6665245,1780902737.1894422,,,21.77177416260618,°C,,simulated
CC-PT,pressure,53385.6696786,1780902737.1925962,1.2799401616978838,,194.98504042447095,psi,,simulated
FI-PT,pressure,53385.6697157,1780902737.1926332,1.6987725137200969,,299.6931284300242,psi,,simulated
thrust,thrust,53385.6697307,1780902737.1926482,2.4995312094129574,2.5004687905870426,21.077663353940356,lbs,,simulated
CC-PT,pressure,53385.6800834,1780902737.2030013,1.2831904033649448,,195.7976008412362,psi,,simulated
FI-PT,pressure,53385.6801555,1780902737.203073,1.6957529420558146,,298.93823551395366,psi,,simulated
thrust,thrust,53385.6801752,1780902737.2030928,2.499553859180672,2.500446140819328,20.05928928216701,lbs,,simulated
FM-FM,flow,53385.6873316,1780902737.2102494,1.489624558642454,,6.465230237273005,gallons_per_minute,,simulated
CC-PT,pressure,53385.6907052,1780902737.2136233,1.2836886982546685,,195.9221745636671,psi,,simulated
FI-PT,pressure,53385.6907685,1780902737.213686,1.6906329024592524,,297.6582256148131,psi,,simulated
thrust,thrust,53385.6907854,1780902737.213703,2.499587833832244,2.500412166167756,18.531728174507,lbs,,simulated
CC-PT,pressure,53385.7012355,1780902737.2241535,1.281185898922193,,195.29647473054823,psi,,simulated
FI-PT,pressure,53385.7012808,1780902737.224198,1.6947736376254128,,298.69340940635317,psi,,simulated
thrust,thrust,53385.7012915,1780902737.2242088,2.4995967745300263,2.5004032254699737,18.129738409333314,lbs,,simulated
CC-PT,pressure,53385.7115803,1780902737.234498,1.2872280224833514,,196.80700562083786,psi,,simulated
FI-PT,pressure,53385.7116128,1780902737.23453,1.6956474418219856,,298.91186045549637,psi,,simulated
thrust,thrust,53385.7116207,1780902737.234538,2.499653398949313,2.500346601050687,15.583803229899956,lbs,,simulated
CC-PT,pressure,53385.7220426,1780902737.2449605,1.2833572963902111,,195.83932409755278,psi,,simulated
FI-PT,pressure,53385.7221088,1780902737.2450264,1.6946782701824035,,298.66956754560084,psi,,simulated
thrust,thrust,53385.7221292,1780902737.2450469,2.499693334066073,2.500306665933927,13.788248945457486,lbs,,simulated
FM-FM,flow,53385.7274966,1780902737.2504141,1.499692976438162,,6.559621654107767,gallons_per_minute,,simulated
CC-PT,pressure,53385.7326532,1780902737.255571,1.2891925918093432,,197.2981479523358,psi,,simulated
FI-PT,pressure,53385.7326991,1780902737.2556164,1.697134577886412,,299.283644471603,psi,,simulated
thrust,thrust,53385.7327171,1780902737.2556348,2.499705851042968,2.500294148957032,13.225463274214324,lbs,,simulated
CC-PT,pressure,53385.7432628,1780902737.2661803,1.2915094246279506,,197.87735615698764,psi,,simulated
FI-PT,pressure,53385.7432838,1780902737.266201,1.7026950958603735,,300.67377396509335,psi,,simulated
thrust,thrust,53385.7432899,1780902737.2662072,2.4997320770897957,2.5002679229102043,12.046293296371505,lbs,,simulated
CC-PT,pressure,53385.753607,1780902737.2765248,1.2924136271969826,,198.10340679924565,psi,,simulated
FI-PT,pressure,53385.753659,1780902737.2765765,1.687560282654796,,296.89007066369896,psi,,simulated
thrust,thrust,53385.7536745,1780902737.2765918,2.499780356857819,2.500219643142181,9.875548564433593,lbs,,simulated
CC-PT,pressure,53385.7638729,1780902737.2867908,1.2919600357961696,,197.9900089490424,psi,,simulated
FI-PT,pressure,53385.763943,1780902737.2868605,1.6997398972201225,,299.9349743050306,psi,,simulated
thrust,thrust,53385.7639622,1780902737.2868798,2.4997946619742706,2.5002053380257294,9.232364940155692,lbs,,simulated
tank_temp,temperature,53385.7666447,1780902737.2895622,,,21.927136397035856,°C,,simulated
FM-FM,flow,53385.7677447,1780902737.2906623,1.500916659941275,,6.571093686949453,gallons_per_minute,,simulated
CC-PT,pressure,53385.7740848,1780902737.2970026,1.2912239183454415,,197.80597958636037,psi,,simulated
FI-PT,pressure,53385.7741351,1780902737.2970524,1.7052515393795418,,301.31288484488545,psi,,simulated
thrust,thrust,53385.7741501,1780902737.2970674,2.4998316168584367,2.5001683831415633,7.57080724410445,lbs,,simulated
CC-PT,pressure,53385.7843532,1780902737.307271,1.2884093866836293,,197.1023466709073,psi,,simulated
FI-PT,pressure,53385.7843774,1780902737.3072946,1.6906853545529075,,297.67133863822687,psi,,simulated
thrust,thrust,53385.784384,1780902737.3073013,2.499868571742603,2.500131428257397,5.909249548053208,lbs,,simulated
CC-PT,pressure,53385.79473,1780902737.3176477,1.2974424716761672,,199.3606179190418,psi,,simulated
FI-PT,pressure,53385.7947657,1780902737.3176832,1.6980220911529174,,299.5055227882293,psi,,simulated
thrust,thrust,53385.7947741,1780902737.3176913,2.4998936056963927,2.5001063943036073,4.783678205566883,lbs,,simulated
CC-PT,pressure,53385.8051111,1780902737.3280292,1.2927825799921249,,198.1956449980312,psi,,simulated
FI-PT,pressure,53385.8051651,1780902737.3280823,1.6971244450955922,,299.28111127389803,psi,,simulated
thrust,thrust,53385.8051877,1780902737.3281054,2.4999347329061905,2.5000652670938095,2.93452528576792,lbs,,simulated
FM-FM,flow,53385.8081086,1780902737.3310268,1.5420331409017016,,6.956560695953453,gallons_per_minute,,simulated
CC-PT,pressure,53385.8157532,1780902737.3386712,1.2971527930680264,,199.2881982670066,psi,,simulated
FI-PT,pressure,53385.8158299,1780902737.3387475,1.692827545741504,,298.206886435376,psi,,simulated
thrust,thrust,53385.8158532,1780902737.3387706,2.499941885464416,2.500058114535584,2.6129334736289698,lbs,,simulated
CC-PT,pressure,53385.8262075,1780902737.3491251,1.2960381860778551,,199.00954651946378,psi,,simulated
FI-PT,pressure,53385.8262324,1780902737.3491497,1.7056479103145492,,301.4119775786373,psi,,simulated
thrust,thrust,53385.8262388,1780902737.3491561,2.4999693036042814,2.5000306963957186,1.3801648604296608,lbs,,simulated
CC-PT,pressure,53385.8364915,1780902737.3594096,1.295454656535942,,198.86366413398548,psi,,simulated
FI-PT,pressure,53385.8366522,1780902737.3595695,1.6982515690626585,,299.56289226566463,psi,,simulated
thrust,thrust,53385.8366631,1780902737.3595805,2.5000336766283127,2.4999663233716873,1.51416144882089,lbs,,simulated
CC-PT,pressure,53385.8468866,1780902737.3698046,1.3008786798570968,,200.2196699642742,psi,,simulated
FI-PT,pressure,53385.8469572,1780902737.3698747,1.7073412784744832,,301.8353196186208,psi,,simulated
thrust,thrust,53385.8469777,1780902737.3698952,2.500064075000772,2.499935924999228,2.880926650411428,lbs,,simulated
FM-FM,flow,53385.8486044,1780902737.3715222,1.4790489052592404,,6.366083486805378,gallons_per_minute,,simulated
CC-PT,pressure,53385.8572111,1780902737.3801289,1.318804778910253,,204.70119472756326,psi,,simulated
FI-PT,pressure,53385.8572275,1780902737.3801448,1.7031963709826912,,300.7990927456728,psi,,simulated
thrust,thrust,53385.8572336,1780902737.3801508,2.5000932812801935,2.4999067187198065,4.1940932166454745,lbs,,simulated
tank_temp,temperature,53385.8669838,1780902737.3899016,,,21.821885419023776,°C,,simulated
CC-PT,pressure,53385.8676008,1780902737.3905184,1.3017965914960614,,200.44914787401535,psi,,simulated
FI-PT,pressure,53385.8676324,1780902737.3905497,1.69931610814525,,299.8290270363125,psi,,simulated
thrust,thrust,53385.867644,1780902737.3905613,2.500119507327021,2.499880492672979,5.373263194488291,lbs,,simulated
CC-PT,pressure,53385.8777392,1780902737.4006572,1.3069547780698274,,201.73869451745685,psi,,simulated
FI-PT,pressure,53385.8778002,1780902737.4007177,1.702969873305544,,300.742468326386,psi,,simulated
thrust,thrust,53385.8778183,1780902737.4007359,2.5001558661646683,2.4998441338353317,7.008021572861288,lbs,,simulated
CC-PT,pressure,53385.888198,1780902737.411116,1.3135238067536124,,203.3809516884031,psi,,simulated
FI-PT,pressure,53385.8882315,1780902737.4111488,1.6992541193072939,,299.81352982682347,psi,,simulated
thrust,thrust,53385.8882446,1780902737.4111621,2.500191628955797,2.499808371044203,8.615980633556038,lbs,,simulated
FM-FM,flow,53385.88884,1780902737.4117577,1.531245891004311,,6.855430228165415,gallons_per_minute,,simulated
CC-PT,pressure,53385.898587,1780902737.4215045,1.299513733329026,,199.87843333225652,psi,,simulated
FI-PT,pressure,53385.8986217,1780902737.421539,1.6919221510794344,,297.9805377698586,psi,,simulated
thrust,thrust,53385.8986331,1780902737.4215503,2.5002077222118047,2.4997922777881953,9.339562210868676,lbs,,simulated
CC-PT,pressure,53385.9087747,1780902737.4316933,1.321943559878297,,205.48588996957423,psi,,simulated
FI-PT,pressure,53385.9088278,1780902737.4317453,1.7105581415364912,,302.6395353841228,psi,,simulated
thrust,thrust,53385.9088372,1780902737.4317546,2.500253021747234,2.499746978252766,11.37631035441536,lbs,,simulated
CC-PT,pressure,53385.9189731,1780902737.441892,1.3161976714369858,,204.04941785924646,psi,,simulated
FI-PT,pressure,53385.919035,1780902737.4419525,1.7044784670446476,,301.11961676116186,psi,,simulated
thrust,thrust,53385.9190493,1780902737.4419668,2.5002738833753924,2.4997261166246076,12.314286473153965,lbs,,simulated
FM-FM,flow,53385.9289707,1780902737.451889,1.5336908738244623,,6.878351942104334,gallons_per_minute,,simulated
CC-PT,pressure,53385.9290285,1780902737.451946,1.306471384343074,,201.6178460857685,psi,,simulated
FI-PT,pressure,53385.9295694,1780902737.452487,1.7094840657095989,,302.3710164273997,psi,,simulated
thrust,thrust,53385.9295798,1780902737.4524975,2.500334084073792,2.499665915926208,15.021017558656794,lbs,,simulated
CC-PT,pressure,53385.9393217,1780902737.4622397,1.3094408880997763,,202.36022202494408,psi,,simulated
FI-PT,pressure,53385.9399833,1780902737.4629009,1.6919376482889235,,297.98441207223084,psi,,simulated
thrust,thrust,53385.9400194,1780902737.4629369,2.5003477931437246,2.4996522068562754,15.637401865256448,lbs,,simulated
CC-PT,pressure,53385.9499175,1780902737.4728355,1.3032759789557433,,200.81899473893583,psi,,simulated
FI-PT,pressure,53385.9505356,1780902737.473453,1.709352935475461,,302.33823386886525,psi,,simulated
thrust,thrust,53385.9505468,1780902737.473464,2.500377595469665,2.499622404530335,16.977367749168742,lbs,,simulated
CC-PT,pressure,53385.9603578,1780902737.483276,1.3051433926991693,,201.28584817479233,psi,,simulated
FI-PT,pressure,53385.960993,1780902737.4839106,1.7082788596485685,,302.0697149121421,psi,,simulated
thrust,thrust,53385.9610098,1780902737.483927,2.50041514640035,2.49958485359965,18.66572476289823,lbs,,simulated
tank_temp,temperature,53385.9673229,1780902737.4902408,,,21.806800023493224,°C,,simulated
FM-FM,flow,53385.969479,1780902737.4923968,1.5023871067031749,,6.584879125342264,gallons_per_minute,,simulated
CC-PT,pressure,53385.9705706,1780902737.4934883,1.3248832613090589,,206.22081532726472,psi,,simulated
FI-PT,pressure,53385.9711893,1780902737.4941068,1.7033424023797992,,300.83560059494977,psi,,simulated
thrust,thrust,53385.9712284,1780902737.494146,2.5004437566332527,2.4995562433667473,19.952092011454027,lbs,,simulated
CC-PT,pressure,53385.9808993,1780902737.5038168,1.3195969247337491,,204.89923118343728,psi,,simulated
FI-PT,pressure,53385.981459,1780902737.5043764,1.6911210645581563,,297.78026613953904,psi,,simulated
thrust,thrust,53385.9814713,1780902737.5043886,2.5004723668661555,2.4995276331338445,21.23845926000983,lbs,,simulated
CC-PT,pressure,53385.9913072,1780902737.514225,1.3131089583765219,,203.27723959413046,psi,,simulated
FI-PT,pressure,53385.9919139,1780902737.5148315,1.7047091370474263,,301.1772842618566,psi,,simulated
thrust,thrust,53385.9919447,1780902737.514862,2.5004854798895693,2.4995145201104307,21.82804424893124,lbs,,simulated
CC-PT,pressure,53386.0017146,1780902737.5246327,1.317293800985074,,204.32345024626852,psi,,simulated
FI-PT,pressure,53386.0023141,1780902737.5252316,1.7003609776927207,,300.09024442318014,psi,,simulated
thrust,thrust,53386.0023318,1780902737.5252492,2.5005218387272166,2.4994781612727834,23.462802627304235,lbs,,simulated
FM-FM,flow,53386.0095804,1780902737.5324981,1.4932985893843875,,6.4996742754786325,gallons_per_minute,,simulated
CC-PT,pressure,53386.0120441,1780902737.5349617,1.317508377731845,,204.37709443296126,psi,,simulated
FI-PT,pressure,53386.0125979,1780902737.5355153,1.7034657840091925,,300.8664460022981,psi,,simulated
thrust,thrust,53386.0126103,1780902737.5355277,2.5005564094253074,2.4994435905746926,25.017163052642495,lbs,,simulated
CC-PT,pressure,53386.0223455,1780902737.5452633,1.3224603322101036,,205.6150830525259,psi,,simulated
FI-PT,pressure,53386.0228317,1780902737.5457494,1.7052098161232252,,301.3024540308063,psi,,simulated
thrust,thrust,53386.0228755,1780902737.545793,2.500576078960428,2.499423921039572,25.901540536024605,lbs,,simulated
CC-PT,pressure,53386.032489,1780902737.5554068,1.3132365123315468,,203.3091280828867,psi,,simulated
FI-PT,pressure,53386.0331078,1780902737.5560255,1.6997053265220317,,299.9263316305079,psi,,simulated
thrust,thrust,53386.0331384,1780902737.5560558,2.500601708960737,2.499398291039263,27.053911196189176,lbs,,simulated
CC-PT,pressure,53386.0429179,1780902737.565837,1.326772132727162,,206.6930331817905,psi,,simulated
FI-PT,pressure,53386.0436264,1780902737.5665438,1.704613769604417,,301.15344240110426,psi,,simulated
thrust,thrust,53386.043656,1780902737.5665734,2.5006207824493387,2.4993792175506613,27.911489361893043,lbs,,simulated
FM-FM,flow,53386.0496801,1780902737.572598,1.481386599706006,,6.387999372243806,gallons_per_minute,,simulated
CC-PT,pressure,53386.0533894,1780902737.576307,1.3206560993976713,,205.1640248494178,psi,,simulated
FI-PT,pressure,53386.0539719,1780902737.5768893,1.7057248003154755,,301.43120007886887,psi,,simulated
thrust,thrust,53386.0539857,1780902737.576903,2.5006529689613544,2.4993470310386456,29.35865251651832,lbs,,simulated
CC-PT,pressure,53386.0636452,1780902737.5865629,1.3195963286872303,,204.89908217180758,psi,,simulated
FI-PT,pressure,53386.064213,1780902737.5871303,1.71466967042323,,303.6674176058075,psi,,simulated
thrust,thrust,53386.0642243,1780902737.5871415,2.5006893277990017,2.4993106722009983,30.993410894891316,lbs,,simulated
tank_temp,temperature,53386.0675228,1780902737.5904405,,,21.790154069804306,°C,,simulated
CC-PT,pressure,53386.0738785,1780902737.5967963,1.3205446386986541,,205.13615967466353,psi,,simulated
FI-PT,pressure,53386.0744439,1780902737.5973613,1.7055561191506527,,301.38902978766316,psi,,simulated
thrust,thrust,53386.0744615,1780902737.5973787,2.5006869436129264,2.4993130563870736,30.886213624178332,lbs,,simulated
CC-PT,pressure,53386.0843613,1780902737.60728,1.326974192497038,,206.7435481242595,psi,,simulated
FI-PT,pressure,53386.0850211,1780902737.6079388,1.720533576075265,,305.1333940188162,psi,,simulated
thrust,thrust,53386.0850656,1780902737.607983,2.5007084012876035,2.4992915987123965,31.850989060595182,lbs,,simulated
FM-FM,flow,53386.0900375,1780902737.6129556,1.4907236684231362,,6.475534391466901,gallons_per_minute,,simulated
CC-PT,pressure,53386.0947297,1780902737.617648,1.3183392665790636,,204.5848166447659,psi,,simulated
FI-PT,pressure,53386.0976057,1780902737.6205235,1.6996409534980004,,299.91023837450007,psi,,simulated
thrust,thrust,53386.0978138,1780902737.6207314,2.500737607567025,2.499262392432975,33.16415562682923,lbs,,simulated
CC-PT,pressure,53386.1051127,1780902737.6280315,1.3275505694807255,,206.88764237018137,psi,,simulated
FI-PT,pressure,53386.1083028,1780902737.631222,1.7061807759023637,,301.5451939755909,psi,,simulated
thrust,thrust,53386.1083904,1780902737.6313078,2.5007554889625894,2.4992445110374106,33.968135157176604,lbs,,simulated
CC-PT,pressure,53386.1156158,1780902737.6385345,1.3282503280938063,,207.06258202345157,psi,,simulated
FI-PT,pressure,53386.1185632,1780902737.641481,1.71469470437702,,303.673676094255,psi,,simulated
thrust,thrust,53386.1185833,1780902737.6415007,2.500803768730613,2.499196231269387,36.13887988911452,lbs,,simulated
CC-PT,pressure,53386.1260932,1780902737.6490111,1.3303895390498088,,207.5973847624522,psi,,simulated
FI-PT,pressure,53386.1290732,1780902737.6519911,1.698088252316505,,299.52206307912627,psi,,simulated
thrust,thrust,53386.1291077,1780902737.652025,2.5008293987309216,2.4991706012690784,37.29125054927909,lbs,,simulated
FM-FM,flow,53386.1305851,1780902737.6535027,1.553849763137074,,7.067341529410068,gallons_per_minute,,simulated
CC-PT,pressure,53386.1366589,1780902737.6595776,1.331625739529817,,207.90643488245425,psi,,simulated
FI-PT,pressure,53386.1391324,1780902737.66205,1.7114808215476063,,302.87020538690155,psi,,simulated
thrust,thrust,53386.1391518,1780902737.6620693,2.5008335710565532,2.4991664289434468,37.47884577302681,lbs,,simulated
CC-PT,pressure,53386.1470779,1780902737.6699958,1.340923469176706,,210.2308672941765,psi,,simulated
FI-PT,pressure,53386.1497233,1780902737.672641,1.7103966129298942,,302.59915323247355,psi,,simulated
thrust,thrust,53386.1497543,1780902737.6726718,2.5008478761730046,2.4991521238269954,38.12202939730471,lbs,,simulated
CC-PT,pressure,53386.1571981,1780902737.6801157,1.3419617822124699,,210.49044555311747,psi,,simulated
FI-PT,pressure,53386.1599663,1780902737.6828845,1.704663241465478,,301.1658103663695,psi,,simulated
thrust,thrust,53386.1600413,1780902737.682959,2.5008770824524262,2.4991229175475738,39.43519596353875,lbs,,simulated
CC-PT,pressure,53386.167496,1780902737.6904142,1.3395978617188766,,209.89946542971916,psi,,simulated
tank_temp,temperature,53386.167571,1780902737.6904886,,,21.876158163863632,°C,,simulated
FI-PT,pressure,53386.1701513,1780902737.6930687,1.707084382424877,,301.7710956062192,psi,,simulated
thrust,thrust,53386.1701622,1780902737.6930795,2.500889599429321,2.499110400570679,39.997981634781915,lbs,,simulated
FM-FM,flow,53386.1707047,1780902737.693622,1.4659174044033771,,6.24297566628166,gallons_per_minute,,simulated
CC-PT,pressure,53386.177893,1780902737.700811,1.3318570055791146,,207.96425139477864,psi,,simulated
FI-PT,pressure,53386.1805277,1780902737.7034452,1.718062963254805,,304.51574081370126,psi,,simulated
thrust,thrust,53386.1805483,1780902737.7034657,2.500871718033757,2.499128281966243,39.194002104434546,lbs,,simulated
CC-PT,pressure,53386.1880346,1780902737.7109523,1.3454218322541514,,211.35545806353784,psi,,simulated
FI-PT,pressure,53386.190723,1780902737.7136407,1.7063393242763667,,301.58483106909165,psi,,simulated
thrust,thrust,53386.1907586,1780902737.713676,2.5009074808248855,2.4990925191751145,40.80196116512929,lbs,,simulated
CC-PT,pressure,53386.1984919,1780902737.7214098,1.3322545686071596,,208.0636421517899,psi,,simulated
FI-PT,pressure,53386.2011289,1780902737.7240462,1.7109574927040927,,302.73937317602315,psi,,simulated
thrust,thrust,53386.2011534,1780902737.724071,2.500945627802089,2.499054372197911,42.517117496537026,lbs,,simulated
CC-PT,pressure,53386.2088059,1780902737.7317238,1.3386012719394293,,209.65031798485734,psi,,simulated
FM-FM,flow,53386.2110802,1780902737.7339978,1.5230895904409398,,6.77896491038381,gallons_per_minute,,simulated
FI-PT,pressure,53386.2116316,1780902737.734549,1.712137068764814,,303.0342671912035,psi,,simulated
thrust,thrust,53386.2116435,1780902737.734561,2.5009295345460814,2.4990704654539186,41.79353591922439,lbs,,simulated
CC-PT,pressure,53386.2193483,1780902737.7422674,1.3279678020438912,,206.9919505109728,psi,,simulated
FI-PT,pressure,53386.2223056,1780902737.745225,1.7170514723123875,,304.26286807809686,psi,,simulated
thrust,thrust,53386.2223775,1780902737.7452948,2.5009384752438635,2.4990615247561365,42.19552568439808,lbs,,simulated
CC-PT,pressure,53386.2299118,1780902737.7528305,1.3415826966265079,,210.39567415662697,psi,,simulated
FI-PT,pressure,53386.2328975,1780902737.7558153,1.6976585027764444,,299.41462569411107,psi,,simulated
thrust,thrust,53386.2329338,1780902737.7558515,2.500949204081202,2.499050795918798,42.6779134026065,lbs,,simulated
CC-PT,pressure,53386.2407239,1780902737.763643,1.3466371711060012,,211.6592927765003,psi,,simulated
FI-PT,pressure,53386.2435115,1780902737.7664306,1.7014863135202305,,300.3715783800576,psi,,simulated
thrust,thrust,53386.2436185,1780902737.7665362,2.500980794546699,2.499019205453301,44.09827723955353,lbs,,simulated
CC-PT,pressure,53386.2512339,1780902737.7741516,1.3275249394804167,,206.88123487010418,psi,,simulated
FM-FM,flow,53386.2512886,1780902737.774206,1.5003319383063243,,6.565611921621789,gallons_per_minute,,simulated
FI-PT,pressure,53386.2543924,1780902737.7773101,1.702535355393333,,300.6338388483332,psi,,simulated
thrust,thrust,53386.2544251,1780902737.7773426,2.5009688736163227,2.4990311263836773,43.56229088598862,lbs,,simulated
CC-PT,pressure,53386.2617165,1780902737.7846346,1.3482137141482489,,212.05342853706222,psi,,simulated
FI-PT,pressure,53386.264472,1780902737.7873898,1.7091461073334346,,302.28652683335866,psi,,simulated
thrust,thrust,53386.2645041,1780902737.7874215,2.5009843708258117,2.4990156291741883,44.259073145623006,lbs,,simulated
tank_temp,temperature,53386.2682222,1780902737.79114,,,22.044178258910918,°C,,simulated
CC-PT,pressure,53386.2719168,1780902737.7948344,1.344018738748877,,211.00468468721922,psi,,simulated
FI-PT,pressure,53386.2745878,1780902737.7975056,1.714753712982382,,303.6884282455955,psi,,simulated
thrust,thrust,53386.2746324,1780902737.7975497,2.5009980798957443,2.4990019201042557,44.87545745222266,lbs,,simulated
CC-PT,pressure,53386.2820681,1780902737.804986,1.3464446480804262,,211.61116202010655,psi,,simulated
FI-PT,pressure,53386.2846656,1780902737.807583,1.7163064141638773,,304.0766035409693,psi,,simulated
thrust,thrust,53386.2846834,1780902737.807601,2.500992715477075,2.499007284522925,44.63426359311845,lbs,,simulated
FM-FM,flow,53386.291652,1780902737.8145697,1.5569855638725238,,7.09673966130491,gallons_per_minute,,simulated
CC-PT,pressure,53386.2927683,1780902737.8156862,1.3421936443082862,,210.54841107707156,psi,,simulated
FI-PT,pressure,53386.2949337,1780902737.8178515,1.709841097574365,,302.46027439359125,psi,,simulated
thrust,thrust,53386.295006,1780902737.8179235,2.5009945036166314,2.4990054963833686,44.71466154615319,lbs,,simulated
CC-PT,pressure,53386.3030389,1780902737.825957,1.3420029094222676,,210.5007273555669,psi,,simulated
FI-PT,pressure,53386.3051181,1780902737.8280356,1.7208977604982567,,305.2244401245642,psi,,simulated
thrust,thrust,53386.305129,1780902737.8280463,2.5009873510584057,2.4990126489415943,44.39306973401424,lbs,,simulated
CC-PT,pressure,53386.3136772,1780902737.8365953,1.3513077916273821,,212.82694790684553,psi,,simulated
FI-PT,pressure,53386.3151771,1780902737.8380945,1.711603011083962,,302.9007527709905,psi,,simulated
thrust,thrust,53386.3152026,1780902737.83812,2.500986755011887,2.499013244988113,44.36627041633599,lbs,,simulated
CC-PT,pressure,53386.3237698,1780902737.8466873,1.351193350695771,,212.79833767394274,psi,,simulated
FI-PT,pressure,53386.325356,1780902737.8482738,1.7164369483514963,,304.1092370878741,psi,,simulated
thrust,thrust,53386.3253947,1780902737.8483124,2.5010105968726393,2.4989894031273607,45.438243123465824,lbs,,simulated
FM-FM,flow,53386.3319604,1780902737.8548782,1.5251465469773469,,6.798248877912626,gallons_per_minute,,simulated
CC-PT,pressure,53386.3342145,1780902737.8571322,1.349875491842686,,212.46887296067152,psi,,simulated
FI-PT,pressure,53386.3357713,1780902737.858689,1.707982028482202,,301.9955071205505,psi,,simulated
thrust,thrust,53386.3358114,1780902737.858729,2.500986755011887,2.499013244988113,44.36627041633599,lbs,,simulated
CC-PT,pressure,53386.3446408,1780902737.8675585,1.3405211377765105,,210.13028444412762,psi,,simulated
FI-PT,pressure,53386.3462526,1780902737.8691702,1.7177911660422285,,304.4477915105571,psi,,simulated
thrust,thrust,53386.3462919,1780902737.8692093,2.501008808733083,2.498991191266917,45.357845170431084,lbs,,simulated
CC-PT,pressure,53386.3551695,1780902737.8780875,1.3493307053244954,,212.33267633112385,psi,,simulated
FI-PT,pressure,53386.3568451,1780902737.879763,1.7087270866307123,,302.18177165767804,psi,,simulated
thrust,thrust,53386.3568863,1780902737.879804,2.501008212686564,2.498991787313436,45.331045852752844,lbs,,simulated
CC-PT,pressure,53386.3653358,1780902737.8882537,1.3452775889965998,,211.31939724914994,psi,,simulated
FI-PT,pressure,53386.3674643,1780902737.8903818,1.7202510500253498,,305.06276250633744,psi,,simulated
thrust,thrust,53386.3674976,1780902737.8904152,2.5010076166400452,2.4989923833599548,45.3042465350746,lbs,,simulated
tank_temp,temperature,53386.3685657,1780902737.891483,,,21.896272024571072,°C,,simulated
FM-FM,flow,53386.3722066,1780902737.8951242,1.49155694145643,,6.483346326154031,gallons_per_minute,,simulated
CC-PT,pressure,53386.3758979,1780902737.8988156,1.3494326292792116,,212.3581573198029,psi,,simulated
FI-PT,pressure,53386.3780386,1780902737.9009562,1.7187209986115692,,304.6802496528923,psi,,simulated
thrust,thrust,53386.3780635,1780902737.900981,2.500986158965368,2.499013841034632,44.33947109865775,lbs,,simulated
CC-PT,pressure,53386.3861126,1780902737.9090304,1.3578017184497977,,214.45042961244943,psi,,simulated
FI-PT,pressure,53386.3887945,1780902737.9117122,1.72501703798974,,306.254259497435,psi,,simulated
thrust,thrust,53386.3888271,1780902737.9117446,2.500973641988473,2.499026358011527,43.776685427414584,lbs,,simulated
CC-PT,pressure,53386.3965516,1780902737.9194696,1.3619329168716572,,215.4832292179143,psi,,simulated
FI-PT,pressure,53386.3991012,1780902737.9220192,1.7114921464314636,,302.8730366078659,psi,,simulated
thrust,thrust,53386.399177,1780902737.9220946,2.5009760261745484,2.4990239738254516,43.883882698127564,lbs,,simulated
CC-PT,pressure,53386.40718,1780902737.9300978,1.352656644899445,,213.16416122486126,psi,,simulated
FI-PT,pressure,53386.4098264,1780902737.9327443,1.7073239931254378,,301.8309982813594,psi,,simulated
thrust,thrust,53386.4098665,1780902737.932784,2.50098019850018,2.49901980149982,44.071477921875285,lbs,,simulated
FM-FM,flow,53386.4126456,1780902737.9355633,1.5110214365746302,,6.665825967887157,gallons_per_minute,,simulated
CC-PT,pressure,53386.4173052,1780902737.9402227,1.360995335697572,,215.24883392439298,psi,,simulated
FI-PT,pressure,53386.4198939,1780902737.9428115,1.7195083760629148,,304.8770940157287,psi,,simulated
thrust,thrust,53386.4199169,1780902737.9428341,2.5009641052441722,2.4990358947558278,43.34789634456265,lbs,,simulated
CC-PT,pressure,53386.4274231,1780902737.9503405,1.3522376241967229,,213.05940604918072,psi,,simulated
FI-PT,pressure,53386.4304121,1780902737.9533293,1.7166813274242076,,304.1703318560519,psi,,simulated
thrust,thrust,53386.4304232,1780902737.9533408,2.5009539724533525,2.4990460275466475,42.89230794403247,lbs,,simulated
CC-PT,pressure,53386.4374481,1780902737.9603655,1.3382722542610472,,209.5680635652618,psi,,simulated
FI-PT,pressure,53386.4404713,1780902737.9633887,1.7118378534123724,,302.9594633530931,psi,,simulated
thrust,thrust,53386.440479,1780902737.9633963,2.500937283150826,2.499062716849174,42.141927049041584,lbs,,simulated
CC-PT,pressure,53386.4477153,1780902737.9706333,1.3500513255657345,,212.51283139143362,psi,,simulated
FI-PT,pressure,53386.4506563,1780902737.973574,1.7072167047520523,,301.80417618801306,psi,,simulated
thrust,thrust,53386.4506883,1780902737.9736056,2.5009360910577882,2.4990639089422118,42.0883284136851,lbs,,simulated
FM-FM,flow,53386.4532948,1780902737.9762125,1.5280755195707703,,6.8257079959759706,gallons_per_minute,,simulated
CC-PT,pressure,53386.4582923,1780902737.9812107,1.360789699648583,,215.19742491214578,psi,,simulated
FI-PT,pressure,53386.4609813,1780902737.9838989,1.7202874088629971,,305.0718522157493,psi,,simulated
thrust,thrust,53386.4610081,1780902737.9839256,2.5008949638479905,2.4991050361520095,40.23917549388613,lbs,,simulated
CC-PT,pressure,53386.4686914,1780902737.991609,1.367405219960835,,216.85130499020877,psi,,simulated
tank_temp,temperature,53386.4687266,1780902737.9916441,,,21.800731186210815,°C,,simulated
FI-PT,pressure,53386.4713196,1780902737.9942372,1.7040272598299098,,301.00681495747745,psi,,simulated
thrust,thrust,53386.4713511,1780902737.9942687,2.5008890033828024,2.4991109966171976,39.971182317103676,lbs,,simulated
CC-PT,pressure,53386.4791125,1780902738.0020304,1.361367864771827,,215.34196619295676,psi,,simulated
FI-PT,pressure,53386.4817452,1780902738.0046628,1.713172401567984,,303.29310039199595,psi,,simulated
thrust,thrust,53386.4817641,1780902738.0046818,2.5009015203596974,2.4990984796403026,40.53396798834684,lbs,,simulated
CC-PT,pressure,53386.4892614,1780902738.0121791,1.3478846964698667,,211.9711741174667,psi,,simulated
FI-PT,pressure,53386.4919347,1780902738.0148523,1.7226209309841312,,305.65523274603277,psi,,simulated
thrust,thrust,53386.4919646,1780902738.014882,2.50087529431287,2.49912470568713,39.35479801050402,lbs,,simulated
FM-FM,flow,53386.4935658,1780902738.0164835,1.5284903679478608,,6.829597199511194,gallons_per_minute,,simulated
CC-PT,pressure,53386.4995891,1780902738.0225067,1.359770460101421,,214.94261502535528,psi,,simulated
FI-PT,pressure,53386.502457,1780902738.0253744,1.714930738798468,,303.732684699617,psi,,simulated
thrust,thrust,53386.5024844,1780902738.0254018,2.5008609891964184,2.4991390108035816,38.71161438622612,lbs,,simulated
CC-PT,pressure,53386.5099849,1780902738.0329037,1.3569720216956163,,214.24300542390407,psi,,simulated
FI-PT,pressure,53386.512519,1780902738.0354366,1.719424333503763,,304.8560833759407,psi,,simulated
thrust,thrust,53386.5125616,1780902738.035479,2.5008180738470642,2.4991819261529358,36.782063513392416,lbs,,simulated
CC-PT,pressure,53386.5200994,1780902738.0430171,1.3539077465424234,,213.47693663560585,psi,,simulated
FI-PT,pressure,53386.5226367,1780902738.0455544,1.719846334439079,,304.9615836097698,psi,,simulated
thrust,thrust,53386.5226698,1780902738.0455873,2.5008109212888385,2.4991890787111615,36.46047170125347,lbs,,simulated
CC-PT,pressure,53386.5305749,1780902738.0534928,1.3502498090564976,,212.5624522641244,psi,,simulated
FI-PT,pressure,53386.5330641,1780902738.0559816,1.7207028532866064,,305.1757133216516,psi,,simulated
thrust,thrust,53386.5330756,1780902738.055993,2.5007960201258683,2.4992039798741317,35.79048875929732,lbs,,simulated
FM-FM,flow,53386.5340804,1780902738.0569978,1.5077628502563059,,6.6352767211528665,gallons_per_minute,,simulated
CC-PT,pressure,53386.5406446,1780902738.0635622,1.357196731233207,,214.29918280830174,psi,,simulated
FI-PT,pressure,53386.5432934,1780902738.0662112,1.7237254051834827,,305.9313512958707,psi,,simulated
thrust,thrust,53386.5433642,1780902738.0662816,2.5007793308233417,2.4992206691766583,35.040107864306435,lbs,,simulated
CC-PT,pressure,53386.5512166,1780902738.0741346,1.360892219649818,,215.22305491245453,psi,,simulated
FI-PT,pressure,53386.5538446,1780902738.0767622,1.721533742133825,,305.38343553345624,psi,,simulated
thrust,thrust,53386.55386,1780902738.0767775,2.5007709861720784,2.4992290138279216,34.664917416810994,lbs,,simulated
CC-PT,pressure,53386.5617651,1780902738.084683,1.3710583890746104,,217.7645972686526,psi,,simulated
FI-PT,pressure,53386.564427,1780902738.0873446,1.7156000990390896,,303.9000247597724,psi,,simulated
thrust,thrust,53386.5644637,1780902738.0873814,2.500731647101837,2.499268352898163,32.89616245004677,lbs,,simulated
tank_temp,temperature,53386.569235,1780902738.0921526,,,22.018168956272014,°C,,simulated
CC-PT,pressure,53386.5719074,1780902738.0948253,1.3619448378020333,,215.48620945050834,psi,,simulated
FI-PT,pressure,53386.5745213,1780902738.0974388,1.7106916559567042,,302.67291398917604,psi,,simulated
thrust,thrust,53386.5745532,1780902738.0974708,2.500716745938867,2.499283254061133,32.226179508090624,lbs,,simulated
FM-FM,flow,53386.5745723,1780902738.0974898,1.5238769678922854,,6.786346573990175,gallons_per_minute,,simulated
CC-PT,pressure,53386.5821011,1780902738.105019,1.35791556333489,,214.47889083372252,psi,,simulated
FI-PT,pressure,53386.5847544,1780902738.1076717,1.7165937085859428,,304.1484271464857,psi,,simulated
thrust,thrust,53386.5848171,1780902738.1077347,2.50068515547337,2.49931484452663,30.805815671143595,lbs,,simulated
CC-PT,pressure,53386.592452,1780902738.1153698,1.3699187481306492,,217.4796870326623,psi,,simulated
FI-PT,pressure,53386.5951337,1780902738.1180515,1.7145963567014166,,303.64908917535416,psi,,simulated
thrust,thrust,53386.595192,1780902738.1181095,2.500666081984768,2.499333918015232,29.948237505439728,lbs,,simulated
CC-PT,pressure,53386.6027757,1780902738.125694,1.3675840339164775,,216.8960084791194,psi,,simulated
FI-PT,pressure,53386.6053857,1780902738.1283033,1.7211939956181044,,305.29849890452607,psi,,simulated
thrust,thrust,53386.6054156,1780902738.128333,2.500648200589204,2.499351799410796,29.14425797509235,lbs,,simulated
CC-PT,pressure,53386.6130116,1780902738.135929,1.3626440003685953,,215.66100009214884,psi,,simulated
FM-FM,flow,53386.6146295,1780902738.137547,1.5222247269421492,,6.770856815082648,gallons_per_minute,,simulated
FI-PT,pressure,53386.6156255,1780902738.1385431,1.7263724477735098,,306.59311194337744,psi,,simulated
thrust,thrust,53386.615635,1780902738.1385524,2.500623166635414,2.499376833364586,28.018686632606027,lbs,,simulated
CC-PT,pressure,53386.6236021,1780902738.14652,1.3746257274896774,,218.65643187241935,psi,,simulated
FI-PT,pressure,53386.6262107,1780902738.1491284,1.7239221005346894,,305.98052513367236,psi,,simulated
thrust,thrust,53386.6262532,1780902738.1491706,2.5006029010537745,2.4993970989462255,27.10750983154567,lbs,,simulated
CC-PT,pressure,53386.6341461,1780902738.1570637,1.3685901604402257,,217.14754011005644,psi,,simulated
FI-PT,pressure,53386.6366267,1780902738.159544,1.7152782339189332,,303.8195584797333,psi,,simulated
thrust,thrust,53386.6366365,1780902738.1595538,2.500554025239232,2.499445974760768,24.90996578192951,lbs,,simulated
CC-PT,pressure,53386.6445916,1780902738.1675093,1.3768680544934337,,219.21701362335844,psi,,simulated
FI-PT,pressure,53386.6472098,1780902738.1701279,1.7208947802656627,,305.22369506641564,psi,,simulated
thrust,thrust,53386.6472655,1780902738.170183,2.5005462766344877,2.4994537233655123,24.561574652112313,lbs,,simulated
CC-PT,pressure,53386.6548697,1780902738.1777873,1.3656820494749606,,216.42051236874016,psi,,simulated
FM-FM,flow,53386.6549352,1780902738.1778526,1.5444024258139641,,6.978772742005914,gallons_per_minute,,simulated
FI-PT,pressure,53386.6575332,1780902738.180451,1.7199452781612012,,304.9863195403003,psi,,simulated
thrust,thrust,53386.6575715,1780902738.180489,2.5005152822155097,2.4994847177844903,23.16801013284353,lbs,,simulated
CC-PT,pressure,53386.6650754,1780902738.1879933,1.363720460381563,,215.93011509539073,psi,,simulated
FI-PT,pressure,53386.6678511,1780902738.1907687,1.7173131367341443,,304.3282841835361,psi,,simulated
thrust,thrust,53386.6678861,1780902738.1908038,2.5004747510522307,2.4995252489477693,21.345656530722813,lbs,,simulated
tank_temp,temperature,53386.6694948,1780902738.1924126,,,21.96320263002848,°C,,simulated
CC-PT,pressure,53386.6752261,1780902738.1981437,1.3637782768938873,,215.94456922347183,psi,,simulated
FI-PT,pressure,53386.6783763,1780902738.2012944,1.7281641636090472,,307.0410409022618,psi,,simulated
thrust,thrust,53386.6784442,1780902738.2013617,2.5004664064009674,2.4995335935990326,20.97046608322737,lbs,,simulated
CC-PT,pressure,53386.6853253,1780902738.208243,1.3607271147641082,,215.18177869102706,psi,,simulated
FI-PT,pressure,53386.6885456,1780902738.2114635,1.7242737679807862,,306.06844199519657,psi,,simulated
thrust,thrust,53386.6885882,1780902738.2115057,2.500418126632944,2.499581873367056,18.79972135128946,lbs,,simulated
FM-FM,flow,53386.695079,1780902738.2179968,1.5421463897402752,,6.95762240381508,gallons_per_minute,,simulated
CC-PT,pressure,53386.6958462,1780902738.2187643,1.3711263383777545,,217.78158459443864,psi,,simulated
FI-PT,pressure,53386.6988798,1780902738.2217975,1.7229749826163032,,305.7437456540758,psi,,simulated
thrust,thrust,53386.6989059,1780902738.2218232,2.5003913045395976,2.4996086954604024,17.593752055768395,lbs,,simulated
CC-PT,pressure,53386.7060489,1780902738.228967,1.3714744295447385,,217.86860738618464,psi,,simulated
FI-PT,pressure,53386.7093576,1780902738.2322757,1.713696922504535,,303.42423062613375,psi,,simulated
thrust,thrust,53386.7094442,1780902738.2323618,2.5003698468649205,2.4996301531350795,16.628976619351544,lbs,,simulated
CC-PT,pressure,53386.7161942,1780902738.2391121,1.3845165234227805,,221.12913085569514,psi,,simulated
FI-PT,pressure,53386.7194823,1780902738.2424,1.7054828054288393,,301.37070135720984,psi,,simulated
thrust,thrust,53386.7195238,1780902738.2424412,2.500348985236762,2.499651014763238,15.69100050061294,lbs,,simulated
CC-PT,pressure,53386.7265775,1780902738.2494953,1.3701041185979985,,217.52602964949963,psi,,simulated
FI-PT,pressure,53386.7299386,1780902738.2528565,1.7170645853358013,,304.2661463339503,psi,,simulated
thrust,thrust,53386.7300128,1780902738.2529304,2.500299513375701,2.499700486624299,13.466657133318536,lbs,,simulated
FM-FM,flow,53386.7356164,1780902738.2585342,1.5433319262661847,,6.968736808745481,gallons_per_minute,,simulated
CC-PT,pressure,53386.7372333,1780902738.2601511,1.3870467408951213,,221.76168522378032,psi,,simulated
FI-PT,pressure,53386.7400403,1780902738.262958,1.72852298361337,,307.1307459033425,psi,,simulated
thrust,thrust,53386.7400822,1780902738.2629998,2.5002881884918438,2.4997118115081562,12.957470097431864,lbs,,simulated
CC-PT,pressure,53386.7475247,1780902738.2704425,1.3753558844752174,,218.83897111880435,psi,,simulated
FI-PT,pressure,53386.750352,1780902738.2732697,1.7206116581692288,,305.1529145423072,psi,,simulated
thrust,thrust,53386.7503893,1780902738.2733068,2.5002458691890084,2.4997541308109916,11.05471854227641,lbs,,simulated
CC-PT,pressure,53386.7576068,1780902738.2805243,1.3725187030456905,,218.12967576142262,psi,,simulated
FI-PT,pressure,53386.7607613,1780902738.283679,1.7219694521390738,,305.49236303476846,psi,,simulated
thrust,thrust,53386.7607862,1780902738.2837036,2.500202953839654,2.499797046160346,9.125167669442709,lbs,,simulated
CC-PT,pressure,53386.7679385,1780902738.290856,1.3646115499271811,,216.1528874817953,psi,,simulated
tank_temp,temperature,53386.7700005,1780902738.292918,,,22.046085607771126,°C,,simulated
FI-PT,pressure,53386.7710458,1780902738.293963,1.7207535172407051,,305.1883793101763,psi,,simulated
thrust,thrust,53386.7710553,1780902738.2939727,2.5001856684906087,2.4998143315093913,8.347987456773579,lbs,,simulated
FM-FM,flow,53386.7759894,1780902738.2989078,1.528343740504234,,6.828222567227193,gallons_per_minute,,simulated
CC-PT,pressure,53386.7786065,1780902738.301524,1.3775660249669583,,219.3915062417396,psi,,simulated
FI-PT,pressure,53386.7812409,1780902738.3041584,1.7254295021807553,,306.3573755451888,psi,,simulated
thrust,thrust,53386.781263,1780902738.3041804,2.500147521513405,2.499852478486595,6.632831125365846,lbs,,simulated
CC-PT,pressure,53386.7893177,1780902738.3122363,1.367986365316673,,216.99659132916827,psi,,simulated
FI-PT,pressure,53386.7935839,1780902738.3165026,1.722749080985675,,305.68727024641873,psi,,simulated
thrust,thrust,53386.7936833,1780902738.3166008,2.500101029884938,2.499898970115062,4.54248434646267,lbs,,simulated
CC-PT,pressure,53386.7998997,1780902738.3228173,1.377383634732203,,219.34590868305077,psi,,simulated
FI-PT,pressure,53386.8041076,1780902738.3270252,1.733305064833768,,308.326266208442,psi,,simulated
thrust,thrust,53386.8041327,1780902738.3270502,2.5000742077915916,2.4999257922084084,3.3365150509416073,lbs,,simulated
CC-PT,pressure,53386.8101183,1780902738.3330357,1.3787801717257706,,219.69504293144266,psi,,simulated
FI-PT,pressure,53386.8147041,1780902738.337622,1.7225088742385952,,305.6272185596488,psi,,simulated
thrust,thrust,53386.8147597,1780902738.337677,2.500054538256471,2.499945461743529,2.4521375675594945,lbs,,simulated
FM-FM,flow,53386.8163592,1780902738.3392768,1.559902615535571,,7.124087020645978,gallons_per_minute,,simulated
CC-PT,pressure,53386.820382,1780902738.3432999,1.367054148561257,,216.76353714031427,psi,,simulated
FI-PT,pressure,53386.8248004,1780902738.3477182,1.7218651439982824,,305.4662859995706,psi,,simulated
thrust,thrust,53386.8248412,1780902738.3477588,2.500014007093192,2.499985992906808,0.6297839654387772,lbs,,simulated
CC-PT,pressure,53386.8310009,1780902738.353919,1.3796438431315237,,219.91096078288092,psi,,simulated
FI-PT,pressure,53386.8350064,1780902738.357924,1.7321725764480325,,308.0431441120081,psi,,simulated
thrust,thrust,53386.8350388,1780902738.3579562,2.499976456162507,2.500023543837493,1.0585730482907107,lbs,,simulated
CC-PT,pressure,53386.8415361,1780902738.3644538,1.3755501956403489,,218.88754891008722,psi,,simulated
FI-PT,pressure,53386.8452636,1780902738.3681815,1.7283614550067727,,307.0903637516932,psi,,simulated
thrust,thrust,53386.8453323,1780902738.36825,2.499954402441311,2.500045597558689,2.050147802385807,lbs,,simulated
CC-PT,pressure,53386.8518879,1780902738.3748057,1.38899283277903,,222.2482081947575,psi,,simulated
FI-PT,pressure,53386.8556971,1780902738.378615,1.72824284174953,,307.06071043738245,psi,,simulated
thrust,thrust,53386.8557303,1780902738.3786478,2.4999001622080996,2.5000998377919004,4.488885711106178,lbs,,simulated
FM-FM,flow,53386.8568259,1780902738.3797436,1.533598486614047,,6.877485812006691,gallons_per_minute,,simulated
CC-PT,pressure,53386.8621044,1780902738.3850224,1.3707097018611076,,217.6774254652769,psi,,simulated
FI-PT,pressure,53386.8660233,1780902738.388941,1.7274381789491389,,306.8595447372847,psi,,simulated
thrust,thrust,53386.8660559,1780902738.3889732,2.4998876452312047,2.5001123547687953,5.051671382349341,lbs,,simulated
tank_temp,temperature,53386.8704984,1780902738.3934162,,,22.086660119887792,°C,,simulated
CC-PT,pressure,53386.8725404,1780902738.3954582,1.3679035148505587,,216.97587871263968,psi,,simulated
FI-PT,pressure,53386.8763918,1780902738.3993094,1.7242481379804775,,306.06203449511935,psi,,simulated
thrust,thrust,53386.8764185,1780902738.3993356,2.4998626112774147,2.5001373887225853,6.177242724835667,lbs,,simulated
CC-PT,pressure,53386.882842,1780902738.40576,1.3669283827457885,,216.73209568644714,psi,,simulated
FI-PT,pressure,53386.8866566,1780902738.4095745,1.7265870245202808,,306.6467561300702,psi,,simulated
thrust,thrust,53386.8866963,1780902738.4096138,2.499805986858128,2.500194013141872,8.723177904269022,lbs,,simulated
CC-PT,pressure,53386.893552,1780902738.41647,1.3776470872935163,,219.41177182337907,psi,,simulated
FI-PT,pressure,53386.897071,1780902738.4199886,1.7281099233758357,,307.0274808439589,psi,,simulated
thrust,thrust,53386.8971166,1780902738.420034,2.499774396392631,2.500225603607369,10.143541741216051,lbs,,simulated
FM-FM,flow,53386.8971367,1780902738.4200542,1.5303083098302257,,6.846640404658365,gallons_per_minute,,simulated
CC-PT,pressure,53386.9040789,1780902738.426997,1.390490101634276,,222.62252540856903,psi,,simulated
FI-PT,pressure,53386.9075755,1780902738.4304929,1.7257340819518663,,306.4335204879666,psi,,simulated
thrust,thrust,53386.9075867,1780902738.430504,2.4997445940666907,2.5002554059333093,11.483507625128343,lbs,,simulated
CC-PT,pressure,53386.9141814,1780902738.4371,1.3795168852230175,,219.87922130575438,psi,,simulated
FI-PT,pressure,53386.9176576,1780902738.4405756,1.7140187876246915,,303.50469690617285,psi,,simulated
thrust,thrust,53386.9176867,1780902738.4406042,2.4997207522059384,2.5002792477940616,12.555480332258178,lbs,,simulated
CC-PT,pressure,53386.9242759,1780902738.4471936,1.3703675711593117,,217.59189278982794,psi,,simulated
FI-PT,pressure,53386.9281682,1780902738.4510858,1.7337598483276186,,308.43996208190464,psi,,simulated
thrust,thrust,53386.9281922,1780902738.4511096,2.4996837973217723,2.5003162026782277,14.21703802830942,lbs,,simulated
CC-PT,pressure,53386.9344284,1780902738.457346,1.3799484229026346,,219.98710572565867,psi,,simulated
FM-FM,flow,53386.9373861,1780902738.4603035,1.5412606646133262,,6.949318730749933,gallons_per_minute,,simulated
FI-PT,pressure,53386.9383746,1780902738.461292,1.722811069823631,,305.70276745590775,psi,,simulated
thrust,thrust,53386.9383896,1780902738.4613068,2.4996605515075387,2.5003394484924613,15.262211417761007,lbs,,simulated
CC-PT,pressure,53386.9449255,1780902738.4678442,1.3796813940622086,,219.92034851555215,psi,,simulated
FI-PT,pressure,53386.9492284,1780902738.4721477,1.7224892047034746,,305.62230117586864,psi,,simulated
thrust,thrust,53386.9493199,1780902738.4722373,2.499618828251222,2.500381171748778,17.138163655238216,lbs,,simulated
CC-PT,pressure,53386.9560485,1780902738.478968,1.3836057643420416,,220.9014410855104,psi,,simulated
FI-PT,pressure,53386.9598076,1780902738.4827282,1.7240514426292708,,306.0128606573177,psi,,simulated
thrust,thrust,53386.9599406,1780902738.482858,2.499600946855658,2.500399053144342,17.94214318558559,lbs,,simulated
CC-PT,pressure,53386.9663606,1780902738.4892783,1.3795252298742808,,219.8813074685702,psi,,simulated
FI-PT,pressure,53386.9700196,1780902738.4929373,1.7219611074878105,,305.49027687195263,psi,,simulated
thrust,thrust,53386.9700407,1780902738.4929583,2.4995747208088304,2.5004252791911696,19.121313163428407,lbs,,simulated
tank_temp,temperature,53386.9711452,1780902738.4940627,,,21.954186071780338,°C,,simulated
CC-PT,pressure,53386.9764741,1780902738.4993918,1.379807159877677,,219.95178996941928,psi,,simulated
FM-FM,flow,53386.9775362,1780902738.500454,1.546002810716964,,6.9937763504715384,gallons_per_minute,,simulated
FI-PT,pressure,53386.9802102,1780902738.5031276,1.7212267781766388,,305.3066945441597,psi,,simulated
thrust,thrust,53386.980233,1780902738.5031502,2.49954491848289,2.50045508151711,20.4612790473407,lbs,,simulated
CC-PT,pressure,53386.9866799,1780902738.5095978,1.3735570160814543,,218.38925402036358,psi,,simulated
FI-PT,pressure,53386.9903215,1780902738.5132394,1.7261745603292655,,306.54364008231636,psi,,simulated
thrust,thrust,53386.9903585,1780902738.5132759,2.4995067715056862,2.5004932284943138,22.176435378748433,lbs,,simulated
CC-PT,pressure,53386.9971075,1780902738.520025,1.3809241510539236,,220.2310377634809,psi,,simulated
FI-PT,pressure,53387.0005755,1780902738.523493,1.7321761527271453,,308.04403818178633,psi,,simulated
thrust,thrust,53387.0006119,1780902738.5235293,2.4994930624357536,2.5005069375642464,22.79281968534809,lbs,,simulated
CC-PT,pressure,53387.007302,1780902738.5302198,1.3713790621017292,,217.8447655254323,psi,,simulated
FI-PT,pressure,53387.0112338,1780902738.5341513,1.7252971798535799,,306.32429496339495,psi,,simulated
thrust,thrust,53387.0112583,1780902738.5341756,2.4994406103420985,2.5005593896579015,25.151159641033722,lbs,,simulated
CC-PT,pressure,53387.0174583,1780902738.5403764,1.3702811444140846,,217.57028610352114,psi,,simulated
FM-FM,flow,53387.0180767,1780902738.5409944,1.5489109216822292,,7.021039890770899,gallons_per_minute,,simulated
FI-PT,pressure,53387.0212773,1780902738.5441947,1.730091778050873,,307.52294451271825,psi,,simulated
thrust,thrust,53387.0212965,1780902738.544214,2.499423324993053,2.500576675006947,25.92833985370285,lbs,,simulated
CC-PT,pressure,53387.0280238,1780902738.5509415,1.3877631888107287,,221.94079720268218,psi,,simulated
FI-PT,pressure,53387.0314221,1780902738.55434,1.7193325423398664,,304.8331355849666,psi,,simulated
thrust,thrust,53387.0314516,1780902738.554369,2.4994030594114136,2.5005969405885864,26.83951665476321,lbs,,simulated
CC-PT,pressure,53387.038603,1780902738.5615222,1.3864202960038539,,221.60507400096347,psi,,simulated
FI-PT,pressure,53387.0419024,1780902738.5648234,1.7321642317967691,,308.0410579491923,psi,,simulated
thrust,thrust,53387.0420344,1780902738.564952,2.4993905424345186,2.5006094575654814,27.402302326006374,lbs,,simulated
CC-PT,pressure,53387.0490351,1780902738.5719528,1.3815511919917098,,220.38779799792746,psi,,simulated
FI-PT,pressure,53387.0522916,1780902738.5752091,1.7209973002668977,,305.2493250667244,psi,,simulated
thrust,thrust,53387.0523227,1780902738.5752401,2.499348819178202,2.500651180821798,29.278254563483582,lbs,,simulated
FM-FM,flow,53387.0583803,1780902738.581298,1.517045082693706,,6.722297650253494,gallons_per_minute,,simulated
CC-PT,pressure,53387.0595228,1780902738.5824413,1.3814808585024905,,220.37021462562262,psi,,simulated
FI-PT,pressure,53387.0626227,1780902738.5855405,1.7322035708670105,,308.0508927167526,psi,,simulated
thrust,thrust,53387.0626976,1780902738.5856152,2.4993345140617507,2.5006654859382493,29.92143818776148,lbs,,simulated
CC-PT,pressure,53387.0699886,1780902738.592906,1.377256080777178,,219.31402019429453,psi,,simulated
tank_temp,temperature,53387.0715218,1780902738.5944393,,,21.960601699764588,°C,,simulated
FI-PT,pressure,53387.0730474,1780902738.595965,1.7237444786720846,,305.93611966802115,psi,,simulated
thrust,thrust,53387.0730549,1780902738.595972,2.499320804991818,2.500679195008182,30.537822494361137,lbs,,simulated
CC-PT,pressure,53387.0803183,1780902738.6032357,1.3786848042827613,,219.67120107069033,psi,,simulated
FI-PT,pressure,53387.0834249,1780902738.6063423,1.7247726589170287,,306.19316472925715,psi,,simulated
thrust,thrust,53387.0834359,1780902738.6063535,2.4993011354566974,2.5006988645433026,31.42219997774325,lbs,,simulated
CC-PT,pressure,53387.0905851,1780902738.6135027,1.3748033493522822,,218.70083733807056,psi,,simulated
FI-PT,pressure,53387.0936671,1780902738.6165848,1.7210217381741688,,305.2554345435422,psi,,simulated
thrust,thrust,53387.0936895,1780902738.616607,2.4992766975494263,2.5007233024505737,32.52097200255133,lbs,,simulated
FM-FM,flow,53387.0986773,1780902738.6215954,1.5893878447279743,,7.400511044324759,gallons_per_minute,,simulated
CC-PT,pressure,53387.1007779,1780902738.6236956,1.38668732484428,,221.67183121106999,psi,,simulated
FI-PT,pressure,53387.1039287,1780902738.6268463,1.7211194898032534,,305.27987245081334,psi,,simulated
thrust,thrust,53387.1039539,1780902738.6268713,2.4992302059209592,2.5007697940790408,34.61131878145451,lbs,,simulated
CC-PT,pressure,53387.111171,1780902738.6340888,1.3809652782637214,,220.24131956593035,psi,,simulated
FI-PT,pressure,53387.1141768,1780902738.6370945,1.7275752696484648,,306.89381741211616,psi,,simulated
thrust,thrust,53387.1141986,1780902738.637116,2.4992200731301395,2.5007799268698605,35.06690718198468,lbs,,simulated
CC-PT,pressure,53387.1214572,1780902738.644375,1.3781489584623527,,219.5372396155882,psi,,simulated
FI-PT,pressure,53387.1247065,1780902738.6476243,1.7232467798288797,,305.8116949572199,psi,,simulated
thrust,thrust,53387.1247435,1780902738.647661,2.499202787781094,2.500797212218906,35.84408739465381,lbs,,simulated
CC-PT,pressure,53387.1315698,1780902738.6544878,1.3795824503400864,,219.8956125850216,psi,,simulated
FI-PT,pressure,53387.1350695,1780902738.6579874,1.7279388580249377,,306.9847145062344,psi,,simulated
thrust,thrust,53387.1351135,1780902738.658031,2.49918490638553,2.50081509361447,36.64806692500119,lbs,,simulated
FM-FM,flow,53387.1390513,1780902738.661969,1.5765829773644182,,7.28046541279142,gallons_per_minute,,simulated
CC-PT,pressure,53387.1418395,1780902738.6647575,1.3746692388855504,,218.6673097213876,psi,,simulated
FI-PT,pressure,53387.1453251,1780902738.6682427,1.736269204171801,,309.06730104295025,psi,,simulated
thrust,thrust,53387.1453579,1780902738.6682754,2.499165832896928,2.500834167103072,37.50564509070506,lbs,,simulated
CC-PT,pressure,53387.1523632,1780902738.6752808,1.3774217817094068,,219.3554454273517,psi,,simulated
FI-PT,pressure,53387.1558698,1780902738.678788,1.724566426821521,,306.14160670538024,psi,,simulated
thrust,thrust,53387.1559205,1780902738.678838,2.4991419910361756,2.5008580089638244,38.57761779783489,lbs,,simulated
CC-PT,pressure,53387.1626518,1780902738.6855693,1.3834519843401891,,220.86299608504729,psi,,simulated
FI-PT,pressure,53387.1659833,1780902738.688901,1.7278971347686212,,306.97428369215527,psi,,simulated
thrust,thrust,53387.1660114,1780902738.6889288,2.4991276859197242,2.5008723140802758,39.22080142211279,lbs,,simulated
tank_temp,temperature,53387.1718696,1780902738.694787,,,21.974299932487778,°C,,simulated
CC-PT,pressure,53387.172864,1780902738.6957815,1.3795448994094015,,219.88622485235038,psi,,simulated
FI-PT,pressure,53387.176454,1780902738.6993716,1.7293687736235588,,307.3421934058897,psi,,simulated
thrust,thrust,53387.1764866,1780902738.699404,2.499097883593784,2.500902116406216,40.560767306025085,lbs,,simulated
FM-FM,flow,53387.1794794,1780902738.7023969,1.5940989964126344,,7.444678091368447,gallons_per_minute,,simulated
CC-PT,pressure,53387.1830077,1780902738.7059257,1.3850487929640762,,221.26219824101906,psi,,simulated
FI-PT,pressure,53387.1870042,1780902738.709922,1.7264320524253907,,306.60801310634764,psi,,simulated
thrust,thrust,53387.187036,1780902738.7099535,2.499103844058972,2.500896155941028,40.29277412924262,lbs,,simulated
CC-PT,pressure,53387.193071,1780902738.7159884,1.3839675645789582,,220.99189114473955,psi,,simulated
FI-PT,pressure,53387.1971533,1780902738.7200708,1.7301180040977007,,307.52950102442514,psi,,simulated
thrust,thrust,53387.1971788,1780902738.7200963,2.4990865587099265,2.5009134412900735,41.06995434191175,lbs,,simulated
CC-PT,pressure,53387.2036869,1780902738.726605,1.3922734728185502,,223.06836820463755,psi,,simulated
FI-PT,pressure,53387.2072558,1780902738.7301736,1.7318793215607788,,307.9698303901947,psi,,simulated
thrust,thrust,53387.2072841,1780902738.7302015,2.499065697081768,2.500934302918232,42.00793046065036,lbs,,simulated
CC-PT,pressure,53387.2137557,1780902738.7366734,1.3825269201429988,,220.6317300357497,psi,,simulated
FI-PT,pressure,53387.2177099,1780902738.7406278,1.7369051858073694,,309.22629645184236,psi,,simulated
thrust,thrust,53387.2177747,1780902738.7406921,2.4990776180121443,2.5009223819878557,41.47194410708544,lbs,,simulated
FM-FM,flow,53387.219745,1780902738.742663,1.5603663397272038,,7.128434434942535,gallons_per_minute,,simulated
CC-PT,pressure,53387.223937,1780902738.746855,1.3867969974037406,,221.69924935093516,psi,,simulated
FI-PT,pressure,53387.2280329,1780902738.7509503,1.7264511259139925,,306.6127814784981,psi,,simulated
thrust,thrust,53387.2280577,1780902738.750975,2.4990496038257604,2.5009503961742396,42.73151203796299,lbs,,simulated
CC-PT,pressure,53387.2340021,1780902738.7569199,1.3665111501826228,,216.6277875456557,psi,,simulated
FI-PT,pressure,53387.238119,1780902738.7610369,1.729681698045933,,307.42042451148325,psi,,simulated
thrust,thrust,53387.238167,1780902738.7610843,2.4990335105697525,2.5009664894302475,43.45509361527563,lbs,,simulated
CC-PT,pressure,53387.2445468,1780902738.7674644,1.3730998484015284,,218.2749621003821,psi,,simulated
FI-PT,pressure,53387.248463,1780902738.7713804,1.7301752245635063,,307.54380614087654,psi,,simulated
thrust,thrust,53387.2484882,1780902738.7714055,2.4990370868488654,2.5009629131511346,43.294297709206155,lbs,,simulated
CC-PT,pressure,53387.2548698,1780902738.7777874,1.3899977672097406,,222.49944180243514,psi,,simulated
FI-PT,pressure,53387.2587132,1780902738.7816308,1.7386146472233113,,309.6536618058278,psi,,simulated
thrust,thrust,53387.2587403,1780902738.7816577,2.4990281461510833,2.5009718538489167,43.696287474379844,lbs,,simulated
FM-FM,flow,53387.2603161,1780902738.783234,1.5874971851703148,,7.382786110971701,gallons_per_minute,,simulated
CC-PT,pressure,53387.2654167,1780902738.7883344,1.3879533276502285,,221.98833191255713,psi,,simulated
FI-PT,pressure,53387.2691846,1780902738.792102,1.7254557282275829,,306.3639320568957,psi,,simulated
thrust,thrust,53387.2692117,1780902738.792129,2.499023377778933,2.500976622221067,43.91068201580581,lbs,,simulated
tank_temp,temperature,53387.2724759,1780902738.7953935,,,21.86904895447564,°C,,simulated
CC-PT,pressure,53387.2757956,1780902738.798713,1.3765414210011269,,219.13535525028172,psi,,simulated
FI-PT,pressure,53387.2797115,1780902738.8026295,1.7326500097095978,,308.16250242739943,psi,,simulated
thrust,thrust,53387.2797767,1780902738.802694,2.499010860802038,2.500989139197962,44.473467687048974,lbs,,simulated
CC-PT,pressure,53387.2860735,1780902738.8089912,1.3758815975048062,,218.97039937620156,psi,,simulated
FI-PT,pressure,53387.2898528,1780902738.8127704,1.7363973541733448,,309.0993385433362,psi,,simulated
thrust,thrust,53387.2898776,1780902738.812795,2.4990150331276695,2.5009849668723305,44.28587246330125,lbs,,simulated
CC-PT,pressure,53387.2962698,1780902738.8191872,1.3858492834388356,,221.4623208597089,psi,,simulated
FI-PT,pressure,53387.3003925,1780902738.8233106,1.7354651374179288,,308.8662843544822,psi,,simulated
thrust,thrust,53387.3004335,1780902738.8233507,2.4990049003368497,2.5009950996631503,44.741460863831435,lbs,,simulated
FM-FM,flow,53387.3004471,1780902738.8233645,1.5785546992486357,,7.298950305455959,gallons_per_minute,,simulated
CC-PT,pressure,53387.3067264,1780902738.8296442,1.371687218151953,,217.92180453798827,psi,,simulated
FI-PT,pressure,53387.3107169,1780902738.8336346,1.7278500470936353,,306.96251177340883,psi,,simulated
thrust,thrust,53387.3107406,1780902738.8336582,2.499013244988113,2.500986755011887,44.36627041633599,lbs,,simulated
CC-PT,pressure,53387.3168361,1780902738.8397536,1.3729764667721351,,218.2441166930338,psi,,simulated
FI-PT,pressure,53387.3207929,1780902738.8437107,1.726045814281203,,306.5114535703007,psi,,simulated
thrust,thrust,53387.3208412,1780902738.8437586,2.499003708243812,2.500996291756188,44.79505949918792,lbs,,simulated
CC-PT,pressure,53387.326954,1780902738.8498719,1.3753952235454587,,218.8488058863647,psi,,simulated
FI-PT,pressure,53387.3310089,1780902738.8539264,1.7212941314332642,,305.323532858316,psi,,simulated
thrust,thrust,53387.3310345,1780902738.853952,2.4989923833599548,2.5010076166400452,45.3042465350746,lbs,,simulated
CC-PT,pressure,53387.3372124,1780902738.8601303,1.3777776214811353,,219.44440537028382,psi,,simulated
FM-FM,flow,53387.3405276,1780902738.8634453,1.5777434799365377,,7.291345124405041,gallons_per_minute,,simulated
FI-PT,pressure,53387.3415366,1780902738.8644545,1.7293479119954005,,307.3369779988501,psi,,simulated
thrust,thrust,53387.3415658,1780902738.8644834,2.498991191266917,2.501008808733083,45.357845170431084,lbs,,simulated
CC-PT,pressure,53387.3476135,1780902738.8705313,1.3777281496200742,,219.43203740501855,psi,,simulated
FI-PT,pressure,53387.3518669,1780902738.8747847,1.7311771787616228,,307.7942946904057,psi,,simulated
thrust,thrust,53387.35191,1780902738.8748276,2.4990084766159626,2.5009915233840374,44.58066495776196,lbs,,simulated
CC-PT,pressure,53387.3577946,1780902738.8807123,1.377393171476504,,219.348292869126,psi,,simulated
FI-PT,pressure,53387.3625168,1780902738.8854346,1.7238744168131848,,305.9686042032962,psi,,simulated
thrust,thrust,53387.3625752,1780902738.8854926,2.4990150331276695,2.5009849668723305,44.28587246330125,lbs,,simulated
CC-PT,pressure,53387.3679864,1780902738.8909044,1.3662167032023316,,216.5541758005829,psi,,simulated
FI-PT,pressure,53387.3728352,1780902738.895753,1.7380633041934137,,309.5158260483534,psi,,simulated
thrust,thrust,53387.3728681,1780902738.8957856,2.498995363592549,2.501004636407451,45.17024994668336,lbs,,simulated
tank_temp,temperature,53387.3728868,1780902738.8958042,,,22.05250123575538,°C,,simulated
CC-PT,pressure,53387.3781308,1780902738.9010484,1.3754142970340606,,218.85357425851515,psi,,simulated
FM-FM,flow,53387.3807497,1780902738.9036677,1.6181125185623788,,7.6698048615223,gallons_per_minute,,simulated
FI-PT,pressure,53387.3833901,1780902738.9063077,1.734134761587949,,308.53369039698725,psi,,simulated
thrust,thrust,53387.3834125,1780902738.9063299,2.4990209935928576,2.5009790064071424,44.01787928651879,lbs,,simulated
CC-PT,pressure,53387.3885979,1780902738.911516,1.3741542546933,,218.53856367332503,psi,,simulated
FI-PT,pressure,53387.3937767,1780902738.9166942,1.731863228304771,,307.96580707619273,psi,,simulated
thrust,thrust,53387.3938041,1780902738.9167213,2.4990203975463388,2.5009796024536612,44.04467860419704,lbs,,simulated
CC-PT,pressure,53387.3990341,1780902738.9219518,1.3717366900130141,,217.93417250325354,psi,,simulated
FI-PT,pressure,53387.4040986,1780902738.9270163,1.7302634394482899,,307.56585986207244,psi,,simulated
thrust,thrust,53387.4041235,1780902738.927041,2.4990311263836773,2.5009688736163227,43.56229088598862,lbs,,simulated
CC-PT,pressure,53387.4093882,1780902738.9323063,1.3739700763189884,,218.4925190797471,psi,,simulated
FI-PT,pressure,53387.4146148,1780902738.9375324,1.7364301367318793,,309.1075341829698,psi,,simulated
thrust,thrust,53387.4146404,1780902738.937558,2.499028742197602,2.500971257802398,43.6694881567016,lbs,,simulated
CC-PT,pressure,53387.4194597,1780902738.9423773,1.3711549486106573,,217.78873715266434,psi,,simulated
FM-FM,flow,53387.4210261,1780902738.9439437,1.5703221047308569,,7.221769731851782,gallons_per_minute,,simulated
FI-PT,pressure,53387.4250101,1780902738.9479275,1.7320128359809919,,308.003208995248,psi,,simulated
thrust,thrust,53387.4250184,1780902738.9479358,2.499035298709309,2.500964701290691,43.374695662240896,lbs,,simulated
CC-PT,pressure,53387.4299373,1780902738.9528549,1.3629885152564665,,215.74712881411662,psi,,simulated
FI-PT,pressure,53387.435147,1780902738.9580646,1.7369039937143318,,309.22599842858295,psi,,simulated
thrust,thrust,53387.4351693,1780902738.9580867,2.499050199872279,2.500949800127721,42.704712720284746,lbs,,simulated
CC-PT,pressure,53387.4400496,1780902738.9629674,1.3685174427649311,,217.1293606912328,psi,,simulated
FI-PT,pressure,53387.4455392,1780902738.9684567,1.731120554342336,,307.780138585584,psi,,simulated
thrust,thrust,53387.4455649,1780902738.9684823,2.4990591405700613,2.5009408594299387,42.30272295511106,lbs,,simulated
CC-PT,pressure,53387.4502398,1780902738.9731574,1.3614542915170542,,215.36357287926356,psi,,simulated
FI-PT,pressure,53387.4558182,1780902738.9787357,1.7404808688736997,,310.1202172184249,psi,,simulated
thrust,thrust,53387.4558425,1780902738.97876,2.499075233826069,2.500924766173931,41.57914137779842,lbs,,simulated
CC-PT,pressure,53387.4604609,1780902738.9833786,1.360174579641173,,215.04364491029327,psi,,simulated
FM-FM,flow,53387.4615589,1780902738.9844766,1.5980317113437308,,7.481547293847475,gallons_per_minute,,simulated
FI-PT,pressure,53387.4659179,1780902738.9888353,1.7244972854253393,,306.1243213563348,psi,,simulated
thrust,thrust,53387.4659365,1780902738.988854,2.4990931152216334,2.5009068847783666,40.775161847451045,lbs,,simulated
CC-PT,pressure,53387.4705488,1780902738.9934664,1.3660057027346735,,216.50142568366837,psi,,simulated
tank_temp,temperature,53387.473125,1780902738.9960425,,,22.125674073846145,°C,,simulated
FI-PT,pressure,53387.4762533,1780902738.999171,1.7279746208160662,,306.99365520401653,psi,,simulated
thrust,thrust,53387.4762886,1780902738.999206,2.499106824291566,2.500893175708434,40.158777540851396,lbs,,simulated
CC-PT,pressure,53387.4806687,1780902739.0035863,1.3765819521644058,,219.14548804110146,psi,,simulated
FI-PT,pressure,53387.4866298,1780902739.0095475,1.7453380519554675,,311.3345129888669,psi,,simulated
thrust,thrust,53387.4866521,1780902739.0095692,2.499140202896619,2.500859797103381,38.65801575086962,lbs,,simulated
CC-PT,pressure,53387.4909081,1780902739.013826,1.3761486263452323,,219.03715658630807,psi,,simulated
FI-PT,pressure,53387.4971515,1780902739.0200694,1.740936844460588,,310.234211115147,psi,,simulated
thrust,thrust,53387.4972314,1780902739.020149,2.499128281966243,2.500871718033757,39.194002104434546,lbs,,simulated
CC-PT,pressure,53387.5012705,1780902739.0241885,1.372777983281372,,218.194495820343,psi,,simulated
FM-FM,flow,53387.5019192,1780902739.0248368,1.5520383777664157,,7.0503597915601475,gallons_per_minute,,simulated
FI-PT,pressure,53387.5073647,1780902739.0302823,1.744640677528462,,311.1601693821155,psi,,simulated
thrust,thrust,53387.5073856,1780902739.030303,2.499150335687439,2.500849664312561,38.20242735033945,lbs,,simulated
CC-PT,pressure,53387.5116939,1780902739.0346115,1.3699795448755676,,217.4948862188919,psi,,simulated
FI-PT,pressure,53387.5176247,1780902739.0405424,1.7301674759587617,,307.54186898969044,psi,,simulated
thrust,thrust,53387.5176697,1780902739.0405872,2.4991729854551537,2.5008270145448463,37.184053278566104,lbs,,simulated
CC-PT,pressure,53387.5221414,1780902739.045059,1.3641579585263681,,216.03948963159203,psi,,simulated
FI-PT,pressure,53387.5278658,1780902739.0507834,1.739417521884146,,309.85438047103645,psi,,simulated
thrust,thrust,53387.5278943,1780902739.0508115,2.499196827315906,2.500803172684094,36.11208057143627,lbs,,simulated
CC-PT,pressure,53387.532356,1780902739.0552738,1.3666792353009267,,216.66980882523168,psi,,simulated
FI-PT,pressure,53387.5382731,1780902739.0611906,1.7411770512076676,,310.2942628019169,psi,,simulated
thrust,thrust,53387.538297,1780902739.0612144,2.4991998075485,2.5008001924515,35.97808398304504,lbs,,simulated
FM-FM,flow,53387.5420598,1780902739.064978,1.6037340883891686,,7.535007078648455,gallons_per_minute,,simulated
CC-PT,pressure,53387.5426969,1780902739.0656142,1.3760472984370349,,219.01182460925872,psi,,simulated
FI-PT,pressure,53387.5488052,1780902739.071723,1.7407866407378483,,310.1966601844621,psi,,simulated
thrust,thrust,53387.5488524,1780902739.07177,2.4992164968510266,2.5007835031489734,35.227703088054156,lbs,,simulated
CC-PT,pressure,53387.5530074,1780902739.0759254,1.3660635192469979,,216.51587981174947,psi,,simulated
FI-PT,pressure,53387.5591586,1780902739.082076,1.7343189399622607,,308.57973499056516,psi,,simulated
thrust,thrust,53387.5591813,1780902739.0820987,2.4992546438282304,2.5007453561717696,33.51254675664642,lbs,,simulated
CC-PT,pressure,53387.5633707,1780902739.0862882,1.3702322685995423,,217.55806714988557,psi,,simulated
FI-PT,pressure,53387.5692997,1780902739.0922177,1.7443659000832914,,311.0914750208228,psi,,simulated
thrust,thrust,53387.569368,1780902739.0922854,2.499277293595945,2.500722706404055,32.494172684873085,lbs,,simulated
tank_temp,temperature,53387.5732166,1780902739.0961342,,,22.00845881662019,°C,,simulated
CC-PT,pressure,53387.5738001,1780902739.0967178,1.3849093180786751,,221.22732951966879,psi,,simulated
FI-PT,pressure,53387.5798379,1780902739.1027553,1.7381515190781973,,309.5378797695493,psi,,simulated
thrust,thrust,53387.5798634,1780902739.1027806,2.499302327549735,2.500697672450265,31.368601342386757,lbs,,simulated
FM-FM,flow,53387.5824215,1780902739.105339,1.5911241282372626,,7.416788702224336,gallons_per_minute,,simulated
CC-PT,pressure,53387.5839993,1780902739.1069167,1.3558282084260234,,213.95705210650584,psi,,simulated
FI-PT,pressure,53387.5903883,1780902739.113306,1.7280050191885254,,307.00125479713137,psi,,simulated
thrust,thrust,53387.5904393,1780902739.1133568,2.499326765457006,2.500673234542994,30.26982931757868,lbs,,simulated
CC-PT,pressure,53387.5945371,1780902739.1174545,1.3709683860502704,,217.7420965125676,psi,,simulated
FI-PT,pressure,53387.6007436,1780902739.1236615,1.7506774366709514,,312.66935916773787,psi,,simulated
thrust,thrust,53387.6007921,1780902739.1237094,2.4993297456896,2.5006702543104,30.13583272918745,lbs,,simulated
CC-PT,pressure,53387.6046716,1780902739.1275892,1.3737829177120826,,218.44572942802066,psi,,simulated
FI-PT,pressure,53387.6111726,1780902739.1340902,1.7367698832476,,309.19247081189997,psi,,simulated
thrust,thrust,53387.6111974,1780902739.1341147,2.499380409643699,2.500619590356301,27.857890726536553,lbs,,simulated
CC-PT,pressure,53387.6148656,1780902739.137783,1.3608940077893745,,215.22350194734364,psi,,simulated
FI-PT,pressure,53387.621307,1780902739.144225,1.7436566047259097,,310.9141511814774,psi,,simulated
thrust,thrust,53387.6213649,1780902739.1442823,2.4993941187136315,2.5006058812863685,27.241506419936897,lbs,,simulated
FM-FM,flow,53387.6230351,1780902739.1459527,1.5762593241047054,,7.277431163481612,gallons_per_minute,,simulated
CC-PT,pressure,53387.6250579,1780902739.1479757,1.361293358956976,,215.323339739244,psi,,simulated
FI-PT,pressure,53387.6315971,1780902739.1545148,1.7320658841211658,,308.0164710302914,psi,,simulated
thrust,thrust,53387.6316199,1780902739.1545372,2.499441802435136,2.500558197564864,25.097561005677232,lbs,,simulated
CC-PT,pressure,53387.6352071,1780902739.1581244,1.3538046304946696,,213.4511576236674,psi,,simulated
FI-PT,pressure,53387.642059,1780902739.1649764,1.7307372964307424,,307.6843241076856,psi,,simulated
thrust,thrust,53387.6420822,1780902739.1649997,2.4994441866212114,2.5005558133787886,24.990363734964248,lbs,,simulated
CC-PT,pressure,53387.6455438,1780902739.1684613,1.3561160988946077,,214.02902472365193,psi,,simulated
FI-PT,pressure,53387.6523946,1780902739.1753123,1.7417421033074978,,310.4355258268744,psi,,simulated
thrust,thrust,53387.6524471,1780902739.1753645,2.499454319412031,2.500545680587969,24.53477533443407,lbs,,simulated
CC-PT,pressure,53387.6559738,1780902739.1788917,1.369698806965209,,217.42470174130224,psi,,simulated
FI-PT,pressure,53387.6625058,1780902739.1854234,1.741483419118335,,310.37085477958374,psi,,simulated
thrust,thrust,53387.6625302,1780902739.1854477,2.499501407087017,2.500498592912983,22.417629237852648,lbs,,simulated
FM-FM,flow,53387.6636022,1780902739.1865199,1.5882821784355852,,7.39014542283361,gallons_per_minute,,simulated
CC-PT,pressure,53387.6662928,1780902739.1892107,1.3612587882588851,,215.3146970647213,psi,,simulated
FI-PT,pressure,53387.6730509,1780902739.1959686,1.7321886697040403,,308.04716742601005,psi,,simulated
thrust,thrust,53387.6730824,1780902739.196,2.4995335935990326,2.5004664064009674,20.97046608322737,lbs,,simulated
tank_temp,temperature,53387.6737079,1780902739.196626,,,21.969444862661838,°C,,simulated
CC-PT,pressure,53387.6764468,1780902739.1993644,1.3593931626550155,,214.8482906637539,psi,,simulated
FI-PT,pressure,53387.6835156,1780902739.2064335,1.738242714195575,,309.56067854889375,psi,,simulated
thrust,thrust,53387.6835905,1780902739.206508,2.4995645880180106,2.5004354119819894,19.576901563958586,lbs,,simulated
CC-PT,pressure,53387.6867813,1780902739.2096992,1.3556160158653277,,213.9040039663319,psi,,simulated
FI-PT,pressure,53387.6939042,1780902739.216822,1.7288949166411063,,307.22372916027655,psi,,simulated
thrust,thrust,53387.6939774,1780902739.2168949,2.4995926022043946,2.5004073977956054,18.317333633081034,lbs,,simulated
CC-PT,pressure,53387.6968604,1780902739.219778,1.3530679169974227,,213.26697924935567,psi,,simulated
FI-PT,pressure,53387.7039674,1780902739.226885,1.7246248393803643,,306.15620984509104,psi,,simulated
thrust,thrust,53387.7040052,1780902739.2269225,2.4996146559255905,2.5003853440744095,17.325758878985937,lbs,,simulated
FM-FM,flow,53387.7040146,1780902739.226932,1.558973975059268,,7.115381016180636,gallons_per_minute,,simulated
CC-PT,pressure,53387.7070542,1780902739.2299716,1.3509716213907743,,212.74290534769358,psi,,simulated
FI-PT,pressure,53387.7140772,1780902739.236995,1.7436136893765555,,310.90342234413885,psi,,simulated
thrust,thrust,53387.7141339,1780902739.2370515,2.4996331333676736,2.5003668666323264,16.494980030960317,lbs,,simulated
CC-PT,pressure,53387.7171268,1780902739.2400446,1.3560398049402003,,214.00995123505007,psi,,simulated
FI-PT,pressure,53387.7244902,1780902739.247408,1.730287877355561,,307.57196933889026,psi,,simulated
thrust,thrust,53387.724527,1780902739.2474444,2.499678432903103,2.500321567096897,14.458231887413632,lbs,,simulated
CC-PT,pressure,53387.7279539,1780902739.250872,1.3614113761677,,215.352844041925,psi,,simulated
FI-PT,pressure,53387.7349347,1780902739.2578523,1.741707532609407,,310.4268831523517,psi,,simulated
thrust,thrust,53387.7349762,1780902739.2578936,2.4997082352290434,2.5002917647709566,13.11826600350134,lbs,,simulated
CC-PT,pressure,53387.73812,1780902739.2610376,1.3569457956487887,,214.23644891219718,psi,,simulated
FM-FM,flow,53387.7441853,1780902739.267103,1.5845187407158303,,7.354863194210909,gallons_per_minute,,simulated
FI-PT,pressure,53387.7451441,1780902739.2680616,1.7437388591455052,,310.9347147863763,psi,,simulated
thrust,thrust,53387.7451608,1780902739.268078,2.4997356533689086,2.5002643466310914,11.885497390302032,lbs,,simulated
CC-PT,pressure,53387.7482489,1780902739.2711666,1.3578297326361817,,214.45743315904542,psi,,simulated
FI-PT,pressure,53387.7555286,1780902739.2784462,1.7396619009568572,,309.9154752392143,psi,,simulated
thrust,thrust,53387.7555601,1780902739.2784777,2.499774396392631,2.500225603607369,10.143541741216051,lbs,,simulated
CC-PT,pressure,53387.7584544,1780902739.281372,1.3486768422933628,,212.1692105733407,psi,,simulated
FI-PT,pressure,53387.766042,1780902739.28896,1.7466368373199506,,311.6592093299876,psi,,simulated
thrust,thrust,53387.7661036,1780902739.2890213,2.499803006625534,2.500196993374466,8.857174492660251,lbs,,simulated
CC-PT,pressure,53387.7687804,1780902739.291698,1.3460679466805394,,211.51698667013486,psi,,simulated
tank_temp,temperature,53387.7740415,1780902739.2969592,,,21.969098071959998,°C,,simulated
FI-PT,pressure,53387.7767263,1780902739.2996445,1.7398037600283336,,309.9509400070834,psi,,simulated
thrust,thrust,53387.776862,1780902739.2997806,2.4998196959280605,2.5001803040719395,8.106793597669368,lbs,,simulated
CC-PT,pressure,53387.7791351,1780902739.3020532,1.343866150840062,,210.9665377100155,psi,,simulated
FM-FM,flow,53387.784577,1780902739.3074949,1.613761975021598,,7.629018515827479,gallons_per_minute,,simulated
FI-PT,pressure,53387.7872262,1780902739.310144,1.7394705700243198,,309.86764250607996,psi,,simulated
thrust,thrust,53387.787264,1780902739.3101814,2.4998638033704523,2.5001361966295477,6.123644089479175,lbs,,simulated
CC-PT,pressure,53387.7893654,1780902739.312283,1.3475372013494016,,211.8843003373504,psi,,simulated
FI-PT,pressure,53387.7973894,1780902739.3203073,1.7378022358181757,,309.4505589545439,psi,,simulated
thrust,thrust,53387.7974208,1780902739.3203382,2.499895393835949,2.500104606164051,4.703280252532145,lbs,,simulated
CC-PT,pressure,53387.7995486,1780902739.3224661,1.3516827048877125,,212.92067622192812,psi,,simulated
FI-PT,pressure,53387.8076059,1780902739.3305244,1.740399210500623,,310.09980262515575,psi,,simulated
thrust,thrust,53387.807677,1780902739.3305945,2.499932944766634,2.500067055233366,3.0149232388026572,lbs,,simulated
CC-PT,pressure,53387.8103447,1780902739.3332627,1.3434912375797317,,210.87280939493291,psi,,simulated
FI-PT,pressure,53387.8177168,1780902739.3406346,1.7400749611943913,,310.01874029859783,psi,,simulated
thrust,thrust,53387.8177606,1780902739.3406782,2.499983012674214,2.500016987325786,0.7637805538300065,lbs,,simulated
CC-PT,pressure,53387.8204143,1780902739.3433318,1.3485969720598425,,212.14924301496063,psi,,simulated
FM-FM,flow,53387.8246567,1780902739.3475745,1.5572859713180032,,7.0995559811062785,gallons_per_minute,,simulated
FI-PT,pressure,53387.828249,1780902739.3511667,1.7324181476137814,,308.10453690344536,psi,,simulated
thrust,thrust,53387.8282911,1780902739.3512084,2.4999997019767406,2.5000002980232594,0.01339965883912292,lbs,,simulated
CC-PT,pressure,53387.8307493,1780902739.353667,1.3445533924762478,,211.13834811906196,psi,,simulated
FI-PT,pressure,53387.8387813,1780902739.3616996,1.7378379986093042,,309.45949965232603,psi,,simulated
thrust,thrust,53387.8388234,1780902739.3617408,2.500039041046982,2.499960958953018,1.7553553079251025,lbs,,simulated
CC-PT,pressure,53387.8412423,1780902739.3641596,1.3409288335953753,,210.23220839884382,psi,,simulated
FI-PT,pressure,53387.8492816,1780902739.3722003,1.735949127191201,,308.9872817978003,psi,,simulated
thrust,thrust,53387.8493488,1780902739.3722663,2.500045597558689,2.499954402441311,2.050147802385807,lbs,,simulated
CC-PT,pressure,53387.8516546,1780902739.3745725,1.3475467380937025,,211.88668452342563,psi,,simulated
FI-PT,pressure,53387.8596164,1780902739.3825338,1.755336732308475,,313.8341830771187,psi,,simulated
thrust,thrust,53387.8596478,1780902739.3825653,2.500110566629239,2.499889433370761,4.9712734293146035,lbs,,simulated
CC-PT,pressure,53387.8618183,1780902739.384736,1.3334067265280158,,208.35168163200396,psi,,simulated
FM-FM,flow,53387.86481,1780902739.3877275,1.6393985318420567,,7.869361236019282,gallons_per_minute,,simulated
FI-PT,pressure,53387.8699043,1780902739.3928218,1.7457129652157979,,311.42824130394945,psi,,simulated
thrust,thrust,53387.8699223,1780902739.3928397,2.500125467792209,2.499874532207791,5.6412563712707495,lbs,,simulated
CC-PT,pressure,53387.8719238,1780902739.394842,1.3467998918056359,,211.69997295140897,psi,,simulated
tank_temp,temperature,53387.8744017,1780902739.3973193,,,21.918640024840506,°C,,simulated
FI-PT,pressure,53387.8800298,1780902739.4029477,1.7336889187918805,,308.4222296979701,psi,,simulated
thrust,thrust,53387.8800662,1780902739.4029837,2.5001671910485257,2.4998328089514743,7.517208608747959,lbs,,simulated
CC-PT,pressure,53387.8820152,1780902739.4049325,1.3248725324717203,,206.21813311793008,psi,,simulated
FI-PT,pressure,53387.8905219,1780902739.4134393,1.7420669486602482,,310.51673716506207,psi,,simulated
thrust,thrust,53387.8905359,1780902739.4134536,2.5001838803510523,2.4998161196489477,8.267589503738842,lbs,,simulated
CC-PT,pressure,53387.8925613,1780902739.4154787,1.3402600694012725,,210.06501735031813,psi,,simulated
FI-PT,pressure,53387.9010614,1780902739.423979,1.7280515108169925,,307.0128777042481,psi,,simulated
thrust,thrust,53387.9010987,1780902739.4240162,2.5002267957004065,2.4997732042995935,10.197140376572543,lbs,,simulated
CC-PT,pressure,53387.9030305,1780902739.425948,1.3426818064071901,,210.67045160179754,psi,,simulated
FM-FM,flow,53387.9050356,1780902739.427953,1.6403039265041264,,7.877849310976185,gallons_per_minute,,simulated
FI-PT,pressure,53387.9118412,1780902739.4347587,1.738969890948521,,309.74247273713024,psi,,simulated
thrust,thrust,53387.9118683,1780902739.4347856,2.5002679229102043,2.4997320770897957,12.046293296371505,lbs,,simulated
CC-PT,pressure,53387.9134228,1780902739.4363403,1.337526600066018,,209.3816500165045,psi,,simulated
FI-PT,pressure,53387.921965,1780902739.4448829,1.7496045529370967,,312.4011382342742,psi,,simulated
thrust,thrust,53387.922011,1780902739.4449284,2.5002899766314,2.4997100233686,13.037868050466601,lbs,,simulated
CC-PT,pressure,53387.9239325,1780902739.44685,1.3383896754252524,,209.5974188563131,psi,,simulated
FI-PT,pressure,53387.9325531,1780902739.455471,1.7392637418822934,,309.8159354705733,psi,,simulated
thrust,thrust,53387.9326377,1780902739.4555554,2.500324547329491,2.499675452670509,14.59222847580486,lbs,,simulated
CC-PT,pressure,53387.9340212,1780902739.456939,1.3391997026443128,,209.7999256610782,psi,,simulated
FI-PT,pressure,53387.9430086,1780902739.4659262,1.7465319331326403,,311.63298328316006,psi,,simulated
thrust,thrust,53387.943037,1780902739.4659543,2.5003454089576493,2.4996545910423507,15.530204594543465,lbs,,simulated
CC-PT,pressure,53387.944651,1780902739.4675689,1.3369615479661878,,209.24038699154696,psi,,simulated
FM-FM,flow,53387.9451529,1780902739.4680707,1.6067757137746468,,7.563522316637313,gallons_per_minute,,simulated
FI-PT,pressure,53387.9531787,1780902739.4760969,1.736685840688448,,309.171460172112,psi,,simulated
thrust,thrust,53387.9532578,1780902739.4761753,2.5003758073301086,2.4996241926698914,16.896969796134,lbs,,simulated
CC-PT,pressure,53387.9551429,1780902739.4780605,1.3349683684072933,,208.74209210182332,psi,,simulated
FI-PT,pressure,53387.9633632,1780902739.4862812,1.7417033602837753,,310.4258400709438,psi,,simulated
thrust,thrust,53387.9634441,1780902739.4863617,2.50041514640035,2.49958485359965,18.66572476289823,lbs,,simulated
CC-PT,pressure,53387.9653327,1780902739.4882507,1.3381929800740457,,209.54824501851144,psi,,simulated
FI-PT,pressure,53387.9738253,1780902739.496743,1.741256921441188,,310.31423036029696,psi,,simulated
thrust,thrust,53387.9738532,1780902739.4967709,2.50044018035414,2.49955981964586,19.791296105384554,lbs,,simulated
tank_temp,temperature,53387.9748245,1780902739.4977422,,,21.917599652734925,°C,,simulated
CC-PT,pressure,53387.9758472,1780902739.4987648,1.331691304646886,,207.92282616172147,psi,,simulated
FI-PT,pressure,53387.9839737,1780902739.5068917,1.7258926303258693,,306.4731575814673,psi,,simulated
thrust,thrust,53387.9840506,1780902739.5069683,2.5004717708196367,2.4995282291803633,21.211659942331583,lbs,,simulated
FM-FM,flow,53387.9857474,1780902739.508665,1.59445125990525,,7.447980561611718,gallons_per_minute,,simulated
CC-PT,pressure,53387.986356,1780902739.5092738,1.3314773239466338,,207.86933098665844,psi,,simulated
FI-PT,pressure,53387.9944223,1780902739.5173402,1.734311787404035,,308.57794685100873,psi,,simulated
thrust,thrust,53387.9944979,1780902739.5174155,2.500492632447795,2.499507367552205,22.149636061070186,lbs,,simulated
CC-PT,pressure,53387.9969247,1780902739.5198429,1.3334550062960393,,208.36375157400983,psi,,simulated
FI-PT,pressure,53388.0048784,1780902739.5277963,1.750551074808964,,312.63776870224103,psi,,simulated
thrust,thrust,53388.0049501,1780902739.5278676,2.500523626866773,2.499476373133227,23.543200580338972,lbs,,simulated
CC-PT,pressure,53388.0073571,1780902739.5302749,1.3291485701976502,,207.28714254941255,psi,,simulated
FI-PT,pressure,53388.0153164,1780902739.5382345,1.7342348974031088,,308.5587243507772,psi,,simulated
thrust,thrust,53388.0153915,1780902739.538309,2.5005623698904955,2.4994376301095045,25.285156229424953,lbs,,simulated
CC-PT,pressure,53388.0178084,1780902739.5407262,1.3359423084190258,,208.98557710475646,psi,,simulated
FI-PT,pressure,53388.0258254,1780902739.5487432,1.7465063031323316,,311.6265757830829,psi,,simulated
thrust,thrust,53388.0258702,1780902739.548788,2.5005957484955488,2.4994042515044512,26.78591801940672,lbs,,simulated
FM-FM,flow,53388.0258949,1780902739.5488126,1.5994067906626213,,7.494438662462073,gallons_per_minute,,simulated
CC-PT,pressure,53388.0283734,1780902739.551291,1.3391353296202815,,209.78383240507037,psi,,simulated
FI-PT,pressure,53388.036405,1780902739.5593228,1.7496444880538569,,312.4111220134642,psi,,simulated
thrust,thrust,53388.0364521,1780902739.5593698,2.500604689193331,2.499395310806669,27.187907784580407,lbs,,simulated
CC-PT,pressure,53388.0389069,1780902739.5618246,1.3317491211592103,,207.93728028980257,psi,,simulated
FI-PT,pressure,53388.0466664,1780902739.5695856,1.7391028093222152,,309.77570233055377,psi,,simulated
thrust,thrust,53388.0467756,1780902739.569693,2.5006279350075644,2.4993720649924356,28.233081174031994,lbs,,simulated
CC-PT,pressure,53388.0491443,1780902739.572063,1.3261230380681799,,206.53075951704497,psi,,simulated
FI-PT,pressure,53388.057154,1780902739.5800724,1.7454435521892966,,311.3608880473241,psi,,simulated
thrust,thrust,53388.0572338,1780902739.5801516,2.50066012151958,2.49933987848042,29.68024432865727,lbs,,simulated
CC-PT,pressure,53388.0595775,1780902739.5824964,1.3210119391693997,,205.25298479234993,psi,,simulated
FM-FM,flow,53388.0665427,1780902739.589462,1.6051926142206923,,7.548680758318989,gallons_per_minute,,simulated
FI-PT,pressure,53388.0674646,1780902739.5903823,1.7416610409809399,,310.41526024523495,psi,,simulated
thrust,thrust,53388.067509,1780902739.5904267,2.5006923080315957,2.4993076919684043,31.127407483282546,lbs,,simulated
CC-PT,pressure,53388.0700051,1780902739.5929234,1.3267310055173642,,206.68275137934106,psi,,simulated
tank_temp,temperature,53388.0750487,1780902739.5979679,,,21.95886774625533,°C,,simulated
FI-PT,pressure,53388.0780618,1780902739.60098,1.7359383983538625,,308.98459958846564,psi,,simulated
thrust,thrust,53388.0781103,1780902739.6010277,2.500709593380641,2.499290406619359,31.904587695951676,lbs,,simulated
CC-PT,pressure,53388.0805864,1780902739.6035044,1.3224198010468247,,205.60495026170616,psi,,simulated
FI-PT,pressure,53388.0885302,1780902739.6114478,1.7430581740210263,,310.76454350525654,psi,,simulated
thrust,thrust,53388.0885412,1780902739.6114585,2.500740587799619,2.499259412200381,33.298152215220455,lbs,,simulated
CC-PT,pressure,53388.0910333,1780902739.6139507,1.32878855810029,,207.19713952507252,psi,,simulated
FI-PT,pressure,53388.0986926,1780902739.6216102,1.7421974828478672,,310.5493707119668,psi,,simulated
thrust,thrust,53388.0987176,1780902739.621635,2.5007495284974013,2.4992504715025987,33.70014198039414,lbs,,simulated
CC-PT,pressure,53388.1013798,1780902739.6242974,1.324364104791177,,206.09102619779424,psi,,simulated
FM-FM,flow,53388.106925,1780902739.6298437,1.6196199202084447,,7.6839367519541675,gallons_per_minute,,simulated
FI-PT,pressure,53388.1090927,1780902739.632011,1.7337008397222566,,308.42520993056417,psi,,simulated
thrust,thrust,53388.1091707,1780902739.6320884,2.500763237567334,2.499236762432666,34.3165262869938,lbs,,simulated
CC-PT,pressure,53388.111948,1780902739.6348665,1.3296987211345102,,207.42468028362754,psi,,simulated
FI-PT,pressure,53388.1194768,1780902739.6423948,1.7369856520874085,,309.2464130218521,psi,,simulated
thrust,thrust,53388.1195456,1780902739.642463,2.5007745624511912,2.4992254375488088,34.825713322880475,lbs,,simulated
CC-PT,pressure,53388.1221797,1780902739.6450973,1.314646758395047,,203.66168959876174,psi,,simulated
FI-PT,pressure,53388.1299233,1780902739.6528409,1.7316015638830142,,307.90039097075356,psi,,simulated
thrust,thrust,53388.1299558,1780902739.6528733,2.5008204580331395,2.4991795419668605,36.8892607841054,lbs,,simulated
CC-PT,pressure,53388.1325474,1780902739.6554654,1.3158513684095583,,203.96284210238957,psi,,simulated
FI-PT,pressure,53388.1402307,1780902739.6631484,1.737698523723903,,309.42463093097575,psi,,simulated
thrust,thrust,53388.1402701,1780902739.6631877,2.5008329750100344,2.4991670249899656,37.452046455348565,lbs,,simulated
CC-PT,pressure,53388.1429209,1780902739.6658385,1.3116408958006973,,202.91022395017433,psi,,simulated
FM-FM,flow,53388.1471822,1780902739.6701005,1.6850324493685305,,8.297179212829972,gallons_per_minute,,simulated
FI-PT,pressure,53388.1508088,1780902739.6737268,1.7395093130480423,,309.87732826201056,psi,,simulated
thrust,thrust,53388.1508742,1780902739.6737916,2.5008425117543354,2.4991574882456646,37.8808355382005,lbs,,simulated
CC-PT,pressure,53388.1534824,1780902739.6764002,1.3194723510113182,,204.86808775282955,psi,,simulated
FI-PT,pressure,53388.1611904,1780902739.6841078,1.733901707399095,,308.4754268497737,psi,,simulated
thrust,thrust,53388.1612145,1780902739.6841319,2.500868737801163,2.499131262198837,39.06000551604331,lbs,,simulated
CC-PT,pressure,53388.163766,1780902739.686684,1.310575760671587,,202.64394016789677,psi,,simulated
FI-PT,pressure,53388.1718091,1780902739.694727,1.7286141787307476,,307.1535446826869,psi,,simulated
thrust,thrust,53388.1718664,1780902739.694784,2.5008705259407193,2.4991294740592807,39.14040346907805,lbs,,simulated
CC-PT,pressure,53388.1742592,1780902739.697177,1.32598296713626,,206.495741784065,psi,,simulated
tank_temp,temperature,53388.1753546,1780902739.6982725,,,21.915518908523826,°C,,simulated
FI-PT,pressure,53388.182157,1780902739.7050748,1.7438741617052747,,310.96854042631867,psi,,simulated
thrust,thrust,53388.1822047,1780902739.705122,2.5009068847783666,2.4990931152216334,40.775161847451045,lbs,,simulated
CC-PT,pressure,53388.184613,1780902739.7075305,1.3164259572536894,,204.10648931342234,psi,,simulated
FM-FM,flow,53388.1876396,1780902739.7105572,1.6180678150734682,,7.669385766313763,gallons_per_minute,,simulated
FI-PT,pressure,53388.1922853,1780902739.7152033,1.7474546131437554,,311.8636532859388,psi,,simulated
thrust,thrust,53388.1923538,1780902739.7152715,2.5009205938482992,2.4990794061517008,41.3915461540507,lbs,,simulated
CC-PT,pressure,53388.1948206,1780902739.717738,1.3155151981729505,,203.87879954323762,psi,,simulated
FI-PT,pressure,53388.2024748,1780902739.7253926,1.7344131153122324,,308.6032788280581,psi,,simulated
thrust,thrust,53388.2025331,1780902739.7254505,2.500934302918232,2.499065697081768,42.00793046065036,lbs,,simulated
CC-PT,pressure,53388.2054094,1780902739.7283275,1.3178260705263698,,204.45651763159245,psi,,simulated
FI-PT,pressure,53388.2128731,1780902739.7357905,1.7403270888718472,,310.08177221796177,psi,,simulated
thrust,thrust,53388.2128977,1780902739.7358153,2.500930726639119,2.499069273360881,41.84713455458088,lbs,,simulated
CC-PT,pressure,53388.2154802,1780902739.7383976,1.3093657862384065,,202.34144655960162,psi,,simulated
FI-PT,pressure,53388.2232547,1780902739.7461722,1.7358978671905836,,308.9744667976459,psi,,simulated
thrust,thrust,53388.2232782,1780902739.7461958,2.5009599329185406,2.4990400670814594,43.16030112081493,lbs,,simulated
CC-PT,pressure,53388.2259737,1780902739.7488918,1.312648810464002,,203.16220261600049,psi,,simulated
FM-FM,flow,53388.2278971,1780902739.7508147,1.661310990013002,,8.074790531371894,gallons_per_minute,,simulated
FI-PT,pressure,53388.2334253,1780902739.7563431,1.724115815653302,,306.0289539133255,psi,,simulated
thrust,thrust,53388.2334644,1780902739.756382,2.5009641052441722,2.4990358947558278,43.34789634456265,lbs,,simulated
CC-PT,pressure,53388.2360686,1780902739.7589862,1.3070233234194903,,201.75583085487258,psi,,simulated
FI-PT,pressure,53388.2439283,1780902739.766848,1.7526265087874542,,313.15662719686355,psi,,simulated
thrust,thrust,53388.2440443,1780902739.7669616,2.500980794546699,2.499019205453301,44.09827723955353,lbs,,simulated
CC-PT,pressure,53388.2464494,1780902739.7693667,1.311222471144494,,202.8056177861235,psi,,simulated
FI-PT,pressure,53388.2540798,1780902739.7769973,1.7416938235394743,,310.4234558848686,psi,,simulated
thrust,thrust,53388.2541113,1780902739.7770286,2.5009563566394277,2.4990436433605723,42.999505214745454,lbs,,simulated
CC-PT,pressure,53388.2569588,1780902739.779877,1.300636088923942,,200.15902223098547,psi,,simulated
FI-PT,pressure,53388.2642789,1780902739.7871966,1.7315240778355692,,307.8810194588923,psi,,simulated
thrust,thrust,53388.264333,1780902739.7872505,2.500989139197962,2.499010860802038,44.473467687048974,lbs,,simulated
CC-PT,pressure,53388.267443,1780902739.7903607,1.3002826333382886,,200.07065833457216,psi,,simulated
FM-FM,flow,53388.2685533,1780902739.791471,1.675059399015832,,8.203681865773424,gallons_per_minute,,simulated
FI-PT,pressure,53388.2748551,1780902739.797773,1.747589319657006,,311.8973299142515,psi,,simulated
thrust,thrust,53388.2748941,1780902739.7978117,2.500998675942263,2.499001324057737,44.90225676990091,lbs,,simulated
tank_temp,temperature,53388.2761067,1780902739.7990246,,,21.956266815991437,°C,,simulated
CC-PT,pressure,53388.2782913,1780902739.8012094,1.311614073707351,,202.90351842683773,psi,,simulated
FI-PT,pressure,53388.2849822,1780902739.8079002,1.7443259649665313,,311.0814912416328,psi,,simulated
thrust,thrust,53388.2850229,1780902739.8079402,2.5009879471049246,2.4990120528950754,44.41986905169248,lbs,,simulated
CC-PT,pressure,53388.2887255,1780902739.8116434,1.3045330410639098,,201.13326026597744,psi,,simulated
FI-PT,pressure,53388.2953171,1780902739.818235,1.7484732566443988,,312.1183141610997,psi,,simulated
thrust,thrust,53388.295388,1780902739.8183055,2.5010040403609324,2.4989959596390676,45.14345062900512,lbs,,simulated
CC-PT,pressure,53388.2990116,1780902739.8219292,1.2914688934646716,,197.8672233661679,psi,,simulated
FI-PT,pressure,53388.3059046,1780902739.8288226,1.7443915300836002,,311.09788252090004,psi,,simulated
thrust,thrust,53388.3059346,1780902739.828852,2.500998675942263,2.499001324057737,44.90225676990091,lbs,,simulated
FM-FM,flow,53388.3090439,1780902739.8319616,1.6317095317494312,,7.797276860150918,gallons_per_minute,,simulated
CC-PT,pressure,53388.3090794,1780902739.831997,1.2978704330766715,,199.46760826916787,psi,,simulated
FI-PT,pressure,53388.3160104,1780902739.8389282,1.7431797675108631,,310.79494187771576,psi,,simulated
thrust,thrust,53388.3160563,1780902739.8389738,2.5010135771052333,2.4989864228947667,45.57223971185705,lbs,,simulated
CC-PT,pressure,53388.3193559,1780902739.8422735,1.29843131285087,,199.6078282127175,psi,,simulated
FI-PT,pressure,53388.3265782,1780902739.8494961,1.7486163078089128,,312.1540769522282,psi,,simulated
thrust,thrust,53388.3267488,1780902739.8496666,2.5009980798957443,2.4990019201042557,44.87545745222266,lbs,,simulated
CC-PT,pressure,53388.3296795,1780902739.8525975,1.2999112963570711,,199.97782408926778,psi,,simulated
FI-PT,pressure,53388.3367809,1780902739.8596988,1.7383505986154792,,309.5876496538698,psi,,simulated
thrust,thrust,53388.3368205,1780902739.859738,2.5010004640818195,2.4989995359181805,44.98265472293564,lbs,,simulated
CC-PT,pressure,53388.3399823,1780902739.8629003,1.3101328981081126,,202.53322452702815,psi,,simulated
FI-PT,pressure,53388.3470623,1780902739.86998,1.7414333512107552,,310.35833780268877,psi,,simulated
thrust,thrust,53388.3471349,1780902739.8700523,2.500986755011887,2.499013244988113,44.36627041633599,lbs,,simulated
FM-FM,flow,53388.3497512,1780902739.872669,1.6494091331254401,,7.963210623051001,gallons_per_minute,,simulated
CC-PT,pressure,53388.3503668,1780902739.8732846,1.3015843989353657,,200.39609973384142,psi,,simulated
FI-PT,pressure,53388.3576042,1780902739.880522,1.7334755341381471,,308.3688835345368,psi,,simulated
thrust,thrust,53388.3576429,1780902739.8805604,2.5010159612913085,2.4989840387086915,45.67943698257004,lbs,,simulated
CC-PT,pressure,53388.3608598,1780902739.8837779,1.299719369378015,,199.92984234450373,psi,,simulated
FI-PT,pressure,53388.3685435,1780902739.8914614,1.7331119457616742,,308.27798644041854,psi,,simulated
thrust,thrust,53388.3686165,1780902739.891534,2.500983774779293,2.499016225220707,44.23227382794476,lbs,,simulated
CC-PT,pressure,53388.3712365,1780902739.8941543,1.2841959338421742,,196.04898346054355,psi,,simulated
tank_temp,temperature,53388.3766977,1780902739.899616,,,21.842172675082107,°C,,simulated
FI-PT,pressure,53388.3793834,1780902739.9023008,1.7412384439991049,,310.3096109997762,psi,,simulated
thrust,thrust,53388.3794063,1780902739.9023237,2.500977218267586,2.499022781732414,43.93748133348406,lbs,,simulated
CC-PT,pressure,53388.3814686,1780902739.904386,1.2939812295414481,,198.49530738536203,psi,,simulated
FI-PT,pressure,53388.3898257,1780902739.912743,1.7413642098145734,,310.34105245364333,psi,,simulated
thrust,thrust,53388.3898471,1780902739.9127643,2.5009724498954355,2.4990275501045645,43.72308679205809,lbs,,simulated
FM-FM,flow,53388.3898546,1780902739.9127722,1.6726531592194034,,8.181123367681906,gallons_per_minute,,simulated
CC-PT,pressure,53388.391895,1780902739.9148126,1.3022472026642804,,200.5618006660701,psi,,simulated
FI-PT,pressure,53388.4006164,1780902739.9235349,1.7304428494504511,,307.6107123626128,psi,,simulated
thrust,thrust,53388.4006979,1780902739.9236155,2.5009754301280296,2.4990245698719704,43.85708338044932,lbs,,simulated
CC-PT,pressure,53388.4022777,1780902739.9251952,1.301822817542889,,200.45570438572224,psi,,simulated
FI-PT,pressure,53388.4111689,1780902739.9340863,1.7421831777314158,,310.54579443285394,psi,,simulated
thrust,thrust,53388.4111946,1780902739.934112,2.5009670854767663,2.4990329145232337,43.481892932953876,lbs,,simulated
CC-PT,pressure,53388.4127237,1780902739.935641,1.297872221216228,,199.46805530405697,psi,,simulated
FI-PT,pressure,53388.4213134,1780902739.9442315,1.7459990675448258,,311.49976688620643,psi,,simulated
thrust,thrust,53388.4213692,1780902739.9442868,2.500961721058097,2.499038278941903,43.24069907384967,lbs,,simulated
CC-PT,pressure,53388.4232002,1780902739.9461179,1.2829728463855798,,195.74321159639496,psi,,simulated
FM-FM,flow,53388.4304018,1780902739.95332,1.6476770219417836,,7.946972080704221,gallons_per_minute,,simulated
FI-PT,pressure,53388.4320385,1780902739.954956,1.7323752322644272,,308.0938080661068,psi,,simulated
thrust,thrust,53388.4320633,1780902739.9549806,2.500962317104616,2.499037682895384,43.26749839152791,lbs,,simulated
CC-PT,pressure,53388.433607,1780902739.9565244,1.3023670080145608,,200.5917520036402,psi,,simulated
FI-PT,pressure,53388.4424245,1780902739.9653425,1.7378582641909437,,309.4645660477359,psi,,simulated
thrust,thrust,53388.4424739,1780902739.9653914,2.500946223848608,2.499053776151392,42.54391681421527,lbs,,simulated
CC-PT,pressure,53388.4440817,1780902739.9669993,1.2868590696882092,,196.7147674220523,psi,,simulated
FI-PT,pressure,53388.4528661,1780902739.9757836,1.7501648366647764,,312.5412091661941,psi,,simulated
thrust,thrust,53388.4528914,1780902739.9758089,2.5009104610574795,2.4990895389425205,40.935957753520526,lbs,,simulated
CC-PT,pressure,53388.4544327,1780902739.9773502,1.287639890627848,,196.90997265696197,psi,,simulated
FI-PT,pressure,53388.4634608,1780902739.986379,1.7347570341535847,,308.6892585383962,psi,,simulated
thrust,thrust,53388.4635322,1780902739.9864497,2.5009128452435547,2.4990871547564453,41.043155024233506,lbs,,simulated
CC-PT,pressure,53388.4651616,1780902739.988079,1.2933714739527074,,198.34286848817683,psi,,simulated
FM-FM,flow,53388.4706392,1780902739.993557,1.691323720374551,,8.356159878511416,gallons_per_minute,,simulated
FI-PT,pressure,53388.4738398,1780902739.9967575,1.7432620219304586,,310.81550548261464,psi,,simulated
thrust,thrust,53388.4738661,1780902739.9967833,2.5008955598945093,2.4991044401054907,40.26597481156438,lbs,,simulated
CC-PT,pressure,53388.4754309,1780902739.9983482,1.2807334996144175,,195.18337490360437,psi,,simulated
tank_temp,temperature,53388.4770213,1780902739.9999387,,,22.034641514609987,°C,,simulated
FI-PT,pressure,53388.4844168,1780902740.007335,1.7445202761316627,,311.1300690329157,psi,,simulated
thrust,thrust,53388.4844877,1780902740.0074053,2.500889599429321,2.499110400570679,39.997981634781915,lbs,,simulated
CC-PT,pressure,53388.4861144,1780902740.009032,1.2838478426751903,,195.96196066879756,psi,,simulated
FI-PT,pressure,53388.4945818,1780902740.0174994,1.740852801901436,,310.213200475359,psi,,simulated
thrust,thrust,53388.4946084,1780902740.0175257,2.5008675457081253,2.4991324542918747,39.006406880686825,lbs,,simulated
CC-PT,pressure,53388.4965977,1780902740.019515,1.2847943645470576,,196.1985911367644,psi,,simulated
FI-PT,pressure,53388.5051658,1780902740.0280845,1.7406274963173265,,310.1568740793316,psi,,simulated
thrust,thrust,53388.5052433,1780902740.028161,2.500862777335975,2.499137222664025,38.79201233926086,lbs,,simulated
CC-PT,pressure,53388.5073373,1780902740.0302548,1.2796373700663293,,194.9093425165823,psi,,simulated
FM-FM,flow,53388.5110376,1780902740.0339556,1.7136855976206777,,8.565802477693852,gallons_per_minute,,simulated
FI-PT,pressure,53388.5152456,1780902740.0381632,1.743127315417208,,310.781828854302,psi,,simulated
thrust,thrust,53388.5152702,1780902740.0381875,2.5008335710565532,2.4991664289434468,37.47884577302681,lbs,,simulated
CC-PT,pressure,53388.5177482,1780902740.0406656,1.283574853369576,,195.89371334239402,psi,,simulated
FI-PT,pressure,53388.5257644,1780902740.048682,1.741414873768672,,310.35371844216803,psi,,simulated
thrust,thrust,53388.5257852,1780902740.0487027,2.5008329750100344,2.4991670249899656,37.452046455348565,lbs,,simulated
CC-PT,pressure,53388.5279175,1780902740.050835,1.276903304684556,,194.22582617113898,psi,,simulated
FI-PT,pressure,53388.5362143,1780902740.0591319,1.7405565667815883,,310.1391416953971,psi,,simulated
thrust,thrust,53388.5362457,1780902740.059163,2.500784695242011,2.499215304757989,35.28130172341065,lbs,,simulated
CC-PT,pressure,53388.5383445,1780902740.061262,1.2781073186525485,,194.5268296631371,psi,,simulated
FI-PT,pressure,53388.5464897,1780902740.0694077,1.7307688868962392,,307.6922217240598,psi,,simulated
thrust,thrust,53388.5465632,1780902740.0694807,2.5007852912885298,2.4992147087114702,35.3081010410889,lbs,,simulated
CC-PT,pressure,53388.5486842,1780902740.0716019,1.284280572447845,,196.07014311196124,psi,,simulated
FM-FM,flow,53388.5512877,1780902740.0742054,1.6702147329109591,,8.15826312104024,gallons_per_minute,,simulated
FI-PT,pressure,53388.5566341,1780902740.0795517,1.7410554577178308,,310.26386442945767,psi,,simulated
thrust,thrust,53388.5566762,1780902740.0795937,2.500762641520815,2.499237358479185,34.28972696931555,lbs,,simulated
CC-PT,pressure,53388.5592784,1780902740.0821962,1.2891198741340486,,197.27996853351215,psi,,simulated
FI-PT,pressure,53388.5668649,1780902740.0897825,1.7348225992706536,,308.7056498176634,psi,,simulated
thrust,thrust,53388.5669207,1780902740.089838,2.50072509059013,2.49927490940987,32.601369955586065,lbs,,simulated
CC-PT,pressure,53388.5696237,1780902740.0925415,1.2732507316172994,,193.31268290432484,psi,,simulated
FI-PT,pressure,53388.5774603,1780902740.100378,1.748491138039963,,312.12278450999077,psi,,simulated
thrust,thrust,53388.5775372,1780902740.1004546,2.5006958843107085,2.4993041156892915,31.28820338935202,lbs,,simulated
tank_temp,temperature,53388.5775642,1780902740.1004817,,,22.00395053749609,°C,,simulated
CC-PT,pressure,53388.5802158,1780902740.1031337,1.2716366376443669,,192.9091594110917,psi,,simulated
FI-PT,pressure,53388.5877557,1780902740.1106734,1.7527755204171562,,313.19388010428906,psi,,simulated
thrust,thrust,53388.5877886,1780902740.110706,2.500679195008182,2.499320804991818,30.537822494361137,lbs,,simulated
CC-PT,pressure,53388.5904779,1780902740.1133957,1.2801899051892645,,195.0474762973161,psi,,simulated
FM-FM,flow,53388.5916054,1780902740.1145232,1.6569711753095597,,8.034104768527122,gallons_per_minute,,simulated
FI-PT,pressure,53388.598043,1780902740.120961,1.746107548011249,,311.5268870028122,psi,,simulated
thrust,thrust,53388.5981204,1780902740.1210377,2.5006654859382493,2.4993345140617507,29.92143818776148,lbs,,simulated
CC-PT,pressure,53388.6011382,1780902740.1240559,1.2673021873595938,,191.82554683989844,psi,,simulated
FI-PT,pressure,53388.6083532,1780902740.1312711,1.7264755638212637,,306.6188909553159,psi,,simulated
thrust,thrust,53388.6084044,1780902740.131322,2.500653565007873,2.499346434992127,29.385451834196566,lbs,,simulated
CC-PT,pressure,53388.6116532,1780902740.1345708,1.2785942886584147,,194.64857216460368,psi,,simulated
FI-PT,pressure,53388.6184461,1780902740.1413636,1.7453249389320538,,311.33123473301345,psi,,simulated
thrust,thrust,53388.6184902,1780902740.1414077,2.500598132681624,2.499401867318376,26.893115290119702,lbs,,simulated
CC-PT,pressure,53388.6222373,1780902740.1451547,1.2687970720287647,,192.19926800719116,psi,,simulated
FI-PT,pressure,53388.6288355,1780902740.1517534,1.7399986672399839,,309.999666809996,psi,,simulated
thrust,thrust,53388.628905,1780902740.1518226,2.500583231518654,2.499416768481346,26.223132348163556,lbs,,simulated
FM-FM,flow,53388.6317922,1780902740.1547098,1.6903158057112464,,8.346710678542934,gallons_per_minute,,simulated
CC-PT,pressure,53388.6322808,1780902740.155198,1.277055296546852,,194.263824136713,psi,,simulated
FI-PT,pressure,53388.639294,1780902740.1622114,1.7327066341288846,,308.17665853222115,psi,,simulated
thrust,thrust,53388.6393056,1780902740.162223,2.5005468726810065,2.4994531273189935,24.58837396979056,lbs,,simulated
CC-PT,pressure,53388.6424082,1780902740.1653259,1.2633730487076102,,190.84326217690256,psi,,simulated
FI-PT,pressure,53388.6497468,1780902740.1726644,1.7318894543515986,,307.9723635878996,psi,,simulated
thrust,thrust,53388.6497741,1780902740.1726913,2.500539720122781,2.499460279877219,24.26678215765161,lbs,,simulated
CC-PT,pressure,53388.6527335,1780902740.175651,1.2725479927716246,,193.13699819290613,psi,,simulated
FI-PT,pressure,53388.6599297,1780902740.1828477,1.7454930240503577,,311.3732560125894,psi,,simulated
thrust,thrust,53388.6600015,1780902740.182919,2.5005057454712087,2.4994942545287913,22.739221049991595,lbs,,simulated
CC-PT,pressure,53388.6630942,1780902740.1860118,1.268535407607008,,192.13385190175197,psi,,simulated
FI-PT,pressure,53388.6701785,1780902740.1930962,1.735191552065796,,308.79788801644895,psi,,simulated
thrust,thrust,53388.6702111,1780902740.1931283,2.500476539191787,2.499523460808213,21.42605448375755,lbs,,simulated
FM-FM,flow,53388.6723039,1780902740.1952214,1.6880383119628801,,8.325359174652,gallons_per_minute,,simulated
CC-PT,pressure,53388.6734061,1780902740.1963239,1.265651138502495,,191.41278462562377,psi,,simulated
tank_temp,temperature,53388.67802,1780902740.2009375,,,21.88274718719883,°C,,simulated
FI-PT,pressure,53388.6806531,1780902740.203571,1.738543717687573,,309.63592942189325,psi,,simulated
thrust,thrust,53388.6807082,1780902740.2036257,2.5004544854705912,2.4995455145294088,20.434479729662453,lbs,,simulated
CC-PT,pressure,53388.6839868,1780902740.2069046,1.2690021120312347,,192.25052800780867,psi,,simulated
FI-PT,pressure,53388.6908453,1780902740.2137628,1.7393591093253027,,309.83977733132565,psi,,simulated
thrust,thrust,53388.6908631,1780902740.2137804,2.500421702912057,2.499578297087943,18.960517257358934,lbs,,simulated
CC-PT,pressure,53388.6942017,1780902740.2171195,1.264806540585344,,191.20163514633597,psi,,simulated
FI-PT,pressure,53388.7014165,1780902740.224335,1.7445578270623476,,311.1394567655869,psi,,simulated
thrust,thrust,53388.7014608,1780902740.224378,2.500402033376936,2.499597966623064,18.07613977397682,lbs,,simulated
CC-PT,pressure,53388.7045534,1780902740.2274714,1.2678416094591152,,191.9604023647788,psi,,simulated
FI-PT,pressure,53388.7116928,1780902740.23461,1.7227842477302846,,305.6960619325711,psi,,simulated
thrust,thrust,53388.7117181,1780902740.2346356,2.5003549457019503,2.4996450542980497,15.958993677395398,lbs,,simulated
FM-FM,flow,53388.7126566,1780902740.2355742,1.668172081491003,,8.139113263978153,gallons_per_minute,,simulated
CC-PT,pressure,53388.7146169,1780902740.2375345,1.2674893459664995,,191.87233649162488,psi,,simulated
FI-PT,pressure,53388.7219596,1780902740.244877,1.7461635763840169,,311.5408940960042,psi,,simulated
thrust,thrust,53388.7219859,1780902740.2449033,2.500322163143416,2.499677836856584,14.485031205091877,lbs,,simulated
CC-PT,pressure,53388.7250989,1780902740.2480164,1.2571020432832292,,189.27551082080728,psi,,simulated
FI-PT,pressure,53388.7323399,1780902740.2552576,1.733851639491515,,308.46290987287875,psi,,simulated
thrust,thrust,53388.7323961,1780902740.2553134,2.500296533143107,2.499703466856893,13.332660544927306,lbs,,simulated
CC-PT,pressure,53388.7353129,1780902740.2582302,1.2631674126586214,,190.79185316465535,psi,,simulated
FI-PT,pressure,53388.7424338,1780902740.2653515,1.7362179441711836,,309.0544860427959,psi,,simulated
thrust,thrust,53388.7424561,1780902740.2653735,2.500266134770648,2.499733865229352,11.965895343336769,lbs,,simulated
CC-PT,pressure,53388.7456805,1780902740.268598,1.2576378891036377,,189.40947227590942,psi,,simulated
FI-PT,pressure,53388.7527185,1780902740.2756362,1.7422934463373954,,310.57336158434885,psi,,simulated
thrust,thrust,53388.7527668,1780902740.275684,2.500247657328565,2.499752342671435,11.135116495311147,lbs,,simulated
FM-FM,flow,53388.7527858,1780902740.2757032,1.6842659335453432,,8.289993126987591,gallons_per_minute,,simulated
CC-PT,pressure,53388.7559781,1780902740.2788956,1.2581284353886169,,189.5321088471542,psi,,simulated
FI-PT,pressure,53388.7630188,1780902740.2859364,1.7407151151555913,,310.17877878889783,psi,,simulated
thrust,thrust,53388.7630446,1780902740.2859619,2.50019997360706,2.49980002639294,8.99117108105148,lbs,,simulated
CC-PT,pressure,53388.7661778,1780902740.2890954,1.2577660391051815,,189.44150977629536,psi,,simulated
FI-PT,pressure,53388.7736469,1780902740.2965648,1.7245711951936715,,306.14279879841786,psi,,simulated
thrust,thrust,53388.7736956,1780902740.2966132,2.5001654029089693,2.4998345970910307,7.436810655713221,lbs,,simulated
CC-PT,pressure,53388.7765383,1780902740.299456,1.2578518698038899,,189.46296745097246,psi,,simulated
tank_temp,temperature,53388.7787011,1780902740.3016186,,,21.766919092780242,°C,,simulated
FI-PT,pressure,53388.7837472,1780902740.3066652,1.7419858863336903,,310.4964715834226,psi,,simulated
thrust,thrust,53388.7838121,1780902740.3067296,2.500132620350435,2.499867379649565,5.9628481834097,lbs,,simulated
CC-PT,pressure,53388.7869626,1780902740.30988,1.256120950713271,,189.03023767831772,psi,,simulated
FM-FM,flow,53388.7932724,1780902740.3161902,1.6922267308505454,,8.364625601723862,gallons_per_minute,,simulated
FI-PT,pressure,53388.7943497,1780902740.3172672,1.7373766586037467,,309.34416465093665,psi,,simulated
thrust,thrust,53388.7943722,1780902740.3172896,2.5000986456988628,2.4999013543011372,4.435287075749687,lbs,,simulated
CC-PT,pressure,53388.797148,1780902740.3200655,1.2472261485130964,,186.8065371282741,psi,,simulated
FI-PT,pressure,53388.8046389,1780902740.327557,1.7320331015626313,,308.00827539065784,psi,,simulated
thrust,thrust,53388.804681,1780902740.3275986,2.500054538256471,2.499945461743529,2.4521375675594945,lbs,,simulated
CC-PT,pressure,53388.8072663,1780902740.3301837,1.2615783526394788,,190.3945881598697,psi,,simulated
FI-PT,pressure,53388.8148604,1780902740.3377783,1.7344661634524063,,308.6165408631016,psi,,simulated
thrust,thrust,53388.8148894,1780902740.337807,2.5000432133726136,2.4999567866273864,1.9429505316728235,lbs,,simulated
CC-PT,pressure,53388.8173608,1780902740.3402786,1.2550528353515666,,188.76320883789165,psi,,simulated
FI-PT,pressure,53388.8253191,1780902740.3482368,1.7284830484966096,,307.1207621241524,psi,,simulated
thrust,thrust,53388.8253443,1780902740.3482616,2.500014007093192,2.499985992906808,0.6297839654387772,lbs,,simulated
CC-PT,pressure,53388.8279389,1780902740.3508565,1.2529964748616784,,188.2491187154196,psi,,simulated
FM-FM,flow,53388.8334858,1780902740.3564038,1.7042632942513578,,8.477468383606478,gallons_per_minute,,simulated
FI-PT,pressure,53388.8354502,1780902740.3583677,1.7426850489002523,,310.67126222506306,psi,,simulated
thrust,thrust,53388.8354655,1780902740.358383,2.4999788403485823,2.5000211596514177,0.9513757775777274,lbs,,simulated
CC-PT,pressure,53388.8380667,1780902740.3609843,1.2553943700068437,,188.84859250171093,psi,,simulated
FI-PT,pressure,53388.846015,1780902740.3689327,1.7467637952284567,,311.6909488071142,psi,,simulated
thrust,thrust,53388.8460421,1780902740.3689594,2.499936521045747,2.500063478954253,2.854127332733182,lbs,,simulated
CC-PT,pressure,53388.8483586,1780902740.3712761,1.2449468666251737,,186.23671665629342,psi,,simulated
FI-PT,pressure,53388.85628,1780902740.3791983,1.7340346257727892,,308.5086564431973,psi,,simulated
thrust,thrust,53388.8563422,1780902740.3792596,2.499921023836258,2.500078976163742,3.550909592367574,lbs,,simulated
CC-PT,pressure,53388.8589761,1780902740.3818936,1.2606073928603403,,190.15184821508507,psi,,simulated
FI-PT,pressure,53388.8668595,1780902740.3897774,1.7349078339228432,,308.7269584807108,psi,,simulated
thrust,thrust,53388.8669308,1780902740.3898482,2.4998858570916482,2.5001141429083518,5.132069335384078,lbs,,simulated
CC-PT,pressure,53388.8695021,1780902740.3924193,1.2521518769445272,,188.0379692361318,psi,,simulated
FM-FM,flow,53388.8739427,1780902740.3968608,1.7210050488716422,,8.634422333171644,gallons_per_minute,,simulated
FI-PT,pressure,53388.8770935,1780902740.4000113,1.7288984929202191,,307.22462323005476,psi,,simulated
thrust,thrust,53388.8771393,1780902740.4000568,2.499849498254001,2.500150501745999,6.766827713757075,lbs,,simulated
tank_temp,temperature,53388.8792135,1780902740.4021313,,,21.99441379319516,°C,,simulated
CC-PT,pressure,53388.8797744,1780902740.4026918,1.2551768130274787,,188.79420325686968,psi,,simulated
FI-PT,pressure,53388.8871584,1780902740.410076,1.7333187739037006,,308.3296934759251,psi,,simulated
thrust,thrust,53388.8871826,1780902740.4101,2.4998220801141358,2.5001779198858642,7.999596326956384,lbs,,simulated
CC-PT,pressure,53388.8902887,1780902740.4132063,1.2534089390526937,,188.3522347631734,psi,,simulated
FI-PT,pressure,53388.8974194,1780902740.4203374,1.731350628298596,,307.837657074649,psi,,simulated
thrust,thrust,53388.8974985,1780902740.420416,2.4997833370904132,2.5002166629095868,9.741551976042363,lbs,,simulated
CC-PT,pressure,53388.9008168,1780902740.4237344,1.2488634883002625,,187.21587207506562,psi,,simulated
FI-PT,pressure,53388.9077196,1780902740.4306371,1.7375143453495914,,309.37858633739785,psi,,simulated
thrust,thrust,53388.9077861,1780902740.4307036,2.499756514997067,2.500243485002933,10.947521271563426,lbs,,simulated
CC-PT,pressure,53388.9110666,1780902740.433984,1.2376667544444506,,184.41668861111265,psi,,simulated
FM-FM,flow,53388.9140711,1780902740.4369886,1.6894914733757347,,8.338982562897513,gallons_per_minute,,simulated
FI-PT,pressure,53388.917826,1780902740.4407437,1.7477180657050686,,311.9295164262671,psi,,simulated
thrust,thrust,53388.9178687,1780902740.4407861,2.4997273087176453,2.5002726912823547,12.260687837797473,lbs,,simulated
CC-PT,pressure,53388.9214313,1780902740.4443488,1.2447215610410642,,186.18039026026605,psi,,simulated
FI-PT,pressure,53388.9280576,1780902740.450975,1.7435111693753205,,310.8777923438301,psi,,simulated
thrust,thrust,53388.9280822,1780902740.4509995,2.4996796249961406,2.5003203750038594,14.40463325205714,lbs,,simulated
CC-PT,pressure,53388.9315622,1780902740.4544797,1.245941072218546,,186.4852680546365,psi,,simulated
FI-PT,pressure,53388.9382929,1780902740.4612107,1.7429634026245358,,310.74085065613394,psi,,simulated
thrust,thrust,53388.9383397,1780902740.4612572,2.499656379181907,2.500343620818093,15.449806641508728,lbs,,simulated
CC-PT,pressure,53388.9416358,1780902740.4645534,1.2320281543765252,,183.0070385941313,psi,,simulated
FI-PT,pressure,53388.9486628,1780902740.4715805,1.7311688341103595,,307.7922085275899,psi,,simulated
thrust,thrust,53388.9486881,1780902740.4716055,2.4996235966233726,2.5003764033766274,16.92376911381225,lbs,,simulated
CC-PT,pressure,53388.9519423,1780902740.4748597,1.2486977873680338,,187.17444684200845,psi,,simulated
FM-FM,flow,53388.9545009,1780902740.4774184,1.6752572864600763,,8.205537060563215,gallons_per_minute,,simulated
FI-PT,pressure,53388.9588673,1780902740.481785,1.7419119765653581,,310.47799414133954,psi,,simulated
thrust,thrust,53388.9589015,1780902740.481819,2.4996051191812896,2.5003948808187104,17.75454796183787,lbs,,simulated
CC-PT,pressure,53388.9624804,1780902740.485398,1.2405200291299854,,185.13000728249634,psi,,simulated
FI-PT,pressure,53388.9691673,1780902740.4920847,1.7324807324982563,,308.12018312456405,psi,,simulated
thrust,thrust,53388.969191,1780902740.4921083,2.4995461105759276,2.5004538894240724,20.40768041198421,lbs,,simulated
CC-PT,pressure,53388.972921,1780902740.4958384,1.245975046870118,,186.4937617175295,psi,,simulated
FI-PT,pressure,53388.9794413,1780902740.5023587,1.7313798345780176,,307.8449586445044,psi,,simulated
thrust,thrust,53388.9794653,1780902740.5023825,2.4995455145294088,2.5004544854705912,20.434479729662453,lbs,,simulated
tank_temp,temperature,53388.9794774,1780902740.502395,,,22.10365286427855,°C,,simulated
CC-PT,pressure,53388.9831034,1780902740.5060208,1.2459899480330883,,186.49748700827206,psi,,simulated
FI-PT,pressure,53388.9897439,1780902740.5126615,1.7409887005077243,,310.24717512693104,psi,,simulated
thrust,thrust,53388.989768,1780902740.5126853,2.499513924063912,2.500486075936088,21.854843566609485,lbs,,simulated
CC-PT,pressure,53388.9933802,1780902740.516298,1.246108561290331,,186.52714032258277,psi,,simulated
FM-FM,flow,53388.9950363,1780902740.5179543,1.6714777554843137,,8.17010395766544,gallons_per_minute,,simulated
FI-PT,pressure,53389.0004779,1780902740.5233955,1.7358752174228689,,308.9688043557172,psi,,simulated
thrust,thrust,53389.0005134,1780902740.5234308,2.499482929644934,2.500517070355066,23.248408085878268,lbs,,simulated
CC-PT,pressure,53389.003689,1780902740.5266066,1.23767211886312,,184.41802971577997,psi,,simulated
FI-PT,pressure,53389.010805,1780902740.5337226,1.7512895764457674,,312.82239411144184,psi,,simulated
thrust,thrust,53389.0108303,1780902740.5337477,2.499461471970257,2.500538528029743,24.213183522295118,lbs,,simulated
CC-PT,pressure,53389.0137778,1780902740.5366952,1.2388063953884119,,184.70159884710296,psi,,simulated
FI-PT,pressure,53389.0212229,1780902740.5441408,1.7374100372088,,309.35250930219996,psi,,simulated
thrust,thrust,53389.0212796,1780902740.544197,2.4994155763883086,2.5005844236116914,26.276730983520046,lbs,,simulated
CC-PT,pressure,53389.0241808,1780902740.5470984,1.2312556780881498,,182.81391952203745,psi,,simulated
FI-PT,pressure,53389.0314115,1780902740.5543296,1.7343189399622607,,308.57973499056516,psi,,simulated
thrust,thrust,53389.0314734,1780902740.5543907,2.4994060396440076,2.5005939603559924,26.70552006637198,lbs,,simulated
CC-PT,pressure,53389.0342185,1780902740.5571358,1.2427921584596822,,185.69803961492053,psi,,simulated
FM-FM,flow,53389.0352421,1780902740.5581596,1.748466104086173,,8.89186972580787,gallons_per_minute,,simulated
FI-PT,pressure,53389.0419213,1780902740.564839,1.7405255723626103,,310.1313930906526,psi,,simulated
thrust,thrust,53389.0419513,1780902740.564869,2.499370872899398,2.500629127100602,28.286679809388485,lbs,,simulated
CC-PT,pressure,53389.0444327,1780902740.5673504,1.24356344265502,,185.89086066375498,psi,,simulated
FI-PT,pressure,53389.0524481,1780902740.5753663,1.7289718066420325,,307.24295166050814,psi,,simulated
thrust,thrust,53389.0525028,1780902740.5754204,2.499346434992127,2.500653565007873,29.385451834196566,lbs,,simulated
CC-PT,pressure,53389.055088,1780902740.5780056,1.2353207153464216,,183.8301788366054,psi,,simulated
FI-PT,pressure,53389.0629652,1780902740.5858831,1.7398943590991924,,309.9735897747981,psi,,simulated
thrust,thrust,53389.0630274,1780902740.585945,2.4993410705734576,2.5006589294265424,29.626645693300777,lbs,,simulated
CC-PT,pressure,53389.0656776,1780902740.5885954,1.2297929799309946,,182.44824498274863,psi,,simulated
FI-PT,pressure,53389.0733546,1780902740.5962725,1.7450680428824474,,311.26701072061184,psi,,simulated
thrust,thrust,53389.0734034,1780902740.5963209,2.4993005394101786,2.5006994605898214,31.448999295421494,lbs,,simulated
CC-PT,pressure,53389.0760238,1780902740.5989418,1.2380559728212324,,184.51399320530808,psi,,simulated
FM-FM,flow,53389.0760736,1780902740.5989912,1.7031862381918714,,8.467370983048795,gallons_per_minute,,simulated
tank_temp,temperature,53389.0798188,1780902740.6027367,,,21.917773048085873,°C,,simulated
FI-PT,pressure,53389.0835044,1780902740.606422,1.7347600143861788,,308.69000359654467,psi,,simulated
thrust,thrust,53389.0835439,1780902740.6064615,2.4992915987123965,2.5007084012876035,31.850989060595182,lbs,,simulated
CC-PT,pressure,53389.0862041,1780902740.6091218,1.2357474846538883,,183.93687116347206,psi,,simulated
FI-PT,pressure,53389.0936021,1780902740.6165197,1.7323740401713896,,308.0935100428474,psi,,simulated
thrust,thrust,53389.0936301,1780902740.6165476,2.499259412200381,2.500740587799619,33.298152215220455,lbs,,simulated
CC-PT,pressure,53389.096666,1780902740.6195836,1.2401439237766174,,185.03598094415435,psi,,simulated
FI-PT,pressure,53389.1039091,1780902740.626827,1.7420907905210006,,310.52269763025015,psi,,simulated
thrust,thrust,53389.1039516,1780902740.626869,2.4992355703396285,2.5007644296603715,34.37012492235029,lbs,,simulated
CC-PT,pressure,53389.1068544,1780902740.629772,1.2299360310955085,,182.48400777387712,psi,,simulated
FI-PT,pressure,53389.1145358,1780902740.6374538,1.728500333845655,,307.12508346141374,psi,,simulated
thrust,thrust,53389.1146088,1780902740.6375263,2.4992135166184326,2.5007864833815674,35.36169967644539,lbs,,simulated
FM-FM,flow,53389.1162467,1780902740.6391644,1.7063750870674952,,8.497266441257768,gallons_per_minute,,simulated
CC-PT,pressure,53389.1171471,1780902740.6400645,1.2282796178197406,,182.06990445493514,psi,,simulated
FI-PT,pressure,53389.1247175,1780902740.6476352,1.7373379155800242,,309.33447889500604,psi,,simulated
thrust,thrust,53389.1247392,1780902740.6476564,2.4991831182459734,2.5008168817540266,36.72846487803593,lbs,,simulated
CC-PT,pressure,53389.1273977,1780902740.6503153,1.2225533989135502,,180.63834972838754,psi,,simulated
FI-PT,pressure,53389.1347691,1780902740.6576867,1.7318143524902287,,307.95358812255716,psi,,simulated
thrust,thrust,53389.1347909,1780902740.6577084,2.4991759656877477,2.5008240343122523,37.05005669017488,lbs,,simulated
CC-PT,pressure,53389.1374497,1780902740.6603673,1.2263806136108177,,181.59515340270443,psi,,simulated
FI-PT,pressure,53389.1449682,1780902740.6678858,1.7366459055716879,,309.16147639292194,psi,,simulated
thrust,thrust,53389.144991,1780902740.6679084,2.499162852664334,2.500837147335666,37.639641679096286,lbs,,simulated
CC-PT,pressure,53389.1475057,1780902740.6704233,1.2439121298685227,,185.97803246713067,psi,,simulated
FI-PT,pressure,53389.1553761,1780902740.6782935,1.7300005829334955,,307.50014573337387,psi,,simulated
thrust,thrust,53389.1553881,1780902740.6783054,2.4991574882456646,2.5008425117543354,37.8808355382005,lbs,,simulated
FM-FM,flow,53389.1564101,1780902740.6793275,1.7704715455140527,,9.098170739194243,gallons_per_minute,,simulated
CC-PT,pressure,53389.1579708,1780902740.6808884,1.2307377136633055,,182.68442841582637,psi,,simulated
FI-PT,pressure,53389.1657842,1780902740.6887016,1.738224236753492,,309.55605918837296,psi,,simulated
thrust,thrust,53389.1658073,1780902740.6887248,2.49913483847795,2.50086516152205,38.89920960997384,lbs,,simulated
CC-PT,pressure,53389.1683696,1780902740.6912873,1.2295050894624102,,182.37627236560255,psi,,simulated
FI-PT,pressure,53389.1761838,1780902740.699102,1.7378242895393716,,309.4560723848429,psi,,simulated
thrust,thrust,53389.1762663,1780902740.699184,2.4991199373149797,2.5008800626850203,39.56919255192999,lbs,,simulated
CC-PT,pressure,53389.178872,1780902740.7017896,1.2307693041288024,,182.69232603220058,psi,,simulated
tank_temp,temperature,53389.1804465,1780902740.7033641,,,21.940314443706256,°C,,simulated
FI-PT,pressure,53389.1864599,1780902740.7093778,1.7448540621821953,,311.21351554554883,psi,,simulated
thrust,thrust,53389.186501,1780902740.7094185,2.499088346849483,2.500911653150517,40.98955638887701,lbs,,simulated
CC-PT,pressure,53389.1891995,1780902740.7121172,1.2241680889330016,,181.04202223325038,psi,,simulated
FI-PT,pressure,53389.1969733,1780902740.7198913,1.7319949545854276,,307.9987386463569,psi,,simulated
thrust,thrust,53389.1970525,1780902740.71997,2.4990764259191067,2.5009235740808933,41.52554274244193,lbs,,simulated
FM-FM,flow,53389.1970752,1780902740.7199929,1.7447724038091186,,8.857241285710485,gallons_per_minute,,simulated
CC-PT,pressure,53389.1995787,1780902740.7224963,1.2244935303322708,,181.1233825830677,psi,,simulated
FI-PT,pressure,53389.2075576,1780902740.7304757,1.736698357665343,,309.1745894163357,psi,,simulated
thrust,thrust,53389.2076332,1780902740.730551,2.4990746377795503,2.5009253622204497,41.60594069547667,lbs,,simulated
CC-PT,pressure,53389.2097235,1780902740.732641,1.228563932009212,,182.14098300230302,psi,,simulated
FI-PT,pressure,53389.2179704,1780902740.7408888,1.7233349947136634,,305.8337486784158,psi,,simulated
thrust,thrust,53389.2180266,1780902740.740944,2.4990645049887306,2.5009354950112694,42.06152909600685,lbs,,simulated
CC-PT,pressure,53389.2199411,1780902740.7428591,1.229686287604128,,182.42157190103197,psi,,simulated
FI-PT,pressure,53389.2285216,1780902740.751439,1.7290439282708083,,307.26098206770206,psi,,simulated
thrust,thrust,53389.2285492,1780902740.7514665,2.499038278941903,2.500961721058097,43.24069907384967,lbs,,simulated
CC-PT,pressure,53389.2304752,1780902740.753393,1.2228508261264355,,180.71270653160886,psi,,simulated
FM-FM,flow,53389.2372674,1780902740.7601852,1.7717268194826628,,9.109938932649962,gallons_per_minute,,simulated
FI-PT,pressure,53389.2390285,1780902740.7619464,1.7352237385778115,,308.80593464445286,psi,,simulated
thrust,thrust,53389.2390737,1780902740.7619913,2.4990490077792415,2.5009509922207585,42.75831135564124,lbs,,simulated
CC-PT,pressure,53389.2410208,1780902740.7639387,1.236739306061185,,184.18482651529627,psi,,simulated
FI-PT,pressure,53389.24953,1780902740.772448,1.7252667814811207,,306.3166953702802,psi,,simulated
thrust,thrust,53389.2495987,1780902740.772516,2.4990239738254516,2.5009760261745484,43.883882698127564,lbs,,simulated
CC-PT,pressure,53389.2511913,1780902740.7741091,1.229437140159266,,182.3592850398165,psi,,simulated
FI-PT,pressure,53389.2600848,1780902740.7830029,1.7326917329659144,,308.1729332414786,psi,,simulated
thrust,thrust,53389.2601872,1780902740.7831051,2.499025761965008,2.500974238034992,43.80348474509283,lbs,,simulated
CC-PT,pressure,53389.2613759,1780902740.7842934,1.2256194622062997,,181.40486555157491,psi,,simulated
FI-PT,pressure,53389.2701922,1780902740.7931097,1.7278035554651683,,306.9508888662921,psi,,simulated
thrust,thrust,53389.2702129,1780902740.7931302,2.4990120528950754,2.5009879471049246,44.41986905169248,lbs,,simulated
CC-PT,pressure,53389.2719758,1780902740.7948933,1.227212694551074,,181.80317363776848,psi,,simulated
FM-FM,flow,53389.2774991,1780902740.8004167,1.7231472400602388,,8.654505375564737,gallons_per_minute,,simulated
FI-PT,pressure,53389.2806077,1780902740.8035252,1.7359229011443735,,308.9807252860934,psi,,simulated
thrust,thrust,53389.2806211,1780902740.8035383,2.4990186094067823,2.5009813905932177,44.12507655723178,lbs,,simulated
tank_temp,temperature,53389.2806294,1780902740.803547,,,21.928870350545118,°C,,simulated
CC-PT,pressure,53389.2824291,1780902740.8053465,1.2241436510257304,,181.0359127564326,psi,,simulated
FI-PT,pressure,53389.2909911,1780902740.813909,1.7364980860350234,,309.12452150875583,psi,,simulated
thrust,thrust,53389.291047,1780902740.8139646,2.4990156291741883,2.5009843708258117,44.259073145623006,lbs,,simulated
CC-PT,pressure,53389.2929989,1780902740.8159168,1.2247647314983285,,181.19118287458213,psi,,simulated
FI-PT,pressure,53389.3011984,1780902740.8241162,1.7299177324673811,,307.47943311684526,psi,,simulated
thrust,thrust,53389.301252,1780902740.8241694,2.499013841034632,2.500986158965368,44.33947109865775,lbs,,simulated
CC-PT,pressure,53389.3033455,1780902740.8262632,1.223362234039573,,180.8405585098932,psi,,simulated
FI-PT,pressure,53389.3120154,1780902740.834933,1.736536829058746,,309.1342072646865,psi,,simulated
thrust,thrust,53389.3120459,1780902740.834963,2.4989923833599548,2.5010076166400452,45.3042465350746,lbs,,simulated
CC-PT,pressure,53389.3135944,1780902740.836512,1.2137176053187377,,178.42940132968442,psi,,simulated
FM-FM,flow,53389.3179183,1780902740.840836,1.7150159734506576,,8.578274751099913,gallons_per_minute,,simulated
FI-PT,pressure,53389.3221015,1780902740.8450189,1.7291112815274337,,307.2778203818584,psi,,simulated
thrust,thrust,53389.3221225,1780902740.8450398,2.4990019201042557,2.5009980798957443,44.87545745222266,lbs,,simulated
CC-PT,pressure,53389.3241546,1780902740.847072,1.229813245512634,,182.4533113781585,psi,,simulated
FI-PT,pressure,53389.3325676,1780902740.8554854,1.732982007620574,,308.2455019051435,psi,,simulated
thrust,thrust,53389.3326058,1780902740.8555233,2.499022185685895,2.500977814314105,43.964280651162305,lbs,,simulated
CC-PT,pressure,53389.334552,1780902740.8574698,1.2130416885664093,,178.2604221416023,psi,,simulated
FI-PT,pressure,53389.3428332,1780902740.8657513,1.7352726143923538,,308.81815359808843,psi,,simulated
thrust,thrust,53389.342912,1780902740.8658297,2.499001324057737,2.500998675942263,44.90225676990091,lbs,,simulated
CC-PT,pressure,53389.344675,1780902740.8675923,1.231907752979726,,182.9769382449315,psi,,simulated
FI-PT,pressure,53389.3533226,1780902740.8762407,1.7353292388116406,,308.83230970291015,psi,,simulated
thrust,thrust,53389.3533895,1780902740.876307,2.499007880569444,2.500992119430556,44.6074642754402,lbs,,simulated
