sensor_name,sensor_kind,t_monotonic,t_wall,Voltage 1,Voltage 2,value,units,filtered_value,source
CC-PT,pressure,5230.032861665,1780039918.9333296,1.3059510357321544,,201.4877589330386,psi,,simulated
FI-PT,pressure,5230.033076403,1780039918.9335432,1.70780798289871,,301.9519957246775,psi,,simulated
thrust,thrust,5230.033181253,1780039918.9336479,2.500033080581794,2.499966919418206,6.616116358770796,N,,simulated
FM-FM,flow,5230.033286344,1780039918.933753,1.6544600313258209,,8.01056279367957,gallons_per_minute,,simulated
tank_temp,temperature,5230.033375269,1780039918.933842,,,20.010250792548693,°C,,simulated
CC-PT,pressure,5230.043173393,1780039918.943641,1.2929578176686545,,198.2394544171636,psi,,simulated
FI-PT,pressure,5230.043272873,1780039918.9437392,1.7090316664018235,,302.25791660045587,psi,,simulated
thrust,thrust,5230.04333078,1780039918.9437976,2.5000348687213503,2.4999651312786497,6.973744270055704,N,,simulated
CC-PT,pressure,5230.053401382,1780039918.9538684,1.2982870695933184,,199.5717673983296,psi,,simulated
FI-PT,pressure,5230.053518232,1780039918.9539845,1.700990402816582,,300.2476007041455,psi,,simulated
thrust,thrust,5230.053582101,1780039918.9540482,2.5000777840707045,2.4999222159292955,15.556814140893493,N,,simulated
CC-PT,pressure,5230.063576834,1780039918.9640434,1.305610693169915,,201.40267329247874,psi,,simulated
FI-PT,pressure,5230.063653574,1780039918.96412,1.6962595815968016,,299.0648953992004,psi,,simulated
thrust,thrust,5230.063708128,1780039918.9641743,2.500106990350126,2.499893009649874,21.398070025213656,N,,simulated
FM-FM,flow,5230.073475697,1780039918.9739425,1.6667373975202318,,8.125663101752172,gallons_per_minute,,simulated
CC-PT,pressure,5230.073809748,1780039918.974276,1.2983168719192588,,199.5792179798147,psi,,simulated
FI-PT,pressure,5230.073886099,1780039918.9743524,1.6945513122738973,,298.63782806847433,psi,,simulated
thrust,thrust,5230.073942765,1780039918.9744089,2.5001457333738486,2.4998542666261514,29.146674769719993,N,,simulated
CC-PT,pressure,5230.083951516,1780039918.9844177,1.3049997454881366,,201.24993637203414,psi,,simulated
FI-PT,pressure,5230.084044718,1780039918.984511,1.7015477063116677,,300.38692657791694,psi,,simulated
thrust,thrust,5230.084093218,1780039918.9845593,2.5001552701181495,2.4998447298818505,31.05402362990617,N,,simulated
CC-PT,pressure,5230.094080691,1780039918.994547,1.3075234064487704,,201.8808516121926,psi,,simulated
FI-PT,pressure,5230.094149042,1780039918.994615,1.6954805487967193,,298.8701371991798,psi,,simulated
thrust,thrust,5230.094199856,1780039918.994666,2.5001958012814285,2.4998041987185715,39.160256285697415,N,,simulated
CC-PT,pressure,5230.104216959,1780039919.0046833,1.3024766805740216,,200.6191701435054,psi,,simulated
FI-PT,pressure,5230.104276773,1780039919.0047429,1.6932465664442262,,298.31164161105653,psi,,simulated
thrust,thrust,5230.104320013,1780039919.0047863,2.5002238154678125,2.4997761845321875,44.763093562494305,N,,simulated
FM-FM,flow,5230.113647958,1780039919.0141146,1.650217372204944,,7.97078786442135,gallons_per_minute,,simulated
CC-PT,pressure,5230.114343615,1780039919.0148098,1.3006217838074905,,200.15544595187262,psi,,simulated
FI-PT,pressure,5230.114406985,1780039919.014873,1.7033173684260092,,300.8293421065023,psi,,simulated
thrust,thrust,5230.114455077,1780039919.0149212,2.5002512336076776,2.4997487663923224,50.24672153552956,N,,simulated
CC-PT,pressure,5230.124475698,1780039919.024942,1.3106514585794757,,202.66286464486893,psi,,simulated
FI-PT,pressure,5230.124535882,1780039919.025002,1.7031761054010517,,300.7940263502629,psi,,simulated
thrust,thrust,5230.124583919,1780039919.0250502,2.500284016166212,2.499715983833788,56.80323324241954,N,,simulated
tank_temp,temperature,5230.133566739,1780039919.0340333,,,20.15104781750072,°C,,simulated
CC-PT,pressure,5230.134603318,1780039919.0350697,1.316458143765705,,204.11453594142625,psi,,simulated
FI-PT,pressure,5230.134668113,1780039919.0351343,1.7059089786897872,,301.4772446724468,psi,,simulated
thrust,thrust,5230.134718631,1780039919.0351846,2.500317990817784,2.499682009182216,63.59816355683279,N,,simulated
CC-PT,pressure,5230.144735919,1780039919.0452023,1.3076253304034866,,201.90633260087165,psi,,simulated
FI-PT,pressure,5230.144792918,1780039919.045259,1.6973998185872816,,299.3499546468204,psi,,simulated
thrust,thrust,5230.144835825,1780039919.045302,2.5003501773298,2.4996498226702,70.03546595996113,N,,simulated
FM-FM,flow,5230.153840108,1780039919.054307,1.6708000505924288,,8.163750474304019,gallons_per_minute,,simulated
CC-PT,pressure,5230.154866501,1780039919.055333,1.3105125797405934,,202.62814493514836,psi,,simulated
FI-PT,pressure,5230.154944908,1780039919.0554109,1.7031683567963072,,300.79208919907677,psi,,simulated
thrust,thrust,5230.155082258,1780039919.0555484,2.500374019190552,2.499625980809448,74.80383811042657,N,,simulated
CC-PT,pressure,5230.165010695,1780039919.065477,1.3233949331515948,,205.8487332878987,psi,,simulated
FI-PT,pressure,5230.16507862,1780039919.0655446,1.7030038479571161,,300.750961989279,psi,,simulated
thrust,thrust,5230.16514136,1780039919.0656073,2.5004163384933875,2.4995836615066125,83.26769867750272,N,,simulated
CC-PT,pressure,5230.175143259,1780039919.0756094,1.3111700190508389,,202.7925047627097,psi,,simulated
FI-PT,pressure,5230.17521248,1780039919.0756783,1.6946109169257781,,298.65272923144454,psi,,simulated
thrust,thrust,5230.175263702,1780039919.0757298,2.5004354119819894,2.4995645880180106,87.08239639787507,N,,simulated
CC-PT,pressure,5230.185295823,1780039919.0857623,1.312440790228938,,203.11019755723447,psi,,simulated
FI-PT,pressure,5230.185380969,1780039919.0858474,1.7071284898672687,,301.78212246681716,psi,,simulated
thrust,thrust,5230.18543395,1780039919.0859,2.500437200121546,2.499562799878454,87.44002430915998,N,,simulated
FM-FM,flow,5230.19401348,1780039919.0944798,1.686258517057719,,8.308673597416114,gallons_per_minute,,simulated
CC-PT,pressure,5230.19544296,1780039919.0959094,1.3309498227774885,,207.73745569437213,psi,,simulated
FI-PT,pressure,5230.195518478,1780039919.0959847,1.7060782559011287,,301.51956397528215,psi,,simulated
thrust,thrust,5230.195575996,1780039919.0960424,2.500508725703803,2.499491274296197,101.7451407605563,N,,simulated
CC-PT,pressure,5230.205587784,1780039919.106054,1.3083352218073871,,202.08380545184679,psi,,simulated
FI-PT,pressure,5230.205656505,1780039919.1061227,1.7187418602397275,,304.68546505993186,psi,,simulated
thrust,thrust,5230.205706652,1780039919.1061726,2.500520646634179,2.499479353365821,104.12932683578902,N,,simulated
CC-PT,pressure,5230.215730366,1780039919.1161966,1.3232942012899163,,205.82355032247906,psi,,simulated
FI-PT,pressure,5230.215813068,1780039919.1162794,1.705878580317328,,301.469645079332,psi,,simulated
thrust,thrust,5230.215870271,1780039919.1163366,2.5005438924484125,2.4994561075515875,108.77848968249282,N,,simulated
CC-PT,pressure,5230.225877096,1780039919.1263435,1.307484067378529,,201.87101684463227,psi,,simulated
FI-PT,pressure,5230.225945947,1780039919.1264124,1.704045141225474,,301.0112853063685,psi,,simulated
thrust,thrust,5230.22599665,1780039919.1264627,2.5005802512860598,2.4994197487139402,116.05025721195261,N,,simulated
tank_temp,temperature,5230.23374371,1780039919.13421,,,19.958058791919996,°C,,simulated
FM-FM,flow,5230.234181204,1780039919.1346476,1.6784908388246107,,8.235851613980724,gallons_per_minute,,simulated
CC-PT,pressure,5230.236040049,1780039919.1365063,1.3169135233060745,,204.22838082651862,psi,,simulated
FI-PT,pressure,5230.236114289,1780039919.1365805,1.7125638380722807,,303.1409595180702,psi,,simulated
thrust,thrust,5230.236168158,1780039919.1366343,2.5006058812863685,2.4993941187136315,121.17625727370296,N,,simulated
CC-PT,pressure,5230.246182076,1780039919.1466484,1.3305015957953448,,207.6253989488362,psi,,simulated
FI-PT,pressure,5230.246249741,1780039919.1467159,1.7066123135819808,,301.6530783954952,psi,,simulated
thrust,thrust,5230.246299778,1780039919.1467657,2.500629127100602,2.499370872899398,125.82542012040676,N,,simulated
CC-PT,pressure,5230.25634138,1780039919.1568081,1.3297899162518878,,207.44747906297195,psi,,simulated
FI-PT,pressure,5230.256451064,1780039919.1569173,1.7111279620084718,,302.78199050211794,psi,,simulated
thrust,thrust,5230.256514415,1780039919.1569805,2.500644624310091,2.499355375689909,128.9248620182093,N,,simulated
CC-PT,pressure,5230.266512555,1780039919.166979,1.3180340907614339,,204.50852269035846,psi,,simulated
FI-PT,pressure,5230.266589313,1780039919.1670556,1.7037322168030997,,300.9330542007749,psi,,simulated
thrust,thrust,5230.266641831,1780039919.1671078,2.500678598961663,2.499321401038337,135.71979233262255,N,,simulated
FM-FM,flow,5230.274331706,1780039919.1747978,1.7062493212520267,,8.496087386737749,gallons_per_minute,,simulated
CC-PT,pressure,5230.276657156,1780039919.1771235,1.3216920282473599,,205.42300706183997,psi,,simulated
FI-PT,pressure,5230.276738006,1780039919.1772041,1.7074867138250724,,301.8716784562681,psi,,simulated
thrust,thrust,5230.276796024,1780039919.1772623,2.500684559426851,2.499315440573149,136.9118853702389,N,,simulated
CC-PT,pressure,5230.286803071,1780039919.1872692,1.325864949925536,,206.46623748138398,psi,,simulated
FI-PT,pressure,5230.286871163,1780039919.1873374,1.712575162956138,,303.1437907390345,psi,,simulated
thrust,thrust,5230.286922162,1780039919.1873884,2.5007364154739875,2.4992635845260125,147.28309479750124,N,,simulated
CC-PT,pressure,5230.296937228,1780039919.1974034,1.318798818445065,,204.69970461126624,psi,,simulated
FI-PT,pressure,5230.297009653,1780039919.197476,1.7108579529354517,,302.71448823386294,psi,,simulated
thrust,thrust,5230.297065059,1780039919.1975312,2.5007310510553182,2.4992689489446818,146.2102110636465,N,,simulated
CC-PT,pressure,5230.307077477,1780039919.207544,1.3306208050991064,,207.6552012747766,psi,,simulated
FI-PT,pressure,5230.307143698,1780039919.20761,1.707702482664881,,301.92562066622025,psi,,simulated
thrust,thrust,5230.307192753,1780039919.207659,2.500762641520815,2.499237358479185,152.52830416301322,N,,simulated
FM-FM,flow,5230.314510745,1780039919.2149773,1.657246548801249,,8.03668639501171,gallons_per_minute,,simulated
CC-PT,pressure,5230.317210374,1780039919.2176766,1.341628592208456,,210.40714805211402,psi,,simulated
FI-PT,pressure,5230.317281058,1780039919.2177474,1.7006888032780652,,300.17220081951626,psi,,simulated
thrust,thrust,5230.317336428,1780039919.2178028,2.5007852912885298,2.4992147087114702,157.05825770595538,N,,simulated
CC-PT,pressure,5230.327348327,1780039919.2278147,1.321082868705138,,205.27071717628448,psi,,simulated
FI-PT,pressure,5230.327412789,1780039919.2278788,1.7101039540891594,,302.5259885222898,psi,,simulated
thrust,thrust,5230.327460714,1780039919.227927,2.500806152916688,2.499193847083312,161.23058333761264,N,,simulated
tank_temp,temperature,5230.333919922,1780039919.2343862,,,20.175496561981255,°C,,simulated
CC-PT,pressure,5230.337480113,1780039919.2379463,1.3182707212294007,,204.56768030735017,psi,,simulated
FI-PT,pressure,5230.337551353,1780039919.2380176,1.7081441531353179,,302.03603828382944,psi,,simulated
thrust,thrust,5230.337605167,1780039919.2380712,2.5008204580331395,2.4991795419668605,164.0916066278919,N,,simulated
CC-PT,pressure,5230.347618992,1780039919.2480853,1.3328309455908471,,208.20773639771178,psi,,simulated
FI-PT,pressure,5230.347683862,1780039919.24815,1.712255682022057,,303.0639205055142,psi,,simulated
thrust,thrust,5230.347731398,1780039919.2481976,2.5008454919869294,2.4991545080130706,169.09839738588062,N,,simulated
FM-FM,flow,5230.354688561,1780039919.2551558,1.6807593918751946,,8.257119298829949,gallons_per_minute,,simulated
CC-PT,pressure,5230.357757612,1780039919.2582238,1.3313235439447813,,207.8308859861953,psi,,simulated
FI-PT,pressure,5230.357845555,1780039919.2583117,1.709480489430486,,302.3701223576215,psi,,simulated
thrust,thrust,5230.35790535,1780039919.2583716,2.5008210540796583,2.4991789459203417,164.21081593165354,N,,simulated
CC-PT,pressure,5230.36790949,1780039919.2683756,1.3437964133973614,,210.94910334934036,psi,,simulated
FI-PT,pressure,5230.367979304,1780039919.2684455,1.7149611371709272,,303.7402842927318,psi,,simulated
thrust,thrust,5230.368066451,1780039919.2685328,2.500871121987238,2.499128878012762,174.22439744763096,N,,simulated
CC-PT,pressure,5230.378043499,1780039919.2785096,1.332934061638601,,208.23351540965024,psi,,simulated
FI-PT,pressure,5230.378116386,1780039919.2785826,1.7083712468589838,,302.09281171474595,psi,,simulated
thrust,thrust,5230.378170015,1780039919.278636,2.5008854271036896,2.4991145728963104,177.08542073791023,N,,simulated
CC-PT,pressure,5230.388187637,1780039919.2886539,1.3345129888669238,,208.62824721673095,psi,,simulated
FI-PT,pressure,5230.388256673,1780039919.288723,1.7101415050198443,,302.5353762549611,psi,,simulated
thrust,thrust,5230.388305931,1780039919.288772,2.500896751987547,2.499103248012453,179.3503975093813,N,,simulated
FM-FM,flow,5230.394870118,1780039919.2953362,1.6674598059010273,,8.13243568032213,gallons_per_minute,,simulated
CC-PT,pressure,5230.398326515,1780039919.298793,1.334586898635256,,208.646724658814,psi,,simulated
FI-PT,pressure,5230.39840594,1780039919.298872,1.713178362033172,,303.29459050829297,psi,,simulated
thrust,thrust,5230.398463254,1780039919.2989295,2.5009295345460814,2.4990704654539186,185.9069092162713,N,,simulated
CC-PT,pressure,5230.408471894,1780039919.3089383,1.3306976951000327,,207.67442377500817,psi,,simulated
FI-PT,pressure,5230.408537819,1780039919.309004,1.7029043081884752,,300.7260770471188,psi,,simulated
thrust,thrust,5230.408587337,1780039919.3090537,2.5009170175691864,2.4990829824308136,183.40351383727693,N,,simulated
CC-PT,pressure,5230.418605236,1780039919.3190715,1.341582100579989,,210.39552514499726,psi,,simulated
FI-PT,pressure,5230.418676438,1780039919.3191426,1.7072631963805194,,301.8157990951298,psi,,simulated
thrust,thrust,5230.418732067,1780039919.3191981,2.500937283150826,2.499062716849174,187.45663016517256,N,,simulated
CC-PT,pressure,5230.4287453,1780039919.3292117,1.3304968274231943,,207.62420685579858,psi,,simulated
FI-PT,pressure,5230.428813391,1780039919.3292794,1.7069198735856859,,301.72996839642144,psi,,simulated
thrust,thrust,5230.428862891,1780039919.329329,2.5009283424530437,2.4990716575469563,185.66849060874802,N,,simulated
tank_temp,temperature,5230.434083689,1780039919.33455,,,20.075620839847847,°C,,simulated
FM-FM,flow,5230.43502225,1780039919.3354886,1.6689570747562734,,8.146472575840063,gallons_per_minute,,simulated
CC-PT,pressure,5230.438878345,1780039919.3393445,1.346330207148815,,211.58255178720376,psi,,simulated
FI-PT,pressure,5230.438952418,1780039919.3394186,1.7220505144656317,,305.51262861640794,psi,,simulated
thrust,thrust,5230.439006473,1780039919.3394725,2.5009605289650594,2.4990394710349406,192.10579301187636,N,,simulated
CC-PT,pressure,5230.449019002,1780039919.3494854,1.3402660298664606,,210.06650746661515,psi,,simulated
FI-PT,pressure,5230.449084297,1780039919.3495505,1.7098554026908164,,302.4638506727041,psi,,simulated
thrust,thrust,5230.449130389,1780039919.3495967,2.5009503961742396,2.4990496038257604,190.07923484792855,N,,simulated
CC-PT,pressure,5230.459174158,1780039919.3596416,1.3441170864244802,,211.02927160612006,psi,,simulated
FI-PT,pressure,5230.459286304,1780039919.3597524,1.714573706933702,,303.6434267334255,psi,,simulated
thrust,thrust,5230.459348063,1780039919.3598142,2.500958144778984,2.499041855221016,191.6289557968298,N,,simulated
CC-PT,pressure,5230.469346258,1780039919.3698127,1.3386525319400469,,209.6631329850117,psi,,simulated
FI-PT,pressure,5230.469422628,1780039919.3698888,1.7146213906552066,,303.65534766380165,psi,,simulated
thrust,thrust,5230.469476201,1780039919.3699422,2.5010040403609324,2.4989959596390676,200.80807218647578,N,,simulated
FM-FM,flow,5230.475179734,1780039919.3756459,1.6849072795995808,,8.296005746246069,gallons_per_minute,,simulated
CC-PT,pressure,5230.479495322,1780039919.3799613,1.3373132154122847,,209.32830385307116,psi,,simulated
FI-PT,pressure,5230.479570117,1780039919.3800364,1.7094655882675158,,302.36639706687896,psi,,simulated
thrust,thrust,5230.479625543,1780039919.3800917,2.500993311523594,2.499006688476406,198.66230471876634,N,,simulated
CC-PT,pressure,5230.489635405,1780039919.3901017,1.3544936602704118,,213.62341506760296,psi,,simulated
FI-PT,pressure,5230.489702478,1780039919.3901687,1.7020901086437832,,300.5225271609458,psi,,simulated
thrust,thrust,5230.489750922,1780039919.390217,2.500990331291,2.499009668709,198.06625819995816,N,,simulated
CC-PT,pressure,5230.499768691,1780039919.400235,1.3473530229750899,,211.83825574377246,psi,,simulated
FI-PT,pressure,5230.499840394,1780039919.4003065,1.7174281737122743,,304.35704342806855,psi,,simulated
thrust,thrust,5230.499893615,1780039919.4003596,2.500995695709669,2.499004304290331,199.13914193381288,N,,simulated
CC-PT,pressure,5230.509906514,1780039919.4103725,1.3526268425735046,,213.15671064337616,psi,,simulated
FI-PT,pressure,5230.509972402,1780039919.4104385,1.7094393622206883,,302.35984055517207,psi,,simulated
thrust,thrust,5230.510020549,1780039919.4104865,2.5009819866397365,2.4990180133602635,196.39732794729525,N,,simulated
FM-FM,flow,5230.515333828,1780039919.4158,1.6966917153229375,,8.40648483115254,gallons_per_minute,,simulated
CC-PT,pressure,5230.520073337,1780039919.4205399,1.3473452743703453,,211.83631859258634,psi,,simulated
FI-PT,pressure,5230.520157669,1780039919.4206238,1.7164339681189023,,304.10849202972554,psi,,simulated
thrust,thrust,5230.520213224,1780039919.4206793,2.5009873510584057,2.4990126489415943,197.47021168114998,N,,simulated
CC-PT,pressure,5230.530222104,1780039919.4306881,1.3627208903695216,,215.6802225923804,psi,,simulated
FI-PT,pressure,5230.530291048,1780039919.430757,1.7045374756500096,,301.1343689125024,psi,,simulated
thrust,thrust,5230.530338862,1780039919.430805,2.5010028482678948,2.4989971517321052,200.5696535789525,N,,simulated
tank_temp,temperature,5230.534278863,1780039919.434745,,,20.100416375030278,°C,,simulated
CC-PT,pressure,5230.540355872,1780039919.4408224,1.3500167548676436,,212.5041887169109,psi,,simulated
FI-PT,pressure,5230.540427649,1780039919.440894,1.7099829566458413,,302.49573916146034,psi,,simulated
thrust,thrust,5230.540480296,1780039919.4409463,2.500976622221067,2.499023377778933,195.32444421344053,N,,simulated
CC-PT,pressure,5230.552047211,1780039919.452514,1.342629354313535,,210.65733857838376,psi,,simulated
FI-PT,pressure,5230.552142821,1780039919.452609,1.72043105607403,,305.10776401850745,psi,,simulated
thrust,thrust,5230.552197783,1780039919.4526641,2.500999271988782,2.499000728011218,199.8543977563827,N,,simulated
FM-FM,flow,5230.555507719,1780039919.4559746,1.7040367965742107,,8.475344967883224,gallons_per_minute,,simulated
CC-PT,pressure,5230.5622047,1780039919.462671,1.3542242472439106,,213.55606181097764,psi,,simulated
FI-PT,pressure,5230.562289033,1780039919.4627554,1.721717324461618,,305.42933111540447,psi,,simulated
thrust,thrust,5230.562349939,1780039919.4628162,2.5009760261745484,2.4990239738254516,195.2052349096789,N,,simulated
CC-PT,pressure,5230.572354172,1780039919.4728208,1.352961224670556,,213.240306167639,psi,,simulated
FI-PT,pressure,5230.572424226,1780039919.4728904,1.7055567151971716,,301.3891787992929,psi,,simulated
thrust,thrust,5230.572474207,1780039919.4729402,2.5009909273375186,2.4990090726624814,198.1854675037198,N,,simulated
CC-PT,pressure,5230.582490236,1780039919.4829566,1.3372697040164117,,209.3174260041029,psi,,simulated
FI-PT,pressure,5230.582564735,1780039919.483031,1.705614531709496,,301.40363292737396,psi,,simulated
thrust,thrust,5230.582619919,1780039919.483086,2.500973641988473,2.499026358011527,194.72839769463235,N,,simulated
CC-PT,pressure,5230.592631133,1780039919.4930975,1.351280373487517,,212.82009337187924,psi,,simulated
FI-PT,pressure,5230.592697502,1780039919.4931638,1.7135848657589992,,303.39621643974976,psi,,simulated
thrust,thrust,5230.592745539,1780039919.4932117,2.5009968878027067,2.4990031121972933,199.37756054133615,N,,simulated
FM-FM,flow,5230.595671184,1780039919.4961374,1.70904835570435,,8.52232833472828,gallons_per_minute,,simulated
CC-PT,pressure,5230.602762586,1780039919.503229,1.358627242878347,,214.65681071958676,psi,,simulated
FI-PT,pressure,5230.60283414,1780039919.5033004,1.7184587381432936,,304.6146845358234,psi,,simulated
thrust,thrust,5230.60288714,1780039919.5033534,2.500983178732774,2.499016821267226,196.63574655481852,N,,simulated
CC-PT,pressure,5230.612901242,1780039919.5133677,1.3583149145024915,,214.5787286256229,psi,,simulated
FI-PT,pressure,5230.612966667,1780039919.5134327,1.7152901548493094,,303.82253871232734,psi,,simulated
thrust,thrust,5230.613013944,1780039919.5134802,2.5009599329185406,2.4990400670814594,191.98658370811472,N,,simulated
CC-PT,pressure,5230.623003362,1780039919.5234697,1.3522221269872339,,213.05553174680847,psi,,simulated
FI-PT,pressure,5230.623075417,1780039919.5235417,1.7163856883508788,,304.0964220877197,psi,,simulated
thrust,thrust,5230.62312649,1780039919.5235927,2.500937283150826,2.499062716849174,187.45663016517256,N,,simulated
CC-PT,pressure,5230.633163204,1780039919.5336297,1.3477291283284578,,211.93228208211445,psi,,simulated
FI-PT,pressure,5230.633229277,1780039919.5336955,1.7088689457021886,,302.2172364255471,psi,,simulated
thrust,thrust,5230.633276295,1780039919.5337424,2.5009384752438635,2.4990615247561365,187.69504877269583,N,,simulated
tank_temp,temperature,5230.634445279,1780039919.5349114,,,20.34160930816839,°C,,simulated
FM-FM,flow,5230.635827278,1780039919.5362937,1.748951285952483,,8.896418305804525,gallons_per_minute,,simulated
CC-PT,pressure,5230.643314934,1780039919.543781,1.358689231716303,,214.67230792907577,psi,,simulated
FI-PT,pressure,5230.643389285,1780039919.5438557,1.7185594700049722,,304.63986750124303,psi,,simulated
thrust,thrust,5230.643442877,1780039919.543909,2.5009354950112694,2.4990645049887306,187.09900225388765,N,,simulated
CC-PT,pressure,5230.653480757,1780039919.5539477,1.3495947539323274,,212.39868848308186,psi,,simulated
FI-PT,pressure,5230.653578033,1780039919.5540445,1.7219766046972995,,305.4941511743249,psi,,simulated
thrust,thrust,5230.653631736,1780039919.554098,2.5009140373365923,2.4990859626634077,182.80746731846875,N,,simulated
CC-PT,pressure,5230.663640487,1780039919.564107,1.3651366669102512,,216.2841667275628,psi,,simulated
FI-PT,pressure,5230.663727727,1780039919.564194,1.7128970280762945,,303.2242570190736,psi,,simulated
thrust,thrust,5230.663786393,1780039919.5642526,2.500914633383111,2.499085366616889,182.9266766222304,N,,simulated
CC-PT,pressure,5230.673790088,1780039919.5742564,1.356059474475321,,214.01486861883023,psi,,simulated
FI-PT,pressure,5230.673857902,1780039919.5743241,1.7071445831232765,,301.78614578081914,psi,,simulated
thrust,thrust,5230.673907031,1780039919.5743735,2.5009080768714043,2.4990919231285957,181.6153742808524,N,,simulated
FM-FM,flow,5230.675977965,1780039919.5764444,1.722770538660352,,8.650973799940799,gallons_per_minute,,simulated
CC-PT,pressure,5230.683934244,1780039919.584401,1.3530476514157832,,213.2619128539458,psi,,simulated
FI-PT,pressure,5230.684062946,1780039919.5845292,1.7114277734074324,,302.8569433518581,psi,,simulated
thrust,thrust,5230.684125483,1780039919.5845916,2.5008830429176143,2.4991169570823857,176.60858352286368,N,,simulated
CC-PT,pressure,5230.694091401,1780039919.594558,1.3558806605196785,,213.97016512991962,psi,,simulated
FI-PT,pressure,5230.694164233,1780039919.5946305,1.7207833195666455,,305.1958298916614,psi,,simulated
thrust,thrust,5230.69421414,1780039919.5946803,2.5008639694290125,2.4991360305709875,172.79388580249133,N,,simulated
CC-PT,pressure,5230.704231724,1780039919.6046982,1.3551010316730774,,213.77525791826935,psi,,simulated
FI-PT,pressure,5230.70430313,1780039919.6047692,1.7060436852030378,,301.51092130075943,psi,,simulated
thrust,thrust,5230.704357204,1780039919.6048236,2.5008603931498996,2.4991396068501004,172.07862997992152,N,,simulated
CC-PT,pressure,5230.714367195,1780039919.6148334,1.3572718330945768,,214.3179582736442,psi,,simulated
FI-PT,pressure,5230.714432806,1780039919.614899,1.7161264081151972,,304.0316020287993,psi,,simulated
thrust,thrust,5230.714480768,1780039919.614947,2.5008323789635156,2.4991676210364844,166.47579270312463,N,,simulated
FM-FM,flow,5230.716168263,1780039919.6166348,1.6734053699261393,,8.188175343057555,gallons_per_minute,,simulated
CC-PT,pressure,5230.724503889,1780039919.6249702,1.3568772502991258,,214.21931257478144,psi,,simulated
FI-PT,pressure,5230.724581943,1780039919.6250482,1.710962857122762,,302.7407142806905,psi,,simulated
thrust,thrust,5230.724636109,1780039919.6251023,2.5008264184983275,2.4991735815016725,165.28369966550827,N,,simulated
CC-PT,pressure,5230.734595083,1780039919.6350613,1.359668536146705,,214.91713403667623,psi,,simulated
FI-PT,pressure,5230.734660934,1780039919.635127,1.7163517136993067,,304.08792842482666,psi,,simulated
thrust,thrust,5230.734710044,1780039919.6351762,2.5007960201258683,2.4992039798741317,159.20402517366483,N,,simulated
tank_temp,temperature,5230.734768451,1780039919.6352346,,,20.192662701722966,°C,,simulated
CC-PT,pressure,5230.744730295,1780039919.6451964,1.3640160994548918,,216.00402486372295,psi,,simulated
FI-PT,pressure,5230.744804479,1780039919.6452706,1.7159011025310877,,303.9752756327719,psi,,simulated
thrust,thrust,5230.744860256,1780039919.6453264,2.5007960201258683,2.4992039798741317,159.20402517366483,N,,simulated
CC-PT,pressure,5230.754892655,1780039919.6553595,1.3667948683255755,,216.69871708139388,psi,,simulated
FI-PT,pressure,5230.755010876,1780039919.655477,1.7176940104596627,,304.42350261491566,psi,,simulated
thrust,thrust,5230.755065986,1780039919.6555324,2.500756085009108,2.499243914990892,151.21700182163522,N,,simulated
FM-FM,flow,5230.756398264,1780039919.656865,1.714815701820338,,8.576397204565668,gallons_per_minute,,simulated
CC-PT,pressure,5230.765068774,1780039919.665535,1.3571740814654922,,214.29352036637306,psi,,simulated
FI-PT,pressure,5230.76514368,1780039919.66561,1.7268343838255862,,306.70859595639655,psi,,simulated
thrust,thrust,5230.765199735,1780039919.665666,2.5007274747762054,2.4992725252237946,145.4949552410767,N,,simulated
CC-PT,pressure,5230.775211282,1780039919.6756778,1.35873572334477,,214.68393083619253,psi,,simulated
FI-PT,pressure,5230.775278115,1780039919.6757443,1.7205794716572131,,305.1448679143033,psi,,simulated
thrust,thrust,5230.775331151,1780039919.6757972,2.5007173419853856,2.4992826580146144,143.46839707712888,N,,simulated
CC-PT,pressure,5230.785350124,1780039919.6858165,1.3624687626920657,,215.61719067301644,psi,,simulated
FI-PT,pressure,5230.785431549,1780039919.6858978,1.726284828935245,,306.57120723381126,psi,,simulated
thrust,thrust,5230.785488104,1780039919.6859543,2.5006869436129264,2.4993130563870736,137.38872258528545,N,,simulated
CC-PT,pressure,5230.795494244,1780039919.6959605,1.3660146434324556,,216.5036608581139,psi,,simulated
FI-PT,pressure,5230.79556165,1780039919.696028,1.7176600358080907,,304.4150089520227,psi,,simulated
thrust,thrust,5230.795609927,1780039919.6960764,2.500660717566099,2.499339282433901,132.14351321977347,N,,simulated
FM-FM,flow,5230.796571599,1780039919.697038,1.700170242806702,,8.439096026312832,gallons_per_minute,,simulated
CC-PT,pressure,5230.805628067,1780039919.7060943,1.3667954643720943,,216.69886609302358,psi,,simulated
FI-PT,pressure,5230.805699584,1780039919.7061658,1.7158563990421771,,303.9640997605443,psi,,simulated
thrust,thrust,5230.805754306,1780039919.7062206,2.50064522035661,2.49935477964339,129.04407132197093,N,,simulated
CC-PT,pressure,5230.815768927,1780039919.7162352,1.354512137712495,,213.62803442812373,psi,,simulated
FI-PT,pressure,5230.815833889,1780039919.7163,1.7212315465487893,,305.3078866371973,psi,,simulated
thrust,thrust,5230.815882166,1780039919.7163484,2.500629723147121,2.499370276852879,125.9446294241684,N,,simulated
CC-PT,pressure,5230.82590138,1780039919.7263677,1.3775558921761386,,219.38897304403466,psi,,simulated
FI-PT,pressure,5230.825973786,1780039919.72644,1.7021675946912282,,300.54189867280706,psi,,simulated
thrust,thrust,5230.8260306,1780039919.7264967,2.5005748868673905,2.4994251131326095,114.97737347809789,N,,simulated
tank_temp,temperature,5230.834927385,1780039919.7353938,,,20.197691166899798,°C,,simulated
CC-PT,pressure,5230.836047462,1780039919.7365139,1.3625355199021723,,215.63387997554307,psi,,simulated
FI-PT,pressure,5230.836114276,1780039919.7365806,1.719166245361119,,304.7915613402797,psi,,simulated
thrust,thrust,5230.836163535,1780039919.7366297,2.50057011849524,2.49942988150476,114.0236990480048,N,,simulated
FM-FM,flow,5230.837265223,1780039919.7377317,1.7054792291497265,,8.488867773278685,gallons_per_minute,,simulated
CC-PT,pressure,5230.846183526,1780039919.7466497,1.3793124412670663,,219.82811031676658,psi,,simulated
FI-PT,pressure,5230.846257914,1780039919.7467241,1.7205896044480329,,305.1474011120082,psi,,simulated
thrust,thrust,5230.846312487,1780039919.7467787,2.500542700355375,2.499457299644625,108.54007107496955,N,,simulated
CC-PT,pressure,5230.856345793,1780039919.7568128,1.36082129011408,,215.20532252851999,psi,,simulated
FI-PT,pressure,5230.856449237,1780039919.7569156,1.7124398603963686,,303.10996509909216,psi,,simulated
thrust,thrust,5230.856505569,1780039919.7569718,2.5005158782620285,2.4994841217379715,103.17565240569593,N,,simulated
CC-PT,pressure,5230.866510135,1780039919.7669766,1.3636626438692385,,215.91566096730963,psi,,simulated
FI-PT,pressure,5230.866594837,1780039919.767061,1.7228581574986168,,305.7145393746542,psi,,simulated
thrust,thrust,5230.866653522,1780039919.7671196,2.5004979968664642,2.4995020031335358,99.59937329284685,N,,simulated
CC-PT,pressure,5230.876660125,1780039919.7771263,1.368439956717486,,217.10998917937152,psi,,simulated
FI-PT,pressure,5230.876728161,1780039919.7771943,1.7169364353342575,,304.2341088335644,psi,,simulated
thrust,thrust,5230.87677829,1780039919.7772443,2.500448525005403,2.499551474994597,89.70500108063106,N,,simulated
FM-FM,flow,5230.877442762,1780039919.7779093,1.747303813374497,,8.880973250385907,gallons_per_minute,,simulated
CC-PT,pressure,5230.886799892,1780039919.7872663,1.3691015683533632,,217.2753920883408,psi,,simulated
FI-PT,pressure,5230.886880224,1780039919.7873464,1.705756986827491,,301.4392467068728,psi,,simulated
thrust,thrust,5230.886938279,1780039919.7874045,2.50044018035414,2.49955981964586,88.03607082796816,N,,simulated
CC-PT,pressure,5230.896944789,1780039919.797411,1.3662858445985133,,216.57146114962833,psi,,simulated
FI-PT,pressure,5230.897012844,1780039919.7974792,1.7194499635040716,,304.8624908760179,psi,,simulated
thrust,thrust,5230.89706251,1780039919.7975285,2.500402033376936,2.499597966623064,80.40667538722346,N,,simulated
CC-PT,pressure,5230.907080946,1780039919.807547,1.3757904023874286,,218.94760059685714,psi,,simulated
FI-PT,pressure,5230.907152704,1780039919.8076189,1.7150743860095008,,303.7685965023752,psi,,simulated
thrust,thrust,5230.907209185,1780039919.8076754,2.5003764033766274,2.4996235966233726,75.28067532547311,N,,simulated
CC-PT,pressure,5230.917221788,1780039919.817688,1.361023349883956,,215.25583747098898,psi,,simulated
FI-PT,pressure,5230.917287842,1780039919.817754,1.7180403134870903,,304.5100783717726,psi,,simulated
thrust,thrust,5230.917336619,1780039919.8178027,2.500343024771574,2.499656975228426,68.6049543148215,N,,simulated
FM-FM,flow,5230.918414327,1780039919.8188806,1.717668380459354,,8.603141066806442,gallons_per_minute,,simulated
CC-PT,pressure,5230.927359852,1780039919.8278265,1.3786085103283539,,219.65212758208847,psi,,simulated
FI-PT,pressure,5230.927441313,1780039919.8279076,1.7204662228186396,,305.1165557046599,psi,,simulated
thrust,thrust,5230.927497942,1780039919.827964,2.500312030352596,2.499687969647404,62.40607051921643,N,,simulated
tank_temp,temperature,5230.935099282,1780039919.8355656,,,20.299821028595197,°C,,simulated
CC-PT,pressure,5230.937503249,1780039919.8379698,1.3678015908958425,,216.95039772396063,psi,,simulated
FI-PT,pressure,5230.937569044,1780039919.838035,1.729100552690095,,307.2751381725238,psi,,simulated
thrust,thrust,5230.937619284,1780039919.8380854,2.5002798438405804,2.4997201561594196,55.968768116088086,N,,simulated
CC-PT,pressure,5230.947681997,1780039919.8481493,1.3806398368644521,,220.15995921611304,psi,,simulated
FI-PT,pressure,5230.947812977,1780039919.8482792,1.7224296000515937,,305.60740001289844,psi,,simulated
thrust,thrust,5230.947871198,1780039919.8483374,2.5002583861659033,2.4997416138340967,51.67723318066919,N,,simulated
CC-PT,pressure,5230.957884431,1780039919.8583517,1.3710881914005508,,217.7720478501377,psi,,simulated
FI-PT,pressure,5230.957985355,1780039919.8584516,1.721853819114425,,305.46345477860626,psi,,simulated
thrust,thrust,5230.95806165,1780039919.8585277,2.500244081049452,2.499755918950548,48.81620989038993,N,,simulated
FM-FM,flow,5230.958583921,1780039919.8590503,1.6836967091198813,,8.284656647998887,gallons_per_minute,,simulated
CC-PT,pressure,5230.968046587,1780039919.868513,1.3655419785430407,,216.38549463576018,psi,,simulated
FI-PT,pressure,5230.968125641,1780039919.8685918,1.7245711951936715,,306.14279879841786,psi,,simulated
thrust,thrust,5230.968181233,1780039919.8686473,2.5002023577931354,2.4997976422068646,40.47155862707541,N,,simulated
CC-PT,pressure,5230.978192577,1780039919.8786588,1.3770146819370608,,219.2536704842652,psi,,simulated
FI-PT,pressure,5230.978259557,1780039919.878726,1.7115755929440968,,302.8938982360242,psi,,simulated
thrust,thrust,5230.978308038,1780039919.8787742,2.500169575234601,2.499830424765399,33.91504692018543,N,,simulated
CC-PT,pressure,5230.988331307,1780039919.8887978,1.3880719409074713,,222.01798522686784,psi,,simulated
FI-PT,pressure,5230.988405917,1780039919.8888721,1.7300995266556176,,307.5248816639044,psi,,simulated
thrust,thrust,5230.988460509,1780039919.8889267,2.50013500453651,2.49986499546349,27.000907302010546,N,,simulated
CC-PT,pressure,5230.99847389,1780039919.89894,1.374735400049138,,218.68385001228452,psi,,simulated
FI-PT,pressure,5230.998541204,1780039919.8990076,1.7164059539325183,,304.1014884831296,psi,,simulated
thrust,thrust,5230.998589832,1780039919.899056,2.5000926852336747,2.4999073147663253,18.537046734934393,N,,simulated
FM-FM,flow,5230.998640702,1780039919.8991067,1.734811870433315,,8.763861285312327,gallons_per_minute,,simulated
CC-PT,pressure,5231.008622324,1780039919.909089,1.3760663719256367,,219.0165929814092,psi,,simulated
FI-PT,pressure,5231.008717878,1780039919.909184,1.7257120282306704,,306.42800705766757,psi,,simulated
thrust,thrust,5231.008775377,1780039919.9092417,2.5000718236055164,2.4999281763944836,14.364721103277134,N,,simulated
CC-PT,pressure,5231.018779554,1780039919.9192457,1.3733364788694953,,218.33411971737382,psi,,simulated
FI-PT,pressure,5231.018848627,1780039919.9193146,1.716524567189761,,304.13114179744025,psi,,simulated
thrust,thrust,5231.018897608,1780039919.9193637,2.5000551343029898,2.4999448656970102,11.026860597951327,N,,simulated
CC-PT,pressure,5231.02891397,1780039919.9293804,1.370795532559816,,217.698883139954,psi,,simulated
FI-PT,pressure,5231.028988413,1780039919.9294546,1.7176332137147443,,304.40830342868605,psi,,simulated
thrust,thrust,5231.029042542,1780039919.929509,2.499988973139402,2.500011026860598,2.2053721195902654,N,,simulated
tank_temp,temperature,5231.035266512,1780039919.9357328,,,20.364670889841562,°C,,simulated
FM-FM,flow,5231.038791963,1780039919.939258,1.7248066335686008,,8.67006218970563,gallons_per_minute,,simulated
CC-PT,pressure,5231.039054775,1780039919.939521,1.3718570914098134,,217.96427285245335,psi,,simulated
FI-PT,pressure,5231.039117774,1780039919.939584,1.721319761433573,,305.32994035839323,psi,,simulated
thrust,thrust,5231.039164569,1780039919.9396305,2.4999788403485823,2.5000211596514177,4.231930283538077,N,,simulated
CC-PT,pressure,5231.04918782,1780039919.949654,1.3687379799768902,,217.18449499422255,psi,,simulated
FI-PT,pressure,5231.049259227,1780039919.9497254,1.7352767867179855,,308.8191966794964,psi,,simulated
thrust,thrust,5231.04931167,1780039919.9497778,2.499949038022642,2.500050961977358,10.192395471619875,N,,simulated
CC-PT,pressure,5231.059349976,1780039919.959817,1.3684936009041788,,217.1234002260447,psi,,simulated
FI-PT,pressure,5231.059451993,1780039919.9599183,1.7282935057036286,,307.07337642590716,psi,,simulated
thrust,thrust,5231.059507882,1780039919.959974,2.4999091029058818,2.5000908970941182,18.179418823649485,N,,simulated
CC-PT,pressure,5231.069515003,1780039919.9699814,1.3776470872935163,,219.41177182337907,psi,,simulated
FI-PT,pressure,5231.069600872,1780039919.970067,1.7206849718910422,,305.1712429727605,psi,,simulated
thrust,thrust,5231.069658853,1780039919.970125,2.499882876859054,2.500117123140946,23.424628189161467,N,,simulated
FM-FM,flow,5231.078945058,1780039919.9794114,1.708777750584811,,8.519791411732601,gallons_per_minute,,simulated
CC-PT,pressure,5231.079668344,1780039919.9801347,1.3872023090365302,,221.80057725913255,psi,,simulated
FI-PT,pressure,5231.079735214,1780039919.9802015,1.7228063014514805,,305.70157536287013,psi,,simulated
thrust,thrust,5231.079784028,1780039919.9802504,2.4998572468587454,2.5001427531412546,28.550628250911814,N,,simulated
CC-PT,pressure,5231.089805001,1780039919.9902716,1.3808675266346369,,220.21688165865922,psi,,simulated
FI-PT,pressure,5231.089881444,1780039919.9903479,1.717804875112161,,304.45121877804024,psi,,simulated
thrust,thrust,5231.089935314,1780039919.9904015,2.4998345970910307,2.5001654029089693,33.08058179385398,N,,simulated
CC-PT,pressure,5231.099950509,1780039920.0004168,1.3808067298897184,,220.2016824724296,psi,,simulated
FI-PT,pressure,5231.100055804,1780039920.000522,1.7247088819395162,,306.17722048487906,psi,,simulated
thrust,thrust,5231.100106785,1780039920.000573,2.4997940659277518,2.5002059340722482,41.186814449645226,N,,simulated
CC-PT,pressure,5231.110083888,1780039920.0105503,1.3796778177830957,,219.91945444577394,psi,,simulated
FI-PT,pressure,5231.11015485,1780039920.010621,1.7216732170192262,,305.4183042548065,psi,,simulated
thrust,thrust,5231.110207738,1780039920.010674,2.4997666477878866,2.5002333522121134,46.67044242268048,N,,simulated
FM-FM,flow,5231.119104616,1780039920.0195708,1.716956700915897,,8.596469071086533,gallons_per_minute,,simulated
CC-PT,pressure,5231.120226804,1780039920.020693,1.3732107130540268,,218.3026782635067,psi,,simulated
FI-PT,pressure,5231.120291284,1780039920.0207574,1.7296405708361353,,307.41014270903383,psi,,simulated
thrust,thrust,5231.120338506,1780039920.0208046,2.499722540345495,2.500277459654505,55.49193090104154,N,,simulated
CC-PT,pressure,5231.130360405,1780039920.0308268,1.3797040438299233,,219.92601095748083,psi,,simulated
FI-PT,pressure,5231.130433941,1780039920.0309002,1.717363800688243,,304.34095017206073,psi,,simulated
thrust,thrust,5231.130488125,1780039920.0309541,2.499697506391705,2.500302493608295,60.49872165903025,N,,simulated
tank_temp,temperature,5231.135444483,1780039920.0359106,,,20.273811725956296,°C,,simulated
CC-PT,pressure,5231.140500858,1780039920.0409672,1.3762469740208356,,219.0617435052089,psi,,simulated
FI-PT,pressure,5231.140566486,1780039920.0410328,1.7236944107645047,,305.9236026911262,psi,,simulated
thrust,thrust,5231.140614282,1780039920.0410805,2.4996605515075387,2.5003394484924613,67.88969849225168,N,,simulated
CC-PT,pressure,5231.152068383,1780039920.0525353,1.384595797609782,,221.1489494024455,psi,,simulated
FI-PT,pressure,5231.152171641,1780039920.052638,1.7208727265444668,,305.2181816361167,psi,,simulated
thrust,thrust,5231.152234066,1780039920.0527,2.4996277689490043,2.5003722310509957,74.44621019914166,N,,simulated
FM-FM,flow,5231.159268969,1780039920.0597355,1.726008263350518,,8.681327468911105,gallons_per_minute,,simulated
CC-PT,pressure,5231.162235428,1780039920.062702,1.3865091069351563,,221.62727673378907,psi,,simulated
FI-PT,pressure,5231.162310927,1780039920.062777,1.7218061353929204,,305.4515338482301,psi,,simulated
thrust,thrust,5231.162362871,1780039920.062829,2.499590814064838,2.500409185935162,81.83718703236309,N,,simulated
CC-PT,pressure,5231.172377918,1780039920.0728443,1.3867934211246278,,221.69835528115695,psi,,simulated
FI-PT,pressure,5231.172455343,1780039920.0729215,1.7305781520102206,,307.6445380025551,psi,,simulated
thrust,thrust,5231.172509324,1780039920.0729754,2.4995735287157927,2.5004264712842073,85.29425684145053,N,,simulated
CC-PT,pressure,5231.182569185,1780039920.0830357,1.381600067806252,,220.40001695156303,psi,,simulated
FI-PT,pressure,5231.182651517,1780039920.0831177,1.7272611531330528,,306.8152882832632,psi,,simulated
thrust,thrust,5231.18270248,1780039920.0831687,2.4995526670876345,2.5004473329123655,89.46658247310779,N,,simulated
CC-PT,pressure,5231.192718027,1780039920.0931842,1.385783122275248,,221.44578056881198,psi,,simulated
FI-PT,pressure,5231.192801248,1780039920.0932674,1.7302050268894467,,307.55125672236164,psi,,simulated
thrust,thrust,5231.192856191,1780039920.0933225,2.499507963598724,2.500492036401276,98.40728025523049,N,,simulated
FM-FM,flow,5231.199440138,1780039920.0999062,1.741554944700592,,8.827077606568048,gallons_per_minute,,simulated
CC-PT,pressure,5231.202864461,1780039920.1033309,1.375652119595065,,218.91302989876627,psi,,simulated
FI-PT,pressure,5231.202930738,1780039920.103397,1.7340173404237438,,308.5043351059359,psi,,simulated
thrust,thrust,5231.202979589,1780039920.1034458,2.4994847177844903,2.5005152822155097,103.05644310193429,N,,simulated
CC-PT,pressure,5231.213000692,1780039920.113467,1.3791282628927546,,219.78206572318865,psi,,simulated
FI-PT,pressure,5231.213071154,1780039920.1135375,1.7339684646092015,,308.49211615230035,psi,,simulated
thrust,thrust,5231.213126079,1780039920.1135924,2.499461471970257,2.500538528029743,107.7056059486381,N,,simulated
CC-PT,pressure,5231.223144274,1780039920.1236107,1.3785316203274276,,219.6329050818569,psi,,simulated
FI-PT,pressure,5231.223218032,1780039920.1236844,1.7190273665222366,,304.75684163055917,psi,,simulated
thrust,thrust,5231.223269087,1780039920.1237352,2.499429285458241,2.500570714541759,114.14290835176644,N,,simulated
CC-PT,pressure,5231.233286245,1780039920.1337526,1.3744451253944785,,218.61128134861963,psi,,simulated
FI-PT,pressure,5231.233365948,1780039920.1338322,1.7306663668950042,,307.666591723751,psi,,simulated
thrust,thrust,5231.233421577,1780039920.1338878,2.4994125961557145,2.5005874038442855,117.48076885709224,N,,simulated
tank_temp,temperature,5231.23561588,1780039920.1360822,,,20.360682796770252,°C,,simulated
FM-FM,flow,5231.239591658,1780039920.1400578,1.735620109512819,,8.771438526682676,gallons_per_minute,,simulated
CC-PT,pressure,5231.243431013,1780039920.1438973,1.3737704007351876,,218.4426001837969,psi,,simulated
FI-PT,pressure,5231.24349679,1780039920.1439629,1.7170616051032073,,304.2654012758018,psi,,simulated
thrust,thrust,5231.243544863,1780039920.144011,2.499380409643699,2.500619590356301,123.91807126022059,N,,simulated
CC-PT,pressure,5231.253593391,1780039920.1540601,1.3746465891178357,,218.66164727945892,psi,,simulated
FI-PT,pressure,5231.253741278,1780039920.1542077,1.727431622437432,,306.857905609358,psi,,simulated
thrust,thrust,5231.25380937,1780039920.1542757,2.4993410705734576,2.5006589294265424,131.78588530848856,N,,simulated
CC-PT,pressure,5231.263768621,1780039920.164235,1.3772381993816138,,219.30954984540347,psi,,simulated
FI-PT,pressure,5231.263844361,1780039920.1643105,1.7395111011875988,,309.8777752968997,psi,,simulated
thrust,thrust,5231.263896231,1780039920.1643624,2.499318420805743,2.500681579194257,136.31583885143073,N,,simulated
CC-PT,pressure,5231.273909352,1780039920.1743758,1.3684596262526068,,217.1149065631517,psi,,simulated
FI-PT,pressure,5231.273983629,1780039920.17445,1.7270161780138227,,306.75404450345565,psi,,simulated
thrust,thrust,5231.274039739,1780039920.174506,2.4993130563870736,2.5006869436129264,137.38872258528545,N,,simulated
FM-FM,flow,5231.279749716,1780039920.180216,1.748879760370226,,8.895747753470866,gallons_per_minute,,simulated
CC-PT,pressure,5231.284054101,1780039920.1845205,1.3922639360742493,,223.06598401856232,psi,,simulated
FI-PT,pressure,5231.284120693,1780039920.1845868,1.7261429698637687,,306.5357424659422,psi,,simulated
thrust,thrust,5231.28417084,1780039920.184637,2.49928981057284,2.50071018942716,142.03788543198925,N,,simulated
CC-PT,pressure,5231.294188313,1780039920.1946547,1.381209061289914,,220.3022653224785,psi,,simulated
FI-PT,pressure,5231.294260108,1780039920.1947265,1.7295595085095774,,307.38987712739436,psi,,simulated
thrust,thrust,5231.294314774,1780039920.1947808,2.4992725252237946,2.5007274747762054,145.4949552410767,N,,simulated
CC-PT,pressure,5231.304331655,1780039920.204798,1.3802464461620387,,220.0616115405097,psi,,simulated
FI-PT,pressure,5231.304399765,1780039920.204866,1.7288227950123305,,307.20569875308263,psi,,simulated
thrust,thrust,5231.304449116,1780039920.2049153,2.499242722897854,2.500757277102146,151.4554204291585,N,,simulated
CC-PT,pressure,5231.314465626,1780039920.214932,1.3836474875983582,,220.91187189958956,psi,,simulated
FI-PT,pressure,5231.31453731,1780039920.2150035,1.7290516768755528,,307.2629192188882,psi,,simulated
thrust,thrust,5231.314591439,1780039920.2150576,2.499221861269696,2.500778138730304,155.62774606081575,N,,simulated
FM-FM,flow,5231.319903996,1780039920.2203863,1.789121841087561,,9.273017260195882,gallons_per_minute,,simulated
CC-PT,pressure,5231.324636171,1780039920.2251024,1.378943488471924,,219.73587211798102,psi,,simulated
FI-PT,pressure,5231.324701911,1780039920.2251682,1.7245247035652045,,306.1311758913011,psi,,simulated
thrust,thrust,5231.324751429,1780039920.2252176,2.499184310339011,2.500815689660989,163.13793219779882,N,,simulated
CC-PT,pressure,5231.334771235,1780039920.2352376,1.3827474573549579,,220.68686433873947,psi,,simulated
FI-PT,pressure,5231.334841938,1780039920.2353082,1.7357333583513925,,308.93333958784814,psi,,simulated
thrust,thrust,5231.334894067,1780039920.2353606,2.4991956352228684,2.5008043647771316,160.87295542632774,N,,simulated
tank_temp,temperature,5231.335785073,1780039920.236251,,,20.22924912076832,°C,,simulated
CC-PT,pressure,5231.344911262,1780039920.2453775,1.3826300361907526,,220.65750904768817,psi,,simulated
FI-PT,pressure,5231.344975039,1780039920.2454412,1.7347504776418778,,308.68761941046944,psi,,simulated
thrust,thrust,5231.34502189,1780039920.2454882,2.4991545080130706,2.5008454919869294,169.09839738588062,N,,simulated
CC-PT,pressure,5231.355073789,1780039920.2555404,1.3840653162080427,,221.0163290520107,psi,,simulated
FI-PT,pressure,5231.355181121,1780039920.2556472,1.7283155594248245,,307.0788898562061,psi,,simulated
thrust,thrust,5231.355244509,1780039920.2557106,2.499156892199146,2.500843107800854,168.62156017083407,N,,simulated
FM-FM,flow,5231.360084368,1780039920.2605507,1.7354329509059132,,8.769683914742934,gallons_per_minute,,simulated
CC-PT,pressure,5231.365235945,1780039920.2657022,1.366143985527037,,216.53599638175925,psi,,simulated
FI-PT,pressure,5231.365300814,1780039920.2657669,1.7316480555114813,,307.9120138778703,psi,,simulated
thrust,thrust,5231.365350036,1780039920.2658162,2.499118745221942,2.500881254778058,176.25095561157877,N,,simulated
CC-PT,pressure,5231.375368453,1780039920.2758346,1.3856782180879377,,221.41955452198442,psi,,simulated
FI-PT,pressure,5231.375436378,1780039920.2759025,1.733880249724418,,308.47006243110445,psi,,simulated
thrust,thrust,5231.375489655,1780039920.2759557,2.4991086124311224,2.5008913875688776,178.2775137755266,N,,simulated
CC-PT,pressure,5231.385505221,1780039920.2859714,1.3801975703474965,,220.04939258687412,psi,,simulated
FI-PT,pressure,5231.385568091,1780039920.286034,1.7362906618464782,,309.0726654616195,psi,,simulated
thrust,thrust,5231.385615386,1780039920.2860816,2.4991026519659343,2.5008973480340657,179.46960681314295,N,,simulated
CC-PT,pressure,5231.395634822,1780039920.296101,1.3828952768916223,,220.72381922290558,psi,,simulated
FI-PT,pressure,5231.395702247,1780039920.2961686,1.732621399476695,,308.15534986917373,psi,,simulated
thrust,thrust,5231.395754228,1780039920.2962203,2.4990829824308136,2.5009170175691864,183.40351383727693,N,,simulated
FM-FM,flow,5231.400235833,1780039920.300702,1.7377932951203936,,8.791812141753688,gallons_per_minute,,simulated
CC-PT,pressure,5231.405770442,1780039920.3062367,1.3817723252501877,,220.44308131254692,psi,,simulated
FI-PT,pressure,5231.405831404,1780039920.3062975,1.7346014660121758,,308.6503665030439,psi,,simulated
thrust,thrust,5231.405879311,1780039920.3063455,2.4990674852213246,2.5009325147786754,186.50295573507947,N,,simulated
CC-PT,pressure,5231.415899321,1780039920.3163655,1.3804121470942674,,220.10303677356686,psi,,simulated
FI-PT,pressure,5231.415966764,1780039920.316433,1.7290159140844243,,307.2539785211061,psi,,simulated
thrust,thrust,5231.416058207,1780039920.3165243,2.499072253593475,2.500927746406525,185.54928130498638,N,,simulated
CC-PT,pressure,5231.426035922,1780039920.326502,1.3871671422919205,,221.79178557298013,psi,,simulated
FI-PT,pressure,5231.426101291,1780039920.3265674,1.7243423133304492,,306.0855783326123,psi,,simulated
thrust,thrust,5231.426148827,1780039920.326615,2.4990591405700613,2.5009408594299387,188.17188598774237,N,,simulated
tank_temp,temperature,5231.435946081,1780039920.3364124,,,20.314733028774857,°C,,simulated
CC-PT,pressure,5231.436235114,1780039920.3367014,1.3762308807648278,,219.05772019120695,psi,,simulated
FI-PT,pressure,5231.436304891,1780039920.336771,1.727950182908795,,306.9875457271988,psi,,simulated
thrust,thrust,5231.436360742,1780039920.336827,2.4990466235931663,2.5009533764068337,190.67528136673673,N,,simulated
FM-FM,flow,5231.440387835,1780039920.340854,1.7521753015727164,,8.926643452244214,gallons_per_minute,,simulated
CC-PT,pressure,5231.446370678,1780039920.346837,1.3813121773376678,,220.32804433441694,psi,,simulated
FI-PT,pressure,5231.446433048,1780039920.3468993,1.7371978446481042,,309.29946116202603,psi,,simulated
thrust,thrust,5231.446480529,1780039920.3469465,2.4990305303371585,2.5009694696628415,193.8939325683009,N,,simulated
CC-PT,pressure,5231.456530168,1780039920.3569968,1.3763363809986568,,219.08409524966422,psi,,simulated
FI-PT,pressure,5231.456633444,1780039920.3570998,1.7371102258098394,,309.27755645245986,psi,,simulated
thrust,thrust,5231.456694666,1780039920.357161,2.4990180133602635,2.5009819866397365,196.39732794729525,N,,simulated
CC-PT,pressure,5231.466693287,1780039920.3671596,1.377766296597278,,219.44157414931948,psi,,simulated
FI-PT,pressure,5231.466760027,1780039920.3672264,1.732279864821418,,308.0699662053545,psi,,simulated
thrust,thrust,5231.466808804,1780039920.367275,2.4990144370811507,2.5009855629188493,197.11258376986507,N,,simulated
CC-PT,pressure,5231.476828518,1780039920.3772948,1.3919700851404768,,222.9925212851192,psi,,simulated
FI-PT,pressure,5231.476897165,1780039920.3773634,1.7281546268647463,,307.03865671618655,psi,,simulated
thrust,thrust,5231.476950942,1780039920.3774173,2.4990084766159626,2.5009915233840374,198.30467680748143,N,,simulated
FM-FM,flow,5231.480534374,1780039920.3810008,1.7832925061336167,,9.218367245002655,gallons_per_minute,,simulated
CC-PT,pressure,5231.486964934,1780039920.3874311,1.387902067649611,,221.97551691240275,psi,,simulated
FI-PT,pressure,5231.487026155,1780039920.3874924,1.7335607687903367,,308.39019219758416,psi,,simulated
thrust,thrust,5231.487072395,1780039920.3875387,2.4990084766159626,2.5009915233840374,198.30467680748143,N,,simulated
CC-PT,pressure,5231.497094072,1780039920.3975606,1.378806993819117,,219.70174845477925,psi,,simulated
FI-PT,pressure,5231.497164682,1780039920.397631,1.741849987727402,,310.4624969318505,psi,,simulated
thrust,thrust,5231.497216514,1780039920.3976827,2.4990126489415943,2.5009873510584057,197.47021168114998,N,,simulated
CC-PT,pressure,5231.507232339,1780039920.4076986,1.3821275689753973,,220.53189224384934,psi,,simulated
FI-PT,pressure,5231.507295116,1780039920.407761,1.7401494670092423,,310.03736675231056,psi,,simulated
thrust,thrust,5231.507341634,1780039920.4078078,2.499000728011218,2.500999271988782,199.8543977563827,N,,simulated
CC-PT,pressure,5231.517363274,1780039920.4178295,1.375142499821484,,218.78562495537102,psi,,simulated
FI-PT,pressure,5231.517430051,1780039920.4178963,1.7280735645381884,,307.0183911345471,psi,,simulated
thrust,thrust,5231.517483642,1780039920.4179497,2.4989923833599548,2.5010076166400452,201.5233280090456,N,,simulated
FM-FM,flow,5231.520688987,1780039920.4211552,1.747241228490022,,8.880386517093955,gallons_per_minute,,simulated
CC-PT,pressure,5231.527497227,1780039920.4279637,1.3647802310920039,,216.19505777300097,psi,,simulated
FI-PT,pressure,5231.527559189,1780039920.4280252,1.7320640959816094,,308.01602399540235,psi,,simulated
thrust,thrust,5231.527605503,1780039920.4280717,2.4989935754529924,2.5010064245470076,201.28490940152233,N,,simulated
tank_temp,temperature,5231.536114108,1780039920.4365804,,,20.3324193545693,°C,,simulated
CC-PT,pressure,5231.537627328,1780039920.4380937,1.3790269349845572,,219.7567337461393,psi,,simulated
FI-PT,pressure,5231.537694271,1780039920.4381604,1.723764744253724,,305.941186063431,psi,,simulated
thrust,thrust,5231.537745993,1780039920.4382122,2.499013244988113,2.500986755011887,197.35100237738834,N,,simulated
CC-PT,pressure,5231.547762151,1780039920.4482284,1.3737179486415325,,218.42948716038313,psi,,simulated
FI-PT,pressure,5231.547825983,1780039920.448292,1.7258091838132361,,306.45229595330903,psi,,simulated
thrust,thrust,5231.547876816,1780039920.448343,2.4990031121972933,2.5009968878027067,199.37756054133615,N,,simulated
CC-PT,pressure,5231.557921011,1780039920.4583883,1.367859407408167,,216.96485185204173,psi,,simulated
FI-PT,pressure,5231.558025843,1780039920.4584923,1.7338999192595386,,308.47497981488465,psi,,simulated
thrust,thrust,5231.558086194,1780039920.4585524,2.4990060924298874,2.5009939075701126,198.78151402252797,N,,simulated
FM-FM,flow,5231.560837415,1780039920.4613037,1.7952468151148337,,9.330438891701565,gallons_per_minute,,simulated
CC-PT,pressure,5231.568085556,1780039920.4685519,1.3609810305811205,,215.24525764528013,psi,,simulated
FI-PT,pressure,5231.568148574,1780039920.4686146,1.7330642620401695,,308.2660655100424,psi,,simulated
thrust,thrust,5231.568196406,1780039920.4686627,2.499009668709,2.500990331291,198.06625819995816,N,,simulated
CC-PT,pressure,5231.578217472,1780039920.4786837,1.3828607061935314,,220.71517654838286,psi,,simulated
FI-PT,pressure,5231.578286452,1780039920.4787529,1.738848297458684,,309.712074364671,psi,,simulated
thrust,thrust,5231.578338915,1780039920.4788053,2.4990174173137447,2.5009825826862553,196.5165372510569,N,,simulated
CC-PT,pressure,5231.588356554,1780039920.4888227,1.377278134498374,,219.3195336245935,psi,,simulated
FI-PT,pressure,5231.588419294,1780039920.4888854,1.7408080984125254,,310.20202460313135,psi,,simulated
thrust,thrust,5231.588467071,1780039920.488933,2.4990180133602635,2.5009819866397365,196.39732794729525,N,,simulated
CC-PT,pressure,5231.598484896,1780039920.4989512,1.3767726870504244,,219.1931717626061,psi,,simulated
FI-PT,pressure,5231.598553618,1780039920.4990199,1.7383535788480733,,309.5883947120183,psi,,simulated
thrust,thrust,5231.598605395,1780039920.4990716,2.49903470266279,2.50096529733721,193.05946744196945,N,,simulated
FM-FM,flow,5231.600995788,1780039920.501462,1.7390396283912215,,8.8034965161677,gallons_per_minute,,simulated
CC-PT,pressure,5231.60862359,1780039920.5090897,1.3687349997442961,,217.18374993607404,psi,,simulated
FI-PT,pressure,5231.608685848,1780039920.509152,1.7414023567917771,,310.35058919794426,psi,,simulated
thrust,thrust,5231.608734107,1780039920.5092003,2.499038278941903,2.500961721058097,192.34421161939963,N,,simulated
CC-PT,pressure,5231.618753172,1780039920.5192194,1.3728203025842074,,218.20507564605185,psi,,simulated
FI-PT,pressure,5231.618818727,1780039920.519285,1.7303397334026973,,307.5849333506743,psi,,simulated
thrust,thrust,5231.618871375,1780039920.5193374,2.499010264755519,2.500989735244481,197.94704889619652,N,,simulated
CC-PT,pressure,5231.628887107,1780039920.5293531,1.3805152631420212,,220.1288157855053,psi,,simulated
FI-PT,pressure,5231.628948569,1780039920.5294147,1.7269863756878823,,306.74659392197054,psi,,simulated
thrust,thrust,5231.628994809,1780039920.529461,2.4990466235931663,2.5009533764068337,190.67528136673673,N,,simulated
tank_temp,temperature,5231.636274357,1780039920.5367405,,,20.267742888673883,°C,,simulated
CC-PT,pressure,5231.639017208,1780039920.5394833,1.3685120783462619,,217.12801958656547,psi,,simulated
FI-PT,pressure,5231.639084226,1780039920.5395505,1.7368986292956625,,309.2246573239156,psi,,simulated
thrust,thrust,5231.639135632,1780039920.5396018,2.499087750802964,2.500912249197036,182.44983940718384,N,,simulated
FM-FM,flow,5231.641138568,1780039920.5416048,1.7471726831403591,,8.879743904440865,gallons_per_minute,,simulated
CC-PT,pressure,5231.64915179,1780039920.5496182,1.3728584495614111,,218.21461239035278,psi,,simulated
FI-PT,pressure,5231.649212345,1780039920.5496786,1.7501022517803015,,312.52556294507536,psi,,simulated
thrust,thrust,5231.649258456,1780039920.5497246,2.4990561603374672,2.5009438396625328,188.76793250655055,N,,simulated
CC-PT,pressure,5231.659310724,1780039920.5597775,1.3650114971413014,,216.25287428532536,psi,,simulated
FI-PT,pressure,5231.659418204,1780039920.5598843,1.7363049669629296,,309.07624174073237,psi,,simulated
thrust,thrust,5231.659480944,1780039920.5599473,2.4990829824308136,2.5009170175691864,183.40351383727693,N,,simulated
CC-PT,pressure,5231.66948114,1780039920.5699475,1.3716943707101787,,217.9235926775447,psi,,simulated
FI-PT,pressure,5231.669547065,1780039920.5700133,1.7273857268554837,,306.8464317138709,psi,,simulated
thrust,thrust,5231.669595342,1780039920.5700617,2.4991056321985283,2.5008943678014717,178.87356029433477,N,,simulated
CC-PT,pressure,5231.679616204,1780039920.5800824,1.3636280731711476,,215.90701829278692,psi,,simulated
FI-PT,pressure,5231.679683296,1780039920.5801494,1.7358805818415382,,308.9701454603845,psi,,simulated
thrust,thrust,5231.679736091,1780039920.5802023,2.4991086124311224,2.5008913875688776,178.2775137755266,N,,simulated
FM-FM,flow,5231.681290236,1780039920.5817566,1.7702396834182363,,9.095997032045965,gallons_per_minute,,simulated
CC-PT,pressure,5231.689772101,1780039920.5902386,1.366610093904745,,216.65252347618625,psi,,simulated
FI-PT,pressure,5231.689857322,1780039920.5903234,1.7431094340216438,,310.7773585054109,psi,,simulated
thrust,thrust,5231.689910118,1780039920.5903764,2.4991366266175064,2.5008633733824936,172.6746764987297,N,,simulated
CC-PT,pressure,5231.699921794,1780039920.600388,1.3669873913511505,,216.74684783778764,psi,,simulated
FI-PT,pressure,5231.69999509,1780039920.6004612,1.7284770880314215,,307.1192720078554,psi,,simulated
thrust,thrust,5231.700082755,1780039920.600549,2.4991264938266866,2.5008735061733134,174.7012346626775,N,,simulated
CC-PT,pressure,5231.710063951,1780039920.6105304,1.3738174884101735,,218.45437210254337,psi,,simulated
FI-PT,pressure,5231.710127839,1780039920.610594,1.7396297144448416,,309.9074286112104,psi,,simulated
thrust,thrust,5231.710175431,1780039920.6106417,2.4991431831292132,2.5008568168707868,171.3633741573517,N,,simulated
CC-PT,pressure,5231.720199811,1780039920.620666,1.3704492295323885,,217.61230738309712,psi,,simulated
FI-PT,pressure,5231.720270273,1780039920.6207366,1.7312677778324816,,307.8169444581204,psi,,simulated
thrust,thrust,5231.72032392,1780039920.62079,2.499171793362116,2.500828206637884,165.64132757679317,N,,simulated
FM-FM,flow,5231.721440183,1780039920.6219065,1.7551340764920802,,8.95438196711325,gallons_per_minute,,simulated
CC-PT,pressure,5231.730336597,1780039920.6308029,1.3636346296828545,,215.90865742071364,psi,,simulated
FI-PT,pressure,5231.730399411,1780039920.6308656,1.7426945856445533,,310.6736464111383,psi,,simulated
thrust,thrust,5231.730447614,1780039920.6309137,2.499184310339011,2.500815689660989,163.13793219779882,N,,simulated
tank_temp,temperature,5231.736443643,1780039920.63691,,,20.274678702710926,°C,,simulated
CC-PT,pressure,5231.740469661,1780039920.640936,1.366087957154269,,216.52198928856726,psi,,simulated
FI-PT,pressure,5231.74054129,1780039920.6410074,1.739892570959636,,309.973142739909,psi,,simulated
thrust,thrust,5231.740596641,1780039920.6410627,2.499200403595019,2.500799596404981,159.91928099623465,N,,simulated
CC-PT,pressure,5231.752035391,1780039920.6525023,1.3659735162226578,,216.49337905566446,psi,,simulated
FI-PT,pressure,5231.752130334,1780039920.6525965,1.7371418162753363,,309.28545406883404,psi,,simulated
thrust,thrust,5231.752186592,1780039920.6526527,2.49923974266526,2.50076025733474,152.05146694796667,N,,simulated
FM-FM,flow,5231.761609185,1780039920.6620758,1.7624696209990525,,9.023152696866115,gallons_per_minute,,simulated
CC-PT,pressure,5231.762191473,1780039920.6626577,1.3654627043560392,,216.3656760890098,psi,,simulated
FI-PT,pressure,5231.762269916,1780039920.6627362,1.7474367317481911,,311.85918293704776,psi,,simulated
thrust,thrust,5231.762326082,1780039920.6627922,2.4992576240608244,2.5007423759391756,148.4751878351176,N,,simulated
CC-PT,pressure,5231.772341481,1780039920.6728077,1.3597418498685183,,214.93546246712958,psi,,simulated
FI-PT,pressure,5231.772405554,1780039920.6728718,1.7331006208778168,,308.2751552194542,psi,,simulated
thrust,thrust,5231.772456054,1780039920.6729221,2.4992761015029075,2.5007238984970925,144.77969941850688,N,,simulated
CC-PT,pressure,5231.78247399,1780039920.6829402,1.3692398511457267,,217.30996278643167,psi,,simulated
FI-PT,pressure,5231.782542415,1780039920.6830087,1.7315532841149908,,307.88832102874767,psi,,simulated
thrust,thrust,5231.782593766,1780039920.68306,2.4992945789449905,2.5007054210550095,141.08421100189616,N,,simulated
CC-PT,pressure,5231.792611887,1780039920.6930783,1.3653399187731647,,216.3349796932912,psi,,simulated
FI-PT,pressure,5231.792673868,1780039920.69314,1.7469134029046776,,311.72835072616937,psi,,simulated
thrust,thrust,5231.792722015,1780039920.6931882,2.499324381270931,2.500675618729069,135.12374581381437,N,,simulated
FM-FM,flow,5231.801766372,1780039920.7022326,1.787343834321956,,9.256348446768337,gallons_per_minute,,simulated
CC-PT,pressure,5231.802739562,1780039920.7032056,1.3642634587601972,,216.0658646900493,psi,,simulated
FI-PT,pressure,5231.80280708,1780039920.7032733,1.730638948755139,,307.65973718878473,psi,,simulated
thrust,thrust,5231.802859468,1780039920.7033257,2.4993440508060516,2.5006559491939484,131.18983878968038,N,,simulated
CC-PT,pressure,5231.812878034,1780039920.7133443,1.3775314542688675,,219.38286356721687,psi,,simulated
FI-PT,pressure,5231.812945403,1780039920.7134116,1.7492022215369012,,312.3005553842253,psi,,simulated
thrust,thrust,5231.812994273,1780039920.7134604,2.4993625282481347,2.5006374717518653,127.49435037306966,N,,simulated
CC-PT,pressure,5231.823012209,1780039920.7234786,1.3591165970702885,,214.77914926757214,psi,,simulated
FI-PT,pressure,5231.823084134,1780039920.7235506,1.7358787937019817,,308.96969842549544,psi,,simulated
thrust,thrust,5231.823137522,1780039920.7236037,2.4994000791788196,2.5005999208211804,119.9841642360866,N,,simulated
CC-PT,pressure,5231.833151773,1780039920.733618,1.3653893906342258,,216.34734765855646,psi,,simulated
FI-PT,pressure,5231.833215235,1780039920.7336814,1.7300077354917212,,307.5019338729303,psi,,simulated
thrust,thrust,5231.833263141,1780039920.7337294,2.499423921039572,2.500576078960428,115.21579208562116,N,,simulated
tank_temp,temperature,5231.836606392,1780039920.7370727,,,20.287336563328534,°C,,simulated
FM-FM,flow,5231.841918652,1780039920.7423851,1.7951729053465015,,9.32974598762345,gallons_per_minute,,simulated
CC-PT,pressure,5231.843282726,1780039920.7437491,1.3515617074443944,,212.8904268610986,psi,,simulated
FI-PT,pressure,5231.843351484,1780039920.7438178,1.7363234444050126,,309.08086110125316,psi,,simulated
thrust,thrust,5231.843404094,1780039920.7438703,2.499447762900324,2.500552237099676,110.44741993515572,N,,simulated
CC-PT,pressure,5231.853532566,1780039920.7539997,1.3713462795431948,,217.8365698857987,psi,,simulated
FI-PT,pressure,5231.853629842,1780039920.754096,1.7372252627879694,,309.3063156969923,psi,,simulated
thrust,thrust,5231.853684175,1780039920.7541504,2.4994811415053775,2.5005188584946225,103.77169892450411,N,,simulated
CC-PT,pressure,5231.863693166,1780039920.7641594,1.3538415853788357,,213.46039634470893,psi,,simulated
FI-PT,pressure,5231.863771628,1780039920.7642379,1.7377539560501523,,309.43848901253807,psi,,simulated
thrust,thrust,5231.863828368,1780039920.7642946,2.4994900822031596,2.5005099177968404,101.98355936807957,N,,simulated
CC-PT,pressure,5231.87383873,1780039920.774305,1.352504653037149,,213.12616325928724,psi,,simulated
FI-PT,pressure,5231.873901618,1780039920.7743678,1.7354979199764633,,308.8744799941158,psi,,simulated
thrust,thrust,5231.873949044,1780039920.774415,2.4995276331338445,2.5004723668661555,94.4733732310965,N,,simulated
FM-FM,flow,5231.882065709,1780039920.7825322,1.784108493817865,,9.226017129542484,gallons_per_minute,,simulated
CC-PT,pressure,5231.883970294,1780039920.7844365,1.3567598291349205,,214.18995728373014,psi,,simulated
FI-PT,pressure,5231.884083774,1780039920.78455,1.7432387761162251,,310.8096940290563,psi,,simulated
thrust,thrust,5231.884136829,1780039920.784603,2.4995520710411157,2.5004479289588843,89.58579177686943,N,,simulated
CC-PT,pressure,5231.894151154,1780039920.7946174,1.3515176000020026,,212.87940000050065,psi,,simulated
FI-PT,pressure,5231.894215079,1780039920.7946813,1.722932067266949,,305.73301681673723,psi,,simulated
thrust,thrust,5231.894262449,1780039920.7947288,2.4995997547626203,2.5004002452373797,80.04904747593855,N,,simulated
CC-PT,pressure,5231.904286162,1780039920.8047523,1.3491346060198075,,212.28365150495188,psi,,simulated
FI-PT,pressure,5231.904357587,1780039920.8048239,1.733622161581774,,308.4055403954435,psi,,simulated
thrust,thrust,5231.90440979,1780039920.804876,2.4996206163907786,2.5003793836092214,75.87672184428129,N,,simulated
CC-PT,pressure,5231.914424597,1780039920.8148909,1.3603432608059958,,215.08581520149895,psi,,simulated
FI-PT,pressure,5231.914486485,1780039920.8149526,1.7354734820691922,,308.86837051729805,psi,,simulated
thrust,thrust,5231.91453154,1780039920.8149977,2.499666511972727,2.500333488027273,66.69760545463532,N,,simulated
FM-FM,flow,5231.922218063,1780039920.822684,1.7777212593223166,,9.166136806146717,gallons_per_minute,,simulated
CC-PT,pressure,5231.924554031,1780039920.8250203,1.3590730856744155,,214.7682714186039,psi,,simulated
FI-PT,pressure,5231.92462016,1780039920.8250864,1.748059600360346,,312.0149000900865,psi,,simulated
thrust,thrust,5231.924671344,1780039920.8251374,2.499690949879998,2.500309050120002,61.81002400040825,N,,simulated
CC-PT,pressure,5231.934687114,1780039920.8351533,1.3544471686419448,,213.6117921604862,psi,,simulated
FI-PT,pressure,5231.934749354,1780039920.8352156,1.7252792984580156,,306.3198246145039,psi,,simulated
thrust,thrust,5231.934796797,1780039920.835263,2.4997016787173365,2.5002983212826635,59.6642565326988,N,,simulated
tank_temp,temperature,5231.936771381,1780039920.8372378,,,20.450674983900832,°C,,simulated
CC-PT,pressure,5231.944854122,1780039920.8453212,1.351410907675136,,212.852726918784,psi,,simulated
FI-PT,pressure,5231.944973639,1780039920.8454397,1.7352898997413992,,308.8224749353498,psi,,simulated
thrust,thrust,5231.94503036,1780039920.8454967,2.49972492453157,2.50027507546843,55.015093685995,N,,simulated
CC-PT,pressure,5231.955053481,1780039920.8555202,1.3567204900646792,,214.1801225161698,psi,,simulated
FI-PT,pressure,5231.955150758,1780039920.855617,1.7305608666611751,,307.6402166652938,psi,,simulated
thrust,thrust,5231.955203942,1780039920.85567,2.499772012206556,2.500227987793444,45.59755868882576,N,,simulated
FM-FM,flow,5231.962369695,1780039920.8628361,1.8141039388303684,,9.507224426534702,gallons_per_minute,,simulated
CC-PT,pressure,5231.965211397,1780039920.8656776,1.3483162341494839,,212.07905853737097,psi,,simulated
FI-PT,pressure,5231.965287377,1780039920.8657537,1.7335202376270578,,308.3800594067644,psi,,simulated
thrust,thrust,5231.965344061,1780039920.8658102,2.4997952580207894,2.5002047419792106,40.948395842121954,N,,simulated
CC-PT,pressure,5231.975354868,1780039920.8758214,1.3468940671556076,,211.7235167889019,psi,,simulated
FI-PT,pressure,5231.975418719,1780039920.8758848,1.7414393116759432,,310.3598279189858,psi,,simulated
thrust,thrust,5231.975466422,1780039920.8759327,2.499828040579324,2.500171959420676,34.391884135231976,N,,simulated
CC-PT,pressure,5231.985487821,1780039920.8859544,1.3560702033126595,,214.01755082816487,psi,,simulated
FI-PT,pressure,5231.985559635,1780039920.8860257,1.7401482749162047,,310.03706872905116,psi,,simulated
thrust,thrust,5231.985612412,1780039920.8860784,2.4998500943005197,2.5001499056994803,29.981139896051445,N,,simulated
CC-PT,pressure,5231.995626329,1780039920.8960927,1.3442804031706337,,211.07010079265842,psi,,simulated
FI-PT,pressure,5231.995689199,1780039920.8961554,1.7464079554567282,,311.60198886418203,psi,,simulated
thrust,thrust,5231.995736068,1780039920.8962023,2.499898374068543,2.500101625931457,20.325186291358932,N,,simulated
FM-FM,flow,5232.002530549,1780039920.9029968,1.7958142514007391,,9.335758606881928,gallons_per_minute,,simulated
CC-PT,pressure,5232.005757375,1780039920.9062235,1.3437344245594054,,210.93360613985135,psi,,simulated
FI-PT,pressure,5232.005823374,1780039920.9062896,1.7342533748451918,,308.56334371129793,psi,,simulated
thrust,thrust,5232.005874855,1780039920.906341,2.4999257922084084,2.5000742077915916,14.841558318323678,N,,simulated
CC-PT,pressure,5232.015890828,1780039920.916357,1.3512702406966972,,212.8175601741743,psi,,simulated
FI-PT,pressure,5232.015952605,1780039920.9164188,1.7395438837461332,,309.8859709365333,psi,,simulated
thrust,thrust,5232.015999215,1780039920.9164655,2.4999597668599804,2.5000402331400196,8.046628003910428,N,,simulated
CC-PT,pressure,5232.026022762,1780039920.926489,1.3454736883012877,,211.36842207532192,psi,,simulated
FI-PT,pressure,5232.026089354,1780039920.9265556,1.7450525456729584,,311.2631364182396,psi,,simulated
thrust,thrust,5232.026140186,1780039920.9266064,2.4999907612789585,2.5000092387210415,1.8477442083053575,N,,simulated
CC-PT,pressure,5232.0361614,1780039920.9366276,1.3405485559163757,,210.13713897909392,psi,,simulated
FI-PT,pressure,5232.036223547,1780039920.9366899,1.7435111693753205,,310.8777923438301,psi,,simulated
thrust,thrust,5232.036269288,1780039920.9367354,2.500010430814079,2.499989569185921,2.0861628158286294,N,,simulated
tank_temp,temperature,5232.036931427,1780039920.9373977,,,20.48171275171662,°C,,simulated
FM-FM,flow,5232.042676495,1780039920.943143,1.783949945443862,,9.224530738536206,gallons_per_minute,,simulated
CC-PT,pressure,5232.046291816,1780039920.946758,1.3447035961989875,,211.17589904974687,psi,,simulated
FI-PT,pressure,5232.046359019,1780039920.9468253,1.7361517830075959,,309.037945751899,psi,,simulated
thrust,thrust,5232.046412388,1780039920.9468784,2.500028908256162,2.499971091743838,5.781651232439344,N,,simulated
CC-PT,pressure,5232.056458509,1780039920.9569254,1.3432528189722084,,210.8132047430521,psi,,simulated
FI-PT,pressure,5232.056554008,1780039920.95702,1.7450120145096795,,311.25300362741984,psi,,simulated
thrust,thrust,5232.056609118,1780039920.9570754,2.5000807643032985,2.4999192356967015,16.152860659701673,N,,simulated
CC-PT,pressure,5232.066613369,1780039920.9670799,1.3396085905562152,,209.9021476390538,psi,,simulated
FI-PT,pressure,5232.066692257,1780039920.9671586,1.7327745834320287,,308.1936458580072,psi,,simulated
thrust,thrust,5232.066746108,1780039920.9672122,2.5001087784896825,2.4998912215103175,21.755697936498564,N,,simulated
CC-PT,pressure,5232.076761377,1780039920.9772277,1.3446946555012054,,211.17366387530134,psi,,simulated
FI-PT,pressure,5232.076824562,1780039920.9772909,1.7492099701416457,,312.30249253541143,psi,,simulated
thrust,thrust,5232.076872413,1780039920.9773386,2.500141561048217,2.499858438951783,28.31220964338854,N,,simulated
FM-FM,flow,5232.082826553,1780039920.9832928,1.8165548821157076,,9.530202019834757,gallons_per_minute,,simulated
CC-PT,pressure,5232.086891201,1780039920.9873574,1.3462956364507241,,211.57390911268104,psi,,simulated
FI-PT,pressure,5232.086958626,1780039920.9874249,1.7393865274651679,,309.84663186629194,psi,,simulated
thrust,thrust,5232.08701057,1780039920.987477,2.500187456630165,2.499812543369835,37.49132603303451,N,,simulated
CC-PT,pressure,5232.097026561,1780039920.9974928,1.3475461420471837,,211.88653551179593,psi,,simulated
FI-PT,pressure,5232.097087764,1780039920.9975538,1.737854091865312,,309.463522966328,psi,,simulated
thrust,thrust,5232.097133745,1780039920.9976,2.5002083182583235,2.4997916817416765,41.66365166469177,N,,simulated
CC-PT,pressure,5232.107155421,1780039921.0076215,1.3328464428003362,,208.21161070008404,psi,,simulated
FI-PT,pressure,5232.107221865,1780039921.0076883,1.740222184684537,,310.0555461711342,psi,,simulated
thrust,thrust,5232.107272994,1780039921.007739,2.5002554059333093,2.4997445940666907,51.08118666186101,N,,simulated
CC-PT,pressure,5232.117289578,1780039921.017756,1.3402594733547537,,210.06486833868843,psi,,simulated
FI-PT,pressure,5232.117351874,1780039921.0178182,1.7437573365875882,,310.93933414689707,psi,,simulated
thrust,thrust,5232.117397743,1780039921.017864,2.5002726912823547,2.4997273087176453,54.538256470948454,N,,simulated
FM-FM,flow,5232.122973185,1780039921.0234394,1.7730488506613793,,9.12233297495043,gallons_per_minute,,simulated
CC-PT,pressure,5232.12741955,1780039921.027886,1.3391848014813426,,209.79620037033564,psi,,simulated
FI-PT,pressure,5232.127486586,1780039921.0279527,1.7491765915365924,,312.2941478841481,psi,,simulated
thrust,thrust,5232.127539048,1780039921.0280051,2.5003084540734832,2.4996915459265168,61.69081469664661,N,,simulated
tank_temp,temperature,5232.137097805,1780039921.0375643,,,20.491249496017552,°C,,simulated
CC-PT,pressure,5232.137554151,1780039921.0380204,1.3254179150364298,,206.35447875910745,psi,,simulated
FI-PT,pressure,5232.137615187,1780039921.0380816,1.7379387304709828,,309.4846826177457,psi,,simulated
thrust,thrust,5232.13766226,1780039921.0381284,2.500337064306386,2.499662935693614,67.41286127720514,N,,simulated
CC-PT,pressure,5232.147684178,1780039921.0481505,1.331774751159519,,207.94368778987976,psi,,simulated
FI-PT,pressure,5232.147754158,1780039921.0482204,1.7366465016182067,,309.16162540455167,psi,,simulated
thrust,thrust,5232.147806176,1780039921.0482724,2.5003698468649205,2.4996301531350795,73.96937298409512,N,,simulated
CC-PT,pressure,5232.157850038,1780039921.0583167,1.3362284107480538,,209.05710268701344,psi,,simulated
FI-PT,pressure,5232.157947018,1780039921.058413,1.7424317291297589,,310.6079322824397,psi,,simulated
thrust,thrust,5232.158001591,1780039921.0584679,2.5003787875627026,2.4996212124372974,75.75751254051966,N,,simulated
FM-FM,flow,5232.16312828,1780039921.0635946,1.797365164442678,,9.350298416650105,gallons_per_minute,,simulated
CC-PT,pressure,5232.168033527,1780039921.0684998,1.3244523196759606,,206.11307991899014,psi,,simulated
FI-PT,pressure,5232.1681121,1780039921.0685782,1.7337413708855356,,308.4353427213839,psi,,simulated
thrust,thrust,5232.168167303,1780039921.0686333,2.5004312396563577,2.4995687603436423,86.24793127154362,N,,simulated
CC-PT,pressure,5232.178179017,1780039921.0786452,1.3364710016812087,,209.11775042030217,psi,,simulated
FI-PT,pressure,5232.178241516,1780039921.0787077,1.7288502131521957,,307.2125532880489,psi,,simulated
thrust,thrust,5232.178288756,1780039921.078755,2.5004503131449596,2.4995496868550404,90.06262899191597,N,,simulated
CC-PT,pressure,5232.188356191,1780039921.0888226,1.341051023131731,,210.26275578293274,psi,,simulated
FI-PT,pressure,5232.188440042,1780039921.0889063,1.7440982751963465,,311.02456879908664,psi,,simulated
thrust,thrust,5232.18849493,1780039921.0889614,2.500467598494005,2.499532401505995,93.51969880100341,N,,simulated
CC-PT,pressure,5232.19850831,1780039921.0989745,1.3245965629335121,,206.14914073337803,psi,,simulated
FI-PT,pressure,5232.19857231,1780039921.0990384,1.73685988627194,,309.214971567985,psi,,simulated
thrust,thrust,5232.198619568,1780039921.0990858,2.500511109889878,2.499488890110122,102.22197797560284,N,,simulated
FM-FM,flow,5232.203278078,1780039921.1037445,1.8094392787741755,,9.463493238507894,gallons_per_minute,,simulated
CC-PT,pressure,5232.208642819,1780039921.109109,1.3402207303310312,,210.0551825827578,psi,,simulated
FI-PT,pressure,5232.208711855,1780039921.109178,1.745948999637246,,311.48724990931146,psi,,simulated
thrust,thrust,5232.208764595,1780039921.1092308,2.500536143843668,2.499463856156332,107.22876873359155,N,,simulated
CC-PT,pressure,5232.218794086,1780039921.1192603,1.3519121827974536,,212.9780456993634,psi,,simulated
FI-PT,pressure,5232.218869863,1780039921.1193361,1.733077971110102,,308.2694927775255,psi,,simulated
thrust,thrust,5232.218923011,1780039921.1193893,2.5005719066347964,2.4994280933652036,114.38132695928971,N,,simulated
CC-PT,pressure,5232.228938743,1780039921.129405,1.3278581294844305,,206.96453237110762,psi,,simulated
FI-PT,pressure,5232.229015946,1780039921.1294823,1.721909847487193,,305.47746187179825,psi,,simulated
thrust,thrust,5232.229071093,1780039921.1295373,2.5005927682629547,2.4994072317370453,118.55365259094697,N,,simulated
tank_temp,temperature,5232.237261832,1780039921.1377282,,,20.55453879910555,°C,,simulated
CC-PT,pressure,5232.239082029,1780039921.139548,1.3267280252847702,,206.68200632119255,psi,,simulated
FI-PT,pressure,5232.239145491,1780039921.1396117,1.7410322119035972,,310.2580529758993,psi,,simulated
thrust,thrust,5232.239194342,1780039921.1396606,2.500614225937632,2.499385774062368,122.84518752636586,N,,simulated
FM-FM,flow,5232.243429802,1780039921.143896,1.7965843435030393,,9.342978220340992,gallons_per_minute,,simulated
CC-PT,pressure,5232.249213149,1780039921.1496794,1.3249321371236011,,206.23303428090028,psi,,simulated
FI-PT,pressure,5232.249282907,1780039921.149749,1.740309207476283,,310.0773018690707,psi,,simulated
thrust,thrust,5232.249335628,1780039921.1498017,2.500619590356301,2.499380409643699,123.91807126022059,N,,simulated
CC-PT,pressure,5232.259378212,1780039921.159845,1.3092251192599678,,202.30627981499194,psi,,simulated
FI-PT,pressure,5232.2594741,1780039921.1599402,1.7490263878138528,,312.2565969534632,psi,,simulated
thrust,thrust,5232.259528877,1780039921.159995,2.5006768108221067,2.4993231891778933,135.36216442133764,N,,simulated
CC-PT,pressure,5232.269533424,1780039921.1699998,1.3183344982069132,,204.5836245517283,psi,,simulated
FI-PT,pressure,5232.269607627,1780039921.1700737,1.7426194837831834,,310.65487094579584,psi,,simulated
thrust,thrust,5232.269662219,1780039921.1701283,2.5006988645433026,2.4993011354566974,139.77290866051817,N,,simulated
CC-PT,pressure,5232.279676673,1780039921.1801429,1.329969326254049,,207.49233156351227,psi,,simulated
FI-PT,pressure,5232.279739135,1780039921.1802053,1.7413630177215358,,310.3407544303839,psi,,simulated
thrust,thrust,5232.279787246,1780039921.1802535,2.5007143617527916,2.4992856382472084,142.8723505583207,N,,simulated
FM-FM,flow,5232.283578082,1780039921.1840444,1.7859681589565466,,9.243451490217623,gallons_per_minute,,simulated
CC-PT,pressure,5232.289807145,1780039921.1902735,1.322089591275405,,205.52239781885123,psi,,simulated
FI-PT,pressure,5232.28987344,1780039921.1903396,1.743065326579252,,310.76633164481296,psi,,simulated
thrust,thrust,5232.289924736,1780039921.1903908,2.5007334352413935,2.4992665647586065,146.68704827869306,N,,simulated
CC-PT,pressure,5232.299942653,1780039921.200409,1.3265986831901888,,206.6496707975472,psi,,simulated
FI-PT,pressure,5232.300046615,1780039921.200513,1.7373802348828595,,309.34505872071486,psi,,simulated
thrust,thrust,5232.30009867,1780039921.2005646,2.500762641520815,2.499237358479185,152.52830416301322,N,,simulated
CC-PT,pressure,5232.310074902,1780039921.2105412,1.3217325594106388,,205.4331398526597,psi,,simulated
FI-PT,pressure,5232.310147124,1780039921.2106133,1.7400844979386922,,310.02112448467307,psi,,simulated
thrust,thrust,5232.310200419,1780039921.2106664,2.5007620454742963,2.4992379545257037,152.40909485925158,N,,simulated
CC-PT,pressure,5232.3202143,1780039921.2206807,1.320430197767043,,205.10754944176074,psi,,simulated
FI-PT,pressure,5232.320277058,1780039921.2207432,1.7315419592311334,,307.88548980778336,psi,,simulated
thrust,thrust,5232.320323335,1780039921.2207894,2.5007978082654247,2.4992021917345753,159.56165308494974,N,,simulated
FM-FM,flow,5232.323730696,1780039921.2241971,1.8070437678150855,,9.441035323266425,gallons_per_minute,,simulated
CC-PT,pressure,5232.330345067,1780039921.2308114,1.3230945257061155,,205.77363142652888,psi,,simulated
FI-PT,pressure,5232.330412641,1780039921.2308788,1.7428006819249011,,310.70017048122526,psi,,simulated
thrust,thrust,5232.330463862,1780039921.2309299,2.5008103252423197,2.4991896747576803,162.0650484639441,N,,simulated
tank_temp,temperature,5232.337426136,1780039921.2378924,,,20.43819051863417,°C,,simulated
CC-PT,pressure,5232.340480817,1780039921.2409472,1.3122589960407014,,203.06474901017535,psi,,simulated
FI-PT,pressure,5232.340543075,1780039921.2410092,1.7348851841551285,,308.7212960387821,psi,,simulated
thrust,thrust,5232.340589963,1780039921.2410562,2.5008180738470642,2.4991819261529358,163.61476941284536,N,,simulated
CC-PT,pressure,5232.351950547,1780039921.252417,1.3202048921829335,,205.05122304573337,psi,,simulated
FI-PT,pressure,5232.352086675,1780039921.252553,1.7370756551117486,,309.26891377793714,psi,,simulated
thrust,thrust,5232.352151637,1780039921.2526178,2.5008514524521175,2.4991485475478825,170.29049042349698,N,,simulated
CC-PT,pressure,5232.362157462,1780039921.2626238,1.3184763572783897,,204.61908931959744,psi,,simulated
FI-PT,pressure,5232.362236239,1780039921.2627022,1.7439766817065097,,310.9941704266274,psi,,simulated
thrust,thrust,5232.362288572,1780039921.262755,2.500868141754644,2.499131858245356,173.62835092882278,N,,simulated
FM-FM,flow,5232.36388179,1780039921.2643478,1.789311383880542,,9.274794223880079,gallons_per_minute,,simulated
CC-PT,pressure,5232.372302415,1780039921.2727687,1.3085182080886613,,202.1295520221653,psi,,simulated
FI-PT,pressure,5232.372370655,1780039921.272837,1.7452975207921886,,311.32438019804715,psi,,simulated
thrust,thrust,5232.372423154,1780039921.2728894,2.500896751987547,2.499103248012453,179.3503975093813,N,,simulated
CC-PT,pressure,5232.382439627,1780039921.2829058,1.304896033393864,,201.224008348466,psi,,simulated
FI-PT,pressure,5232.382501886,1780039921.282968,1.7337854783279274,,308.44636958198186,psi,,simulated
thrust,thrust,5232.382549218,1780039921.2830155,2.5009039045457726,2.4990960954542274,180.78090915452094,N,,simulated
CC-PT,pressure,5232.392574876,1780039921.2930412,1.310619868113979,,202.65496702849472,psi,,simulated
FI-PT,pressure,5232.392647561,1780039921.293114,1.7518742980807183,,312.9685745201796,psi,,simulated
thrust,thrust,5232.392700078,1780039921.2931664,2.5008925796619152,2.4991074203380848,178.51593238304986,N,,simulated
CC-PT,pressure,5232.40271457,1780039921.3031807,1.3290633355454606,,207.26583388636516,psi,,simulated
FI-PT,pressure,5232.402777365,1780039921.3032436,1.7363228483584938,,309.08071208962343,psi,,simulated
thrust,thrust,5232.402827346,1780039921.3032935,2.5009015203596974,2.4990984796403026,180.3040719394744,N,,simulated
FM-FM,flow,5232.404061662,1780039921.3045278,1.7893650280672346,,9.275297138130323,gallons_per_minute,,simulated
CC-PT,pressure,5232.412847282,1780039921.3133135,1.3212354566139528,,205.3088641534882,psi,,simulated
FI-PT,pressure,5232.412915615,1780039921.313382,1.7449017459037,,311.225436475925,psi,,simulated
thrust,thrust,5232.41296678,1780039921.313433,2.5009325147786754,2.4990674852213246,186.50295573507947,N,,simulated
CC-PT,pressure,5232.422982254,1780039921.3234487,1.317641892152058,,204.41047303801452,psi,,simulated
FI-PT,pressure,5232.423044919,1780039921.3235111,1.7456175977727886,,311.4043994431971,psi,,simulated
thrust,thrust,5232.423090548,1780039921.3235567,2.5009420515229763,2.4990579484770237,188.41030459526564,N,,simulated
CC-PT,pressure,5232.433112447,1780039921.3335788,1.3077344069164285,,201.93360172910712,psi,,simulated
FI-PT,pressure,5232.433179539,1780039921.3336458,1.7412706305111205,,310.31765762778014,psi,,simulated
thrust,thrust,5232.433230853,1780039921.333697,2.5009450317555704,2.4990549682444296,189.00635111407382,N,,simulated
tank_temp,temperature,5232.4375862,1780039921.3380523,,,20.58783070648333,°C,,simulated
CC-PT,pressure,5232.443250882,1780039921.343717,1.310184754155249,,202.54618853881223,psi,,simulated
FI-PT,pressure,5232.443313121,1780039921.3437793,1.740973799344754,,310.2434498361885,psi,,simulated
thrust,thrust,5232.443359658,1780039921.3438256,2.500948608034683,2.499051391965317,189.72160693664364,N,,simulated
FM-FM,flow,5232.444208331,1780039921.3446748,1.7814042307620324,,9.200664663394052,gallons_per_minute,,simulated
CC-PT,pressure,5232.453481833,1780039921.3539486,1.30664841015916,,201.66210253979,psi,,simulated
FI-PT,pressure,5232.453587091,1780039921.3540533,1.7507370413228323,,312.68426033070807,psi,,simulated
thrust,thrust,5232.453646553,1780039921.3541129,2.5009694696628415,2.4990305303371585,193.8939325683009,N,,simulated
CC-PT,pressure,5232.463647619,1780039921.3641143,1.3131608144236582,,203.29020360591454,psi,,simulated
FI-PT,pressure,5232.463715562,1780039921.3641818,1.7453064614899707,,311.32661537249265,psi,,simulated
thrust,thrust,5232.463764877,1780039921.364231,2.5009670854767663,2.4990329145232337,193.41709535325435,N,,simulated
CC-PT,pressure,5232.47378635,1780039921.3742528,1.3087691436730795,,202.19228591826987,psi,,simulated
FI-PT,pressure,5232.473859978,1780039921.3743262,1.7426480940160862,,310.66202350402153,psi,,simulated
thrust,thrust,5232.473913496,1780039921.3743799,2.500977814314105,2.499022185685895,195.5628628209638,N,,simulated
CC-PT,pressure,5232.48392771,1780039921.384394,1.2931080213913941,,198.27700534784853,psi,,simulated
FI-PT,pressure,5232.483990876,1780039921.3844569,1.7290373717591014,,307.25934293977537,psi,,simulated
thrust,thrust,5232.484071393,1780039921.3845377,2.5009980798957443,2.4990019201042557,199.61597914885942,N,,simulated
FM-FM,flow,5232.484429851,1780039921.3848963,1.8321581878850686,,9.676483011422517,gallons_per_minute,,simulated
CC-PT,pressure,5232.494060089,1780039921.3945265,1.308466352041525,,202.11658801038124,psi,,simulated
FI-PT,pressure,5232.494126699,1780039921.394593,1.7355074567207642,,308.87686418019103,psi,,simulated
thrust,thrust,5232.494178365,1780039921.3946445,2.500996291756188,2.499003708243812,199.25835123757452,N,,simulated
CC-PT,pressure,5232.50420719,1780039921.4046738,1.3079913029660348,,201.9978257415087,psi,,simulated
FI-PT,pressure,5232.504274152,1780039921.4047403,1.7469706233704831,,311.74265584262076,psi,,simulated
thrust,thrust,5232.504322595,1780039921.4047887,2.500989139197962,2.499010860802038,197.82783959243488,N,,simulated
CC-PT,pressure,5232.514341235,1780039921.4148076,1.2983270047100786,,199.58175117751964,psi,,simulated
FI-PT,pressure,5232.514409679,1780039921.414876,1.7411621500446974,,310.29053751117436,psi,,simulated
thrust,thrust,5232.514461919,1780039921.4149282,2.5009873510584057,2.4990126489415943,197.47021168114998,N,,simulated
CC-PT,pressure,5232.524481929,1780039921.4249485,1.2960435504965244,,199.0108876241311,psi,,simulated
FI-PT,pressure,5232.524544965,1780039921.4250112,1.7342694681011996,,308.5673670252999,psi,,simulated
thrust,thrust,5232.524592112,1780039921.4250584,2.5009980798957443,2.4990019201042557,199.61597914885942,N,,simulated
FM-FM,flow,5232.524642649,1780039921.4251087,1.7936464302118338,,9.31543528323594,gallons_per_minute,,simulated
CC-PT,pressure,5232.5346139,1780039921.4350803,1.3028819922068111,,200.72049805170278,psi,,simulated
FI-PT,pressure,5232.534681177,1780039921.4351475,1.736145226495889,,309.0363066239722,psi,,simulated
thrust,thrust,5232.534733528,1780039921.4351997,2.501017153384346,2.498982846615654,203.43067686923177,N,,simulated
tank_temp,temperature,5232.537753357,1780039921.4382198,,,20.643664009481498,°C,,simulated
CC-PT,pressure,5232.544752631,1780039921.4452188,1.295010005832911,,198.75250145822775,psi,,simulated
FI-PT,pressure,5232.544814871,1780039921.445281,1.7381610558224982,,309.54026395562454,psi,,simulated
thrust,thrust,5232.544861963,1780039921.4453282,2.5009939075701126,2.4990060924298874,198.78151402252797,N,,simulated
CC-PT,pressure,5232.554915417,1780039921.455382,1.2991996168136142,,199.79990420340354,psi,,simulated
FI-PT,pressure,5232.555019934,1780039921.4554863,1.7441113882197603,,311.0278470549401,psi,,simulated
thrust,thrust,5232.55508034,1780039921.4555466,2.501014173151752,2.498985826848248,202.8346303504236,N,,simulated
FM-FM,flow,5232.564792817,1780039921.4652593,1.830976227638272,,9.665402134108799,gallons_per_minute,,simulated
CC-PT,pressure,5232.565076184,1780039921.4655423,1.296663438876085,,199.16585971902123,psi,,simulated
FI-PT,pressure,5232.565139257,1780039921.4656053,1.7423125198259972,,310.5781299564993,psi,,simulated
thrust,thrust,5232.565186738,1780039921.4656527,2.500986158965368,2.499013841034632,197.2317930736267,N,,simulated
CC-PT,pressure,5232.575208878,1780039921.475675,1.2922217002179264,,198.0554250544816,psi,,simulated
FI-PT,pressure,5232.575276432,1780039921.4757428,1.7459680731258478,,311.4920182814619,psi,,simulated
thrust,thrust,5232.575329172,1780039921.4757955,2.5009879471049246,2.4990120528950754,197.5894209849116,N,,simulated
CC-PT,pressure,5232.585344071,1780039921.4858105,1.2874664410908747,,196.86661027271867,psi,,simulated
FI-PT,pressure,5232.585409126,1780039921.4858751,1.7350735348550719,,308.76838371376795,psi,,simulated
thrust,thrust,5232.585455551,1780039921.4859219,2.500992119430556,2.499007880569444,198.42388611124306,N,,simulated
CC-PT,pressure,5232.595475746,1780039921.4959419,1.3067866929515235,,201.69667323788087,psi,,simulated
FI-PT,pressure,5232.595543283,1780039921.4960096,1.7458822424271394,,311.47056060678483,psi,,simulated
thrust,thrust,5232.595594504,1780039921.4960606,2.500971257802398,2.499028742197602,194.2515604795858,N,,simulated
FM-FM,flow,5232.604940709,1780039921.505407,1.8153711337293545,,9.519104378712697,gallons_per_minute,,simulated
CC-PT,pressure,5232.605611033,1780039921.5060775,1.2877239331869998,,196.93098329674996,psi,,simulated
FI-PT,pressure,5232.605671236,1780039921.5061374,1.7369433327845731,,309.2358331961433,psi,,simulated
thrust,thrust,5232.60571779,1780039921.5061839,2.5009724498954355,2.4990275501045645,194.48997908710908,N,,simulated
CC-PT,pressure,5232.615738004,1780039921.5162044,1.2928678146443144,,198.2169536610786,psi,,simulated
FI-PT,pressure,5232.615806744,1780039921.5162728,1.7381485388456033,,309.5371347114008,psi,,simulated
thrust,thrust,5232.615860336,1780039921.5163267,2.5009503961742396,2.4990496038257604,190.07923484792855,N,,simulated
CC-PT,pressure,5232.625873309,1780039921.5263395,1.2894286262307912,,197.3571565576978,psi,,simulated
FI-PT,pressure,5232.625936678,1780039921.5264027,1.7503257692248546,,312.58144230621366,psi,,simulated
thrust,thrust,5232.625984067,1780039921.5264502,2.500961721058097,2.499038278941903,192.34421161939963,N,,simulated
CC-PT,pressure,5232.63603565,1780039921.5365021,1.289308224833992,,197.327056208498,psi,,simulated
FI-PT,pressure,5232.636111927,1780039921.536578,1.74035569910475,,310.08892477618747,psi,,simulated
thrust,thrust,5232.636165278,1780039921.5366313,2.5009563566394277,2.4990436433605723,191.2713278855449,N,,simulated
tank_temp,temperature,5232.637917421,1780039921.5383837,,,20.718744196432475,°C,,simulated
FM-FM,flow,5232.645090637,1780039921.5455568,1.8025364640398578,,9.398779350373665,gallons_per_minute,,simulated
CC-PT,pressure,5232.646175696,1780039921.5466418,1.2790216540124002,,194.75541350310004,psi,,simulated
FI-PT,pressure,5232.646238139,1780039921.5467043,1.739056913740267,,309.76422843506674,psi,,simulated
thrust,thrust,5232.646284324,1780039921.5467505,2.500927746406525,2.499072253593475,185.54928130498638,N,,simulated
CC-PT,pressure,5232.656338019,1780039921.556805,1.2820334770719382,,195.50836926798453,psi,,simulated
FI-PT,pressure,5232.656442036,1780039921.5569084,1.738612263037236,,309.653065759309,psi,,simulated
thrust,thrust,5232.656504683,1780039921.556971,2.500924170127412,2.499075829872588,184.83402548241656,N,,simulated
CC-PT,pressure,5232.666502434,1780039921.5669687,1.2784858081919916,,194.6214520479979,psi,,simulated
FI-PT,pressure,5232.666569674,1780039921.567036,1.737543551629013,,309.3858879072532,psi,,simulated
thrust,thrust,5232.666619155,1780039921.5670853,2.50090509663881,2.49909490336119,181.0193277620442,N,,simulated
CC-PT,pressure,5232.676639387,1780039921.5771058,1.292353426498583,,198.08835662464574,psi,,simulated
FI-PT,pressure,5232.676709108,1780039921.5771754,1.7491867243274122,,312.296681081853,psi,,simulated
thrust,thrust,5232.676762108,1780039921.5772283,2.500874102219832,2.499125897780168,174.82044396643914,N,,simulated
FM-FM,flow,5232.685247787,1780039921.5857143,1.8231340435903123,,9.591881658659176,gallons_per_minute,,simulated
CC-PT,pressure,5232.686782006,1780039921.5872483,1.2794043158774753,,194.8510789693688,psi,,simulated
FI-PT,pressure,5232.686847265,1780039921.5873134,1.7480649647790152,,312.0162411947538,psi,,simulated
thrust,thrust,5232.686894579,1780039921.5873609,2.500908672917923,2.499091327082077,181.73458358461403,N,,simulated
CC-PT,pressure,5232.69691733,1780039921.5973835,1.278143081443677,,194.53577036091923,psi,,simulated
FI-PT,pressure,5232.696986421,1780039921.5974526,1.74408158589382,,311.020396473455,psi,,simulated
thrust,thrust,5232.697038032,1780039921.5975041,2.500871718033757,2.499128281966243,174.3436067513926,N,,simulated
CC-PT,pressure,5232.707054949,1780039921.6075213,1.2876899585354278,,196.92248963385694,psi,,simulated
FI-PT,pressure,5232.707116022,1780039921.607582,1.7408575702735865,,310.2143925683966,psi,,simulated
thrust,thrust,5232.707162022,1780039921.6076283,2.5008574129173056,2.4991425870826944,171.48258346111334,N,,simulated
CC-PT,pressure,5232.717185847,1780039921.6176522,1.2834318022050621,,195.85795055126553,psi,,simulated
FI-PT,pressure,5232.717256438,1780039921.617723,1.7459788019631863,,311.49470049079656,psi,,simulated
thrust,thrust,5232.717310197,1780039921.6177764,2.5008359552426285,2.4991640447573715,167.19104852569444,N,,simulated
FM-FM,flow,5232.725407863,1780039921.6258743,1.8154217976834532,,9.519579353282372,gallons_per_minute,,simulated
CC-PT,pressure,5232.727323781,1780039921.62779,1.2880553350514572,,197.0138337628643,psi,,simulated
FI-PT,pressure,5232.72738528,1780039921.6278515,1.7392261909516085,,309.8065477379021,psi,,simulated
thrust,thrust,5232.727432872,1780039921.6278992,2.500815689660989,2.499184310339011,163.13793219779882,N,,simulated
CC-PT,pressure,5232.737473141,1780039921.6379395,1.2827934363834186,,195.69835909585464,psi,,simulated
FI-PT,pressure,5232.73755814,1780039921.6380243,1.7423757007569909,,310.5939251892477,psi,,simulated
thrust,thrust,5232.737617028,1780039921.6380832,2.500818669893583,2.499181330106417,163.733978716607,N,,simulated
tank_temp,temperature,5232.738091225,1780039921.6385577,,,20.582802241306503,°C,,simulated
CC-PT,pressure,5232.747620446,1780039921.6480868,1.2785734270302564,,194.6433567575641,psi,,simulated
FI-PT,pressure,5232.747684074,1780039921.6481502,1.7420377423808266,,310.50943559520664,psi,,simulated
thrust,thrust,5232.747732926,1780039921.648199,2.500756681055627,2.499243318944373,151.33621112539686,N,,simulated
CC-PT,pressure,5232.757778713,1780039921.6582453,1.2720985736964432,,193.0246434241108,psi,,simulated
FI-PT,pressure,5232.757886249,1780039921.6583524,1.7401244330554524,,310.0311082638631,psi,,simulated
thrust,thrust,5232.757946044,1780039921.6584122,2.5007513166369577,2.4992486833630423,150.26332739154213,N,,simulated
FM-FM,flow,5232.765557439,1780039921.6660237,1.8130811230040935,,9.497635528163375,gallons_per_minute,,simulated
CC-PT,pressure,5232.767942073,1780039921.6684084,1.2855942589752982,,196.39856474382455,psi,,simulated
FI-PT,pressure,5232.768041461,1780039921.6685076,1.7494436203770185,,312.36090509425463,psi,,simulated
thrust,thrust,5232.768095238,1780039921.6685615,2.500728666869243,2.499271333130757,145.73337384859997,N,,simulated
CC-PT,pressure,5232.778075007,1780039921.6785414,1.2743784516308845,,193.5946129077211,psi,,simulated
FI-PT,pressure,5232.778144543,1780039921.6786108,1.7500462234075336,,312.5115558518834,psi,,simulated
thrust,thrust,5232.778199987,1780039921.6786664,2.5007089973341223,2.4992910026658777,141.79946682446598,N,,simulated
CC-PT,pressure,5232.788212349,1780039921.6886787,1.2691368185444853,,192.28420463612133,psi,,simulated
FI-PT,pressure,5232.7882757,1780039921.688742,1.7474158701200329,,311.8539675300082,psi,,simulated
thrust,thrust,5232.788324199,1780039921.6887906,2.5006952882641897,2.4993047117358103,139.05765283794835,N,,simulated
CC-PT,pressure,5232.798345228,1780039921.6988115,1.2722541418378521,,193.06353545946303,psi,,simulated
FI-PT,pressure,5232.798417375,1780039921.6988835,1.7279531631413891,,306.98829078534726,psi,,simulated
thrust,thrust,5232.798469523,1780039921.6989357,2.500657737333505,2.499342262666495,131.5474667009653,N,,simulated
FM-FM,flow,5232.805713552,1780039921.7061799,1.7815127112284554,,9.201681667766769,gallons_per_minute,,simulated
CC-PT,pressure,5232.808484125,1780039921.7089505,1.2713636483387527,,192.84091208468817,psi,,simulated
FI-PT,pressure,5232.80854681,1780039921.709013,1.7504044473653373,,312.60111184133433,psi,,simulated
thrust,thrust,5232.808594902,1780039921.7090611,2.5006273389610456,2.4993726610389544,125.46779220912185,N,,simulated
CC-PT,pressure,5232.818613875,1780039921.7190802,1.2803621626332,,195.0905406583,psi,,simulated
FI-PT,pressure,5232.818682096,1780039921.7191484,1.7435576610037875,,310.88941525094685,psi,,simulated
thrust,thrust,5232.818735669,1780039921.7192018,2.500604689193331,2.499395310806669,120.93783866617969,N,,simulated
CC-PT,pressure,5232.828749864,1780039921.729216,1.2852229219940807,,196.30573049852018,psi,,simulated
FI-PT,pressure,5232.828812753,1780039921.729279,1.7365934534780327,,309.14836336950816,psi,,simulated
thrust,thrust,5232.828860178,1780039921.7293262,2.50059515244903,2.49940484755097,119.03048980599351,N,,simulated
tank_temp,temperature,5232.838251789,1780039921.7387183,,,20.65112000957133,°C,,simulated
CC-PT,pressure,5232.838880021,1780039921.7393463,1.2682314238824157,,192.05785597060392,psi,,simulated
FI-PT,pressure,5232.838947446,1780039921.7394137,1.7391022132756964,,309.7755533189241,psi,,simulated
thrust,thrust,5232.839001668,1780039921.7394679,2.5005742908208717,2.4994257091791283,114.85816417433625,N,,simulated
FM-FM,flow,5232.845860351,1780039921.7463264,1.812914826025346,,9.496076493987617,gallons_per_minute,,simulated
CC-PT,pressure,5232.849015141,1780039921.7494814,1.274597796749806,,193.64944918745147,psi,,simulated
FI-PT,pressure,5232.849076232,1780039921.7495425,1.7460282738242474,,311.50706845606186,psi,,simulated
thrust,thrust,5232.849123732,1780039921.74959,2.5005462766344877,2.4994537233655123,109.25532689753936,N,,simulated
CC-PT,pressure,5232.859171038,1780039921.7596378,1.2630613163782736,,190.7653290945684,psi,,simulated
FI-PT,pressure,5232.859277425,1780039921.7597435,1.7461957628960325,,311.5489407240081,psi,,simulated
thrust,thrust,5232.859338702,1780039921.759805,2.500526607099367,2.499473392900633,105.32141987340538,N,,simulated
CC-PT,pressure,5232.869335009,1780039921.7698011,1.2653990108250392,,191.3497527062598,psi,,simulated
FI-PT,pressure,5232.869399378,1780039921.7698655,1.744224041011815,,311.05601025295374,psi,,simulated
thrust,thrust,5232.869448618,1780039921.7699149,2.5004783273313436,2.4995216726686564,95.66546626871286,N,,simulated
CC-PT,pressure,5232.879467943,1780039921.7799344,1.2615741803138472,,190.39354507846178,psi,,simulated
FI-PT,pressure,5232.879540146,1780039921.7800064,1.7398842263083727,,309.9710565770932,psi,,simulated
thrust,thrust,5232.879594404,1780039921.7800608,2.50046521430793,2.49953478569207,93.04286158595687,N,,simulated
FM-FM,flow,5232.886011149,1780039921.7864773,1.8309422529866999,,9.66508362175031,gallons_per_minute,,simulated
CC-PT,pressure,5232.889605915,1780039921.7900722,1.2656648475724277,,191.41621189310692,psi,,simulated
FI-PT,pressure,5232.889668025,1780039921.7901342,1.7391975807187057,,309.7993951796764,psi,,simulated
thrust,thrust,5232.889715783,1780039921.7901819,2.500433623842433,2.499566376157567,86.72476848659016,N,,simulated
CC-PT,pressure,5232.899735423,1780039921.8002017,1.2677444538765494,,191.93611346913735,psi,,simulated
FI-PT,pressure,5232.899803478,1780039921.8002696,1.7439170770546288,,310.9792692636572,psi,,simulated
thrust,thrust,5232.89985581,1780039921.800322,2.500396072911748,2.499603927088252,79.2145823496071,N,,simulated
CC-PT,pressure,5232.909870709,1780039921.810337,1.2643606977892754,,191.09017444731884,psi,,simulated
FI-PT,pressure,5232.909932783,1780039921.810399,1.7383166239639072,,309.5791559909768,psi,,simulated
thrust,thrust,5232.909980337,1780039921.8104465,2.5003609061671384,2.4996390938328616,72.18123342767058,N,,simulated
CC-PT,pressure,5232.919998311,1780039921.8204646,1.2600560498304427,,190.01401245761068,psi,,simulated
FI-PT,pressure,5232.920115901,1780039921.8205822,1.7334159294862663,,308.3539823715666,psi,,simulated
thrust,thrust,5232.920169012,1780039921.820635,2.5003471970972058,2.4996528029027942,69.43941944115295,N,,simulated
FM-FM,flow,5232.926161281,1780039921.8266275,1.8226732996312736,,9.587562184043188,gallons_per_minute,,simulated
CC-PT,pressure,5232.930181966,1780039921.8306484,1.2611003233313947,,190.27508083284866,psi,,simulated
FI-PT,pressure,5232.93024291,1780039921.830709,1.735001413226296,,308.750353306574,psi,,simulated
thrust,thrust,5232.93028865,1780039921.8307548,2.5003013015152575,2.4996986984847425,60.26030305150698,N,,simulated
tank_temp,temperature,5232.938417557,1780039921.8388839,,,20.513270705585146,°C,,simulated
CC-PT,pressure,5232.94031016,1780039921.8407764,1.2561489648996549,,189.0372412249137,psi,,simulated
FI-PT,pressure,5232.940377474,1780039921.8408437,1.7378391907023418,,309.45979767558543,psi,,simulated
thrust,thrust,5232.940431066,1780039921.8408973,2.50027507546843,2.49972492453157,55.015093685995,N,,simulated
CC-PT,pressure,5232.952175386,1780039921.8526423,1.2625707700932944,,190.6426925233236,psi,,simulated
FI-PT,pressure,5232.952272847,1780039921.852739,1.7405953098053109,,310.1488274513277,psi,,simulated
thrust,thrust,5232.952329235,1780039921.8527954,2.500232160119076,2.499767839880924,46.43202381515721,N,,simulated
CC-PT,pressure,5232.962348893,1780039921.8628154,1.2562705583894918,,189.06763959737293,psi,,simulated
FI-PT,pressure,5232.962448022,1780039921.8629143,1.752114504827798,,313.02862620694947,psi,,simulated
thrust,thrust,5232.962505928,1780039921.8629723,2.500227987793444,2.499772012206556,45.59755868882576,N,,simulated
FM-FM,flow,5232.966313413,1780039921.8667796,1.8338521520915214,,9.692363925858013,gallons_per_minute,,simulated
CC-PT,pressure,5232.972509902,1780039921.872976,1.2591619800522302,,189.79049501305755,psi,,simulated
FI-PT,pressure,5232.972573771,1780039921.87304,1.730244365959688,,307.561091489922,psi,,simulated
thrust,thrust,5232.972622122,1780039921.8730884,2.500179111978902,2.499820888021098,35.82239578037161,N,,simulated
CC-PT,pressure,5232.982643003,1780039921.8831093,1.2626101091635358,,190.65252729088394,psi,,simulated
FI-PT,pressure,5232.982712261,1780039921.8831785,1.7412557293481503,,310.31393233703756,psi,,simulated
thrust,thrust,5232.982765223,1780039921.8832314,2.5001427531412546,2.4998572468587454,28.550628250911814,N,,simulated
CC-PT,pressure,5232.992784937,1780039921.8932514,1.2523509564818092,,188.08773912045228,psi,,simulated
FI-PT,pressure,5232.992850455,1780039921.8933165,1.73777004930616,,309.44251232654,psi,,simulated
thrust,thrust,5232.992898565,1780039921.8933647,2.5001141429083518,2.4998858570916482,22.828581670353287,N,,simulated
CC-PT,pressure,5233.002918482,1780039921.903385,1.2640614824368337,,191.01537060920842,psi,,simulated
FI-PT,pressure,5233.002987241,1780039921.9034534,1.7400517153801578,,310.0129288450394,psi,,simulated
thrust,thrust,5233.003038944,1780039921.903505,2.500082552442855,2.499917447557145,16.51048857098658,N,,simulated
FM-FM,flow,5233.006463785,1780039921.90693,1.8446811252452284,,9.793885549174016,gallons_per_minute,,simulated
CC-PT,pressure,5233.013055546,1780039921.913522,1.2405480433163694,,185.13701082909233,psi,,simulated
FI-PT,pressure,5233.013116879,1780039921.913583,1.7462941105716359,,311.57352764290897,psi,,simulated
thrust,thrust,5233.013163415,1780039921.9136298,2.500053942209952,2.499946057790048,10.788441990428055,N,,simulated
CC-PT,pressure,5233.02318437,1780039921.9236505,1.2497188150547522,,187.42970376368805,psi,,simulated
FI-PT,pressure,5233.023252776,1780039921.923719,1.7455424959114187,,311.38562397785466,psi,,simulated
thrust,thrust,5233.023306868,1780039921.9237733,2.5000038743023723,2.4999961256976277,0.7748604744506338,N,,simulated
CC-PT,pressure,5233.033320619,1780039921.9337869,1.2583972523685993,,189.59931309214983,psi,,simulated
FI-PT,pressure,5233.033389136,1780039921.9338553,1.7370720788326357,,309.26801970815893,psi,,simulated
thrust,thrust,5233.033437284,1780039921.9339035,2.4999776482555447,2.5000223517444553,4.470348891061349,N,,simulated
tank_temp,temperature,5233.038577009,1780039921.9390433,,,20.68787982396763,°C,,simulated
CC-PT,pressure,5233.043458442,1780039921.9439247,1.2499083578477332,,187.4770894619333,psi,,simulated
FI-PT,pressure,5233.043526441,1780039921.9439926,1.7345895450817996,,308.6473862704499,psi,,simulated
thrust,thrust,5233.043579774,1780039921.9440458,2.4999627470925745,2.5000372529074255,7.450581485102248,N,,simulated
FM-FM,flow,5233.046611269,1780039921.9470778,1.8218602921796192,,9.579940239183928,gallons_per_minute,,simulated
CC-PT,pressure,5233.053645709,1780039921.9541125,1.245051770812484,,186.26294270312098,psi,,simulated
FI-PT,pressure,5233.053745023,1780039921.9542112,1.729675737580745,,307.4189343951862,psi,,simulated
thrust,thrust,5233.053800781,1780039921.9542668,2.499935924999228,2.500064075000772,12.815000154375866,N,,simulated
CC-PT,pressure,5233.063804865,1780039921.964271,1.2471289929305307,,186.78224823263267,psi,,simulated
FI-PT,pressure,5233.063879809,1780039921.9643462,1.7373426839521746,,309.33567098804366,psi,,simulated
thrust,thrust,5233.063937012,1780039921.9644032,2.499883472905573,2.500116527094427,23.30541888539983,N,,simulated
CC-PT,pressure,5233.0739488,1780039921.974415,1.2587256740004626,,189.68141850011565,psi,,simulated
FI-PT,pressure,5233.074013021,1780039921.9744792,1.7451675826510884,,311.2918956627721,psi,,simulated
thrust,thrust,5233.074060428,1780039921.9745264,2.4998632073239335,2.5001367926760665,27.358535213295454,N,,simulated
CC-PT,pressure,5233.084084771,1780039921.984551,1.259296090518962,,189.8240226297405,psi,,simulated
FI-PT,pressure,5233.084153048,1780039921.9846194,1.736008731843082,,309.0021829607705,psi,,simulated
thrust,thrust,5233.084204381,1780039921.9846704,2.49982506034673,2.50017493965327,34.987930654040156,N,,simulated
FM-FM,flow,5233.086760956,1780039921.9872274,1.8553688353739781,,9.894082831631044,gallons_per_minute,,simulated
CC-PT,pressure,5233.094221187,1780039921.9946876,1.2396039056305772,,184.9009764076443,psi,,simulated
FI-PT,pressure,5233.094283056,1780039921.994749,1.741734950749272,,310.433737687318,psi,,simulated
thrust,thrust,5233.094330185,1780039921.9947963,2.4997767805787063,2.5002232194212937,44.64388425873267,N,,simulated
CC-PT,pressure,5233.104351214,1780039922.0048177,1.2430621675327023,,185.76554188317556,psi,,simulated
FI-PT,pressure,5233.104418935,1780039922.0048852,1.7416711737717596,,310.4177934429399,psi,,simulated
thrust,thrust,5233.104470083,1780039922.0049362,2.49976485964833,2.50023514035167,47.02807033396539,N,,simulated
CC-PT,pressure,5233.114487593,1780039922.014954,1.242211609150363,,185.55290228759074,psi,,simulated
FI-PT,pressure,5233.114548759,1780039922.015015,1.7397149490970312,,309.9287372742578,psi,,simulated
thrust,thrust,5233.114595295,1780039922.0150616,2.4997267126711264,2.5002732873288736,54.65746577471009,N,,simulated
CC-PT,pressure,5233.124618083,1780039922.0250845,1.2540765111537588,,188.5191277884397,psi,,simulated
FI-PT,pressure,5233.124688989,1780039922.025155,1.7437436275176557,,310.9359068794139,psi,,simulated
thrust,thrust,5233.124741655,1780039922.0252078,2.499715387787269,2.500284612212731,56.92244254618117,N,,simulated
FM-FM,flow,5233.126915051,1780039922.0273812,1.7810299135482208,,9.19715543951457,gallons_per_minute,,simulated
CC-PT,pressure,5233.134756054,1780039922.0352223,1.243516354980034,,185.87908874500852,psi,,simulated
FI-PT,pressure,5233.134817239,1780039922.0352836,1.7364641113834514,,309.11602784586285,psi,,simulated
thrust,thrust,5233.134864479,1780039922.0353308,2.4996742605774713,2.5003257394225287,65.14788450573405,N,,simulated
tank_temp,temperature,5233.138744129,1780039922.0392106,,,20.54188093848794,°C,,simulated
CC-PT,pressure,5233.14488497,1780039922.0453513,1.246456652457315,,186.61416311432876,psi,,simulated
FI-PT,pressure,5233.14495234,1780039922.0454185,1.7320742287724291,,308.01855719310726,psi,,simulated
thrust,thrust,5233.145004802,1780039922.045471,2.4996462463910873,2.5003537536089127,70.75072178253095,N,,simulated
CC-PT,pressure,5233.155050034,1780039922.0555167,1.244433074525961,,186.10826863149026,psi,,simulated
FI-PT,pressure,5233.155146125,1780039922.0556123,1.7299183285139,,307.479582128475,psi,,simulated
thrust,thrust,5233.155200217,1780039922.0556664,2.4996021389486955,2.5003978610513045,79.572210260892,N,,simulated
CC-PT,pressure,5233.165205431,1780039922.0656717,1.242699771249267,,185.67494281231671,psi,,simulated
FI-PT,pressure,5233.165282559,1780039922.0657487,1.7424162319202698,,310.60405798006747,psi,,simulated
thrust,thrust,5233.165337762,1780039922.065804,2.4995890259252818,2.5004109740747182,82.194814943648,N,,simulated
FM-FM,flow,5233.167060831,1780039922.067527,1.808197713875498,,9.451853567582793,gallons_per_minute,,simulated
CC-PT,pressure,5233.175349847,1780039922.0758162,1.2398631858662588,,184.96579646656468,psi,,simulated
FI-PT,pressure,5233.175413475,1780039922.0758796,1.7345829885700927,,308.6457471425232,psi,,simulated
thrust,thrust,5233.175460882,1780039922.075927,2.4995395540642207,2.5004604459357793,92.08918715586378,N,,simulated
CC-PT,pressure,5233.185494096,1780039922.0859604,1.247292905723203,,186.82322643080073,psi,,simulated
FI-PT,pressure,5233.185580817,1780039922.086047,1.7347880285725628,,308.6970071431407,psi,,simulated
thrust,thrust,5233.185638909,1780039922.086105,2.499532401505995,2.500467598494005,93.51969880100341,N,,simulated
CC-PT,pressure,5233.195648104,1780039922.0961144,1.2409044791346167,,185.22611978365416,psi,,simulated
FI-PT,pressure,5233.195715251,1780039922.0961814,1.7415567328401484,,310.3891832100371,psi,,simulated
thrust,thrust,5233.195765028,1780039922.0962312,2.499516308249987,2.500483691750013,96.73835000256759,N,,simulated
CC-PT,pressure,5233.205782909,1780039922.1062493,1.233430651835281,,183.3576629588202,psi,,simulated
FI-PT,pressure,5233.205867408,1780039922.1063335,1.7317124285355125,,307.92810713387814,psi,,simulated
thrust,thrust,5233.205928166,1780039922.1063943,2.4994626640632944,2.5005373359367056,107.46718734111482,N,,simulated
FM-FM,flow,5233.207217111,1780039922.1076837,1.7594220351483862,,8.994581579516119,gallons_per_minute,,simulated
CC-PT,pressure,5233.215933991,1780039922.1164005,1.2384815500356614,,184.62038750891534,psi,,simulated
FI-PT,pressure,5233.21599936,1780039922.1164656,1.7469622787192198,,311.74056967980493,psi,,simulated
thrust,thrust,5233.216097007,1780039922.116563,2.4994567035981063,2.5005432964018937,108.65928037873118,N,,simulated
CC-PT,pressure,5233.226077388,1780039922.1265435,1.2306667841275674,,182.66669603189183,psi,,simulated
FI-PT,pressure,5233.22615922,1780039922.1266253,1.7402305293358002,,310.05763233395004,psi,,simulated
thrust,thrust,5233.226215627,1780039922.1266818,2.499435841969948,2.500564158030052,112.83160601038844,N,,simulated
CC-PT,pressure,5233.236229359,1780039922.1366956,1.2385220811989404,,184.63052029973508,psi,,simulated
FI-PT,pressure,5233.236296136,1780039922.1367624,1.732963530178491,,308.2408825446227,psi,,simulated
thrust,thrust,5233.236345228,1780039922.1368113,2.4993941187136315,2.5006058812863685,121.17625727370296,N,,simulated
tank_temp,temperature,5233.238906637,1780039922.139373,,,20.642797032726868,°C,,simulated
CC-PT,pressure,5233.246364738,1780039922.146831,1.234610823942521,,183.65270598563026,psi,,simulated
FI-PT,pressure,5233.246433478,1780039922.1468997,1.7322131076113114,,308.05327690282786,psi,,simulated
thrust,thrust,5233.246485311,1780039922.1469514,2.4993821977832553,2.5006178022167447,123.56044334893568,N,,simulated
FM-FM,flow,5233.247367724,1780039922.147834,1.8306662834484917,,9.66249640732961,gallons_per_minute,,simulated
CC-PT,pressure,5233.256530524,1780039922.1569972,1.231003550410694,,182.7508876026735,psi,,simulated
FI-PT,pressure,5233.256631004,1780039922.157097,1.7423923900595175,,310.5980975148794,psi,,simulated
thrust,thrust,5233.256686818,1780039922.1571534,2.4993476270851644,2.5006523729148356,130.47458296711056,N,,simulated
CC-PT,pressure,5233.266691069,1780039922.1671572,1.2239344386976287,,180.98360967440718,psi,,simulated
FI-PT,pressure,5233.26676855,1780039922.167235,1.7286863003595234,,307.17157508988083,psi,,simulated
thrust,thrust,5233.266822938,1780039922.167289,2.499317824759224,2.500682175240776,136.43504815519236,N,,simulated
CC-PT,pressure,5233.276834726,1780039922.177301,1.2486518917860856,,187.1629729465214,psi,,simulated
FI-PT,pressure,5233.276898892,1780039922.177365,1.7318286576066801,,307.95716440167,psi,,simulated
thrust,thrust,5233.276947039,1780039922.1774132,2.4992796777820203,2.5007203222179797,144.06444359593706,N,,simulated
CC-PT,pressure,5233.286968679,1780039922.187435,1.2341494839369636,,183.53737098424088,psi,,simulated
FI-PT,pressure,5233.28704103,1780039922.1875072,1.7355962676520666,,308.89906691301667,psi,,simulated
thrust,thrust,5233.287094195,1780039922.1875606,2.4992665647586065,2.5007334352413935,146.68704827869306,N,,simulated
FM-FM,flow,5233.287517912,1780039922.1879842,1.8149884718642797,,9.51551692372762,gallons_per_minute,,simulated
CC-PT,pressure,5233.297107854,1780039922.1975744,1.2446464591796944,,186.1616147949236,psi,,simulated
FI-PT,pressure,5233.297171149,1780039922.1976373,1.7366584225485828,,309.1646056371457,psi,,simulated
thrust,thrust,5233.297219241,1780039922.1976855,2.499240934758298,2.500759065241702,151.8130483404434,N,,simulated
CC-PT,pressure,5233.307240085,1780039922.2077065,1.2285657201487685,,182.14143003719212,psi,,simulated
FI-PT,pressure,5233.307309824,1780039922.207776,1.7354138774173113,,308.85346935432784,psi,,simulated
thrust,thrust,5233.307362712,1780039922.207829,2.499258816153862,2.500741183846138,148.23676922759432,N,,simulated
CC-PT,pressure,5233.317377982,1780039922.2178442,1.235503105581177,,183.87577639529422,psi,,simulated
FI-PT,pressure,5233.317439611,1780039922.217906,1.7375256702334487,,309.38141755836216,psi,,simulated
thrust,thrust,5233.31748574,1780039922.217952,2.4992170928975455,2.5007829071024545,156.58142049090884,N,,simulated
CC-PT,pressure,5233.327506694,1780039922.2279727,1.2436063580043741,,185.90158950109353,psi,,simulated
FI-PT,pressure,5233.327574378,1780039922.2280407,1.732897965061422,,308.2244912653555,psi,,simulated
thrust,thrust,5233.327626378,1780039922.2280927,2.499193847083312,2.500806152916688,161.23058333761264,N,,simulated
FM-FM,flow,5233.327680377,1780039922.2281463,1.8487551032012826,,9.832079092512023,gallons_per_minute,,simulated
CC-PT,pressure,5233.337642499,1780039922.2381089,1.2367154642004328,,184.17886605010818,psi,,simulated
FI-PT,pressure,5233.337706479,1780039922.2381728,1.7342301290309583,,308.5575322577396,psi,,simulated
thrust,thrust,5233.337754701,1780039922.2382207,2.4991634487108527,2.5008365512891473,167.31025782945608,N,,simulated
tank_temp,temperature,5233.339072664,1780039922.239539,,,20.917975454646445,°C,,simulated
CC-PT,pressure,5233.347774044,1780039922.2482405,1.227656749207586,,181.9141873018965,psi,,simulated
FI-PT,pressure,5233.347845229,1780039922.2483115,1.7424239805250143,,310.60599513125356,psi,,simulated
thrust,thrust,5233.347900357,1780039922.2483666,2.4991765617342665,2.5008234382657335,164.6876531467001,N,,simulated
CC-PT,pressure,5233.357938904,1780039922.258406,1.2186081670055589,,179.6520417513897,psi,,simulated
FI-PT,pressure,5233.358035014,1780039922.2585013,1.7385824607112956,,309.6456151778239,psi,,simulated
thrust,thrust,5233.358089736,1780039922.258556,2.4991306661523183,2.5008693338476817,173.86676953634606,N,,simulated
FM-FM,flow,5233.367829546,1780039922.268296,1.8046065335996786,,9.418186252496985,gallons_per_minute,,simulated
CC-PT,pressure,5233.368092672,1780039922.2685587,1.2218679454169208,,180.4669863542302,psi,,simulated
FI-PT,pressure,5233.3681693,1780039922.2686353,1.7318811097003353,,307.9702774250838,psi,,simulated
thrust,thrust,5233.368224188,1780039922.2686903,2.499141394989657,2.500858605010343,171.7210020686366,N,,simulated
CC-PT,pressure,5233.378236032,1780039922.2787023,1.2326748648494321,,183.16871621235802,psi,,simulated
FI-PT,pressure,5233.378300142,1780039922.2787664,1.7447384291575465,,311.18460728938663,psi,,simulated
thrust,thrust,5233.378348512,1780039922.2788148,2.499122321501055,2.500877678498945,175.53569978900896,N,,simulated
CC-PT,pressure,5233.388372207,1780039922.2888384,1.2339217941667788,,183.4804485416947,psi,,simulated
FI-PT,pressure,5233.38844028,1780039922.2889066,1.722375955864901,,305.59398896622525,psi,,simulated
thrust,thrust,5233.38849315,1780039922.2889595,2.499097883593784,2.500902116406216,180.42328124323603,N,,simulated
CC-PT,pressure,5233.39850866,1780039922.298975,1.233119515552463,,183.27987888811575,psi,,simulated
FI-PT,pressure,5233.398571289,1780039922.2990375,1.7346950453156287,,308.6737613289072,psi,,simulated
thrust,thrust,5233.398618936,1780039922.2990851,2.4990776180121443,2.5009223819878557,184.47639757113166,N,,simulated
FM-FM,flow,5233.407980141,1780039922.3084464,1.7688139401452472,,9.082630688861691,gallons_per_minute,,simulated
CC-PT,pressure,5233.408640131,1780039922.3091063,1.2290157352704687,,182.25393381761717,psi,,simulated
FI-PT,pressure,5233.408707945,1780039922.309174,1.7380650923329701,,309.51627308324254,psi,,simulated
thrust,thrust,5233.408760593,1780039922.3092268,2.4990710615004375,2.5009289384995625,185.78769991250965,N,,simulated
CC-PT,pressure,5233.418774788,1780039922.319241,1.2297923838844758,,182.44809597111893,psi,,simulated
FI-PT,pressure,5233.418836935,1780039922.3193033,1.739756076306829,,309.9390190767072,psi,,simulated
thrust,thrust,5233.418884583,1780039922.3193507,2.499047219639685,2.500952780360315,190.5560720629751,N,,simulated
CC-PT,pressure,5233.428904167,1780039922.3293703,1.2316180743715852,,182.9045185928963,psi,,simulated
FI-PT,pressure,5233.428970962,1780039922.3294373,1.7344566267081054,,308.61415667702636,psi,,simulated
thrust,thrust,5233.429024221,1780039922.3294904,2.4990561603374672,2.5009438396625328,188.76793250655055,N,,simulated
CC-PT,pressure,5233.439039416,1780039922.3395057,1.225882318721094,,181.47057968027352,psi,,simulated
FI-PT,pressure,5233.439101471,1780039922.3395677,1.731341091554295,,307.83527288857374,psi,,simulated
thrust,thrust,5233.439147896,1780039922.339614,2.499057352430505,2.500942647569495,188.52951389902728,N,,simulated
tank_temp,temperature,5233.439204877,1780039922.3396711,,,20.610718892805554,°C,,simulated
FM-FM,flow,5233.448169272,1780039922.3486354,1.838872055872924,,9.739425523808661,gallons_per_minute,,simulated
CC-PT,pressure,5233.449171147,1780039922.3496373,1.2292249475985704,,182.30623689964258,psi,,simulated
FI-PT,pressure,5233.449242572,1780039922.3497088,1.7370249911576499,,309.25624778941244,psi,,simulated
thrust,thrust,5233.449296256,1780039922.3497627,2.4990406631279782,2.5009593368720218,191.8673744043531,N,,simulated
CC-PT,pressure,5233.459337211,1780039922.359804,1.2295724427190355,,182.39311067975888,psi,,simulated
FI-PT,pressure,5233.459433802,1780039922.3599002,1.7322095313321986,,308.05238283304965,psi,,simulated
thrust,thrust,5233.459488505,1780039922.3599548,2.49903470266279,2.50096529733721,193.05946744196945,N,,simulated
CC-PT,pressure,5233.469494441,1780039922.3699608,1.2205727363315506,,180.14318408288764,psi,,simulated
FI-PT,pressure,5233.469569699,1780039922.370036,1.7360772771927448,,309.0193192981862,psi,,simulated
thrust,thrust,5233.46962518,1780039922.3700912,2.499010860802038,2.500989139197962,197.82783959243488,N,,simulated
CC-PT,pressure,5233.479636616,1780039922.3801029,1.2308587111066236,,182.7146777766559,psi,,simulated
FI-PT,pressure,5233.479699263,1780039922.3801653,1.715946998113036,,303.986749528259,psi,,simulated
thrust,thrust,5233.479748022,1780039922.3802142,2.4990156291741883,2.5009843708258117,196.8741651623418,N,,simulated
FM-FM,flow,5233.488315996,1780039922.3887823,1.782477710542406,,9.210728536335054,gallons_per_minute,,simulated
CC-PT,pressure,5233.489767162,1780039922.3902333,1.2356944365137144,,183.92360912842858,psi,,simulated
FI-PT,pressure,5233.489835494,1780039922.3903017,1.7352320832290749,,308.8080208072687,psi,,simulated
thrust,thrust,5233.489889327,1780039922.3903558,2.498997747778624,2.501002252221376,200.45044427519088,N,,simulated
CC-PT,pressure,5233.49990304,1780039922.4003694,1.2395216512109817,,184.8804128027454,psi,,simulated
FI-PT,pressure,5233.499964743,1780039922.400431,1.7280538950030677,,307.01347375076693,psi,,simulated
thrust,thrust,5233.500044594,1780039922.400511,2.4990001319646993,2.5009998680353007,199.97360706014433,N,,simulated
CC-PT,pressure,5233.510033438,1780039922.4104998,1.227936891071426,,181.98422276785647,psi,,simulated
FI-PT,pressure,5233.510100918,1780039922.4105673,1.7382969544287865,,309.5742386071966,psi,,simulated
thrust,thrust,5233.510152584,1780039922.4106188,2.4990090726624814,2.5009909273375186,198.1854675037198,N,,simulated
CC-PT,pressure,5233.520171131,1780039922.4206374,1.223859336836259,,180.96483420906472,psi,,simulated
FI-PT,pressure,5233.520233668,1780039922.4206998,1.736990420459559,,309.2476051148897,psi,,simulated
thrust,thrust,5233.520281185,1780039922.4207475,2.499025761965008,2.500974238034992,194.84760699839399,N,,simulated
FM-FM,flow,5233.528471795,1780039922.428938,1.783477876600966,,9.220105093134055,gallons_per_minute,,simulated
CC-PT,pressure,5233.530302436,1780039922.4307687,1.216382529304329,,179.09563232608227,psi,,simulated
FI-PT,pressure,5233.530373287,1780039922.4308395,1.7367275639447646,,309.18189098619115,psi,,simulated
thrust,thrust,5233.530427157,1780039922.4308934,2.499000728011218,2.500999271988782,199.8543977563827,N,,simulated
tank_temp,temperature,5233.539365941,1780039922.4398322,,,20.933581036229786,°C,,simulated
CC-PT,pressure,5233.540444408,1780039922.4409106,1.2286414180566572,,182.16035451416428,psi,,simulated
FI-PT,pressure,5233.540507481,1780039922.4409735,1.7297770654889424,,307.4442663722356,psi,,simulated
thrust,thrust,5233.540554258,1780039922.4410205,2.499000728011218,2.500999271988782,199.8543977563827,N,,simulated
CC-PT,pressure,5233.551966212,1780039922.4524329,1.2283028636339741,,182.07571590849352,psi,,simulated
FI-PT,pressure,5233.552111395,1780039922.4525778,1.734634844617229,,308.65871115430724,psi,,simulated
thrust,thrust,5233.552173339,1780039922.4526396,2.4989834426621726,2.5010165573378274,203.31146756547014,N,,simulated
CC-PT,pressure,5233.562186201,1780039922.4626527,1.2180955669993838,,179.52389174984594,psi,,simulated
FI-PT,pressure,5233.562266736,1780039922.4627328,1.7298235571174094,,307.45588927935233,psi,,simulated
thrust,thrust,5233.562320106,1780039922.4627862,2.499006688476406,2.500993311523594,198.66230471876634,N,,simulated
FM-FM,flow,5233.568623834,1780039922.46909,1.806143141525166,,9.43259195179843,gallons_per_minute,,simulated
CC-PT,pressure,5233.572328635,1780039922.4727948,1.227296737110226,,181.82418427755647,psi,,simulated
FI-PT,pressure,5233.572399782,1780039922.472866,1.7330118099465144,,308.2529524866286,psi,,simulated
thrust,thrust,5233.572453892,1780039922.4729202,2.4989995359181805,2.5010004640818195,200.09281636390597,N,,simulated
CC-PT,pressure,5233.582464421,1780039922.4829307,1.2198127770200702,,179.95319425501754,psi,,simulated
FI-PT,pressure,5233.582527902,1780039922.482994,1.7307533896867502,,307.6883474216875,psi,,simulated
thrust,thrust,5233.582574994,1780039922.4830413,2.4989995359181805,2.5010004640818195,200.09281636390597,N,,simulated
CC-PT,pressure,5233.592595133,1780039922.4930613,1.2151546734755843,,178.78866836889605,psi,,simulated
FI-PT,pressure,5233.592664614,1780039922.4931307,1.7261811168409724,,306.5452792102431,psi,,simulated
thrust,thrust,5233.592718132,1780039922.4931843,2.499004304290331,2.500995695709669,199.13914193381288,N,,simulated
CC-PT,pressure,5233.602731771,1780039922.503198,1.2220431830934504,,180.5107957733626,psi,,simulated
FI-PT,pressure,5233.6027934,1780039922.5032597,1.7431130103007566,,310.77825257518913,psi,,simulated
thrust,thrust,5233.602841455,1780039922.5033076,2.4990275501045645,2.5009724498954355,194.48997908710908,N,,simulated
FM-FM,flow,5233.608781281,1780039922.5092478,1.8225838926534523,,9.586723993626114,gallons_per_minute,,simulated
CC-PT,pressure,5233.612861798,1780039922.513328,1.2198151612061454,,179.95379030153634,psi,,simulated
FI-PT,pressure,5233.612931427,1780039922.5133977,1.7354341429989508,,308.8585357497377,psi,,simulated
thrust,thrust,5233.612985723,1780039922.5134518,2.4990299342906397,2.5009700657093603,194.01314187206253,N,,simulated
CC-PT,pressure,5233.622998344,1780039922.5234647,1.2180162928123823,,179.50407320309557,psi,,simulated
FI-PT,pressure,5233.623061121,1780039922.5235274,1.7185904644239502,,304.64761610598754,psi,,simulated
thrust,thrust,5233.623109694,1780039922.5235758,2.4990490077792415,2.5009509922207585,190.19844415169018,N,,simulated
CC-PT,pressure,5233.633127575,1780039922.533594,1.2181039116506471,,179.52597791266177,psi,,simulated
FI-PT,pressure,5233.633195537,1780039922.5336616,1.7361303253329188,,309.0325813332297,psi,,simulated
thrust,thrust,5233.633248573,1780039922.5337148,2.4990496038257604,2.5009503961742396,190.07923484792855,N,,simulated
tank_temp,temperature,5233.639527135,1780039922.5399933,,,20.909132291749252,°C,,simulated
CC-PT,pressure,5233.643264991,1780039922.5437312,1.2184931300274289,,179.6232825068572,psi,,simulated
FI-PT,pressure,5233.643328619,1780039922.5437946,1.7222400572586127,,305.5600143146532,psi,,simulated
thrust,thrust,5233.643377804,1780039922.5438437,2.499062716849174,2.500937283150826,187.45663016517256,N,,simulated
FM-FM,flow,5233.648927005,1780039922.5493932,1.7975791451429302,,9.352304485714969,gallons_per_minute,,simulated
CC-PT,pressure,5233.653425739,1780039922.5538924,1.2127490297256744,,178.1872574314186,psi,,simulated
FI-PT,pressure,5233.653531201,1780039922.5539973,1.7290469085034024,,307.2617271258506,psi,,simulated
thrust,thrust,5233.653591719,1780039922.554058,2.4990889428960017,2.5009110571039983,182.21142079966057,N,,simulated
CC-PT,pressure,5233.663593859,1780039922.5640602,1.2338264267237695,,183.45660668094237,psi,,simulated
FI-PT,pressure,5233.663662302,1780039922.5641284,1.7267825277784499,,306.69563194461244,psi,,simulated
thrust,thrust,5233.663712987,1780039922.5641792,2.49909490336119,2.50090509663881,181.0193277620442,N,,simulated
CC-PT,pressure,5233.673729867,1780039922.5741963,1.2296320473709164,,182.40801184272908,psi,,simulated
FI-PT,pressure,5233.673799199,1780039922.5742652,1.7268993528961363,,306.72483822403404,psi,,simulated
thrust,thrust,5233.673852921,1780039922.5743191,2.4991080163846036,2.5008919836153964,178.39672307928822,N,,simulated
CC-PT,pressure,5233.683866616,1780039922.5843327,1.2140144364851042,,178.50360912127604,psi,,simulated
FI-PT,pressure,5233.683930652,1780039922.5843968,1.7313828148106116,,307.8457037026529,psi,,simulated
thrust,thrust,5233.68397967,1780039922.584446,2.4991294740592807,2.5008705259407193,174.10518814386933,N,,simulated
FM-FM,flow,5233.689094489,1780039922.589561,1.8115772976371405,,9.48353716534819,gallons_per_minute,,simulated
CC-PT,pressure,5233.694003495,1780039922.5944695,1.2237818507888139,,180.94546269720345,psi,,simulated
FI-PT,pressure,5233.694077605,1780039922.594544,1.7278154763955444,,306.9538690988861,psi,,simulated
thrust,thrust,5233.694133086,1780039922.5945995,2.4991324542918747,2.5008675457081253,173.50914162506115,N,,simulated
CC-PT,pressure,5233.704150448,1780039922.6046166,1.2211133505241096,,180.2783376310274,psi,,simulated
FI-PT,pressure,5233.704213484,1780039922.6046796,1.7209067011960388,,305.2266752990097,psi,,simulated
thrust,thrust,5233.704262243,1780039922.6047285,2.4991360305709875,2.5008639694290125,172.79388580249133,N,,simulated
CC-PT,pressure,5233.714281456,1780039922.6147478,1.2198175453922206,,179.95438634805515,psi,,simulated
FI-PT,pressure,5233.714349881,1780039922.614816,1.7293902312982359,,307.347557824559,psi,,simulated
thrust,thrust,5233.714402547,1780039922.6148686,2.4991551040595894,2.5008448959404106,168.97918808211898,N,,simulated
CC-PT,pressure,5233.724417465,1780039922.6248837,1.2306912220348385,,182.67280550870962,psi,,simulated
FI-PT,pressure,5233.724481019,1780039922.6249473,1.7314418234159736,,307.8604558539934,psi,,simulated
thrust,thrust,5233.724529463,1780039922.6249955,2.499165236850409,2.500834763149591,166.95262991817117,N,,simulated
FM-FM,flow,5233.72925125,1780039922.6297176,1.766594262909205,,9.061821214773795,gallons_per_minute,,simulated
CC-PT,pressure,5233.734548214,1780039922.6350143,1.2244792252158194,,181.11980630395485,psi,,simulated
FI-PT,pressure,5233.734616509,1780039922.6350827,1.7396958756084293,,309.92396890210733,psi,,simulated
thrust,thrust,5233.734669416,1780039922.6351357,2.499203383827613,2.500796616172387,159.32323447742647,N,,simulated
tank_temp,temperature,5233.73969181,1780039922.6401582,,,20.8676908028779,°C,,simulated
CC-PT,pressure,5233.744683667,1780039922.6451497,1.2134416357805295,,178.36040894513238,psi,,simulated
FI-PT,pressure,5233.744746333,1780039922.6452124,1.7264159591693828,,306.6039897923457,psi,,simulated
thrust,thrust,5233.74479348,1780039922.6452599,2.499215304757989,2.500784695242011,156.93904840219375,N,,simulated
CC-PT,pressure,5233.754842805,1780039922.6553097,1.217874433740906,,179.46860843522649,psi,,simulated
FI-PT,pressure,5233.754946248,1780039922.6554124,1.7215891744600742,,305.39729361501855,psi,,simulated
thrust,thrust,5233.755008006,1780039922.6554742,2.4992445110374106,2.5007554889625894,151.0977925178736,N,,simulated
CC-PT,pressure,5233.765007572,1780039922.6654737,1.2093473922428362,,177.33684806070903,psi,,simulated
FI-PT,pressure,5233.765074071,1780039922.6655405,1.7262651594001244,,306.56628985003107,psi,,simulated
thrust,thrust,5233.765123626,1780039922.6655898,2.4992689489446818,2.5007310510553182,146.2102110636465,N,,simulated
FM-FM,flow,5233.769404474,1780039922.6698709,1.8426760247559577,,9.775087732087103,gallons_per_minute,,simulated
CC-PT,pressure,5233.775141006,1780039922.6756072,1.22230842379432,,180.57710594858,psi,,simulated
FI-PT,pressure,5233.775212005,1780039922.6756783,1.7322870173796436,,308.0717543449109,psi,,simulated
thrust,thrust,5233.775267079,1780039922.6757333,2.499274313363351,2.500725686636649,145.1373273297918,N,,simulated
CC-PT,pressure,5233.785278589,1780039922.685745,1.2210239435462884,,180.2559858865721,psi,,simulated
FI-PT,pressure,5233.785342088,1780039922.6858082,1.722885575638482,,305.7213939096205,psi,,simulated
thrust,thrust,5233.785390254,1780039922.6858566,2.4993064998753667,2.5006935001246333,138.70002492666345,N,,simulated
CC-PT,pressure,5233.795410264,1780039922.6958766,1.221171167036434,,180.2927917591085,psi,,simulated
FI-PT,pressure,5233.795479967,1780039922.6959462,1.723680701694572,,305.920175423643,psi,,simulated
thrust,thrust,5233.795534374,1780039922.6960006,2.4993410705734576,2.5006589294265424,131.78588530848856,N,,simulated
CC-PT,pressure,5233.80554718,1780039922.7060134,1.2187929414263894,,179.69823535659734,psi,,simulated
FI-PT,pressure,5233.805610105,1780039922.7060761,1.7311497606217576,,307.7874401554394,psi,,simulated
thrust,thrust,5233.805657364,1780039922.7061236,2.4993529915038337,2.5006470084961663,129.40169923325584,N,,simulated
FM-FM,flow,5233.80955394,1780039922.71002,1.8033208612586094,,9.406133074299461,gallons_per_minute,,simulated
CC-PT,pressure,5233.815678244,1780039922.7161446,1.2203504109800352,,180.08760274500878,psi,,simulated
FI-PT,pressure,5233.815746021,1780039922.7162123,1.7275740775554271,,306.89351938885676,psi,,simulated
thrust,thrust,5233.815799335,1780039922.7162654,2.499385774062368,2.500614225937632,122.84518752636586,N,,simulated
CC-PT,pressure,5233.825813345,1780039922.7262795,1.2218405272770556,,180.4601318192639,psi,,simulated
FI-PT,pressure,5233.825874122,1780039922.7263403,1.7287888203607584,,307.1972050901896,psi,,simulated
thrust,thrust,5233.825921362,1780039922.7263875,2.4994000791788196,2.5005999208211804,119.9841642360866,N,,simulated
CC-PT,pressure,5233.835941669,1780039922.7364078,1.2317098655354817,,182.9274663838704,psi,,simulated
FI-PT,pressure,5233.836091463,1780039922.7365577,1.7234953312272228,,305.8738328068057,psi,,simulated
thrust,thrust,5233.836151536,1780039922.7366178,2.4994185566209026,2.5005814433790974,116.28867581947588,N,,simulated
tank_temp,temperature,5233.8398553,1780039922.7403216,,,20.967219734309467,°C,,simulated
CC-PT,pressure,5233.846078251,1780039922.7465446,1.221385743783205,,180.34643594580123,psi,,simulated
FI-PT,pressure,5233.846141954,1780039922.746608,1.7221268084200392,,305.5317021050098,psi,,simulated
thrust,thrust,5233.84623349,1780039922.7466998,2.499451935225956,2.500548064774044,109.61295480882427,N,,simulated
FM-FM,flow,5233.852115872,1780039922.752583,1.8061705596650313,,9.432848996859667,gallons_per_minute,,simulated
CC-PT,pressure,5233.856230815,1780039922.7566977,1.2186457179362438,,179.66142948406093,psi,,simulated
FI-PT,pressure,5233.856323758,1780039922.75679,1.7249508768261523,,306.2377192065381,psi,,simulated
thrust,thrust,5233.856383313,1780039922.7568493,2.4994620680167756,2.5005379319832244,107.58639664487646,N,,simulated
CC-PT,pressure,5233.866389304,1780039922.7668557,1.2235780028793815,,180.89450071984535,psi,,simulated
FI-PT,pressure,5233.866456174,1780039922.7669222,1.725781765673371,,306.44544141834274,psi,,simulated
thrust,thrust,5233.866506118,1780039922.7669723,2.4995157122034684,2.5004842877965316,96.85755930632922,N,,simulated
CC-PT,pressure,5233.876527535,1780039922.7769938,1.2257946998828293,,181.44867497070732,psi,,simulated
FI-PT,pressure,5233.876595145,1780039922.7770615,1.724510398448753,,306.12759961218825,psi,,simulated
thrust,thrust,5233.876647459,1780039922.7771137,2.4995312094129574,2.5004687905870426,93.75811740852669,N,,simulated
CC-PT,pressure,5233.886663525,1780039922.7871299,1.2277729782787536,,181.9432445696884,psi,,simulated
FI-PT,pressure,5233.886727783,1780039922.787194,1.728911605943633,,307.2279014859082,psi,,simulated
thrust,thrust,5233.886775246,1780039922.7872415,2.499578297087943,2.500421702912057,84.34058241135745,N,,simulated
FM-FM,flow,5233.892284262,1780039922.7927506,1.8149676102361214,,9.515321345963637,gallons_per_minute,,simulated
CC-PT,pressure,5233.896793589,1780039922.7972598,1.2278391394423414,,181.95978486058533,psi,,simulated
FI-PT,pressure,5233.896860773,1780039922.797327,1.7294152652520258,,307.35381631300646,psi,,simulated
thrust,thrust,5233.896912254,1780039922.7973783,2.4995812773205373,2.5004187226794627,83.74453589254927,N,,simulated
CC-PT,pressure,5233.906927894,1780039922.807394,1.2196226381805704,,179.90565954514258,psi,,simulated
FI-PT,pressure,5233.906990449,1780039922.8074565,1.7292275105986012,,307.3068776496503,psi,,simulated
thrust,thrust,5233.907039707,1780039922.8075058,2.4996241926698914,2.5003758073301086,75.16146602171148,N,,simulated
CC-PT,pressure,5233.917059143,1780039922.8175254,1.2269498380362795,,181.73745950906988,psi,,simulated
FI-PT,pressure,5233.91712679,1780039922.817593,1.7286201391959357,,307.15503479898393,psi,,simulated
thrust,thrust,5233.91718166,1780039922.817648,2.499656379181907,2.500343620818093,68.72416361858313,N,,simulated
CC-PT,pressure,5233.927193652,1780039922.8276598,1.2172396441983753,,179.3099110495938,psi,,simulated
FI-PT,pressure,5233.927257799,1780039922.827724,1.7202343607228232,,305.0585901807058,psi,,simulated
thrust,thrust,5233.927305798,1780039922.827772,2.499680817089178,2.500319182910822,63.83658216435606,N,,simulated
FM-FM,flow,5233.932439339,1780039922.8329055,1.8048866754635184,,9.420812582470484,gallons_per_minute,,simulated
CC-PT,pressure,5233.93732566,1780039922.837792,1.213477398571658,,178.3693496429145,psi,,simulated
FI-PT,pressure,5233.937397085,1780039922.8378632,1.7186357639593797,,304.6589409898449,psi,,simulated
thrust,thrust,5233.937450047,1780039922.8379161,2.4997171759268255,2.5002828240731745,56.564814634896265,N,,simulated
tank_temp,temperature,5233.940047623,1780039922.840514,,,20.99635015326505,°C,,simulated
CC-PT,pressure,5233.947506298,1780039922.8479736,1.217721845832091,,179.43046145802276,psi,,simulated
FI-PT,pressure,5233.94761587,1780039922.848082,1.7299636280493293,,307.49090701233234,psi,,simulated
thrust,thrust,5233.947666295,1780039922.8481324,2.4997362494154274,2.5002637505845726,52.750116914523915,N,,simulated
CC-PT,pressure,5233.957695991,1780039922.8581626,1.2254185945294611,,181.35464863236527,psi,,simulated
FI-PT,pressure,5233.957807841,1780039922.858274,1.725029554966635,,306.25738874165876,psi,,simulated
thrust,thrust,5233.95786847,1780039922.8583348,2.4997642636018114,2.5002357363981886,47.147279637727024,N,,simulated
CC-PT,pressure,5233.967866239,1780039922.8683329,1.2127168432136588,,178.1792108034147,psi,,simulated
FI-PT,pressure,5233.967934535,1780039922.8684006,1.7254855305535233,,306.3713826383808,psi,,simulated
thrust,thrust,5233.967983719,1780039922.8684497,2.4997922777881953,2.5002077222118047,41.544442360930134,N,,simulated
FM-FM,flow,5233.972588952,1780039922.8730555,1.8042763238282589,,9.415090535889926,gallons_per_minute,,simulated
CC-PT,pressure,5233.978002914,1780039922.8784692,1.2323965111251487,,183.09912778128717,psi,,simulated
FI-PT,pressure,5233.978073562,1780039922.8785398,1.7175944706910218,,304.39861767275545,psi,,simulated
thrust,thrust,5233.978126653,1780039922.8785927,2.4998322129049555,2.5001677870950445,33.557419008900524,N,,simulated
CC-PT,pressure,5233.988143349,1780039922.8886096,1.2221331861177904,,180.5332965294476,psi,,simulated
FI-PT,pressure,5233.988208014,1780039922.8886743,1.7230828670362075,,305.7707167590519,psi,,simulated
thrust,thrust,5233.988255458,1780039922.8887217,2.4998608231378583,2.5001391768621417,27.835372428341998,N,,simulated
CC-PT,pressure,5233.998274857,1780039922.8987412,1.2263770373317049,,181.5942593329262,psi,,simulated
FI-PT,pressure,5233.998343671,1780039922.89881,1.7203231716541256,,305.0807929135314,psi,,simulated
thrust,thrust,5233.998396559,1780039922.8988628,2.4999031424406937,2.5000968575593063,19.371511861265844,N,,simulated
CC-PT,pressure,5234.008413773,1780039922.9088802,1.2210018898250925,,180.25047245627312,psi,,simulated
FI-PT,pressure,5234.008475994,1780039922.908942,1.7187597416352918,,304.6899354088229,psi,,simulated
thrust,thrust,5234.008522364,1780039922.9089885,2.4999287724410024,2.5000712275589976,14.245511799515498,N,,simulated
FM-FM,flow,5234.012749676,1780039922.913216,1.7788972591039252,,9.177161804099297,gallons_per_minute,,simulated
CC-PT,pressure,5234.018546448,1780039922.9190125,1.2156642932491653,,178.9160733122913,psi,,simulated
FI-PT,pressure,5234.018620558,1780039922.919087,1.7199625635102467,,304.99064087756165,psi,,simulated
thrust,thrust,5234.018675002,1780039922.919141,2.499957382673905,2.500042617326095,8.523465218956972,N,,simulated
CC-PT,pressure,5234.028691957,1780039922.9291584,1.2220896747219174,,180.52241868047935,psi,,simulated
FI-PT,pressure,5234.02875677,1780039922.9292228,1.7145707267011079,,303.64268167527695,psi,,simulated
thrust,thrust,5234.02880651,1780039922.9292727,2.499988973139402,2.500011026860598,2.2053721195902654,N,,simulated
CC-PT,pressure,5234.038823835,1780039922.93929,1.2273503812969186,,181.83759532422965,psi,,simulated
FI-PT,pressure,5234.038895816,1780039922.939362,1.7238410382081315,,305.9602595520329,psi,,simulated
thrust,thrust,5234.038950389,1780039922.9394166,2.5000086426745227,2.4999913573254773,1.7285349045437215,N,,simulated
tank_temp,temperature,5234.040207724,1780039922.940674,,,21.0702165727595,°C,,simulated
CC-PT,pressure,5234.048963733,1780039922.94943,1.2184102795613145,,179.60256989032862,psi,,simulated
FI-PT,pressure,5234.04902575,1780039922.949492,1.7301174080511819,,307.52935201279547,psi,,simulated
thrust,thrust,5234.049073583,1780039922.94954,2.5000563263960274,2.4999436736039726,11.265279205474599,N,,simulated
FM-FM,flow,5234.052925919,1780039922.953393,1.7948975318548122,,9.327164361138863,gallons_per_minute,,simulated
CC-PT,pressure,5234.059104426,1780039922.959571,1.226392534541194,,181.59813363529847,psi,,simulated
FI-PT,pressure,5234.059186018,1780039922.9596524,1.7186661623318389,,304.6665405829597,psi,,simulated
thrust,thrust,5234.059245221,1780039922.9597116,2.5000956654662687,2.4999043345337313,19.133093253742572,N,,simulated
CC-PT,pressure,5234.069252416,1780039922.9697187,1.2194766067834624,,179.86915169586558,psi,,simulated
FI-PT,pressure,5234.069318063,1780039922.9697843,1.7232718137826697,,305.8179534456674,psi,,simulated
thrust,thrust,5234.06936847,1780039922.9698348,2.50010997058272,2.49989002941728,21.994116544021836,N,,simulated
CC-PT,pressure,5234.079386684,1780039922.979853,1.2155695218526748,,178.89238046316868,psi,,simulated
FI-PT,pressure,5234.079453942,1780039922.9799201,1.7159410376478479,,303.985259411962,psi,,simulated
thrust,thrust,5234.079507127,1780039922.9799733,2.5001522898855555,2.4998477101144445,30.45797711109799,N,,simulated
CC-PT,pressure,5234.089521507,1780039922.9899879,1.2199296021377566,,179.98240053443914,psi,,simulated
FI-PT,pressure,5234.089583191,1780039922.9900494,1.7263122470751102,,306.57806176877756,psi,,simulated
thrust,thrust,5234.089630357,1780039922.9900966,2.5001928210488344,2.4998071789511656,38.564209766889235,N,,simulated
FM-FM,flow,5234.093103273,1780039922.9935696,1.80521092476975,,9.423852419716406,gallons_per_minute,,simulated
CC-PT,pressure,5234.099652627,1780039923.0001187,1.2289829527119343,,182.24573817798355,psi,,simulated
FI-PT,pressure,5234.099721811,1780039923.0001879,1.7332526127401129,,308.3131531850282,psi,,simulated
thrust,thrust,5234.09977594,1780039923.0002422,2.50021010639788,2.49978989360212,42.02127957597668,N,,simulated
CC-PT,pressure,5234.109790728,1780039923.010257,1.2183977625844196,,179.59944064610488,psi,,simulated
FI-PT,pressure,5234.109851875,1780039923.010318,1.7144562857694967,,303.61407144237415,psi,,simulated
thrust,thrust,5234.109900004,1780039923.0103662,2.50025004151464,2.49974995848536,50.00830292800629,N,,simulated
CC-PT,pressure,5234.119919496,1780039923.0203857,1.2309963978524683,,182.74909946311706,psi,,simulated
FI-PT,pressure,5234.119988383,1780039923.0204546,1.720278468165215,,305.06961704130373,psi,,simulated
thrust,thrust,5234.120071493,1780039923.0205376,2.50027507546843,2.49972492453157,55.015093685995,N,,simulated
CC-PT,pressure,5234.130056393,1780039923.0305226,1.2276275429281645,,181.9068857320411,psi,,simulated
FI-PT,pressure,5234.13011804,1780039923.0305843,1.7299725687471115,,307.49314218677785,psi,,simulated
thrust,thrust,5234.130165003,1780039923.030631,2.500334084073792,2.499665915926208,66.81681475839696,N,,simulated
FM-FM,flow,5234.133249404,1780039923.0337157,1.8166401167678972,,9.531001094699034,gallons_per_minute,,simulated
CC-PT,pressure,5234.140189475,1780039923.0406559,1.223467734273402,,180.86693356835048,psi,,simulated
FI-PT,pressure,5234.140257197,1780039923.0407236,1.7234208254123717,,305.8552063530929,psi,,simulated
thrust,thrust,5234.140310455,1780039923.0407767,2.5003537536089127,2.4996462463910873,70.75072178253095,N,,simulated
tank_temp,temperature,5234.140371362,1780039923.0408375,,,20.96461880404558,°C,,simulated
CC-PT,pressure,5234.151975461,1780039923.052442,1.2283898864257201,,182.09747160643002,psi,,simulated
FI-PT,pressure,5234.152107404,1780039923.0525737,1.7216499712049926,,305.41249280124816,psi,,simulated
thrust,thrust,5234.15216381,1780039923.05263,2.500386536167447,2.499613463832553,77.30723348942092,N,,simulated
CC-PT,pressure,5234.162181043,1780039923.0626476,1.2399549770301552,,184.9887442575388,psi,,simulated
FI-PT,pressure,5234.162269338,1780039923.0627356,1.708482707558001,,302.1206768895002,psi,,simulated
thrust,thrust,5234.162327022,1780039923.0627933,2.500396668958267,2.499603331041733,79.33379165336873,N,,simulated
CC-PT,pressure,5234.17233694,1780039923.0728033,1.234300283706222,,183.5750709265555,psi,,simulated
FI-PT,pressure,5234.172399976,1780039923.0728662,1.7196222209480072,,304.9055552370018,psi,,simulated
thrust,thrust,5234.172448161,1780039923.0729144,2.5004389882611022,2.4995610117388978,87.79765222044489,N,,simulated
FM-FM,flow,5234.173546405,1780039923.074013,1.790258501798928,,9.28367345436495,gallons_per_minute,,simulated
CC-PT,pressure,5234.182469393,1780039923.0829358,1.2347938102237952,,183.6984525559488,psi,,simulated
FI-PT,pressure,5234.182543614,1780039923.0830097,1.7258139521853866,,306.45348804634665,psi,,simulated
thrust,thrust,5234.182598984,1780039923.083065,2.5004592538427417,2.4995407461572583,91.85076854834051,N,,simulated
CC-PT,pressure,5234.192620475,1780039923.0930867,1.2287338052670724,,182.1834513167681,psi,,simulated
FI-PT,pressure,5234.192694326,1780039923.0931604,1.7287012015224936,,307.1753003806234,psi,,simulated
thrust,thrust,5234.192744418,1780039923.0932107,2.500492632447795,2.499507367552205,98.52648955899213,N,,simulated
CC-PT,pressure,5234.202762169,1780039923.1032283,1.2218715216960336,,180.4678804240084,psi,,simulated
FI-PT,pressure,5234.202833723,1780039923.1032999,1.723712292160069,,305.92807304001724,psi,,simulated
thrust,thrust,5234.202887019,1780039923.1033533,2.500511109889878,2.499488890110122,102.22197797560284,N,,simulated
CC-PT,pressure,5234.212901196,1780039923.1133676,1.237526087466012,,184.38152186650296,psi,,simulated
FI-PT,pressure,5234.212963454,1780039923.1134298,1.716164555092401,,304.0411387731002,psi,,simulated
thrust,thrust,5234.213010602,1780039923.1134768,2.50054508454145,2.49945491545855,109.01690829001609,N,,simulated
FM-FM,flow,5234.213694092,1780039923.1141603,1.7931624404385615,,9.310897879111513,gallons_per_minute,,simulated
CC-PT,pressure,5234.223042593,1780039923.123509,1.2400276947054498,,185.00692367636245,psi,,simulated
FI-PT,pressure,5234.223111925,1780039923.123578,1.715300287640129,,303.82507191003225,psi,,simulated
thrust,thrust,5234.223165554,1780039923.123632,2.5005623698904955,2.4994376301095045,112.47397809910353,N,,simulated
CC-PT,pressure,5234.233182564,1780039923.1336489,1.2359072251209289,,183.9768062802322,psi,,simulated
FI-PT,pressure,5234.233245156,1780039923.1337113,1.7082824359276814,,302.0706089819203,psi,,simulated
thrust,thrust,5234.233293415,1780039923.1337595,2.500598728728143,2.499401271271857,119.74574562856333,N,,simulated
tank_temp,temperature,5234.240529556,1780039923.1409957,,,20.950226989918704,°C,,simulated
CC-PT,pressure,5234.24331511,1780039923.1437814,1.2366266532691303,,184.15666331728258,psi,,simulated
FI-PT,pressure,5234.243384109,1780039923.1438503,1.712519730629889,,303.12993265747224,psi,,simulated
thrust,thrust,5234.243438312,1780039923.1439044,2.5006392598914218,2.4993607401085782,127.85197828435457,N,,simulated
CC-PT,pressure,5234.253478544,1780039923.1539457,1.237296013509752,,184.32400337743798,psi,,simulated
FI-PT,pressure,5234.253572672,1780039923.1540387,1.7254819542744104,,306.3704885686026,psi,,simulated
thrust,thrust,5234.253626486,1780039923.1540928,2.500632107333196,2.499367892666804,126.42146663921494,N,,simulated
FM-FM,flow,5234.253777503,1780039923.154244,1.7967512365283056,,9.344542842452864,gallons_per_minute,,simulated
CC-PT,pressure,5234.263635997,1780039923.1641023,1.2353093904625643,,183.82734761564106,psi,,simulated
FI-PT,pressure,5234.263712718,1780039923.1641788,1.7178352734846203,,304.4588183711551,psi,,simulated
thrust,thrust,5234.26376981,1780039923.164236,2.500656545240467,2.499343454759533,131.30904809344202,N,,simulated
CC-PT,pressure,5234.273780542,1780039923.1742465,1.2331433574132153,,183.28583935330383,psi,,simulated
FI-PT,pressure,5234.273844837,1780039923.1743112,1.7102630985096812,,302.5657746274203,psi,,simulated
thrust,thrust,5234.2738923,1780039923.1743586,2.500698268496784,2.499301731503216,139.65369935675653,N,,simulated
CC-PT,pressure,5234.283912976,1780039923.184379,1.2416012575151034,,185.40031437877585,psi,,simulated
FI-PT,pressure,5234.283983475,1780039923.18445,1.7259844214897657,,306.49610537244143,psi,,simulated
thrust,thrust,5234.2840829,1780039923.184549,2.5007238984970925,2.4992761015029075,144.77969941850688,N,,simulated
FM-FM,flow,5234.293924913,1780039923.194391,1.8000205516839685,,9.375192672037203,gallons_per_minute,,simulated
CC-PT,pressure,5234.294018782,1780039923.194485,1.2375219151403802,,184.38047878509505,psi,,simulated
FI-PT,pressure,5234.294066799,1780039923.1945329,1.7078061947591536,,301.9515486897884,psi,,simulated
thrust,thrust,5234.294153521,1780039923.1946197,2.5007340312879123,2.4992659687120877,146.8062575824547,N,,simulated
CC-PT,pressure,5234.304151068,1780039923.2046173,1.2247885733590809,,181.1971433397702,psi,,simulated
FI-PT,pressure,5234.304219752,1780039923.2046862,1.7251779705498183,,306.29449263745454,psi,,simulated
thrust,thrust,5234.304273307,1780039923.2047396,2.5007650257068903,2.4992349742931097,153.00514137805976,N,,simulated
CC-PT,pressure,5234.31428728,1780039923.2147536,1.2379862353785318,,184.49655884463294,psi,,simulated
FI-PT,pressure,5234.314350576,1780039923.2148168,1.715446915083756,,303.86172877093895,psi,,simulated
thrust,thrust,5234.314399204,1780039923.2148654,2.5007835031489734,2.4992164968510266,156.70062979467048,N,,simulated
CC-PT,pressure,5234.324421215,1780039923.2248876,1.2361736579148361,,184.04341447870902,psi,,simulated
FI-PT,pressure,5234.324489491,1780039923.2249556,1.719191279314909,,304.7978198287272,psi,,simulated
thrust,thrust,5234.324541657,1780039923.2250078,2.5008043647771316,2.4991956352228684,160.87295542632774,N,,simulated
FM-FM,flow,5234.334075007,1780039923.2345414,1.790464137847917,,9.28560129232422,gallons_per_minute,,simulated
CC-PT,pressure,5234.334556019,1780039923.2350223,1.2298728501645149,,182.4682125411287,psi,,simulated
FI-PT,pressure,5234.334617704,1780039923.235084,1.7210020686390481,,305.250517159762,psi,,simulated
thrust,thrust,5234.334664981,1780039923.235131,2.500831782916997,2.499168217083003,166.356583399363,N,,simulated
tank_temp,temperature,5234.34069662,1780039923.2411628,,,20.970687641327988,°C,,simulated
CC-PT,pressure,5234.344686732,1780039923.245153,1.2495626508668245,,187.39066271670612,psi,,simulated
FI-PT,pressure,5234.344755527,1780039923.2452216,1.7182674072107562,,304.56685180268903,psi,,simulated
thrust,thrust,5234.344809248,1780039923.2452755,2.5008288026844028,2.4991711973155972,165.7605368805548,N,,simulated
CC-PT,pressure,5234.354850925,1780039923.2553177,1.2543477123198166,,188.58692807995413,psi,,simulated
FI-PT,pressure,5234.354947535,1780039923.2554138,1.7240901856529933,,306.02254641324834,psi,,simulated
thrust,thrust,5234.355002256,1780039923.2554686,2.500859201056862,2.499140798943138,171.84021137239824,N,,simulated
CC-PT,pressure,5234.365007766,1780039923.265474,1.233669666489323,,183.41741662233073,psi,,simulated
FI-PT,pressure,5234.365082913,1780039923.265549,1.7163236995129227,,304.0809248782307,psi,,simulated
thrust,thrust,5234.365138802,1780039923.265605,2.500871121987238,2.499128878012762,174.22439744763096,N,,simulated
FM-FM,flow,5234.374222676,1780039923.274689,1.7788305018938186,,9.176535955254549,gallons_per_minute,,simulated
CC-PT,pressure,5234.375150127,1780039923.2756162,1.2457312638439255,,186.43281596098137,psi,,simulated
FI-PT,pressure,5234.375212904,1780039923.2756793,1.7140336887876617,,303.50842219691543,psi,,simulated
thrust,thrust,5234.375261458,1780039923.2757275,2.5008770824524262,2.4991229175475738,175.41649048524732,N,,simulated
CC-PT,pressure,5234.385281135,1780039923.2857475,1.2406463909919727,,185.16159774799317,psi,,simulated
FI-PT,pressure,5234.385349523,1780039923.2858157,1.7117901696908677,,302.94754242271694,psi,,simulated
thrust,thrust,5234.385402152,1780039923.2858684,2.5009039045457726,2.4990960954542274,180.78090915452094,N,,simulated
CC-PT,pressure,5234.395450199,1780039923.2959166,1.243982463357742,,185.99561583943552,psi,,simulated
FI-PT,pressure,5234.395513327,1780039923.2959795,1.7068566926546922,,301.714173163673,psi,,simulated
thrust,thrust,5234.395560919,1780039923.2960272,2.500899136173622,2.499100863826378,179.82723472442785,N,,simulated
CC-PT,pressure,5234.405581855,1780039923.306048,1.240101604473782,,185.0254011184455,psi,,simulated
FI-PT,pressure,5234.405650336,1780039923.3061166,1.7111225975898026,,302.78064939745065,psi,,simulated
thrust,thrust,5234.40570302,1780039923.3061693,2.5009098650109607,2.4990901349890393,181.9730021921373,N,,simulated
FM-FM,flow,5234.414376827,1780039923.3148432,1.7714514459909734,,9.107357306165374,gallons_per_minute,,simulated
CC-PT,pressure,5234.415717419,1780039923.3161836,1.2448330217400814,,186.20825543502033,psi,,simulated
FI-PT,pressure,5234.415778641,1780039923.316245,1.7209490204988742,,305.23725512471856,psi,,simulated
thrust,thrust,5234.415825288,1780039923.3162916,2.5009474159416456,2.4990525840583544,189.48318832912037,N,,simulated
CC-PT,pressure,5234.425847576,1780039923.326314,1.2530870739325373,,188.2717684831343,psi,,simulated
FI-PT,pressure,5234.425920834,1780039923.326387,1.7197712325777093,,304.9428081444273,psi,,simulated
thrust,thrust,5234.425974019,1780039923.32644,2.5009360910577882,2.4990639089422118,187.21821155764928,N,,simulated
CC-PT,pressure,5234.435986029,1780039923.3364522,1.2473709878171668,,186.8427469542917,psi,,simulated
FI-PT,pressure,5234.436082972,1780039923.336549,1.7229314712204302,,305.73286780510756,psi,,simulated
thrust,thrust,5234.436131046,1780039923.3365972,2.500974238034992,2.499025761965008,194.84760699839399,N,,simulated
tank_temp,temperature,5234.440857536,1780039923.3413239,,,20.954041687639066,°C,,simulated
CC-PT,pressure,5234.446151519,1780039923.346618,1.2445028119686616,,186.1257029921654,psi,,simulated
FI-PT,pressure,5234.446220758,1780039923.346687,1.7307110703839148,,307.6777675959787,psi,,simulated
thrust,thrust,5234.446273035,1780039923.3467393,2.5009760261745484,2.4990239738254516,195.2052349096789,N,,simulated
FM-FM,flow,5234.454551847,1780039923.3550189,1.804366326852599,,9.415934314243113,gallons_per_minute,,simulated
CC-PT,pressure,5234.456297731,1780039923.356764,1.2451399856972678,,186.28499642431694,psi,,simulated
FI-PT,pressure,5234.45636797,1780039923.3568344,1.7183854244214802,,304.59635610537003,psi,,simulated
thrust,thrust,5234.456419599,1780039923.3568857,2.500968277569804,2.499031722430196,193.65551396077763,N,,simulated
CC-PT,pressure,5234.466435054,1780039923.3669012,1.2426985791562293,,185.6746447890573,psi,,simulated
FI-PT,pressure,5234.466504905,1780039923.3669713,1.7168732544032639,,304.218313600816,psi,,simulated
thrust,thrust,5234.466560404,1780039923.3670268,2.500971257802398,2.499028742197602,194.2515604795858,N,,simulated
CC-PT,pressure,5234.476575451,1780039923.3770416,1.247068792232131,,186.76719805803276,psi,,simulated
FI-PT,pressure,5234.476638339,1780039923.3771045,1.7057379133388892,,301.4344783347223,psi,,simulated
thrust,thrust,5234.476685709,1780039923.377152,2.5009635091976534,2.4990364908023466,192.70183953068454,N,,simulated
CC-PT,pressure,5234.4867052,1780039923.3871713,1.2418158342618744,,185.45395856546858,psi,,simulated
FI-PT,pressure,5234.486772459,1780039923.3872387,1.7119314327158253,,302.9828581789563,psi,,simulated
thrust,thrust,5234.486825662,1780039923.387292,2.500989735244481,2.499010264755519,197.94704889619652,N,,simulated
FM-FM,flow,5234.494726053,1780039923.3951924,1.7847069245227485,,9.231627417400766,gallons_per_minute,,simulated
CC-PT,pressure,5234.496842413,1780039923.3973086,1.2572772809597588,,189.31932023993969,psi,,simulated
FI-PT,pressure,5234.496904838,1780039923.397371,1.72632237986593,,306.58059496648247,psi,,simulated
thrust,thrust,5234.49695217,1780039923.3974185,2.500977814314105,2.499022185685895,195.5628628209638,N,,simulated
CC-PT,pressure,5234.506974588,1780039923.407441,1.2387712286438022,,184.69280716095054,psi,,simulated
FI-PT,pressure,5234.507045846,1780039923.407512,1.7160846848588807,,304.02117121472014,psi,,simulated
thrust,thrust,5234.507098845,1780039923.407565,2.5010135771052333,2.4989864228947667,202.71542104666196,N,,simulated
CC-PT,pressure,5234.517112133,1780039923.4175785,1.2526984516022743,,188.17461290056858,psi,,simulated
FI-PT,pressure,5234.517174244,1780039923.4176404,1.7118378534123724,,302.9594633530931,psi,,simulated
thrust,thrust,5234.517220336,1780039923.4176865,2.5009819866397365,2.4990180133602635,196.39732794729525,N,,simulated
CC-PT,pressure,5234.527241938,1780039923.4277081,1.2475790080522309,,186.8947520130577,psi,,simulated
FI-PT,pressure,5234.527311993,1780039923.427778,1.7142804520464483,,303.5701130116121,psi,,simulated
thrust,thrust,5234.527363881,1780039923.42783,2.5010004640818195,2.4989995359181805,200.09281636390597,N,,simulated
FM-FM,flow,5234.534870129,1780039923.4353364,1.776809904195059,,9.157592851828676,gallons_per_minute,,simulated
CC-PT,pressure,5234.537378835,1780039923.4378452,1.2492944299333608,,187.3236074833402,psi,,simulated
FI-PT,pressure,5234.537441909,1780039923.4379082,1.700807416535308,,300.201854133827,psi,,simulated
thrust,thrust,5234.537489797,1780039923.437956,2.5009718538489167,2.4990281461510833,194.37076978334744,N,,simulated
tank_temp,temperature,5234.541020415,1780039923.4414866,,,21.069522991355818,°C,,simulated
CC-PT,pressure,5234.547510029,1780039923.447976,1.2507517636718468,,187.6879409179617,psi,,simulated
FI-PT,pressure,5234.547579676,1780039923.4480457,1.7069329866090996,,301.7332466522749,psi,,simulated
thrust,thrust,5234.547633139,1780039923.4480994,2.5009950996631503,2.4990049003368497,199.01993263005124,N,,simulated
CC-PT,pressure,5234.557676519,1780039923.4581432,1.2512417139103071,,187.81042847757678,psi,,simulated
FI-PT,pressure,5234.557772777,1780039923.458239,1.70383712099041,,300.95928024760246,psi,,simulated
thrust,thrust,5234.557827128,1780039923.4582932,2.5010094047796017,2.4989905952203983,201.8809559203305,N,,simulated
CC-PT,pressure,5234.567833157,1780039923.4682992,1.2625713661398132,,190.6428415349533,psi,,simulated
FI-PT,pressure,5234.567907119,1780039923.4683733,1.6986217139508384,,299.65542848770957,psi,,simulated
thrust,thrust,5234.567962914,1780039923.468429,2.5009885431514434,2.4990114568485566,197.70863028867325,N,,simulated
FM-FM,flow,5234.575023057,1780039923.4754894,1.848474365290924,,9.82944717460241,gallons_per_minute,,simulated
CC-PT,pressure,5234.577976628,1780039923.478443,1.2633730487076102,,190.84326217690256,psi,,simulated
FI-PT,pressure,5234.578040016,1780039923.4785063,1.7158188481114922,,303.95471202787303,psi,,simulated
thrust,thrust,5234.578088219,1780039923.4785542,2.50098019850018,2.49901980149982,196.03970003601034,N,,simulated
CC-PT,pressure,5234.588110692,1780039923.4885771,1.2502183020375135,,187.55457550937837,psi,,simulated
FI-PT,pressure,5234.588184561,1780039923.4886508,1.716754641146021,,304.18866028650524,psi,,simulated
thrust,thrust,5234.588237746,1780039923.488704,2.5009784103606236,2.4990215896393764,195.68207212472544,N,,simulated
CC-PT,pressure,5234.598250793,1780039923.498717,1.2513668836792569,,187.8417209198142,psi,,simulated
FI-PT,pressure,5234.598314311,1780039923.4987805,1.7096557271070156,,302.4139317767539,psi,,simulated
thrust,thrust,5234.598361495,1780039923.4988275,2.500980794546699,2.499019205453301,196.15890933977198,N,,simulated
CC-PT,pressure,5234.608383542,1780039923.5088499,1.268805416680028,,192.201354170007,psi,,simulated
FI-PT,pressure,5234.608452986,1780039923.508919,1.712547744816273,,303.1369362040682,psi,,simulated
thrust,thrust,5234.608505448,1780039923.5089715,2.5009790064071424,2.4990209935928576,195.80128142848707,N,,simulated
FM-FM,flow,5234.615172115,1780039923.5156384,1.7909755457610543,,9.290395741509883,gallons_per_minute,,simulated
CC-PT,pressure,5234.618521069,1780039923.5189872,1.2699361169262071,,192.48402923155177,psi,,simulated
FI-PT,pressure,5234.618583068,1780039923.5190492,1.7041804437852435,,301.04511094631084,psi,,simulated
thrust,thrust,5234.618631031,1780039923.5190973,2.5009593368720218,2.4990406631279782,191.8673744043531,N,,simulated
CC-PT,pressure,5234.628650578,1780039923.5291169,1.2654353696626865,,191.35884241567163,psi,,simulated
FI-PT,pressure,5234.628716392,1780039923.5291827,1.7126949683064185,,303.17374207660464,psi,,simulated
thrust,thrust,5234.628767317,1780039923.5292335,2.500931322685638,2.499068677314362,186.2645371275562,N,,simulated
CC-PT,pressure,5234.638785494,1780039923.5392518,1.2495024501684249,,187.3756125421062,psi,,simulated
FI-PT,pressure,5234.638846919,1780039923.539313,1.71430965832587,,303.57741458146745,psi,,simulated
thrust,thrust,5234.63889277,1780039923.539359,2.5009450317555704,2.4990549682444296,189.00635111407382,N,,simulated
tank_temp,temperature,5234.641178979,1780039923.5416453,,,21.01646401397243,°C,,simulated
CC-PT,pressure,5234.648916539,1780039923.549383,1.2694616638972358,,192.36541597430895,psi,,simulated
FI-PT,pressure,5234.648983057,1780039923.5494492,1.7186923883786664,,304.6730970946666,psi,,simulated
thrust,thrust,5234.64903713,1780039923.5495033,2.5009408594299387,2.4990591405700613,188.17188598774237,N,,simulated
FM-FM,flow,5234.655355043,1780039923.555822,1.78815207340146,,9.263925688138686,gallons_per_minute,,simulated
CC-PT,pressure,5234.659054511,1780039923.5595207,1.257543713753666,,189.3859284384165,psi,,simulated
FI-PT,pressure,5234.659125917,1780039923.5595922,1.7185994051217324,,304.6498512804331,psi,,simulated
thrust,thrust,5234.65917612,1780039923.5596423,2.5009420515229763,2.4990579484770237,188.41030459526564,N,,simulated
CC-PT,pressure,5234.669192334,1780039923.5696585,1.267652662712653,,191.91316567816324,psi,,simulated
FI-PT,pressure,5234.669269777,1780039923.569736,1.7119123592272234,,302.9780898068058,psi,,simulated
thrust,thrust,5234.669324073,1780039923.5697901,2.5009074808248855,2.4990925191751145,181.49616497709076,N,,simulated
CC-PT,pressure,5234.679337231,1780039923.5798037,1.259144098656666,,189.7860246641665,psi,,simulated
FI-PT,pressure,5234.679400601,1780039923.579867,1.7079766640635328,,301.9941660158832,psi,,simulated
thrust,thrust,5234.679448989,1780039923.5799153,2.500893771754953,2.499106228245047,178.75435099057313,N,,simulated
CC-PT,pressure,5234.689475647,1780039923.589942,1.2676729282942925,,191.9182320735731,psi,,simulated
FI-PT,pressure,5234.689556183,1780039923.5900223,1.7035331372658178,,300.8832843164544,psi,,simulated
thrust,thrust,5234.689610553,1780039923.590077,2.500871121987238,2.499128878012762,174.22439744763096,N,,simulated
FM-FM,flow,5234.695529064,1780039923.5959954,1.7709793771480773,,9.102931660763224,gallons_per_minute,,simulated
CC-PT,pressure,5234.699620933,1780039923.6000874,1.2639553861564858,,190.98884653912145,psi,,simulated
FI-PT,pressure,5234.699685154,1780039923.6001513,1.7046072130927101,,301.1518032731775,psi,,simulated
thrust,thrust,5234.699733209,1780039923.6001995,2.500868737801163,2.499131262198837,173.74756023258442,N,,simulated
CC-PT,pressure,5234.709752886,1780039923.6102192,1.269983204601193,,192.49580115029823,psi,,simulated
FI-PT,pressure,5234.709821774,1780039923.610288,1.711693014108302,,302.9232535270755,psi,,simulated
thrust,thrust,5234.709873755,1780039923.61034,2.500862777335975,2.499137222664025,172.55546719496806,N,,simulated
CC-PT,pressure,5234.71988908,1780039923.6203554,1.2632448987060665,,190.81122467651662,psi,,simulated
FI-PT,pressure,5234.719951246,1780039923.6204176,1.7111351145666975,,302.78377864167436,psi,,simulated
thrust,thrust,5234.719998134,1780039923.6204643,2.5008168817540266,2.4991831182459734,163.3763508053221,N,,simulated
CC-PT,pressure,5234.730020625,1780039923.6304867,1.2708391274022015,,192.70978185055037,psi,,simulated
FI-PT,pressure,5234.730088124,1780039923.6305544,1.7076035389427588,,301.9008847356897,psi,,simulated
thrust,thrust,5234.730139661,1780039923.630606,2.500809729195801,2.499190270804199,161.94583916018246,N,,simulated
FM-FM,flow,5234.73568114,1780039923.6361475,1.7437913112391603,,8.848043542867126,gallons_per_minute,,simulated
CC-PT,pressure,5234.740158912,1780039923.6406252,1.2649042922144285,,191.2260730536071,psi,,simulated
FI-PT,pressure,5234.740220522,1780039923.6406865,1.7172255178958795,,304.30637947396986,psi,,simulated
thrust,thrust,5234.740268632,1780039923.6407347,2.500778734776823,2.499221265223177,155.7469553645774,N,,simulated
tank_temp,temperature,5234.741390691,1780039923.641857,,,21.22297787692534,°C,,simulated
CC-PT,pressure,5234.752045859,1780039923.6525126,1.273217949058765,,193.30448726469123,psi,,simulated
FI-PT,pressure,5234.752149857,1780039923.652616,1.710838283400331,,302.70957085008274,psi,,simulated
thrust,thrust,5234.752210597,1780039923.6526768,2.500759065241702,2.499240934758298,151.8130483404434,N,,simulated
CC-PT,pressure,5234.762224441,1780039923.662691,1.2712956990356086,,192.82392475890214,psi,,simulated
FI-PT,pressure,5234.762303773,1780039923.66277,1.7067929156771797,,301.69822891929493,psi,,simulated
thrust,thrust,5234.762354476,1780039923.6628206,2.500743568032213,2.499256431967787,148.71360644264087,N,,simulated
CC-PT,pressure,5234.772374042,1780039923.6728404,1.2880165920277347,,197.00414800693366,psi,,simulated
FI-PT,pressure,5234.772444541,1780039923.672911,1.7052968389149712,,301.3242097287428,psi,,simulated
thrust,thrust,5234.772499133,1780039923.6729653,2.500728666869243,2.499271333130757,145.73337384859997,N,,simulated
FM-FM,flow,5234.775829513,1780039923.676296,1.7873557552523323,,9.256460205490614,gallons_per_minute,,simulated
CC-PT,pressure,5234.782515439,1780039923.682982,1.2794072961100693,,194.85182402751732,psi,,simulated
FI-PT,pressure,5234.782579271,1780039923.6830456,1.7066564210243726,,301.66410525609314,psi,,simulated
thrust,thrust,5234.782627234,1780039923.6830935,2.5006929040781145,2.4993070959218855,138.5808156229018,N,,simulated
CC-PT,pressure,5234.792648984,1780039923.6931152,1.2636466340597432,,190.9116585149358,psi,,simulated
FI-PT,pressure,5234.792716891,1780039923.693183,1.7002453446680719,,300.06133616701794,psi,,simulated
thrust,thrust,5234.792769242,1780039923.6932354,2.5006750226825503,2.4993249773174497,135.00453651005273,N,,simulated
CC-PT,pressure,5234.802786252,1780039923.7032526,1.2786002491236028,,194.6500622809007,psi,,simulated
FI-PT,pressure,5234.802848085,1780039923.703314,1.699809634662823,,299.9524086657058,psi,,simulated
thrust,thrust,5234.80289588,1780039923.703362,2.5006684661708434,2.4993315338291566,133.69323416867473,N,,simulated
CC-PT,pressure,5234.812919057,1780039923.7133856,1.2868209227110055,,196.70523067775136,psi,,simulated
FI-PT,pressure,5234.812986445,1780039923.7134528,1.7075212845231633,,301.88032113079083,psi,,simulated
thrust,thrust,5234.813038926,1780039923.713505,2.50063508756579,2.49936491243421,127.01751315802312,N,,simulated
FM-FM,flow,5234.815984126,1780039923.7164502,1.7588563870020373,,8.989278628144097,gallons_per_minute,,simulated
CC-PT,pressure,5234.823055103,1780039923.7235212,1.2764187188647649,,194.1046797161912,psi,,simulated
FI-PT,pressure,5234.82311712,1780039923.7235832,1.701674068173655,,300.4185170434138,psi,,simulated
thrust,thrust,5234.82316412,1780039923.7236304,2.5006124377980754,2.4993875622019246,122.48755961508095,N,,simulated
CC-PT,pressure,5234.833185926,1780039923.733652,1.276660713751401,,194.16517843785024,psi,,simulated
FI-PT,pressure,5234.833255684,1780039923.733722,1.7033042554025954,,300.82606385064884,psi,,simulated
thrust,thrust,5234.833307276,1780039923.7337735,2.500583231518654,2.499416768481346,116.64630373076079,N,,simulated
tank_temp,temperature,5234.841551866,1780039923.7420182,,,20.949880199216864,°C,,simulated
CC-PT,pressure,5234.843324064,1780039923.7437904,1.2795926665774187,,194.89816664435466,psi,,simulated
FI-PT,pressure,5234.843385952,1780039923.7438521,1.7120011701585258,,303.00029253963146,psi,,simulated
thrust,thrust,5234.843433803,1780039923.7438998,2.500551045006638,2.499448954993362,110.20900132763245,N,,simulated
CC-PT,pressure,5234.853507905,1780039923.7539752,1.2916554560250586,,197.91386400626465,psi,,simulated
FI-PT,pressure,5234.853615589,1780039923.7540817,1.7032643202858353,,300.8160800714588,psi,,simulated
thrust,thrust,5234.853677162,1780039923.7541435,2.50053018337848,2.49946981662152,106.03667569597519,N,,simulated
FM-FM,flow,5234.856163202,1780039923.7566297,1.759444684916101,,8.994793921088444,gallons_per_minute,,simulated
CC-PT,pressure,5234.863670932,1780039923.7641373,1.2895645248370795,,197.39113120926987,psi,,simulated
FI-PT,pressure,5234.863734394,1780039923.7642007,1.712050642019587,,303.0126605048967,psi,,simulated
thrust,thrust,5234.863783264,1780039923.7642493,2.5005039573316523,2.4994960426683477,100.79146633046321,N,,simulated
CC-PT,pressure,5234.873803181,1780039923.7742693,1.292396937894456,,198.099234473614,psi,,simulated
FI-PT,pressure,5234.87387068,1780039923.7743368,1.7038657312233128,,300.96643280582816,psi,,simulated
thrust,thrust,5234.873923402,1780039923.7743895,2.500471174773118,2.499528825226882,94.23495462357323,N,,simulated
CC-PT,pressure,5234.883940615,1780039923.7844071,1.2787003849387626,,194.67509623469064,psi,,simulated
FI-PT,pressure,5234.884085354,1780039923.7845516,1.7127623215630439,,303.19058039076094,psi,,simulated
thrust,thrust,5234.884141279,1780039923.7846074,2.500452697331035,2.499547302668965,90.53946620696252,N,,simulated
CC-PT,pressure,5234.894074105,1780039923.7945404,1.2844230275658401,,196.10575689146003,psi,,simulated
FI-PT,pressure,5234.894144364,1780039923.7946105,1.7061950810188151,,301.54877025470375,psi,,simulated
thrust,thrust,5234.894198048,1780039923.7946641,2.5004139543073123,2.4995860456926877,82.79086146245618,N,,simulated
FM-FM,flow,5234.896323315,1780039923.7967894,1.777773115369453,,9.16662295658862,gallons_per_minute,,simulated
CC-PT,pressure,5234.90421078,1780039923.804677,1.281480941949003,,195.37023548725074,psi,,simulated
FI-PT,pressure,5234.904272817,1780039923.804739,1.6926052203899886,,298.15130509749713,psi,,simulated
thrust,thrust,5234.904320779,1780039923.804787,2.500393688725673,2.499606311274327,78.73774513456056,N,,simulated
CC-PT,pressure,5234.91434553,1780039923.8148122,1.2874241217880393,,196.85603044700983,psi,,simulated
FI-PT,pressure,5234.914418918,1780039923.8148851,1.710331643859344,,302.582910964836,psi,,simulated
thrust,thrust,5234.914472602,1780039923.8149388,2.500355541748469,2.499644458251531,71.10834969381585,N,,simulated
CC-PT,pressure,5234.924485909,1780039923.8249524,1.2922050109153997,,198.05125272884993,psi,,simulated
FI-PT,pressure,5234.924548704,1780039923.825015,1.701404059100635,,300.3510147751587,psi,,simulated
thrust,thrust,5234.924597166,1780039923.8250635,2.5003328919807544,2.4996671080192456,66.57839615087369,N,,simulated
CC-PT,pressure,5234.934617306,1780039923.8350837,1.2835182289502893,,195.87955723757233,psi,,simulated
FI-PT,pressure,5234.934687194,1780039923.8351533,1.6906066764124248,,297.6516691031062,psi,,simulated
thrust,thrust,5234.934740841,1780039923.8352072,2.5002881884918438,2.4997118115081562,57.63769836875099,N,,simulated
FM-FM,flow,5234.936472188,1780039923.8369384,1.7750795811509588,,9.141371073290237,gallons_per_minute,,simulated
tank_temp,temperature,5234.941738893,1780039923.8422058,,,21.048195363191905,°C,,simulated
CC-PT,pressure,5234.944785944,1780039923.8452532,1.2949402683902105,,198.73506709755262,psi,,simulated
FI-PT,pressure,5234.944886127,1780039923.8453524,1.702817881443248,,300.70447036081197,psi,,simulated
thrust,thrust,5234.944937201,1780039923.8454034,2.5002583861659033,2.4997416138340967,51.67723318066919,N,,simulated
CC-PT,pressure,5234.954970785,1780039923.8554378,1.3049216633941727,,201.23041584854317,psi,,simulated
FI-PT,pressure,5234.955080042,1780039923.8555465,1.7028131130710975,,300.70327826777435,psi,,simulated
thrust,thrust,5234.955140764,1780039923.855607,2.5002214312817372,2.4997785687182628,44.28625634744776,N,,simulated
CC-PT,pressure,5234.965142274,1780039923.8656087,1.2869514568986244,,196.7378642246561,psi,,simulated
FI-PT,pressure,5234.965208551,1780039923.8656747,1.693881355986757,,298.47033899668924,psi,,simulated
thrust,thrust,5234.965258643,1780039923.865725,2.5002142787235115,2.4997857212764885,42.85574470230813,N,,simulated
CC-PT,pressure,5234.975277449,1780039923.875744,1.2921495785891506,,198.03739464728764,psi,,simulated
FI-PT,pressure,5234.975347763,1780039923.875814,1.697728240219145,,299.43206005478623,psi,,simulated
thrust,thrust,5234.975401651,1780039923.8758678,2.500176131746308,2.499823868253692,35.22634926156343,N,,simulated
FM-FM,flow,5234.976625783,1780039923.8770924,1.7559470839437346,,8.96200391197251,gallons_per_minute,,simulated
CC-PT,pressure,5234.985415199,1780039923.8858814,1.2969197388791724,,199.2299347197931,psi,,simulated
FI-PT,pressure,5234.985478087,1780039923.8859444,1.7044009809972025,,301.1002452493006,psi,,simulated
thrust,thrust,5234.985526827,1780039923.885993,2.500141561048217,2.499858438951783,28.31220964338854,N,,simulated
CC-PT,pressure,5234.9955463,1780039923.8960125,1.2980069277294786,,199.50173193236964,psi,,simulated
FI-PT,pressure,5234.99561778,1780039923.896084,1.7093362461729344,,302.3340615432336,psi,,simulated
thrust,thrust,5234.995672372,1780039923.8961384,2.5001141429083518,2.4998858570916482,22.828581670353287,N,,simulated
CC-PT,pressure,5235.005710326,1780039923.9061768,1.2879122838869432,,196.9780709717358,psi,,simulated
FI-PT,pressure,5235.005792214,1780039923.9062583,1.7074515470804628,,301.86288677011567,psi,,simulated
thrust,thrust,5235.00584451,1780039923.9063106,2.500067055233366,2.499932944766634,13.411046673184046,N,,simulated
CC-PT,pressure,5235.015860168,1780039923.9163263,1.304998553395099,,201.24963834877474,psi,,simulated
FI-PT,pressure,5235.015932982,1780039923.9163995,1.7076881775484296,,301.9220443871074,psi,,simulated
thrust,thrust,5235.015987907,1780039923.916454,2.50004500151217,2.49995499848783,9.000302434003515,N,,simulated
FM-FM,flow,5235.016778748,1780039923.9172451,1.7486419378092215,,8.89351816696145,gallons_per_minute,,simulated
CC-PT,pressure,5235.026001176,1780039923.9264677,1.300862586601089,,200.21564665027225,psi,,simulated
FI-PT,pressure,5235.026065898,1780039923.926532,1.7068215259100825,,301.70538147752063,psi,,simulated
thrust,thrust,5235.026113341,1780039923.9265795,2.5000068545349663,2.4999931454650337,1.3709069932588136,N,,simulated
CC-PT,pressure,5235.036135092,1780039923.9366014,1.3000525593820287,,200.01313984550717,psi,,simulated
FI-PT,pressure,5235.036205943,1780039923.9366722,1.684934697739446,,296.2336744348615,psi,,simulated
thrust,thrust,5235.036258646,1780039923.9367247,2.499961554999537,2.500038445000463,7.68900009262552,N,,simulated
tank_temp,temperature,5235.041917698,1780039923.9423842,,,21.08270103802616,°C,,simulated
CC-PT,pressure,5235.046276675,1780039923.946743,1.3002820372917698,,200.07050932294246,psi,,simulated
FI-PT,pressure,5235.046342877,1780039923.946809,1.6952278250727446,,298.8069562681861,psi,,simulated
thrust,thrust,5235.046391692,1780039923.9468577,2.499946057790048,2.500053942209952,10.788441990428055,N,,simulated
CC-PT,pressure,5235.056438479,1780039923.9569051,1.3160963435287885,,204.0240858821971,psi,,simulated
FI-PT,pressure,5235.056541681,1780039923.9570081,1.7004551530426923,,300.11378826067306,psi,,simulated
thrust,thrust,5235.056600977,1780039923.9570673,2.499907910812844,2.500092089187156,18.417837431172757,N,,simulated
FM-FM,flow,5235.056997731,1780039923.957464,1.7903783071492085,,9.284796629523829,gallons_per_minute,,simulated
CC-PT,pressure,5235.066602098,1780039923.9670684,1.296231305149949,,199.05782628748725,psi,,simulated
FI-PT,pressure,5235.066666394,1780039923.9671326,1.6829468825992207,,295.73672064980514,psi,,simulated
thrust,thrust,5235.066714171,1780039923.9671803,2.499899566161581,2.500100433838419,20.08676768383566,N,,simulated
CC-PT,pressure,5235.076753347,1780039923.97722,1.3042940264098677,,201.07350660246692,psi,,simulated
FI-PT,pressure,5235.07685342,1780039923.9773197,1.7034419421484401,,300.86048553711004,psi,,simulated
thrust,thrust,5235.07691229,1780039923.9773786,2.4998453259283693,2.5001546740716307,30.934814326144533,N,,simulated
CC-PT,pressure,5235.086914892,1780039923.9873812,1.303339159886737,,200.83478997168424,psi,,simulated
FI-PT,pressure,5235.086980614,1780039923.9874468,1.7039152030843738,,300.97880077109346,psi,,simulated
thrust,thrust,5235.087030113,1780039923.9874961,2.499815523602429,2.500184476397571,36.89527951422633,N,,simulated
CC-PT,pressure,5235.097050234,1780039923.9975164,1.3118632211522128,,202.9658052880532,psi,,simulated
FI-PT,pressure,5235.097121159,1780039923.9975874,1.693660222728279,,298.41505568206975,psi,,simulated
thrust,thrust,5235.097174436,1780039923.9976404,2.4998006224394587,2.5001993775605413,39.87551210826723,N,,simulated
FM-FM,flow,5235.097231713,1780039923.9976978,1.7551793760275096,,8.9548066502579,gallons_per_minute,,simulated
CC-PT,pressure,5235.107187187,1780039924.0076535,1.310181773922655,,202.54544348066372,psi,,simulated
FI-PT,pressure,5235.107252279,1780039924.0077183,1.6957761878700481,,298.944046967512,psi,,simulated
thrust,thrust,5235.107301334,1780039924.0077674,2.499759495229661,2.500240504770339,48.10095406782011,N,,simulated
CC-PT,pressure,5235.117320122,1780039924.0177863,1.3142277376923248,,203.5569344230812,psi,,simulated
FI-PT,pressure,5235.117389417,1780039924.0178556,1.6921677222451834,,298.0419305612958,psi,,simulated
thrust,thrust,5235.117442435,1780039924.0179086,2.499715387787269,2.500284612212731,56.92244254618117,N,,simulated
CC-PT,pressure,5235.127456297,1780039924.0279224,1.3108040464882906,,202.70101162207266,psi,,simulated
FI-PT,pressure,5235.127518851,1780039924.0279849,1.697442137890117,,299.36053447252925,psi,,simulated
thrust,thrust,5235.127565684,1780039924.0280318,2.499700486624299,2.500299513375701,59.90267514022207,N,,simulated
FM-FM,flow,5235.137379586,1780039924.0378458,1.718380060002811,,8.609813062526351,gallons_per_minute,,simulated
CC-PT,pressure,5235.137618657,1780039924.0380847,1.327005186916016,,206.751296729004,psi,,simulated
FI-PT,pressure,5235.137685748,1780039924.038152,1.6970517274202976,,299.2629318550744,psi,,simulated
thrust,thrust,5235.137738137,1780039924.0382042,2.4996605515075387,2.5003394484924613,67.88969849225168,N,,simulated
tank_temp,temperature,5235.142089058,1780039924.042555,,,20.98889415317522,°C,,simulated
CC-PT,pressure,5235.147755017,1780039924.048221,1.3128234520940127,,203.20586302350318,psi,,simulated
FI-PT,pressure,5235.147818998,1780039924.0482852,1.6969962950940485,,299.2490737735121,psi,,simulated
thrust,thrust,5235.147867053,1780039924.0483334,2.4996557831353883,2.5003442168646117,68.84337292234477,N,,simulated
CC-PT,pressure,5235.15791721,1780039924.0583842,1.3137812988497375,,203.44532471243437,psi,,simulated
FI-PT,pressure,5235.15802619,1780039924.0584924,1.6906543601339294,,297.66359003348236,psi,,simulated
thrust,thrust,5235.158087652,1780039924.058554,2.499597370576545,2.500402629423455,80.5258846909851,N,,simulated
CC-PT,pressure,5235.168094015,1780039924.0685604,1.3117440118484511,,202.93600296211278,psi,,simulated
FI-PT,pressure,5235.168171699,1780039924.0686378,1.6988547681396924,,299.7136920349231,psi,,simulated
thrust,thrust,5235.168222217,1780039924.0686884,2.4995717405762363,2.5004282594237637,85.65188475273544,N,,simulated
FM-FM,flow,5235.177531829,1780039924.0779984,1.753562301821983,,8.939646579581089,gallons_per_minute,,simulated
CC-PT,pressure,5235.178234597,1780039924.0787008,1.3180418393661784,,204.5104598415446,psi,,simulated
FI-PT,pressure,5235.178306263,1780039924.0787725,1.6942318313398161,,298.55795783495404,psi,,simulated
thrust,thrust,5235.178363336,1780039924.0788295,2.4995222687151752,2.5004777312848248,95.54625696495123,N,,simulated
CC-PT,pressure,5235.188389902,1780039924.0888562,1.3132877723321643,,203.32194308304108,psi,,simulated
FI-PT,pressure,5235.188470252,1780039924.0889363,1.7017253281742726,,300.43133204356815,psi,,simulated
thrust,thrust,5235.188521844,1780039924.0889878,2.4995157122034684,2.5004842877965316,96.85755930632922,N,,simulated
CC-PT,pressure,5235.198539688,1780039924.099006,1.3193465851958497,,204.83664629896242,psi,,simulated
FI-PT,pressure,5235.198613761,1780039924.0990798,1.697647177892587,,299.41179447314676,psi,,simulated
thrust,thrust,5235.198668575,1780039924.0991347,2.499513924063912,2.500486075936088,97.21518721761413,N,,simulated
CC-PT,pressure,5235.208684233,1780039924.1091504,1.326446095281374,,206.61152382034348,psi,,simulated
FI-PT,pressure,5235.208750899,1780039924.109217,1.6866113765968533,,296.6528441492133,psi,,simulated
thrust,thrust,5235.208799435,1780039924.1092656,2.4994662403424073,2.5005337596575927,106.751931518545,N,,simulated
FM-FM,flow,5235.217757404,1780039924.118224,1.7379995272159012,,8.793745567649072,gallons_per_minute,,simulated
CC-PT,pressure,5235.218820519,1780039924.1192868,1.3216652061540135,,205.41630153850338,psi,,simulated
FI-PT,pressure,5235.218893574,1780039924.1193597,1.686606012178184,,296.651503044546,psi,,simulated
thrust,thrust,5235.218948666,1780039924.1194148,2.4994310735977976,2.5005689264022024,113.78528044048153,N,,simulated
CC-PT,pressure,5235.228963824,1780039924.12943,1.318643250303656,,204.660812575914,psi,,simulated
FI-PT,pressure,5235.229027231,1780039924.1294935,1.695428692749583,,298.85717318739574,psi,,simulated
thrust,thrust,5235.229074767,1780039924.129541,2.499417364527865,2.500582635472135,116.52709442699916,N,,simulated
CC-PT,pressure,5235.239097666,1780039924.139564,1.3265456350500149,,206.63640876250372,psi,,simulated
FI-PT,pressure,5235.239167424,1780039924.1396337,1.691845857125027,,297.9614642812567,psi,,simulated
thrust,thrust,5235.239221998,1780039924.1396883,2.499385774062368,2.500614225937632,122.84518752636586,N,,simulated
tank_temp,temperature,5235.242255178,1780039924.1427217,,,21.40851090241618,°C,,simulated
CC-PT,pressure,5235.249236563,1780039924.1497025,1.3220347549956746,,205.50868874891864,psi,,simulated
FI-PT,pressure,5235.249299525,1780039924.1497657,1.6973235246328742,,299.3308811582185,psi,,simulated
thrust,thrust,5235.249348988,1780039924.149815,2.4993637203411723,2.5006362796588277,127.25593176554639,N,,simulated
FM-FM,flow,5235.257941777,1780039924.1584086,1.7326684871516809,,8.743767067047006,gallons_per_minute,,simulated
CC-PT,pressure,5235.259372998,1780039924.1598392,1.3308318055667645,,207.70795139169113,psi,,simulated
FI-PT,pressure,5235.259447997,1780039924.1599143,1.6990896104681028,,299.7724026170257,psi,,simulated
thrust,thrust,5235.2595042,1780039924.1599703,2.4993655084807287,2.5006344915192713,126.89830385426148,N,,simulated
CC-PT,pressure,5235.269517543,1780039924.1699836,1.3249905496824443,,206.24763742061108,psi,,simulated
FI-PT,pressure,5235.269582598,1780039924.1700487,1.6941179864547238,,298.5294966136809,psi,,simulated
thrust,thrust,5235.269629764,1780039924.1700962,2.499336898247826,2.500663101752174,132.62035043482,N,,simulated
CC-PT,pressure,5235.279649978,1780039924.1801162,1.3271458538944547,,206.78646347361368,psi,,simulated
FI-PT,pressure,5235.279717421,1780039924.1801836,1.6836365084214817,,295.90912710537043,psi,,simulated
thrust,thrust,5235.279770698,1780039924.180237,2.4993094801079607,2.5006905198920393,138.10397840785527,N,,simulated
CC-PT,pressure,5235.289785986,1780039924.1902523,1.3226802733755438,,205.67006834388596,psi,,simulated
FI-PT,pressure,5235.289848726,1780039924.190315,1.6863270624073818,,296.58176560184546,psi,,simulated
thrust,thrust,5235.28989604,1780039924.1903625,2.4992880224332836,2.5007119775667164,142.39551334327416,N,,simulated
FM-FM,flow,5235.298117853,1780039924.198584,1.7436971358891886,,8.847160648961141,gallons_per_minute,,simulated
CC-PT,pressure,5235.29991668,1780039924.200383,1.3308252490550576,,207.7063122637644,psi,,simulated
FI-PT,pressure,5235.299985938,1780039924.200452,1.6966797943925613,,299.1699485981403,psi,,simulated
thrust,thrust,5235.300079363,1780039924.2005455,2.499240338711779,2.500759661288221,151.93225764420504,N,,simulated
CC-PT,pressure,5235.310054225,1780039924.2105203,1.3311667837103347,,207.79169592758367,psi,,simulated
FI-PT,pressure,5235.310117224,1780039924.2105832,1.6866936310164489,,296.6734077541122,psi,,simulated
thrust,thrust,5235.310162965,1780039924.2106292,2.499209344292801,2.500790655707199,158.1311414398101,N,,simulated
CC-PT,pressure,5235.32018916,1780039924.2206554,1.3316078581342528,,207.9019645335632,psi,,simulated
FI-PT,pressure,5235.320260585,1780039924.2207267,1.6993983625648454,,299.84959064121136,psi,,simulated
thrust,thrust,5235.320313788,1780039924.2207801,2.4992170928975455,2.5007829071024545,156.58142049090884,N,,simulated
CC-PT,pressure,5235.330326909,1780039924.2307932,1.3286884222851303,,207.17210557128257,psi,,simulated
FI-PT,pressure,5235.330389371,1780039924.2308555,1.6919495692192996,,297.9873923048249,psi,,simulated
thrust,thrust,5235.330437685,1780039924.230904,2.4991944431298307,2.5008055568701693,161.111374033851,N,,simulated
FM-FM,flow,5235.338261355,1780039924.2387276,1.7312874473676023,,8.73081981907127,gallons_per_minute,,simulated
CC-PT,pressure,5235.340460769,1780039924.240927,1.3360025091174255,,209.00062727935637,psi,,simulated
FI-PT,pressure,5235.340528028,1780039924.2409942,1.6953625315859953,,298.8406328964988,psi,,simulated
thrust,thrust,5235.340579916,1780039924.2410462,2.499172389408635,2.500827610591365,165.52211827303154,N,,simulated
tank_temp,temperature,5235.342420779,1780039924.2428873,,,20.997217130019678,°C,,simulated
CC-PT,pressure,5235.351962111,1780039924.2524285,1.3303150332349578,,207.57875830873945,psi,,simulated
FI-PT,pressure,5235.352084665,1780039924.2525508,1.6866542919462075,,296.66357298655186,psi,,simulated
thrust,thrust,5235.352141775,1780039924.252608,2.4991509317339577,2.5008490682660423,169.81365320845043,N,,simulated
CC-PT,pressure,5235.362158137,1780039924.2626247,1.3275201711082663,,206.88004277706656,psi,,simulated
FI-PT,pressure,5235.362248673,1780039924.2627149,1.69110914362778,,297.777285906945,psi,,simulated
thrust,thrust,5235.362306228,1780039924.2627726,2.4991431831292132,2.5008568168707868,171.3633741573517,N,,simulated
CC-PT,pressure,5235.372314479,1780039924.272781,1.3342048328167,,208.551208204175,psi,,simulated
FI-PT,pressure,5235.372377737,1780039924.272844,1.6736926643482049,,293.4231660870512,psi,,simulated
thrust,thrust,5235.372425366,1780039924.2728918,2.499125897780168,2.500874102219832,174.82044396643914,N,,simulated
FM-FM,flow,5235.378412672,1780039924.2788792,1.7661734540669265,,9.057876131877434,gallons_per_minute,,simulated
CC-PT,pressure,5235.382447265,1780039924.2829134,1.3482482848463397,,212.06207121158494,psi,,simulated
FI-PT,pressure,5235.382517319,1780039924.2829835,1.6899617540790743,,297.4904385197686,psi,,simulated
thrust,thrust,5235.382569837,1780039924.2830362,2.4991080163846036,2.5008919836153964,178.39672307928822,N,,simulated
CC-PT,pressure,5235.392584847,1780039924.2930512,1.3293971215959932,,207.3492803989983,psi,,simulated
FI-PT,pressure,5235.392645476,1780039924.2931116,1.6944100492489398,,298.6025123122349,psi,,simulated
thrust,thrust,5235.392691383,1780039924.2931576,2.499096691500746,2.500903308499254,180.6616998507593,N,,simulated
CC-PT,pressure,5235.402715411,1780039924.303182,1.3336117665304859,,208.40294163262146,psi,,simulated
FI-PT,pressure,5235.402784448,1780039924.3032508,1.6853340489070474,,296.33351222676185,psi,,simulated
thrust,thrust,5235.402836614,1780039924.303303,2.4990764259191067,2.5009235740808933,184.71481617865493,N,,simulated
CC-PT,pressure,5235.412851827,1780039924.3133183,1.3341470163043756,,208.5367540760939,psi,,simulated
FI-PT,pressure,5235.412913271,1780039924.3133793,1.68541272704753,,296.3531817618825,psi,,simulated
thrust,thrust,5235.412959622,1780039924.313426,2.499063312895693,2.500936687104307,187.33742086141092,N,,simulated
FM-FM,flow,5235.418561434,1780039924.3190277,1.7248328596154283,,8.670308058894639,gallons_per_minute,,simulated
CC-PT,pressure,5235.422983373,1780039924.3234496,1.3407208133603112,,210.1802033400778,psi,,simulated
FI-PT,pressure,5235.423050483,1780039924.3235166,1.689900361287637,,297.47509032190925,psi,,simulated
thrust,thrust,5235.423101927,1780039924.323568,2.4990698694074,2.5009301305926,186.02611852003292,N,,simulated
CC-PT,pressure,5235.433119233,1780039924.3335855,1.3387025998476267,,209.6756499619067,psi,,simulated
FI-PT,pressure,5235.43317964,1780039924.3336458,1.6903628933862322,,297.59072334655804,psi,,simulated
thrust,thrust,5235.43322675,1780039924.333693,2.4990430473140535,2.5009569526859465,191.39053718930654,N,,simulated
tank_temp,temperature,5235.442580121,1780039924.3430464,,,21.22939350490959,°C,,simulated
CC-PT,pressure,5235.443251779,1780039924.343718,1.336656372148558,,209.1640930371395,psi,,simulated
FI-PT,pressure,5235.443319833,1780039924.343786,1.6848780733201592,,296.21951833003976,psi,,simulated
thrust,thrust,5235.44337324,1780039924.3438394,2.499057352430505,2.500942647569495,188.52951389902728,N,,simulated
CC-PT,pressure,5235.453417435,1780039924.353884,1.3388951228732018,,209.72378071830045,psi,,simulated
FI-PT,pressure,5235.453511693,1780039924.353978,1.6935344569128106,,298.38361422820265,psi,,simulated
thrust,thrust,5235.453567118,1780039924.3540335,2.499035298709309,2.500964701290691,192.9402581382078,N,,simulated
FM-FM,flow,5235.458719473,1780039924.359186,1.7229129937783472,,8.652309316672003,gallons_per_minute,,simulated
CC-PT,pressure,5235.463570962,1780039924.364037,1.3530643407183098,,213.26608517957746,psi,,simulated
FI-PT,pressure,5235.463645961,1780039924.3641121,1.6793610667420706,,294.84026668551763,psi,,simulated
thrust,thrust,5235.463700479,1780039924.3641667,2.499022185685895,2.500977814314105,195.5628628209638,N,,simulated
CC-PT,pressure,5235.473712618,1780039924.374179,1.3336600462985093,,208.41501157462733,psi,,simulated
FI-PT,pressure,5235.473775618,1780039924.3742418,1.6956766481014072,,298.9191620253518,psi,,simulated
thrust,thrust,5235.473823339,1780039924.3742898,2.4990269540580456,2.5009730459419544,194.6091883908707,N,,simulated
CC-PT,pressure,5235.483844923,1780039924.3843112,1.3449551278299245,,211.23878195748114,psi,,simulated
FI-PT,pressure,5235.4839147,1780039924.3843808,1.6803242779164647,,295.08106947911614,psi,,simulated
thrust,thrust,5235.483968014,1780039924.3844342,2.4990054963833686,2.5009945036166314,198.9007233262896,N,,simulated
CC-PT,pressure,5235.493984265,1780039924.3944504,1.3391317533411686,,209.78293833529216,psi,,simulated
FI-PT,pressure,5235.494045857,1780039924.3945122,1.6835614065601119,,295.890351640028,psi,,simulated
thrust,thrust,5235.494092467,1780039924.3945587,2.499004304290331,2.500995695709669,199.13914193381288,N,,simulated
FM-FM,flow,5235.49887279,1780039924.399339,1.739333479324994,,8.806251368671816,gallons_per_minute,,simulated
CC-PT,pressure,5235.504117422,1780039924.4045837,1.3453568631836013,,211.33921579590032,psi,,simulated
FI-PT,pressure,5235.504183328,1780039924.4046495,1.6962470646199066,,299.0617661549766,psi,,simulated
thrust,thrust,5235.504235716,1780039924.404702,2.4989995359181805,2.5010004640818195,200.09281636390597,N,,simulated
CC-PT,pressure,5235.514251634,1780039924.414718,1.3557942337744513,,213.94855844361282,psi,,simulated
FI-PT,pressure,5235.514313596,1780039924.4147797,1.6820462563093015,,295.5115640773254,psi,,simulated
thrust,thrust,5235.514360225,1780039924.4148264,2.499001324057737,2.500998675942263,199.73518845262106,N,,simulated
CC-PT,pressure,5235.524382457,1780039924.4248486,1.344978373644158,,211.24459341103952,psi,,simulated
FI-PT,pressure,5235.52445053,1780039924.4249167,1.6778512809099295,,294.4628202274824,psi,,simulated
thrust,thrust,5235.524501067,1780039924.424967,2.499007284522925,2.500992715477075,198.5430954150047,N,,simulated
CC-PT,pressure,5235.534518318,1780039924.4349844,1.3534535590950916,,213.3633897737729,psi,,simulated
FI-PT,pressure,5235.534578687,1780039924.4350448,1.6879840717296686,,296.99601793241715,psi,,simulated
thrust,thrust,5235.534624316,1780039924.4350905,2.4990215896393764,2.5009784103606236,195.68207212472544,N,,simulated
FM-FM,flow,5235.539022385,1780039924.4394886,1.699533665124615,,8.433128110543265,gallons_per_minute,,simulated
tank_temp,temperature,5235.542743797,1780039924.44321,,,21.2247118304346,°C,,simulated
CC-PT,pressure,5235.544646567,1780039924.445113,1.3512779893014417,,212.81949732536043,psi,,simulated
FI-PT,pressure,5235.544712436,1780039924.4451785,1.6817696907245745,,295.4424226811436,psi,,simulated
thrust,thrust,5235.544765713,1780039924.445232,2.499006688476406,2.500993311523594,198.66230471876634,N,,simulated
CC-PT,pressure,5235.554807094,1780039924.4552736,1.3499434411458302,,212.48586028645755,psi,,simulated
FI-PT,pressure,5235.554900778,1780039924.4553668,1.6803445434981041,,295.086135874526,psi,,simulated
thrust,thrust,5235.554955055,1780039924.4554212,2.4989923833599548,2.5010076166400452,201.5233280090456,N,,simulated
CC-PT,pressure,5235.564961065,1780039924.4654274,1.3522268953593843,,213.0567238398461,psi,,simulated
FI-PT,pressure,5235.565039434,1780039924.4655056,1.6825958111996426,,295.64895279991066,psi,,simulated
thrust,thrust,5235.56509773,1780039924.465564,2.498997747778624,2.501002252221376,200.45044427519088,N,,simulated
CC-PT,pressure,5235.575105999,1780039924.475572,1.350935262553127,,212.73381563828175,psi,,simulated
FI-PT,pressure,5235.575169554,1780039924.4756358,1.682100496542513,,295.52512413562823,psi,,simulated
thrust,thrust,5235.575217942,1780039924.4756842,2.498991787313436,2.501008212686564,201.64253731280724,N,,simulated
FM-FM,flow,5235.579168499,1780039924.479635,1.7301770127030627,,8.72040949409121,gallons_per_minute,,simulated
CC-PT,pressure,5235.585237397,1780039924.4857037,1.3570220896031961,,214.25552240079904,psi,,simulated
FI-PT,pressure,5235.585303822,1780039924.48577,1.6804738855926855,,295.1184713981714,psi,,simulated
thrust,thrust,5235.585355488,1780039924.4858217,2.499022781732414,2.500977218267586,195.44365351720216,N,,simulated
CC-PT,pressure,5235.595371535,1780039924.495838,1.3549663251598267,,213.74158128995668,psi,,simulated
FI-PT,pressure,5235.595434201,1780039924.4959004,1.679913005818487,,294.9782514546217,psi,,simulated
thrust,thrust,5235.595482126,1780039924.4959483,2.4990299342906397,2.5009700657093603,194.01314187206253,N,,simulated
CC-PT,pressure,5235.605501154,1780039924.5059674,1.343589585255335,,210.89739631383375,psi,,simulated
FI-PT,pressure,5235.605567839,1780039924.5060341,1.6955192918204418,,298.87982295511046,psi,,simulated
thrust,thrust,5235.605620153,1780039924.5060863,2.499031722430196,2.500968277569804,193.65551396077763,N,,simulated
CC-PT,pressure,5235.615634274,1780039924.5161006,1.3506187618516399,,212.65469046290997,psi,,simulated
FI-PT,pressure,5235.615696181,1780039924.5161624,1.6815747835129242,,295.39369587823103,psi,,simulated
thrust,thrust,5235.615743087,1780039924.5162094,2.4990394710349406,2.5009605289650594,192.10579301187636,N,,simulated
FM-FM,flow,5235.61932426,1780039924.5197906,1.70422216704156,,8.477082816014626,gallons_per_minute,,simulated
CC-PT,pressure,5235.625764283,1780039924.5262306,1.3583977649686059,,214.59944124215147,psi,,simulated
FI-PT,pressure,5235.625830522,1780039924.5262969,1.6911991466521201,,297.79978666303003,psi,,simulated
thrust,thrust,5235.625882985,1780039924.526349,2.499050199872279,2.500949800127721,189.9600255441669,N,,simulated
CC-PT,pressure,5235.635897217,1780039924.5363636,1.360103054058916,,215.02576351472902,psi,,simulated
FI-PT,pressure,5235.635959938,1780039924.5364263,1.6767038913612238,,294.1759728403059,psi,,simulated
thrust,thrust,5235.636042622,1780039924.536509,2.4990591405700613,2.5009408594299387,188.17188598774237,N,,simulated
tank_temp,temperature,5235.642904954,1780039924.5433712,,,21.462090065852294,°C,,simulated
CC-PT,pressure,5235.646029115,1780039924.5464954,1.3542921965470547,,213.57304913676367,psi,,simulated
FI-PT,pressure,5235.646097354,1780039924.5465636,1.6881634817318298,,297.04087043295743,psi,,simulated
thrust,thrust,5235.646150705,1780039924.5466168,2.499072253593475,2.500927746406525,185.54928130498638,N,,simulated
CC-PT,pressure,5235.656194141,1780039924.5566607,1.3547505563200182,,213.68763908000454,psi,,simulated
FI-PT,pressure,5235.656287121,1780039924.5567534,1.6771580788085556,,294.2895197021389,psi,,simulated
thrust,thrust,5235.656342084,1780039924.5568082,2.4990800021982196,2.5009199978017804,183.9995603560851,N,,simulated
FM-FM,flow,5235.659469503,1780039924.5599358,1.727695671045264,,8.697146916049348,gallons_per_minute,,simulated
CC-PT,pressure,5235.66634652,1780039924.5668128,1.351961058611996,,212.99026465299897,psi,,simulated
FI-PT,pressure,5235.666416537,1780039924.5668828,1.681674919328084,,295.418729832021,psi,,simulated
thrust,thrust,5235.666470777,1780039924.566937,2.4990805982447384,2.5009194017552616,183.88035105232348,N,,simulated
CC-PT,pressure,5235.676485565,1780039924.5769517,1.3600416612674788,,215.0104153168697,psi,,simulated
FI-PT,pressure,5235.676549305,1780039924.5770156,1.688007317543902,,297.0018293859755,psi,,simulated
thrust,thrust,5235.676596601,1780039924.5770628,2.4991139768497916,2.5008860231502084,177.20463004167186,N,,simulated
CC-PT,pressure,5235.686616981,1780039924.5870833,1.3607455922061913,,215.18639805154783,psi,,simulated
FI-PT,pressure,5235.686685332,1780039924.5871513,1.6807748890846836,,295.1937222711709,psi,,simulated
thrust,thrust,5235.686738313,1780039924.5872047,2.4991324542918747,2.5008675457081253,173.50914162506115,N,,simulated
CC-PT,pressure,5235.69676586,1780039924.597232,1.358813805438734,,214.7034513596835,psi,,simulated
FI-PT,pressure,5235.696837637,1780039924.5973039,1.671936711303796,,292.98417782594896,psi,,simulated
thrust,thrust,5235.69688721,1780039924.5973535,2.4991175531289045,2.5008824468710955,176.48937421910205,N,,simulated
FM-FM,flow,5235.699640894,1780039924.6001072,1.6812404014158728,,8.261628763273807,gallons_per_minute,,simulated
CC-PT,pressure,5235.706905109,1780039924.6073713,1.3549085086475023,,213.7271271618756,psi,,simulated
FI-PT,pressure,5235.706976219,1780039924.6074424,1.6801788425658755,,295.04471064146884,psi,,simulated
thrust,thrust,5235.707029348,1780039924.6074953,2.4991485475478825,2.5008514524521175,170.29049042349698,N,,simulated
CC-PT,pressure,5235.717042747,1780039924.6175091,1.3641972975966095,,216.04932439915237,psi,,simulated
FI-PT,pressure,5235.717105691,1780039924.6175718,1.6823156693358028,,295.5789173339507,psi,,simulated
thrust,thrust,5235.717152301,1780039924.6176183,2.499156296152627,2.500843703847373,168.7407694745957,N,,simulated
CC-PT,pressure,5235.727175978,1780039924.6276424,1.360746784299229,,215.18669607480723,psi,,simulated
FI-PT,pressure,5235.727248403,1780039924.6277146,1.6864707096184146,,296.6176774046036,psi,,simulated
thrust,thrust,5235.72730205,1780039924.6277683,2.499190866850718,2.500809133149282,161.82662985642082,N,,simulated
CC-PT,pressure,5235.737316394,1780039924.6377828,1.3568885751829831,,214.22214379574578,psi,,simulated
FI-PT,pressure,5235.7373793,1780039924.6378455,1.6768099876415716,,294.2024969103929,psi,,simulated
thrust,thrust,5235.737426226,1780039924.6378922,2.4992015956880564,2.5007984043119436,159.68086238871138,N,,simulated
FM-FM,flow,5235.739789174,1780039924.6402555,1.70520743193715,,8.48631967441078,gallons_per_minute,,simulated
tank_temp,temperature,5235.743072463,1780039924.6435387,,,21.11703331750952,°C,,simulated
CC-PT,pressure,5235.747447587,1780039924.6479137,1.3641776280614888,,216.0444070153722,psi,,simulated
FI-PT,pressure,5235.747516161,1780039924.6479824,1.680780253503353,,295.19506337583823,psi,,simulated
thrust,thrust,5235.747569623,1780039924.6480358,2.4992391466187414,2.5007608533812586,152.1706762517283,N,,simulated
CC-PT,pressure,5235.757612447,1780039924.6580791,1.36817292787706,,217.043231969265,psi,,simulated
FI-PT,pressure,5235.757709057,1780039924.6581752,1.682715616549923,,295.67890413748074,psi,,simulated
thrust,thrust,5235.75776326,1780039924.6582296,2.499256431967787,2.500743568032213,148.71360644264087,N,,simulated
CC-PT,pressure,5235.767767937,1780039924.6682343,1.3495440899782287,,212.38602249455718,psi,,simulated
FI-PT,pressure,5235.767842881,1780039924.668309,1.6722168531676358,,293.0542132919089,psi,,simulated
thrust,thrust,5235.76789625,1780039924.6683624,2.499261796386456,2.500738203613544,147.64072270878614,N,,simulated
CC-PT,pressure,5235.777912297,1780039924.6783786,1.3672794541453666,,216.81986353634164,psi,,simulated
FI-PT,pressure,5235.777976815,1780039924.678443,1.6812445737415045,,295.3111434353761,psi,,simulated
thrust,thrust,5235.778024462,1780039924.6784906,2.499283254061133,2.500716745938867,143.34918777336725,N,,simulated
FM-FM,flow,5235.779943492,1780039924.6804097,1.6590382646367865,,8.053483730969873,gallons_per_minute,,simulated
CC-PT,pressure,5235.788050213,1780039924.6885164,1.3665934046022183,,216.6483511505546,psi,,simulated
FI-PT,pressure,5235.788123286,1780039924.6885896,1.6766883941517348,,294.17209853793366,psi,,simulated
thrust,thrust,5235.788178489,1780039924.6886446,2.499305307782329,2.500694692217671,138.93844353418672,N,,simulated
CC-PT,pressure,5235.798190296,1780039924.6986566,1.3611592484902442,,215.28981212256105,psi,,simulated
FI-PT,pressure,5235.798252999,1780039924.6987193,1.684058509356798,,296.0146273391995,psi,,simulated
thrust,thrust,5235.798298553,1780039924.6987648,2.4993404745269387,2.5006595254730613,131.9050946122502,N,,simulated
CC-PT,pressure,5235.808328415,1780039924.7087948,1.3578064868219482,,214.45162170548704,psi,,simulated
FI-PT,pressure,5235.808404618,1780039924.708871,1.6805442190819049,,295.1360547704762,psi,,simulated
thrust,thrust,5235.808456951,1780039924.708923,2.499349415224721,2.500650584775279,130.11695505582566,N,,simulated
CC-PT,pressure,5235.818469276,1780039924.7189355,1.3636507229388624,,215.9126807347156,psi,,simulated
FI-PT,pressure,5235.818530738,1780039924.7189968,1.6799827432611876,,294.9956858152969,psi,,simulated
thrust,thrust,5235.818578163,1780039924.7190444,2.4993881582484434,2.5006118417515566,122.36835031131932,N,,simulated
FM-FM,flow,5235.820095364,1780039924.7205617,1.6805865383847403,,8.255498797356939,gallons_per_minute,,simulated
CC-PT,pressure,5235.828601006,1780039924.7290673,1.3693232976583598,,217.33082441458996,psi,,simulated
FI-PT,pressure,5235.828668394,1780039924.7291346,1.6662700970494861,,291.56752426237153,psi,,simulated
thrust,thrust,5235.828719894,1780039924.729186,2.4993947147601503,2.5006052852398497,121.05704796994132,N,,simulated
CC-PT,pressure,5235.83873607,1780039924.7392023,1.3617636396603157,,215.44090991507892,psi,,simulated
FI-PT,pressure,5235.838799051,1780039924.7392652,1.6798826074460278,,294.97065186150695,psi,,simulated
thrust,thrust,5235.83884681,1780039924.739313,2.499445378714249,2.500554621285751,110.92425715020227,N,,simulated
tank_temp,temperature,5235.843233897,1780039924.7437003,,,21.44162941444301,°C,,simulated
CC-PT,pressure,5235.848867579,1780039924.7493339,1.3603033256892356,,215.0758314223089,psi,,simulated
FI-PT,pressure,5235.848934689,1780039924.7494009,1.678089103470934,,294.52227586773347,psi,,simulated
thrust,thrust,5235.84898767,1780039924.7494538,2.4994662403424073,2.5005337596575927,106.751931518545,N,,simulated
CC-PT,pressure,5235.859031069,1780039924.759498,1.3751603812170483,,218.79009530426208,psi,,simulated
FI-PT,pressure,5235.859125734,1780039924.7595918,1.6744275897058953,,293.60689742647384,psi,,simulated
thrust,thrust,5235.85917927,1780039924.7596455,2.499476969179746,2.500523030820254,104.60616405083556,N,,simulated
FM-FM,flow,5235.860252959,1780039924.7607195,1.6871883496270597,,8.317390777753683,gallons_per_minute,,simulated
CC-PT,pressure,5235.869185669,1780039924.769652,1.3654615122630016,,216.3653780657504,psi,,simulated
FI-PT,pressure,5235.869260835,1780039924.769727,1.6768076034554964,,294.2019008638741,psi,,simulated
thrust,thrust,5235.869316186,1780039924.7697823,2.499507963598724,2.500492036401276,98.40728025523049,N,,simulated
CC-PT,pressure,5235.879328418,1780039924.7797947,1.3719625916436424,,217.9906479109106,psi,,simulated
FI-PT,pressure,5235.879391195,1780039924.7798574,1.6720678415379338,,293.0169603844834,psi,,simulated
thrust,thrust,5235.879438602,1780039924.7799048,2.4995455145294088,2.5004544854705912,90.89709411824742,N,,simulated
CC-PT,pressure,5235.889460594,1780039924.789927,1.357050699836099,,214.26267495902474,psi,,simulated
FI-PT,pressure,5235.889530222,1780039924.7899966,1.6804774618717984,,295.1193654679496,psi,,simulated
thrust,thrust,5235.889581722,1780039924.790048,2.499575912901868,2.500424087098132,84.81741962640399,N,,simulated
CC-PT,pressure,5235.89959801,1780039924.8000643,1.3751079291233932,,218.7769822808483,psi,,simulated
FI-PT,pressure,5235.899660379,1780039924.8001266,1.6831721881833301,,295.7930470458325,psi,,simulated
thrust,thrust,5235.899707101,1780039924.8001733,2.499572336622755,2.500427663377245,85.5326754489738,N,,simulated
FM-FM,flow,5235.900403406,1780039924.8008697,1.6942377918050042,,8.383479298171913,gallons_per_minute,,simulated
CC-PT,pressure,5235.909728592,1780039924.810195,1.3756783456418926,,218.91958641047316,psi,,simulated
FI-PT,pressure,5235.909795165,1780039924.8102612,1.6825797179436348,,295.6449294859087,psi,,simulated
thrust,thrust,5235.909845646,1780039924.8103118,2.4996331333676736,2.5003668666323264,73.37332646528694,N,,simulated
CC-PT,pressure,5235.919862767,1780039924.820329,1.3771708461249885,,219.29271153124714,psi,,simulated
FI-PT,pressure,5235.919926155,1780039924.8203921,1.6756614059998283,,293.91535149995707,psi,,simulated
thrust,thrust,5235.91997297,1780039924.820439,2.4996766447635466,2.5003233552364534,64.67104729068751,N,,simulated
CC-PT,pressure,5235.929996443,1780039924.8304627,1.3679070911296716,,216.9767727824179,psi,,simulated
FI-PT,pressure,5235.930067497,1780039924.8305337,1.6886432991794704,,297.1608247948676,psi,,simulated
thrust,thrust,5235.930119682,1780039924.830586,2.4996867775543663,2.5003132224456337,62.6444891267397,N,,simulated
CC-PT,pressure,5235.940137155,1780039924.8406034,1.3675822457769211,,216.89556144423028,psi,,simulated
FI-PT,pressure,5235.940200432,1780039924.8406665,1.6834761719079223,,295.86904297698055,psi,,simulated
thrust,thrust,5235.940247505,1780039924.8407137,2.4997076391825246,2.5002923608174754,58.47216349508244,N,,simulated
FM-FM,flow,5235.94059113,1780039924.8410573,1.7226113942398302,,8.649481820998407,gallons_per_minute,,simulated
tank_temp,temperature,5235.943443942,1780039924.843911,,,21.280024947379978,°C,,simulated
CC-PT,pressure,5235.952065916,1780039924.8525324,1.3734127728239027,,218.35319320597569,psi,,simulated
FI-PT,pressure,5235.952173044,1780039924.8526392,1.6724081841001732,,293.1020460250433,psi,,simulated
thrust,thrust,5235.952232821,1780039924.852699,2.4997702240669994,2.5002297759330006,45.955186600110665,N,,simulated
CC-PT,pressure,5235.962247998,1780039924.8627145,1.3740606753898472,,218.5151688474618,psi,,simulated
FI-PT,pressure,5235.962332108,1780039924.8627985,1.6770490022956137,,294.26225057390343,psi,,simulated
thrust,thrust,5235.962382737,1780039924.8628488,2.4997916817416765,2.5002083182583235,41.66365166469177,N,,simulated
CC-PT,pressure,5235.972399043,1780039924.8728652,1.3714774097773326,,217.86935244433315,psi,,simulated
FI-PT,pressure,5235.97247445,1780039924.8729408,1.667895515906276,,291.97387897656904,psi,,simulated
thrust,thrust,5235.972528208,1780039924.8729944,2.4998220801141358,2.5001779198858642,35.583977172848336,N,,simulated
FM-FM,flow,5235.980740336,1780039924.8812068,1.7165174146315354,,8.592350762170643,gallons_per_minute,,simulated
CC-PT,pressure,5235.982540533,1780039924.8830068,1.36657254297406,,216.64313574351502,psi,,simulated
FI-PT,pressure,5235.982603903,1780039924.8830702,1.676752767175766,,294.1881917939415,psi,,simulated
thrust,thrust,5235.982651495,1780039924.8831177,2.4998578429052642,2.5001421570947358,28.431418947150178,N,,simulated
CC-PT,pressure,5235.992670912,1780039924.8931372,1.3798929905763855,,219.97324764409638,psi,,simulated
FI-PT,pressure,5235.992737745,1780039924.893204,1.6815265037449008,,295.3816259362252,psi,,simulated
thrust,thrust,5235.992789485,1780039924.8932557,2.499870955928678,2.500129044071322,25.808814264394186,N,,simulated
CC-PT,pressure,5236.002806736,1780039924.9032729,1.3754464835460762,,218.86162088651906,psi,,simulated
FI-PT,pressure,5236.00287005,1780039924.9033363,1.684654555875606,,296.1636389689015,psi,,simulated
thrust,thrust,5236.00291753,1780039924.9033835,2.499907910812844,2.500092089187156,18.417837431172757,N,,simulated
CC-PT,pressure,5236.012960077,1780039924.9134266,1.376528904024232,,219.13222600605798,psi,,simulated
FI-PT,pressure,5236.013063354,1780039924.9135296,1.674323281565104,,293.58082039127595,psi,,simulated
thrust,thrust,5236.01312126,1780039924.9135876,2.4999353289527093,2.5000646710472907,12.934209458137502,N,,simulated
FM-FM,flow,5236.02089819,1780039924.9213645,1.64555330819527,,7.927062264330656,gallons_per_minute,,simulated
CC-PT,pressure,5236.023119993,1780039924.9235864,1.3674815139152425,,216.87037847881064,psi,,simulated
FI-PT,pressure,5236.023184751,1780039924.923651,1.6658933956495994,,291.47334891239984,psi,,simulated
thrust,thrust,5236.023233825,1780039924.9236999,2.499966919418206,2.500033080581794,6.616116358770796,N,,simulated
CC-PT,pressure,5236.033252131,1780039924.9337182,1.3728316274680648,,218.2079068670162,psi,,simulated
FI-PT,pressure,5236.033320797,1780039924.9337869,1.675400933671109,,293.85023341777725,psi,,simulated
thrust,thrust,5236.033376388,1780039924.9338427,2.500007450581485,2.499992549418515,1.4901162970204496,N,,simulated
CC-PT,pressure,5236.043390325,1780039924.9438567,1.3755132407561828,,218.8783101890457,psi,,simulated
FI-PT,pressure,5236.043454472,1780039924.9439206,1.684381566569992,,296.095391642498,psi,,simulated
thrust,thrust,5236.04350423,1780039924.9439704,2.5000312924422374,2.4999687075577626,6.258488447485888,N,,simulated
tank_temp,temperature,5236.043562359,1780039924.9440286,,,21.355972111085585,°C,,simulated
CC-PT,pressure,5236.053553314,1780039924.95402,1.3749493807493902,,218.73734518734756,psi,,simulated
FI-PT,pressure,5236.053662442,1780039924.9541287,1.6768725725260465,,294.2181431315116,psi,,simulated
thrust,thrust,5236.05372309,1780039924.9541893,2.5000908970941182,2.4999091029058818,18.179418823649485,N,,simulated
FM-FM,flow,5236.061056063,1780039924.9615223,1.6547634190038942,,8.013407053161508,gallons_per_minute,,simulated
CC-PT,pressure,5236.063720507,1780039924.9641867,1.3705451930219166,,217.63629825547915,psi,,simulated
FI-PT,pressure,5236.063785247,1780039924.9642513,1.6834565023728016,,295.8641255932004,psi,,simulated
thrust,thrust,5236.063834321,1780039924.9643006,2.5001111626757577,2.4998888373242423,22.232535151545108,N,,simulated
CC-PT,pressure,5236.073852609,1780039924.9743187,1.3729126897946227,,218.22817244865567,psi,,simulated
FI-PT,pressure,5236.073922071,1780039924.9743881,1.6805698490822136,,295.1424622705534,psi,,simulated
thrust,thrust,5236.073975088,1780039924.9744413,2.5001463294203674,2.4998536705796326,29.26588407348163,N,,simulated
CC-PT,pressure,5236.083989747,1780039924.9844558,1.3684655867177948,,217.1163966794487,psi,,simulated
FI-PT,pressure,5236.084078579,1780039924.9845448,1.6847624402955104,,296.19061007387756,psi,,simulated
thrust,thrust,5236.084127578,1780039924.9845936,2.5001522898855555,2.4998477101144445,30.45797711109799,N,,simulated
CC-PT,pressure,5236.094147607,1780039924.9946136,1.3789554094023002,,219.73885235057506,psi,,simulated
FI-PT,pressure,5236.094214958,1780039924.9946811,1.6787930344096464,,294.6982586024116,psi,,simulated
thrust,thrust,5236.094268235,1780039924.9947345,2.5001981854675037,2.4998018145324963,39.63709350074396,N,,simulated
FM-FM,flow,5236.101217232,1780039925.0016837,1.6944005125046389,,8.38500480473099,gallons_per_minute,,simulated
CC-PT,pressure,5236.10428556,1780039925.004752,1.3881643281178866,,222.04108202947165,psi,,simulated
FI-PT,pressure,5236.104347781,1780039925.0048141,1.6710152233857185,,292.7538058464296,psi,,simulated
thrust,thrust,5236.104394262,1780039925.0048604,2.5002297759330006,2.4997702240669994,45.955186600110665,N,,simulated
CC-PT,pressure,5236.114414494,1780039925.0148807,1.375034019355061,,218.75850483876525,psi,,simulated
FI-PT,pressure,5236.114482475,1780039925.0149486,1.6774787518356744,,294.3696879589186,psi,,simulated
thrust,thrust,5236.114535307,1780039925.0150015,2.5002637505845726,2.4997362494154274,52.750116914523915,N,,simulated
CC-PT,pressure,5236.124551762,1780039925.0250182,1.3954307312286771,,223.85768280716928,psi,,simulated
FI-PT,pressure,5236.124614557,1780039925.025081,1.6898306238449365,,297.45765596123414,psi,,simulated
thrust,thrust,5236.124661668,1780039925.025128,2.5002977252361447,2.4997022747638553,59.545047228937165,N,,simulated
CC-PT,pressure,5236.134682604,1780039925.035149,1.3877011999727726,,221.92529999319316,psi,,simulated
FI-PT,pressure,5236.134751714,1780039925.035218,1.671302517807784,,292.825629451946,psi,,simulated
thrust,thrust,5236.134803898,1780039925.0352702,2.50031501058519,2.49968498941481,63.00211703802461,N,,simulated
FM-FM,flow,5236.141361123,1780039925.0418274,1.6738482324896138,,8.192327179590128,gallons_per_minute,,simulated
tank_temp,temperature,5236.143725405,1780039925.0441918,,,21.3226802037078,°C,,simulated
CC-PT,pressure,5236.144819872,1780039925.0452862,1.3874186739228576,,221.8546684807144,psi,,simulated
FI-PT,pressure,5236.1448825,1780039925.0453486,1.6630788639877871,,290.7697159969468,psi,,simulated
thrust,thrust,5236.144929277,1780039925.0453954,2.500343620818093,2.499656379181907,68.72416361858313,N,,simulated
CC-PT,pressure,5236.154977565,1780039925.0554445,1.3834877471313176,,220.8719367828294,psi,,simulated
FI-PT,pressure,5236.155085063,1780039925.0555513,1.6866423710158314,,296.6605927539578,psi,,simulated
thrust,thrust,5236.155146174,1780039925.0556123,2.500392496632635,2.499607503367365,78.49932652703728,N,,simulated
CC-PT,pressure,5236.165143684,1780039925.06561,1.3803346610468223,,220.0836652617056,psi,,simulated
FI-PT,pressure,5236.165210035,1780039925.0656762,1.6762783141467947,,294.06957853669866,psi,,simulated
thrust,thrust,5236.16525859,1780039925.0657246,2.5004354119819894,2.4995645880180106,87.08239639787507,N,,simulated
CC-PT,pressure,5236.175276915,1780039925.0757432,1.3714952911728968,,217.8738227932242,psi,,simulated
FI-PT,pressure,5236.175346877,1780039925.075813,1.6698743903487192,,292.46859758717983,psi,,simulated
thrust,thrust,5236.175400487,1780039925.0758667,2.5004622340753357,2.4995377659246643,92.44681506714869,N,,simulated
FM-FM,flow,5236.181512292,1780039925.0819786,1.6321303405917098,,7.801221943047279,gallons_per_minute,,simulated
CC-PT,pressure,5236.185415794,1780039925.0858822,1.3781441900902023,,219.53604752255058,psi,,simulated
FI-PT,pressure,5236.185479959,1780039925.085946,1.6698016726734246,,292.4504181683562,psi,,simulated
thrust,thrust,5236.1855282,1780039925.0859945,2.5004664064009674,2.4995335935990326,93.28128019348014,N,,simulated
CC-PT,pressure,5236.195566172,1780039925.096033,1.3773389312432924,,219.3347328108231,psi,,simulated
FI-PT,pressure,5236.195652097,1780039925.0961182,1.664011676789722,,291.0029191974305,psi,,simulated
thrust,thrust,5236.195706726,1780039925.096173,2.500489056168682,2.499510943831318,97.81123373642231,N,,simulated
CC-PT,pressure,5236.205722884,1780039925.106189,1.3813419796636082,,220.33549491590205,psi,,simulated
FI-PT,pressure,5236.205790643,1780039925.106257,1.677287420903137,,294.32185522578425,psi,,simulated
thrust,thrust,5236.205838883,1780039925.1063051,2.500526607099367,2.499473392900633,105.32141987340538,N,,simulated
CC-PT,pressure,5236.215860134,1780039925.1163266,1.379661128480569,,219.91528212014228,psi,,simulated
FI-PT,pressure,5236.215933392,1780039925.1163995,1.6737349836510402,,293.43374591276006,psi,,simulated
thrust,thrust,5236.215986706,1780039925.116453,2.5005564094253074,2.4994435905746926,111.28188506148717,N,,simulated
FM-FM,flow,5236.221678924,1780039925.1221457,1.6683884463773304,,8.141141684787472,gallons_per_minute,,simulated
CC-PT,pressure,5236.226003809,1780039925.12647,1.3847144108670248,,221.17860271675622,psi,,simulated
FI-PT,pressure,5236.226069567,1780039925.1265357,1.6688915096392045,,292.22287740980113,psi,,simulated
thrust,thrust,5236.226120307,1780039925.1265864,2.5005957484955488,2.4994042515044512,119.14969910975515,N,,simulated
CC-PT,pressure,5236.236140373,1780039925.1366067,1.3803102231395512,,220.0775557848878,psi,,simulated
FI-PT,pressure,5236.236210724,1780039925.1366768,1.6699643933730597,,292.4910983432649,psi,,simulated
thrust,thrust,5236.236265964,1780039925.136732,2.500601112914218,2.499398887085782,120.22258284360987,N,,simulated
tank_temp,temperature,5236.243885784,1780039925.144352,,,21.471800205504174,°C,,simulated
CC-PT,pressure,5236.246278511,1780039925.1467447,1.366805597162914,,216.70139929072852,psi,,simulated
FI-PT,pressure,5236.246342362,1780039925.1468086,1.6697516047658447,,292.4379011914612,psi,,simulated
thrust,thrust,5236.246392768,1780039925.146859,2.5006207824493387,2.4993792175506613,124.15648986774386,N,,simulated
CC-PT,pressure,5236.256440223,1780039925.156907,1.3786341403286626,,219.65853508216566,psi,,simulated
FI-PT,pressure,5236.256546351,1780039925.1570125,1.6785385225461154,,294.6346306365288,psi,,simulated
thrust,thrust,5236.256605905,1780039925.157072,2.500663697798693,2.499336302201307,132.73955973858165,N,,simulated
FM-FM,flow,5236.261843704,1780039925.1623101,1.630799368715211,,7.788744081705101,gallons_per_minute,,simulated
CC-PT,pressure,5236.266603249,1780039925.1670694,1.3790793870782123,,219.76984676955308,psi,,simulated
FI-PT,pressure,5236.266666693,1780039925.1671329,1.6708578671047531,,292.71446677618826,psi,,simulated
thrust,thrust,5236.266714248,1780039925.1671805,2.500669658263881,2.499330341736119,133.931652776198,N,,simulated
CC-PT,pressure,5236.276734573,1780039925.1772008,1.3813431717566458,,220.33579293916145,psi,,simulated
FI-PT,pressure,5236.276803072,1780039925.1772692,1.680050096517813,,295.0125241294532,psi,,simulated
thrust,thrust,5236.276855423,1780039925.1773214,2.500691115938558,2.499308884061442,138.2231877116169,N,,simulated
CC-PT,pressure,5236.286871229,1780039925.1873374,1.3750519007506252,,218.7629751876563,psi,,simulated
FI-PT,pressure,5236.286934821,1780039925.187401,1.6665645440297774,,291.64113600744435,psi,,simulated
thrust,thrust,5236.286982913,1780039925.187449,2.500728070822724,2.499271929177276,145.61416454483833,N,,simulated
CC-PT,pressure,5236.297004312,1780039925.1974707,1.376034185413621,,219.00854635340528,psi,,simulated
FI-PT,pressure,5236.297075811,1780039925.197542,1.667740543811386,,291.9351359528465,psi,,simulated
thrust,thrust,5236.297129755,1780039925.1975958,2.500741779892657,2.499258220107343,148.35597853135596,N,,simulated
FM-FM,flow,5236.302026446,1780039925.2024927,1.6332753459543403,,7.81195636832194,gallons_per_minute,,simulated
CC-PT,pressure,5236.307142135,1780039925.2076082,1.3861824734428494,,221.54561836071235,psi,,simulated
FI-PT,pressure,5236.307203412,1780039925.2076695,1.6683395705627881,,292.08489264069703,psi,,simulated
thrust,thrust,5236.307249763,1780039925.207716,2.5007542968695518,2.4992457031304482,150.8593739103503,N,,simulated
CC-PT,pressure,5236.317272773,1780039925.217739,1.3799925303450264,,219.99813258625662,psi,,simulated
FI-PT,pressure,5236.317339198,1780039925.2178054,1.667826970556613,,291.9567426391533,psi,,simulated
thrust,thrust,5236.317390438,1780039925.217857,2.5007823110559357,2.4992176889440643,156.4622111871472,N,,simulated
CC-PT,pressure,5236.327406282,1780039925.2278726,1.3933415881802544,,223.33539704506362,psi,,simulated
FI-PT,pressure,5236.327467874,1780039925.227934,1.6703387105868712,,292.5846776467178,psi,,simulated
thrust,thrust,5236.327514132,1780039925.2279804,2.5008001924515,2.4991998075485,160.03849029999628,N,,simulated
CC-PT,pressure,5236.337536309,1780039925.2380028,1.3830001810789325,,220.75004526973314,psi,,simulated
FI-PT,pressure,5236.337601808,1780039925.2380679,1.6768630357817456,,294.2157589454364,psi,,simulated
thrust,thrust,5236.337652011,1780039925.2381182,2.5008204580331395,2.4991795419668605,164.0916066278919,N,,simulated
FM-FM,flow,5236.342178375,1780039925.2426448,1.6215189244173676,,7.701739916412819,gallons_per_minute,,simulated
tank_temp,temperature,5236.344087756,1780039925.244554,,,21.311756296599448,°C,,simulated
CC-PT,pressure,5236.347673466,1780039925.2481399,1.3850273352893991,,221.2568338223498,psi,,simulated
FI-PT,pressure,5236.347737168,1780039925.2482033,1.677797040676718,,294.44926016917947,psi,,simulated
thrust,thrust,5236.347785557,1780039925.248252,2.5008329750100344,2.4991670249899656,166.59500200688626,N,,simulated
CC-PT,pressure,5236.357831196,1780039925.258298,1.3778223249700459,,219.45558124251147,psi,,simulated
FI-PT,pressure,5236.357936195,1780039925.2584023,1.663930614463164,,290.98265361579104,psi,,simulated
thrust,thrust,5236.357994286,1780039925.2584605,2.5008633733824936,2.4991366266175064,172.6746764987297,N,,simulated
CC-PT,pressure,5236.3679965,1780039925.268463,1.3865526183310293,,221.63815458275732,psi,,simulated
FI-PT,pressure,5236.368093555,1780039925.26856,1.6778626057937869,,294.4656514484467,psi,,simulated
thrust,thrust,5236.368142461,1780039925.2686088,2.5008699298942005,2.4991300701057995,173.9859788401077,N,,simulated
CC-PT,pressure,5236.378164749,1780039925.2786312,1.3718564953632946,,217.96412384082365,psi,,simulated
FI-PT,pressure,5236.37824723,1780039925.2787132,1.6705938184969211,,292.6484546242303,psi,,simulated
thrust,thrust,5236.378309803,1780039925.2787762,2.5008824468710955,2.4991175531289045,176.48937421910205,N,,simulated
FM-FM,flow,5236.382326581,1780039925.282793,1.6395773457976992,,7.87103761685343,gallons_per_minute,,simulated
CC-PT,pressure,5236.388313906,1780039925.28878,1.3754804581976483,,218.87011454941208,psi,,simulated
FI-PT,pressure,5236.388376201,1780039925.2888422,1.679387888835417,,294.84697220885425,psi,,simulated
thrust,thrust,5236.388422941,1780039925.2888892,2.5009134412900735,2.4990865587099265,182.68825801470712,N,,simulated
CC-PT,pressure,5236.398443507,1780039925.2989097,1.3730617014243247,,218.26542535608118,psi,,simulated
FI-PT,pressure,5236.398509525,1780039925.2989757,1.6686811052180652,,292.17027630451634,psi,,simulated
thrust,thrust,5236.398561913,1780039925.2990282,2.500906288731848,2.499093711268152,181.25774636956749,N,,simulated
CC-PT,pressure,5236.408579867,1780039925.309046,1.377747223108676,,219.436805777169,psi,,simulated
FI-PT,pressure,5236.408639848,1780039925.3091059,1.6645004349351447,,291.1251087337862,psi,,simulated
thrust,thrust,5236.408685792,1780039925.309152,2.5009360910577882,2.4990639089422118,187.21821155764928,N,,simulated
CC-PT,pressure,5236.418709135,1780039925.3191755,1.3747407644678074,,218.68519111695184,psi,,simulated
FI-PT,pressure,5236.418775171,1780039925.3192413,1.6740955917949192,,293.52389794872977,psi,,simulated
thrust,thrust,5236.418827837,1780039925.319294,2.500945627802089,2.499054372197911,189.12556041783546,N,,simulated
FM-FM,flow,5236.422477565,1780039925.3229437,1.6898592340778393,,8.342430319479742,gallons_per_minute,,simulated
CC-PT,pressure,5236.428843347,1780039925.3293097,1.3740380256221325,,218.50950640553313,psi,,simulated
FI-PT,pressure,5236.428905291,1780039925.3293717,1.6729362813158373,,293.2340703289593,psi,,simulated
thrust,thrust,5236.428951772,1780039925.329418,2.500946819895127,2.499053180104873,189.36397902535873,N,,simulated
CC-PT,pressure,5236.438972282,1780039925.3394387,1.380292341743987,,220.07308543599675,psi,,simulated
FI-PT,pressure,5236.439039077,1780039925.3395052,1.6662838061194187,,291.5709515298547,psi,,simulated
thrust,thrust,5236.439090965,1780039925.3395572,2.500961721058097,2.499038278941903,192.34421161939963,N,,simulated
tank_temp,temperature,5236.444253061,1780039925.3447194,,,21.43521378645876,°C,,simulated
CC-PT,pressure,5236.449108494,1780039925.3495746,1.3677962264771732,,216.94905661929332,psi,,simulated
FI-PT,pressure,5236.449171123,1780039925.3496373,1.6690059505708157,,292.2514876427039,psi,,simulated
thrust,thrust,5236.449219104,1780039925.3496852,2.500952780360315,2.499047219639685,190.5560720629751,N,,simulated
CC-PT,pressure,5236.45926741,1780039925.3597343,1.376457378441975,,219.11434461049373,psi,,simulated
FI-PT,pressure,5236.459371371,1780039925.3598378,1.6694970929023136,,292.3742732255784,psi,,simulated
thrust,thrust,5236.459432278,1780039925.3598983,2.500977814314105,2.499022185685895,195.5628628209638,N,,simulated
FM-FM,flow,5236.462626141,1780039925.3630924,1.6467483814654804,,7.938266076238879,gallons_per_minute,,simulated
CC-PT,pressure,5236.469431177,1780039925.3698974,1.3833238343386454,,220.83095858466135,psi,,simulated
FI-PT,pressure,5236.469494028,1780039925.3699603,1.6704221570995044,,292.6055392748761,psi,,simulated
thrust,thrust,5236.469542472,1780039925.3700085,2.500971257802398,2.499028742197602,194.2515604795858,N,,simulated
CC-PT,pressure,5236.479562556,1780039925.380029,1.3750739544718211,,218.76848861795528,psi,,simulated
FI-PT,pressure,5236.47963087,1780039925.380097,1.6581090281139645,,289.52725702849114,psi,,simulated
thrust,thrust,5236.479683351,1780039925.3801496,2.5009784103606236,2.4990215896393764,195.68207212472544,N,,simulated
CC-PT,pressure,5236.489699768,1780039925.390166,1.3746960609788967,,218.6740152447242,psi,,simulated
FI-PT,pressure,5236.48976223,1780039925.3902285,1.661009986521004,,290.252496630251,psi,,simulated
thrust,thrust,5236.489808841,1780039925.3902748,2.5009945036166314,2.4990054963833686,198.9007233262896,N,,simulated
CC-PT,pressure,5236.499831166,1780039925.4002974,1.3750417679598055,,218.76044198995137,psi,,simulated
FI-PT,pressure,5236.49989948,1780039925.4003656,1.6684218249823837,,292.1054562455959,psi,,simulated
thrust,thrust,5236.499950312,1780039925.4004166,2.5009879471049246,2.4990120528950754,197.5894209849116,N,,simulated
FM-FM,flow,5236.502814236,1780039925.4032807,1.6331847468834815,,7.811107002032639,gallons_per_minute,,simulated
CC-PT,pressure,5236.509969137,1780039925.4104354,1.3711209739590853,,217.78024348977132,psi,,simulated
FI-PT,pressure,5236.510031303,1780039925.4104974,1.669495900809276,,292.373975202319,psi,,simulated
thrust,thrust,5236.510077413,1780039925.4105437,2.500999271988782,2.499000728011218,199.8543977563827,N,,simulated
CC-PT,pressure,5236.520102572,1780039925.420569,1.3736166207333351,,218.40415518333378,psi,,simulated
FI-PT,pressure,5236.520170608,1780039925.420637,1.6646381216809893,,291.15953042024734,psi,,simulated
thrust,thrust,5236.5202222,1780039925.4206884,2.5010034443144136,2.4989965556855864,200.68886288271415,N,,simulated
CC-PT,pressure,5236.530238487,1780039925.4307046,1.3742919414391448,,218.5729853597862,psi,,simulated
FI-PT,pressure,5236.530302746,1780039925.430769,1.6570719071712383,,289.2679767928096,psi,,simulated
thrust,thrust,5236.530350245,1780039925.4308164,2.5010105968726393,2.4989894031273607,202.11937452785378,N,,simulated
CC-PT,pressure,5236.540373107,1780039925.4408395,1.372995540260737,,218.24888506518425,psi,,simulated
FI-PT,pressure,5236.540448291,1780039925.4409144,1.6755451769286607,,293.88629423216514,psi,,simulated
thrust,thrust,5236.540500939,1780039925.440967,2.5010034443144136,2.4989965556855864,200.68886288271415,N,,simulated
FM-FM,flow,5236.542960812,1780039925.4434273,1.685866914494862,,8.30500232338933,gallons_per_minute,,simulated
tank_temp,temperature,5236.544420737,1780039925.444887,,,21.495728763931975,°C,,simulated
CC-PT,pressure,5236.552036409,1780039925.4525032,1.3704808199978853,,217.62020499947133,psi,,simulated
FI-PT,pressure,5236.552132538,1780039925.4525988,1.665466030295614,,291.3665075739035,psi,,simulated
thrust,thrust,5236.552189055,1780039925.4526553,2.501008212686564,2.498991787313436,201.64253731280724,N,,simulated
CC-PT,pressure,5236.562207288,1780039925.462674,1.3688947402113367,,217.22368505283418,psi,,simulated
FI-PT,pressure,5236.562297731,1780039925.462764,1.6608877969846483,,290.22194924616207,psi,,simulated
thrust,thrust,5236.562355841,1780039925.462822,2.5009873510584057,2.4990126489415943,197.47021168114998,N,,simulated
CC-PT,pressure,5236.572367611,1780039925.4728339,1.3757182807586528,,218.9295701896632,psi,,simulated
FI-PT,pressure,5236.572432499,1780039925.4728987,1.676591238569169,,294.14780964229226,psi,,simulated
thrust,thrust,5236.57248172,1780039925.472948,2.5009873510584057,2.4990126489415943,197.47021168114998,N,,simulated
CC-PT,pressure,5236.582500138,1780039925.4829662,1.3651408392358828,,216.2852098089707,psi,,simulated
FI-PT,pressure,5236.582570248,1780039925.4830365,1.6736741869061218,,293.41854672653045,psi,,simulated
thrust,thrust,5236.582622581,1780039925.4830887,2.500992715477075,2.499007284522925,198.5430954150047,N,,simulated
FM-FM,flow,5236.58311237,1780039925.4835787,1.6192110322965423,,7.680103427780082,gallons_per_minute,,simulated
CC-PT,pressure,5236.592642017,1780039925.4931083,1.3752474040087943,,218.81185100219858,psi,,simulated
FI-PT,pressure,5236.592703553,1780039925.4931695,1.6729642955022213,,293.2410738755553,psi,,simulated
thrust,thrust,5236.592749608,1780039925.4932158,2.500992715477075,2.499007284522925,198.5430954150047,N,,simulated
CC-PT,pressure,5236.602774321,1780039925.5032406,1.3698794090604078,,217.46985226510196,psi,,simulated
FI-PT,pressure,5236.602843895,1780039925.50331,1.6716053094393386,,292.9013273598346,psi,,simulated
thrust,thrust,5236.602896505,1780039925.5033627,2.5009784103606236,2.4990215896393764,195.68207212472544,N,,simulated
CC-PT,pressure,5236.612922089,1780039925.5133886,1.3810242868690834,,220.25607171727086,psi,,simulated
FI-PT,pressure,5236.61299531,1780039925.5134618,1.6698714101161252,,292.4678525290313,psi,,simulated
thrust,thrust,5236.613050606,1780039925.5135171,2.5009605289650594,2.4990394710349406,192.10579301187636,N,,simulated
CC-PT,pressure,5236.623066338,1780039925.5235329,1.3773854228717595,,219.34635571793987,psi,,simulated
FI-PT,pressure,5236.623148763,1780039925.523615,1.6604759288401518,,290.118982210038,psi,,simulated
thrust,thrust,5236.623210484,1780039925.5236769,2.500946223848608,2.499053776151392,189.2447697215971,N,,simulated
FM-FM,flow,5236.623277169,1780039925.5237434,1.622710421408465,,7.712910200704359,gallons_per_minute,,simulated
CC-PT,pressure,5236.633218902,1780039925.5336852,1.3741149156230588,,218.5287289057647,psi,,simulated
FI-PT,pressure,5236.633291068,1780039925.5337574,1.6663648684459766,,291.5912171114942,psi,,simulated
thrust,thrust,5236.633345863,1780039925.5338123,2.5009378791973447,2.4990621208026553,187.5758394689342,N,,simulated
CC-PT,pressure,5236.643362559,1780039925.543829,1.3717390741990894,,217.93476854977234,psi,,simulated
FI-PT,pressure,5236.643441095,1780039925.5439074,1.66817863800271,,292.0446595006775,psi,,simulated
thrust,thrust,5236.643501686,1780039925.543968,2.500948608034683,2.499051391965317,189.72160693664364,N,,simulated
tank_temp,temperature,5236.64459793,1780039925.5450642,,,21.661494719417213,°C,,simulated
CC-PT,pressure,5236.653538326,1780039925.5540056,1.3693733655659397,,217.34334139148493,psi,,simulated
FI-PT,pressure,5236.653741101,1780039925.5542076,1.6697092854630093,,292.42732136575233,psi,,simulated
thrust,thrust,5236.653805267,1780039925.5542715,2.50091522942963,2.49908477057037,183.04588592599202,N,,simulated
FM-FM,flow,5236.663446689,1780039925.563913,1.617083146224397,,7.660154495853721,gallons_per_minute,,simulated
CC-PT,pressure,5236.663799777,1780039925.5642662,1.3698800051069266,,217.47000127673167,psi,,simulated
FI-PT,pressure,5236.663885905,1780039925.5643523,1.6686304412639665,,292.15761031599163,psi,,simulated
thrust,thrust,5236.663949571,1780039925.564416,2.5009104610574795,2.4990895389425205,182.09221149589894,N,,simulated
CC-PT,pressure,5236.673955563,1780039925.5744221,1.369447275334272,,217.36181883356798,psi,,simulated
FI-PT,pressure,5236.674029247,1780039925.5744956,1.6595985483644662,,289.8996370911166,psi,,simulated
thrust,thrust,5236.67408458,1780039925.5745509,2.500905692685329,2.499094307314671,181.13853706580585,N,,simulated
CC-PT,pressure,5236.684103331,1780039925.5845697,1.3575299212372212,,214.3824803093053,psi,,simulated
FI-PT,pressure,5236.684181996,1780039925.5846484,1.6618867709501708,,290.4716927375427,psi,,simulated
thrust,thrust,5236.684241199,1780039925.5847075,2.5008890033828024,2.4991109966171976,177.80067656048004,N,,simulated
CC-PT,pressure,5236.694270431,1780039925.5947368,1.3716323818722227,,217.90809546805568,psi,,simulated
FI-PT,pressure,5236.694352967,1780039925.5948193,1.6633941725962367,,290.8485431490592,psi,,simulated
thrust,thrust,5236.6944108,1780039925.5948772,2.500862181289456,2.499137818710544,172.43625789120642,N,,simulated
FM-FM,flow,5236.703625062,1780039925.6040916,1.628505781710837,,7.767241703539096,gallons_per_minute,,simulated
CC-PT,pressure,5236.704424217,1780039925.6048906,1.3762076349505943,,219.05190873764857,psi,,simulated
FI-PT,pressure,5236.704495772,1780039925.604962,1.6640867786510918,,291.021694662773,psi,,simulated
thrust,thrust,5236.704573086,1780039925.6050394,2.5008735061733134,2.4991264938266866,174.7012346626775,N,,simulated
CC-PT,pressure,5236.714565004,1780039925.6150312,1.3688238106755986,,217.20595266889964,psi,,simulated
FI-PT,pressure,5236.714629873,1780039925.615096,1.6598935913912762,,289.97339784781906,psi,,simulated
thrust,thrust,5236.714679317,1780039925.6151454,2.500837743382185,2.499162256617815,167.54867643697935,N,,simulated
CC-PT,pressure,5236.724697345,1780039925.6251636,1.3788421605637267,,219.71054014093167,psi,,simulated
FI-PT,pressure,5236.724763752,1780039925.6252298,1.6540696208560015,,288.5174052140004,psi,,simulated
thrust,thrust,5236.724815677,1780039925.6252818,2.5008210540796583,2.4991789459203417,164.21081593165354,N,,simulated
CC-PT,pressure,5236.734829558,1780039925.6352956,1.3721664395530748,,218.0416098882687,psi,,simulated
FI-PT,pressure,5236.734890835,1780039925.635357,1.6575904676426014,,289.39761691065036,psi,,simulated
thrust,thrust,5236.734938889,1780039925.635405,2.5008079410562445,2.4991920589437555,161.58821124889755,N,,simulated
FM-FM,flow,5236.743787601,1780039925.6442537,1.6097678672990638,,7.591573755928723,gallons_per_minute,,simulated
tank_temp,temperature,5236.744768143,1780039925.6452343,,,21.253842249390182,°C,,simulated
CC-PT,pressure,5236.745014195,1780039925.6454804,1.3628699019992236,,215.71747549980591,psi,,simulated
FI-PT,pressure,5236.745085435,1780039925.6455517,1.6666104396117256,,291.65260990293143,psi,,simulated
thrust,thrust,5236.745139027,1780039925.645605,2.5007769466372665,2.4992230533627335,155.38932745329248,N,,simulated
CC-PT,pressure,5236.755182574,1780039925.6556492,1.357053680068693,,214.26342001717325,psi,,simulated
FI-PT,pressure,5236.75527735,1780039925.6557436,1.664580305168665,,291.14507629216627,psi,,simulated
thrust,thrust,5236.75533146,1780039925.6557977,2.5007668138464467,2.4992331861535533,153.36276928934467,N,,simulated
CC-PT,pressure,5236.76533836,1780039925.6658046,1.3652373987719297,,216.30934969298244,psi,,simulated
FI-PT,pressure,5236.765414914,1780039925.6658812,1.6680063805587744,,292.0015951396936,psi,,simulated
thrust,thrust,5236.765470321,1780039925.6659367,2.5007370115205063,2.4992629884794937,147.40230410126287,N,,simulated
CC-PT,pressure,5236.775482905,1780039925.6759493,1.364385052250034,,216.0962630625085,psi,,simulated
FI-PT,pressure,5236.7755462,1780039925.6760123,1.653086144099968,,288.27153602499203,psi,,simulated
thrust,thrust,5236.775594052,1780039925.6760602,2.5007078052410847,2.4992921947589153,141.5610482169427,N,,simulated
FM-FM,flow,5236.7839339,1780039925.6844003,1.6442741923659077,,7.915070553430384,gallons_per_minute,,simulated
CC-PT,pressure,5236.785616599,1780039925.686083,1.3724585023472908,,218.1146255868227,psi,,simulated
FI-PT,pressure,5236.785688375,1780039925.6861546,1.6617973639723496,,290.4493409930874,psi,,simulated
thrust,thrust,5236.785742356,1780039925.6862085,2.500684559426851,2.499315440573149,136.9118853702389,N,,simulated
CC-PT,pressure,5236.795755663,1780039925.696222,1.365907951105589,,216.47698777639724,psi,,simulated
FI-PT,pressure,5236.795819236,1780039925.6962855,1.66952391499566,,292.380978748915,psi,,simulated
thrust,thrust,5236.795866809,1780039925.6963332,2.5006750226825503,2.4993249773174497,135.00453651005273,N,,simulated
CC-PT,pressure,5236.805886912,1780039925.7063532,1.3753421754052848,,218.8355438513212,psi,,simulated
FI-PT,pressure,5236.805955485,1780039925.7064219,1.6522945943229908,,288.0736485807477,psi,,simulated
thrust,thrust,5236.806008503,1780039925.7064748,2.500648200589204,2.499351799410796,129.6401178407791,N,,simulated
CC-PT,pressure,5236.816047105,1780039925.7165136,1.3624932005993369,,215.62330014983422,psi,,simulated
FI-PT,pressure,5236.816110697,1780039925.716577,1.6574593374084636,,289.3648343521159,psi,,simulated
thrust,thrust,5236.816158419,1780039925.7166247,2.5006207824493387,2.4993792175506613,124.15648986774386,N,,simulated
FM-FM,flow,5236.824093476,1780039925.7245595,1.6039117102517735,,7.5366722836103754,gallons_per_minute,,simulated
CC-PT,pressure,5236.826177688,1780039925.726644,1.3588710259045396,,214.7177564761349,psi,,simulated
FI-PT,pressure,5236.826244669,1780039925.7267108,1.6538532559696741,,288.46331399241853,psi,,simulated
thrust,thrust,5236.826296686,1780039925.726763,2.5005927682629547,2.4994072317370453,118.55365259094697,N,,simulated
CC-PT,pressure,5236.836313697,1780039925.73678,1.352035564426847,,213.00889110671173,psi,,simulated
FI-PT,pressure,5236.836375233,1780039925.7368414,1.6710056866414176,,292.75142166035437,psi,,simulated
thrust,thrust,5236.836421751,1780039925.7368882,2.5005689264022024,2.4994310735977976,113.78528044048153,N,,simulated
tank_temp,temperature,5236.84492743,1780039925.7453938,,,21.66340206827742,°C,,simulated
CC-PT,pressure,5236.846442761,1780039925.7469091,1.3620270922216289,,215.50677305540722,psi,,simulated
FI-PT,pressure,5236.846509482,1780039925.7469757,1.6638167695780717,,290.9541923945179,psi,,simulated
thrust,thrust,5236.846562592,1780039925.7470288,2.5005528331461946,2.4994471668538054,110.56662923891736,N,,simulated
CC-PT,pressure,5236.856609787,1780039925.7570767,1.3697995388268875,,217.4498847067219,psi,,simulated
FI-PT,pressure,5236.856707601,1780039925.7571738,1.6600819420912196,,290.0204855228049,psi,,simulated
thrust,thrust,5236.856762063,1780039925.7572284,2.5005289912854423,2.4994710087145577,105.79825708845192,N,,simulated
FM-FM,flow,5236.864245904,1780039925.764712,1.6190137408988168,,7.678253820926406,gallons_per_minute,,simulated
CC-PT,pressure,5236.866764851,1780039925.7672312,1.3585426042726763,,214.63565106816907,psi,,simulated
FI-PT,pressure,5236.866836739,1780039925.767303,1.6643210249329834,,291.08025623324585,psi,,simulated
thrust,thrust,5236.866891146,1780039925.7673573,2.5004878640756445,2.4995121359243555,97.57281512889904,N,,simulated
CC-PT,pressure,5236.876903674,1780039925.7773697,1.3612736894218553,,215.31842235546384,psi,,simulated
FI-PT,pressure,5236.876965822,1780039925.777432,1.662777860495789,,290.6944651239473,psi,,simulated
thrust,thrust,5236.877013895,1780039925.7774801,2.50046521430793,2.49953478569207,93.04286158595687,N,,simulated
CC-PT,pressure,5236.887032516,1780039925.7874987,1.3526119414105344,,213.1529853526336,psi,,simulated
FI-PT,pressure,5236.887099997,1780039925.7875662,1.6686483226595308,,292.1620806648827,psi,,simulated
thrust,thrust,5236.8871517,1780039925.7876182,2.50041514640035,2.49958485359965,83.02928006997945,N,,simulated
CC-PT,pressure,5236.897167321,1780039925.7976336,1.3584198186898018,,214.60495467245045,psi,,simulated
FI-PT,pressure,5236.897227172,1780039925.7976935,1.6701354587239576,,292.5338646809894,psi,,simulated
thrust,thrust,5236.897275153,1780039925.7977414,2.500393688725673,2.499606311274327,78.73774513456056,N,,simulated
FM-FM,flow,5236.904409721,1780039925.804876,1.608732534495894,,7.581867510899006,gallons_per_minute,,simulated
CC-PT,pressure,5236.90729633,1780039925.8077626,1.3594813775397991,,214.8703443849498,psi,,simulated
FI-PT,pressure,5236.907362273,1780039925.8078284,1.6685100398671673,,292.1275099667918,psi,,simulated
thrust,thrust,5236.907414532,1780039925.8078806,2.500368654771883,2.499631345228117,73.73095437657184,N,,simulated
CC-PT,pressure,5236.917429246,1780039925.8178954,1.361137790815567,,215.28444770389177,psi,,simulated
FI-PT,pressure,5236.91749043,1780039925.8179567,1.664984424708417,,291.24610617710425,psi,,simulated
thrust,thrust,5236.917537615,1780039925.818004,2.500337064306386,2.499662935693614,67.41286127720514,N,,simulated
CC-PT,pressure,5236.927558495,1780039925.8280249,1.3600547742908926,,215.01369357272316,psi,,simulated
FI-PT,pressure,5236.927626161,1780039925.8280923,1.6674103340399662,,291.8525835099916,psi,,simulated
thrust,thrust,5236.92767866,1780039925.8281448,2.5003227591899346,2.4996772408100654,64.55183798692588,N,,simulated
CC-PT,pressure,5236.937691504,1780039925.838158,1.3503272951039427,,212.58182377598567,psi,,simulated
FI-PT,pressure,5236.937753929,1780039925.8382201,1.667612989856361,,291.90324746409027,psi,,simulated
thrust,thrust,5236.93780128,1780039925.8382673,2.5002643466310914,2.4997356533689086,52.86932621828555,N,,simulated
FM-FM,flow,5236.944594149,1780039925.845061,1.582596490692674,,7.3368421002438176,gallons_per_minute,,simulated
tank_temp,temperature,5236.945093827,1780039925.8455603,,,21.622133974757016,°C,,simulated
CC-PT,pressure,5236.947822753,1780039925.848289,1.3445212059642322,,211.13030149105805,psi,,simulated
FI-PT,pressure,5236.947895437,1780039925.8483617,1.6696365677877147,,292.4091419469287,psi,,simulated
thrust,thrust,5236.947949677,1780039925.8484159,2.5002601743054598,2.4997398256945402,52.0348610919541,N,,simulated
CC-PT,pressure,5236.957991724,1780039925.8584583,1.3557340330760517,,213.93350826901292,psi,,simulated
FI-PT,pressure,5236.958087741,1780039925.858554,1.6515352310580291,,287.8838077645073,psi,,simulated
thrust,thrust,5236.958143407,1780039925.8586097,2.500230968026038,2.499769031973962,46.19360520763394,N,,simulated
CC-PT,pressure,5236.96815238,1780039925.8686185,1.348775786015485,,212.19394650387125,psi,,simulated
FI-PT,pressure,5236.968230861,1780039925.8686972,1.6645391779588672,,291.1347944897168,psi,,simulated
thrust,thrust,5236.968286175,1780039925.8687525,2.5002148747700303,2.4997851252299697,42.974954006069765,N,,simulated
CC-PT,pressure,5236.978298851,1780039925.878765,1.3506384313867605,,212.65960784669014,psi,,simulated
FI-PT,pressure,5236.978363239,1780039925.8788292,1.6628481939850084,,290.7120484962521,psi,,simulated
thrust,thrust,5236.978411776,1780039925.8788779,2.500156462211187,2.499843537788813,31.29244223742944,N,,simulated
FM-FM,flow,5236.984779077,1780039925.8852453,1.5770490857421262,,7.284835178832433,gallons_per_minute,,simulated
CC-PT,pressure,5236.98843399,1780039925.8889003,1.355826420286467,,213.95660507161674,psi,,simulated
FI-PT,pressure,5236.988503452,1780039925.8889697,1.6632493332921663,,290.81233332304157,psi,,simulated
thrust,thrust,5236.988557451,1780039925.8890238,2.5001344084899912,2.4998655915100088,26.88169799824891,N,,simulated
CC-PT,pressure,5236.998571498,1780039925.8990376,1.3460607941223137,,211.51519853057843,psi,,simulated
FI-PT,pressure,5236.998633997,1780039925.8991,1.6607131553546375,,290.1782888386594,psi,,simulated
thrust,thrust,5236.998682423,1780039925.8991485,2.500112950815314,2.499887049184686,22.590163062830015,N,,simulated
CC-PT,pressure,5237.008705377,1780039925.9091718,1.3501842439394287,,212.54606098485718,psi,,simulated
FI-PT,pressure,5237.008772302,1780039925.9092386,1.6616829230407384,,290.4207307601846,psi,,simulated
thrust,thrust,5237.008824672,1780039925.909291,2.500075995931148,2.499924004068852,15.199186229608586,N,,simulated
CC-PT,pressure,5237.018839571,1780039925.9193058,1.34214178826115,,210.53544706528749,psi,,simulated
FI-PT,pressure,5237.018902681,1780039925.919369,1.6650106507552445,,291.25266268881114,psi,,simulated
thrust,thrust,5237.018949069,1780039925.9194152,2.5000253319770493,2.4999746680229507,5.0663954098695285,N,,simulated
FM-FM,flow,5237.024931561,1780039925.925398,1.5937449447804624,,7.441358857316834,gallons_per_minute,,simulated
CC-PT,pressure,5237.028971116,1780039925.9294374,1.349179905555237,,212.29497638880923,psi,,simulated
FI-PT,pressure,5237.02903993,1780039925.929506,1.6631587342213074,,290.78968355532686,psi,,simulated
thrust,thrust,5237.029092355,1780039925.9295585,2.499999105930222,2.500000894069778,0.17881395564245395,N,,simulated
CC-PT,pressure,5237.039106199,1780039925.9395726,1.3406838584761451,,210.17096461903628,psi,,simulated
FI-PT,pressure,5237.039170013,1780039925.9396362,1.6626556709594333,,290.66391773985833,psi,,simulated
thrust,thrust,5237.039217679,1780039925.939684,2.4999597668599804,2.5000402331400196,8.046628003910428,N,,simulated
tank_temp,temperature,5237.045255707,1780039925.945722,,,21.495035182528238,°C,,simulated
CC-PT,pressure,5237.049236948,1780039925.9497032,1.3461728508678497,,211.54321271696242,psi,,simulated
FI-PT,pressure,5237.049303818,1780039925.94977,1.6553725785461162,,288.8431446365291,psi,,simulated
thrust,thrust,5237.049356687,1780039925.949823,2.4999400973248598,2.5000599026751402,11.980535028044415,N,,simulated
CC-PT,pressure,5237.059401845,1780039925.9598684,1.3484849153143066,,212.12122882857665,psi,,simulated
FI-PT,pressure,5237.059496937,1780039925.959963,1.6541959827179888,,288.54899567949724,psi,,simulated
thrust,thrust,5237.059551565,1780039925.9600177,2.499914467324551,2.500085532675449,17.10653508979476,N,,simulated
FM-FM,flow,5237.065091156,1780039925.9655576,1.5429683378897117,,6.965328167716047,gallons_per_minute,,simulated
CC-PT,pressure,5237.06955565,1780039925.970022,1.351152819532492,,212.788204883123,psi,,simulated
FI-PT,pressure,5237.069628927,1780039925.9700952,1.6571738311259545,,289.29345778148866,psi,,simulated
thrust,thrust,5237.06968413,1780039925.9701505,2.499889433370761,2.500110566629239,22.11332584778347,N,,simulated
CC-PT,pressure,5237.079697399,1780039925.9801636,1.3399471449788982,,209.98678624472456,psi,,simulated
FI-PT,pressure,5237.079761528,1780039925.980228,1.6508944810503103,,287.7236202625776,psi,,simulated
thrust,thrust,5237.079810916,1780039925.980277,2.4998500943005197,2.5001499056994803,29.981139896051445,N,,simulated
CC-PT,pressure,5237.089831815,1780039925.990298,1.3476778683278403,,211.91946708196008,psi,,simulated
FI-PT,pressure,5237.089904758,1780039925.990371,1.6584201643967824,,289.6050410991956,psi,,simulated
thrust,thrust,5237.089959184,1780039925.9904253,2.4998220801141358,2.5001779198858642,35.583977172848336,N,,simulated
CC-PT,pressure,5237.099971286,1780039926.0004375,1.342977445480519,,210.74436137012975,psi,,simulated
FI-PT,pressure,5237.100059933,1780039926.0005262,1.6563560553021497,,289.08901382553745,psi,,simulated
thrust,thrust,5237.10011084,1780039926.000577,2.4997922777881953,2.5002077222118047,41.544442360930134,N,,simulated
FM-FM,flow,5237.105245991,1780039926.0057123,1.5891977058884745,,7.398728492704448,gallons_per_minute,,simulated
CC-PT,pressure,5237.110101702,1780039926.0105681,1.3405223298695481,,210.13058246738703,psi,,simulated
FI-PT,pressure,5237.110173072,1780039926.0106394,1.6506042063956508,,287.6510515989127,psi,,simulated
thrust,thrust,5237.110228275,1780039926.0106945,2.4997422098806155,2.5002577901193845,51.558023876907555,N,,simulated
CC-PT,pressure,5237.120242192,1780039926.0207083,1.3418968131419198,,210.47420328547994,psi,,simulated
FI-PT,pressure,5237.120304265,1780039926.0207703,1.6496845066171295,,287.4211266542824,psi,,simulated
thrust,thrust,5237.120351191,1780039926.0208175,2.4997267126711264,2.5002732873288736,54.65746577471009,N,,simulated
CC-PT,pressure,5237.130372979,1780039926.0308392,1.3392914938082092,,209.8228734520523,psi,,simulated
FI-PT,pressure,5237.130438663,1780039926.0309048,1.658433873466715,,289.6084683666788,psi,,simulated
thrust,thrust,5237.13049094,1780039926.030957,2.4996992945312613,2.5003007054687387,60.141093747745344,N,,simulated
CC-PT,pressure,5237.140509061,1780039926.0409753,1.3394947456711228,,209.8736864177807,psi,,simulated
FI-PT,pressure,5237.140571153,1780039926.0410373,1.6577120611324383,,289.4280152831096,psi,,simulated
thrust,thrust,5237.140620041,1780039926.0410862,2.4996575712749447,2.5003424287250553,68.48574501105986,N,,simulated
FM-FM,flow,5237.14539929,1780039926.0458655,1.5876104340088883,,7.383847818833328,gallons_per_minute,,simulated
tank_temp,temperature,5237.145462715,1780039926.045929,,,21.589882439484757,°C,,simulated
CC-PT,pressure,5237.151956607,1780039926.0524232,1.3341857593280981,,208.54643983202453,psi,,simulated
FI-PT,pressure,5237.152091846,1780039926.0525584,1.6741653292376197,,293.54133230940494,psi,,simulated
thrust,thrust,5237.152154697,1780039926.052621,2.499615848018628,2.500384151981372,76.83039627437438,N,,simulated
CC-PT,pressure,5237.162166633,1780039926.0626333,1.3328398862886293,,208.20997157215731,psi,,simulated
FI-PT,pressure,5237.162247077,1780039926.0627134,1.6662444670491774,,291.5611167622944,psi,,simulated
thrust,thrust,5237.162297002,1780039926.0627632,2.499597966623064,2.500402033376936,80.40667538722346,N,,simulated
CC-PT,pressure,5237.172315364,1780039926.0727816,1.3284076843747716,,207.1019210936929,psi,,simulated
FI-PT,pressure,5237.172388622,1780039926.0728548,1.6563155241388707,,289.0788810347177,psi,,simulated
thrust,thrust,5237.172444362,1780039926.0729105,2.4995687603436423,2.5004312396563577,86.24793127154362,N,,simulated
CC-PT,pressure,5237.182457354,1780039926.0829234,1.3285292778646085,,207.13231946615213,psi,,simulated
FI-PT,pressure,5237.182520705,1780039926.082987,1.657952267879518,,289.4880669698795,psi,,simulated
thrust,thrust,5237.182569,1780039926.0830352,2.4995461105759276,2.5004538894240724,90.77788481448579,N,,simulated
FM-FM,flow,5237.185546033,1780039926.0860124,1.5860636932925811,,7.369347124617947,gallons_per_minute,,simulated
CC-PT,pressure,5237.192601955,1780039926.0930684,1.3308908141721265,,207.72270354303163,psi,,simulated
FI-PT,pressure,5237.192682231,1780039926.0931485,1.6548277920279255,,288.7069480069814,psi,,simulated
thrust,thrust,5237.192737638,1780039926.093204,2.499492466389235,2.500507533610765,101.50672215303302,N,,simulated
CC-PT,pressure,5237.202754093,1780039926.1032205,1.3250650554972954,,206.26626387432384,psi,,simulated
FI-PT,pressure,5237.202820888,1780039926.103287,1.6561146564620324,,289.0286641155081,psi,,simulated
thrust,thrust,5237.202871406,1780039926.1033375,2.499479353365821,2.500520646634179,104.12932683578902,N,,simulated
CC-PT,pressure,5237.212890583,1780039926.1133568,1.3283915911187638,,207.09789777969095,psi,,simulated
FI-PT,pressure,5237.212961285,1780039926.1134274,1.6586860011441709,,289.6715002860427,psi,,simulated
thrust,thrust,5237.213014599,1780039926.1134808,2.499476373133227,2.500523626866773,104.7253733545972,N,,simulated
CC-PT,pressure,5237.223040313,1780039926.1235068,1.342095296632683,,210.52382415817073,psi,,simulated
FI-PT,pressure,5237.223107238,1780039926.1235735,1.6604461265142114,,290.1115316285529,psi,,simulated
thrust,thrust,5237.223155386,1780039926.1236217,2.4994429945281738,2.5005570054718262,111.40109436524881,N,,simulated
FM-FM,flow,5237.225707165,1780039926.1261735,1.5784909222711232,,7.298352396291779,gallons_per_minute,,simulated
CC-PT,pressure,5237.233173507,1780039926.1336396,1.3251330048004395,,206.28325120010987,psi,,simulated
FI-PT,pressure,5237.233242858,1780039926.133709,1.6569538899605143,,289.2384724901286,psi,,simulated
thrust,thrust,5237.233294913,1780039926.133761,2.499402463364895,2.500597536635105,119.50732702104006,N,,simulated
CC-PT,pressure,5237.243309645,1780039926.143776,1.3334883849010926,,208.37209622527314,psi,,simulated
FI-PT,pressure,5237.243372903,1780039926.1438391,1.6655792791341875,,291.3948197835469,psi,,simulated
thrust,thrust,5237.243420347,1780039926.1438866,2.4993756412715484,2.5006243587284516,124.87174569031367,N,,simulated
tank_temp,temperature,5237.245621317,1780039926.1460876,,,21.52832708990602,°C,,simulated
CC-PT,pressure,5237.253470598,1780039926.1539373,1.3223446991854548,,205.5861747963637,psi,,simulated
FI-PT,pressure,5237.253576911,1780039926.1540432,1.6644670563300914,,291.1167640825229,psi,,simulated
thrust,thrust,5237.253636614,1780039926.1541028,2.4993512033642773,2.5006487966357227,129.75932714454075,N,,simulated
CC-PT,pressure,5237.263635624,1780039926.1641018,1.320939817540624,,205.234954385156,psi,,simulated
FI-PT,pressure,5237.263701586,1780039926.164168,1.6722961273546373,,293.0740318386593,psi,,simulated
thrust,thrust,5237.263749752,1780039926.1642158,2.4993202089452993,2.5006797910547007,135.95821094014582,N,,simulated
FM-FM,flow,5237.26585626,1780039926.1663227,1.5848131876961216,,7.357623634651139,gallons_per_minute,,simulated
CC-PT,pressure,5237.273770077,1780039926.1742363,1.3396765398593593,,209.91913496483983,psi,,simulated
FI-PT,pressure,5237.273839613,1780039926.1743057,1.652660566885539,,288.16514172138477,psi,,simulated
thrust,thrust,5237.273893946,1780039926.17436,2.499302327549735,2.500697672450265,139.5344900529949,N,,simulated
CC-PT,pressure,5237.283906475,1780039926.1843727,1.320302643812018,,205.0756609530045,psi,,simulated
FI-PT,pressure,5237.283970622,1780039926.1844368,1.6645344095867167,,291.1336023966792,psi,,simulated
thrust,thrust,5237.284058213,1780039926.1845245,2.499283850107652,2.500716149892348,143.2299784696056,N,,simulated
CC-PT,pressure,5237.294037817,1780039926.1945043,1.3360144300478016,,209.0036075119504,psi,,simulated
FI-PT,pressure,5237.294106334,1780039926.1945724,1.6581918785800789,,289.54796964501975,psi,,simulated
thrust,thrust,5237.294158722,1780039926.1946247,2.49924987545608,2.50075012454392,150.02490878401886,N,,simulated
CC-PT,pressure,5237.304177103,1780039926.2046432,1.3164092679511628,,204.1023169877907,psi,,simulated
FI-PT,pressure,5237.304239306,1780039926.2047055,1.650765138955729,,287.69128473893227,psi,,simulated
thrust,thrust,5237.304286379,1780039926.2047527,2.499240338711779,2.500759661288221,151.93225764420504,N,,simulated
FM-FM,flow,5237.3060128,1780039926.206479,1.5670140465514715,,7.190756686420044,gallons_per_minute,,simulated
CC-PT,pressure,5237.314307556,1780039926.2147737,1.315323867240413,,203.83096681010326,psi,,simulated
FI-PT,pressure,5237.314376407,1780039926.2148426,1.6585572550961083,,289.6393137740271,psi,,simulated
thrust,thrust,5237.314428351,1780039926.2148945,2.4992236494092523,2.5007763505907477,155.27011814953084,N,,simulated
CC-PT,pressure,5237.324446879,1780039926.2249131,1.3170309444702797,,204.25773611756992,psi,,simulated
FI-PT,pressure,5237.324507452,1780039926.2249737,1.6504748643010694,,287.61871607526734,psi,,simulated
thrust,thrust,5237.324553841,1780039926.22502,2.4991884826646427,2.5008115173353573,162.30346707146737,N,,simulated
CC-PT,pressure,5237.334575721,1780039926.235042,1.3182486675082048,,204.5621668770512,psi,,simulated
FI-PT,pressure,5237.334642387,1780039926.2351086,1.6601373744174688,,290.0343436043672,psi,,simulated
thrust,thrust,5237.334694423,1780039926.2351606,2.499177753827304,2.500822246172696,164.4492345391768,N,,simulated
CC-PT,pressure,5237.344709211,1780039926.2451756,1.3144399302530205,,203.60998256325513,psi,,simulated
FI-PT,pressure,5237.344772173,1780039926.2452383,1.676693758570404,,294.173439642601,psi,,simulated
thrust,thrust,5237.344819154,1780039926.2452853,2.4991491435944013,2.5008508564055987,170.17128111973534,N,,simulated
tank_temp,temperature,5237.34587488,1780039926.2463412,,,21.75512820891726,°C,,simulated
FM-FM,flow,5237.346159895,1780039926.2466261,1.5853412849117856,,7.362574546047989,gallons_per_minute,,simulated
CC-PT,pressure,5237.354869442,1780039926.2553363,1.3172729393569158,,204.31823483922895,psi,,simulated
FI-PT,pressure,5237.35497407,1780039926.2554402,1.668072541722362,,292.0181354305905,psi,,simulated
thrust,thrust,5237.355034662,1780039926.2555008,2.4991479515013637,2.5008520484986363,170.4096997272586,N,,simulated
CC-PT,pressure,5237.365035153,1780039926.2655015,1.3182397268104227,,204.55993170260567,psi,,simulated
FI-PT,pressure,5237.365100152,1780039926.2655663,1.671138008968593,,292.7845022421482,psi,,simulated
thrust,thrust,5237.365148967,1780039926.265615,2.4991336463849123,2.5008663536150877,173.27072301753788,N,,simulated
CC-PT,pressure,5237.37516844,1780039926.2756348,1.3157297749197214,,203.93244372993036,psi,,simulated
FI-PT,pressure,5237.375238142,1780039926.2757044,1.6673543056671982,,291.8385764167996,psi,,simulated
thrust,thrust,5237.375292401,1780039926.2757585,2.499110400570679,2.500889599429321,177.91988586424168,N,,simulated
CC-PT,pressure,5237.385306633,1780039926.2857728,1.314904846537691,,203.72621163442273,psi,,simulated
FI-PT,pressure,5237.385369966,1780039926.2858362,1.6508754075617085,,287.7188518904271,psi,,simulated
thrust,thrust,5237.385417484,1780039926.2858837,2.4991020559194155,2.5008979440805845,179.58881611690458,N,,simulated
FM-FM,flow,5237.386313212,1780039926.2867794,1.534198705458487,,6.883112863673315,gallons_per_minute,,simulated
CC-PT,pressure,5237.395436383,1780039926.2959027,1.311589039753561,,202.89725993839025,psi,,simulated
FI-PT,pressure,5237.395503586,1780039926.2959697,1.6626234844474177,,290.6558711118544,psi,,simulated
thrust,thrust,5237.395555474,1780039926.2960217,2.499093711268152,2.500906288731848,181.25774636956749,N,,simulated
CC-PT,pressure,5237.405570539,1780039926.3060367,1.3097198378705786,,202.42995946764464,psi,,simulated
FI-PT,pressure,5237.405631816,1780039926.306098,1.6609766079159507,,290.2441519789877,psi,,simulated
thrust,thrust,5237.405678556,1780039926.3061447,2.499082386384295,2.500917613615705,183.52272314103857,N,,simulated
CC-PT,pressure,5237.415700567,1780039926.3161669,1.3135089055906422,,203.37722639766054,psi,,simulated
FI-PT,pressure,5237.415766269,1780039926.3162324,1.6627087190996073,,290.67717977490184,psi,,simulated
thrust,thrust,5237.415817176,1780039926.3162835,2.499050199872279,2.500949800127721,189.9600255441669,N,,simulated
CC-PT,pressure,5237.425833853,1780039926.3263001,1.3016046645170052,,200.4011661292513,psi,,simulated
FI-PT,pressure,5237.425897037,1780039926.326363,1.6538556401557494,,288.46391003893734,psi,,simulated
thrust,thrust,5237.425943703,1780039926.32641,2.4990496038257604,2.5009503961742396,190.07923484792855,N,,simulated
FM-FM,flow,5237.427034077,1780039926.3275003,1.58553917235603,,7.36442974083778,gallons_per_minute,,simulated
CC-PT,pressure,5237.435968639,1780039926.3364348,1.315345920961609,,203.83648024040224,psi,,simulated
FI-PT,pressure,5237.436074693,1780039926.336541,1.6481753168315072,,287.0438292078768,psi,,simulated
thrust,thrust,5237.436130915,1780039926.336597,2.499028742197602,2.500971257802398,194.2515604795858,N,,simulated
tank_temp,temperature,5237.446036889,1780039926.3465033,,,21.626468858530167,°C,,simulated
CC-PT,pressure,5237.44613637,1780039926.3466027,1.307297504818142,,201.82437620453553,psi,,simulated
FI-PT,pressure,5237.446185943,1780039926.3466523,1.6726811734057874,,293.17029335144684,psi,,simulated
thrust,thrust,5237.446231609,1780039926.3466978,2.4990156291741883,2.5009843708258117,196.8741651623418,N,,simulated
CC-PT,pressure,5237.456296711,1780039926.3567636,1.313195385121749,,203.29884628043726,psi,,simulated
FI-PT,pressure,5237.456400228,1780039926.3568666,1.6671975454327517,,291.7993863581879,psi,,simulated
thrust,thrust,5237.45646069,1780039926.356927,2.4990370868488654,2.5009629131511346,192.5826302269229,N,,simulated
CC-PT,pressure,5237.466460312,1780039926.3669267,1.3032402161646148,,200.8100540411537,psi,,simulated
FI-PT,pressure,5237.466526311,1780039926.3669925,1.6618742539732758,,290.468563493319,psi,,simulated
thrust,thrust,5237.46657544,1780039926.3670418,2.4990275501045645,2.5009724498954355,194.48997908710908,N,,simulated
FM-FM,flow,5237.467189561,1780039926.367656,1.5446968727942554,,6.981533182446144,gallons_per_minute,,simulated
CC-PT,pressure,5237.476596043,1780039926.3770623,1.3038648729163258,,200.96621822908145,psi,,simulated
FI-PT,pressure,5237.476665153,1780039926.3771312,1.6570766755433888,,289.2691688858472,psi,,simulated
thrust,thrust,5237.4767193,1780039926.3771856,2.4990269540580456,2.5009730459419544,194.6091883908707,N,,simulated
CC-PT,pressure,5237.486733588,1780039926.3872,1.3066931136480706,,201.67327841201765,psi,,simulated
FI-PT,pressure,5237.486796013,1780039926.387262,1.6611101223361637,,290.27753058404096,psi,,simulated
thrust,thrust,5237.486844512,1780039926.3873105,2.499016821267226,2.500983178732774,196.63574655481852,N,,simulated
CC-PT,pressure,5237.496864041,1780039926.3973303,1.3112302197492385,,202.80755493730962,psi,,simulated
FI-PT,pressure,5237.496931762,1780039926.397398,1.6525663915355673,,288.14159788389185,psi,,simulated
thrust,thrust,5237.496984021,1780039926.3974502,2.4990001319646993,2.5009998680353007,199.97360706014433,N,,simulated
CC-PT,pressure,5237.507010216,1780039926.4074764,1.2951274269971162,,198.78185674927906,psi,,simulated
FI-PT,pressure,5237.507075586,1780039926.4075418,1.6657628614619804,,291.4407153654951,psi,,simulated
thrust,thrust,5237.507124585,1780039926.4075909,2.4990049003368497,2.5009950996631503,199.01993263005124,N,,simulated
FM-FM,flow,5237.508249347,1780039926.4087155,1.571073719391074,,7.228816119291317,gallons_per_minute,,simulated
CC-PT,pressure,5237.517144614,1780039926.4176106,1.2983514426173497,,199.58786065433742,psi,,simulated
FI-PT,pressure,5237.517213594,1780039926.4176798,1.660990913032402,,290.24772825810055,psi,,simulated
thrust,thrust,5237.517266816,1780039926.4177332,2.498995363592549,2.501004636407451,200.92728149023742,N,,simulated
CC-PT,pressure,5237.527281918,1780039926.4277482,1.3061954148048658,,201.54885370121644,psi,,simulated
FI-PT,pressure,5237.527345399,1780039926.4278116,1.6590972732421485,,289.7743183105371,psi,,simulated
thrust,thrust,5237.527393843,1780039926.42786,2.499013841034632,2.500986158965368,197.2317930736267,N,,simulated
CC-PT,pressure,5237.537414723,1780039926.437881,1.2985815165736097,,199.6453791434024,psi,,simulated
FI-PT,pressure,5237.537485815,1780039926.437952,1.6574199983382223,,289.35499958455557,psi,,simulated
thrust,thrust,5237.537539796,1780039926.438006,2.498976290103947,2.501023709896053,204.74197921060977,N,,simulated
tank_temp,temperature,5237.546204176,1780039926.4466705,,,21.598898997732956,°C,,simulated
CC-PT,pressure,5237.547554046,1780039926.4480202,1.2995149254220637,,199.87873135551592,psi,,simulated
FI-PT,pressure,5237.547616138,1780039926.4480824,1.659602124643579,,289.9005311608948,psi,,simulated
thrust,thrust,5237.547663638,1780039926.44813,2.4990054963833686,2.5009945036166314,198.9007233262896,N,,simulated
FM-FM,flow,5237.548404201,1780039926.4488704,1.5482159314412989,,7.014524357262177,gallons_per_minute,,simulated
CC-PT,pressure,5237.55771161,1780039926.4581783,1.3027347687166655,,200.68369217916637,psi,,simulated
FI-PT,pressure,5237.557816609,1780039926.4582827,1.6607971979137894,,290.19929947844736,psi,,simulated
thrust,thrust,5237.55787783,1780039926.458344,2.498998343825143,2.501001656174857,200.33123497142924,N,,simulated
CC-PT,pressure,5237.567878267,1780039926.468345,1.2977637407498048,,199.4409351874512,psi,,simulated
FI-PT,pressure,5237.56794458,1780039926.4684107,1.6575964281077895,,289.3991070269474,psi,,simulated
thrust,thrust,5237.567994635,1780039926.4684608,2.4990144370811507,2.5009855629188493,197.11258376986507,N,,simulated
CC-PT,pressure,5237.578014405,1780039926.4784806,1.2970008012057304,,199.25020030143259,psi,,simulated
FI-PT,pressure,5237.578086126,1780039926.4785523,1.6657908756483644,,291.4477189120911,psi,,simulated
thrust,thrust,5237.578139588,1780039926.4786057,2.499023377778933,2.500976622221067,195.32444421344053,N,,simulated
CC-PT,pressure,5237.588157561,1780039926.4886239,1.3012273670705996,,200.3068417676499,psi,,simulated
FI-PT,pressure,5237.588219838,1780039926.488686,1.661286552105731,,290.32163802643277,psi,,simulated
thrust,thrust,5237.588268078,1780039926.4887342,2.499010264755519,2.500989735244481,197.94704889619652,N,,simulated
FM-FM,flow,5237.589377452,1780039926.489844,1.5464212353731674,,6.997699081623445,gallons_per_minute,,simulated
CC-PT,pressure,5237.598289014,1780039926.4987552,1.2946642988520023,,198.66607471300057,psi,,simulated
FI-PT,pressure,5237.598360106,1780039926.4988263,1.6594698023164036,,289.86745057910093,psi,,simulated
thrust,thrust,5237.59841405,1780039926.4988801,2.4990364908023466,2.5009635091976534,192.70183953068454,N,,simulated
CC-PT,pressure,5237.608430449,1780039926.5088968,1.2958379144475356,,198.9594786118839,psi,,simulated
FI-PT,pressure,5237.608493151,1780039926.5089595,1.6548784559820242,,288.71961399550605,psi,,simulated
thrust,thrust,5237.608539966,1780039926.509006,2.499041259174497,2.500958740825503,191.74816510059145,N,,simulated
CC-PT,pressure,5237.618560828,1780039926.5190272,1.2865318401493835,,196.63296003734587,psi,,simulated
FI-PT,pressure,5237.618629178,1780039926.5190952,1.6673692068301684,,291.8423017075421,psi,,simulated
thrust,thrust,5237.618680678,1780039926.5191467,2.499022781732414,2.500977218267586,195.44365351720216,N,,simulated
CC-PT,pressure,5237.628700688,1780039926.5291672,1.2814356424135736,,195.35891060339338,psi,,simulated
FI-PT,pressure,5237.628761557,1780039926.5292277,1.6678591570686288,,291.9647892671572,psi,,simulated
thrust,thrust,5237.628809186,1780039926.5292754,2.499066293128287,2.500933706871713,186.74137434260274,N,,simulated
FM-FM,flow,5237.629534454,1780039926.5300007,1.536103074086079,,6.900966319556991,gallons_per_minute,,simulated
CC-PT,pressure,5237.638831289,1780039926.5392976,1.2845458131487146,,196.13645328717865,psi,,simulated
FI-PT,pressure,5237.638899807,1780039926.5393662,1.6642274456295305,,291.05686140738266,psi,,simulated
thrust,thrust,5237.638951769,1780039926.5394177,2.4990460275466475,2.5009539724533525,190.79449067049836,N,,simulated
tank_temp,temperature,5237.646363519,1780039926.54683,,,21.612250439754245,°C,,simulated
CC-PT,pressure,5237.648968779,1780039926.5494351,1.2990714668120704,,199.7678667030176,psi,,simulated
FI-PT,pressure,5237.649031297,1780039926.5494974,1.6490497170745988,,287.2624292686497,psi,,simulated
thrust,thrust,5237.649079037,1780039926.5495453,2.4990555642909484,2.5009444357090516,188.8871418103122,N,,simulated
CC-PT,pressure,5237.659131528,1780039926.5595984,1.2869019850375634,,196.72549625939084,psi,,simulated
FI-PT,pressure,5237.659238915,1780039926.559705,1.6580410788108204,,289.5102697027051,psi,,simulated
thrust,thrust,5237.659298822,1780039926.559765,2.499090731035558,2.500909268964442,181.85379288837566,N,,simulated
CC-PT,pressure,5237.669298332,1780039926.5697646,1.291561280675087,,197.89032016877172,psi,,simulated
FI-PT,pressure,5237.669363776,1780039926.56983,1.6661073763498515,,291.5268440874629,psi,,simulated
thrust,thrust,5237.669412757,1780039926.569879,2.4990871547564453,2.5009128452435547,182.56904871094548,N,,simulated
FM-FM,flow,5237.670524834,1780039926.570991,1.5789808725095835,,7.302945679777345,gallons_per_minute,,simulated
CC-PT,pressure,5237.679432748,1780039926.579899,1.2846298557078666,,196.15746392696664,psi,,simulated
FI-PT,pressure,5237.679503747,1780039926.5799701,1.6603984427927068,,290.0996106981767,psi,,simulated
thrust,thrust,5237.67955921,1780039926.5800254,2.499110400570679,2.500889599429321,177.91988586424168,N,,simulated
CC-PT,pressure,5237.689570868,1780039926.5900373,1.282292161261101,,195.57304031527522,psi,,simulated
FI-PT,pressure,5237.689633589,1780039926.5900998,1.6678561768360347,,291.9640442090087,psi,,simulated
thrust,thrust,5237.689682144,1780039926.5901484,2.4991229175475738,2.5008770824524262,175.41649048524732,N,,simulated
CC-PT,pressure,5237.699715247,1780039926.6001818,1.2851835829238394,,196.29589573095984,psi,,simulated
FI-PT,pressure,5237.699795894,1780039926.6002622,1.6575958320612707,,289.3989580153177,psi,,simulated
thrust,thrust,5237.699851097,1780039926.6003175,2.499128878012762,2.500871121987238,174.22439744763096,N,,simulated
CC-PT,pressure,5237.709867088,1780039926.6103334,1.2811245061307557,,195.28112653268892,psi,,simulated
FI-PT,pressure,5237.709934217,1780039926.6104004,1.6650350886625156,,291.2587721656289,psi,,simulated
thrust,thrust,5237.709983087,1780039926.6104493,2.499171793362116,2.500828206637884,165.64132757679317,N,,simulated
FM-FM,flow,5237.710687318,1780039926.6111536,1.524816933252446,,6.79515874924168,gallons_per_minute,,simulated
CC-PT,pressure,5237.720025467,1780039926.620492,1.2717182960174436,,192.9295740043609,psi,,simulated
FI-PT,pressure,5237.720098151,1780039926.6205645,1.6634329156199592,,290.8582289049898,psi,,simulated
thrust,thrust,5237.720152391,1780039926.6206186,2.499187886618124,2.500812113381876,162.422676375229,N,,simulated
CC-PT,pressure,5237.730166494,1780039926.6306326,1.2824173310300506,,195.60433275751265,psi,,simulated
FI-PT,pressure,5237.730229474,1780039926.6306956,1.645637350754422,,286.4093376886055,psi,,simulated
thrust,thrust,5237.73027677,1780039926.6307428,2.4991920589437555,2.5008079410562445,161.58821124889755,N,,simulated
CC-PT,pressure,5237.740296539,1780039926.6407628,1.2895269739063946,,197.38174347659864,psi,,simulated
FI-PT,pressure,5237.740363353,1780039926.6408298,1.6579123327627578,,289.47808319068946,psi,,simulated
thrust,thrust,5237.740417001,1780039926.6408832,2.4992266296418464,2.5007733703581536,154.67407163072266,N,,simulated
tank_temp,temperature,5237.746530176,1780039926.6469965,,,21.6294165794959,°C,,simulated
CC-PT,pressure,5237.751758789,1780039926.6522253,1.2811894752013058,,195.29736880032644,psi,,simulated
FI-PT,pressure,5237.75183738,1780039926.6523037,1.658964950914973,,289.7412377287433,psi,,simulated
thrust,thrust,5237.751890454,1780039926.6523566,2.4992331861535533,2.5007668138464467,153.36276928934467,N,,simulated
FM-FM,flow,5237.751948305,1780039926.6524146,1.519801797843194,,6.748141854779942,gallons_per_minute,,simulated
CC-PT,pressure,5237.761920668,1780039926.6623874,1.2836082319746294,,195.90205799365734,psi,,simulated
FI-PT,pressure,5237.76201887,1780039926.6624854,1.656662423212817,,289.1656058032043,psi,,simulated
thrust,thrust,5237.762077665,1780039926.6625438,2.4992570280143056,2.5007429719856944,148.59439713887923,N,,simulated
CC-PT,pressure,5237.772084713,1780039926.672551,1.2751425832679966,,193.78564581699914,psi,,simulated
FI-PT,pressure,5237.772148878,1780039926.672615,1.6551043576126525,,288.77608940316316,psi,,simulated
thrust,thrust,5237.772196952,1780039926.672663,2.4992725252237946,2.5007274747762054,145.4949552410767,N,,simulated
CC-PT,pressure,5237.782217869,1780039926.6826842,1.2768770786377284,,194.2192696594321,psi,,simulated
FI-PT,pressure,5237.782286257,1780039926.6827526,1.6700400912809483,,292.51002282023705,psi,,simulated
thrust,thrust,5237.782338794,1780039926.682805,2.4992850422006896,2.5007149577993104,142.99155986208234,N,,simulated
FM-FM,flow,5237.792104881,1780039926.6925712,1.5477486309705533,,7.010143415348937,gallons_per_minute,,simulated
CC-PT,pressure,5237.792352526,1780039926.6928186,1.2757600874614818,,193.94002186537045,psi,,simulated
FI-PT,pressure,5237.792415044,1780039926.6928813,1.6598238539485757,,289.95596348714395,psi,,simulated
thrust,thrust,5237.79246321,1780039926.6929293,2.499317824759224,2.500682175240776,136.43504815519236,N,,simulated
CC-PT,pressure,5237.802481312,1780039926.7029476,1.2814410068322428,,195.3602517080607,psi,,simulated
FI-PT,pressure,5237.802547756,1780039926.703014,1.6653223830845811,,291.3305957711453,psi,,simulated
thrust,thrust,5237.802599681,1780039926.7030659,2.4993351101082695,2.5006648898917305,132.97797834610492,N,,simulated
CC-PT,pressure,5237.812616802,1780039926.713083,1.2781091067921049,,194.5272766980262,psi,,simulated
FI-PT,pressure,5237.812680209,1780039926.7131464,1.65259500176847,,288.14875044211755,psi,,simulated
thrust,thrust,5237.812727375,1780039926.7131934,2.499373257085473,2.500626742914527,125.34858290536022,N,,simulated
CC-PT,pressure,5237.822749293,1780039926.7232156,1.2596739840118865,,189.9184960029716,psi,,simulated
FI-PT,pressure,5237.822817329,1780039926.7232835,1.6482063112504852,,287.0515778126213,psi,,simulated
thrust,thrust,5237.822869902,1780039926.7233362,2.499395906853188,2.500604093146812,120.81862936241805,N,,simulated
FM-FM,flow,5237.832255791,1780039926.7327218,1.5463360007209779,,6.996900006759168,gallons_per_minute,,simulated
CC-PT,pressure,5237.832886357,1780039926.7333527,1.277191791199659,,194.29794779991477,psi,,simulated
FI-PT,pressure,5237.832948819,1780039926.733415,1.6578843185763739,,289.4710796440935,psi,,simulated
thrust,thrust,5237.832996151,1780039926.7334623,2.499413788248752,2.500586211751248,117.24235024956897,N,,simulated
CC-PT,pressure,5237.84301718,1780039926.7434833,1.2670864185197852,,191.7716046299463,psi,,simulated
FI-PT,pressure,5237.843086661,1780039926.7435527,1.6632147625940754,,290.80369064851885,psi,,simulated
thrust,thrust,5237.843139697,1780039926.743606,2.4994590877841816,2.5005409122158184,108.18244316368464,N,,simulated
tank_temp,temperature,5237.846690203,1780039926.7471564,,,21.64588913783387,°C,,simulated
CC-PT,pressure,5237.853273576,1780039926.7537405,1.2692518555226153,,192.31296388065383,psi,,simulated
FI-PT,pressure,5237.853369278,1780039926.7538354,1.6564842053036934,,289.12105132592336,psi,,simulated
thrust,thrust,5237.853422907,1780039926.7538893,2.499476969179746,2.500523030820254,104.60616405083556,N,,simulated
CC-PT,pressure,5237.86343138,1780039926.7638977,1.2584210942293517,,189.6052735573379,psi,,simulated
FI-PT,pressure,5237.863509953,1780039926.763976,1.664058168418189,,291.0145421045473,psi,,simulated
thrust,thrust,5237.863564693,1780039926.764031,2.4995186924360624,2.5004813075639376,96.26151278752104,N,,simulated
FM-FM,flow,5237.872413145,1780039926.7728796,1.53944331877748,,6.932281113538876,gallons_per_minute,,simulated
CC-PT,pressure,5237.873578092,1780039926.7740445,1.2709690655433017,,192.74226638582542,psi,,simulated
FI-PT,pressure,5237.873642999,1780039926.7741091,1.6657431919268597,,291.4357979817149,psi,,simulated
thrust,thrust,5237.873690943,1780039926.774157,2.4995246529012505,2.5004753470987495,95.06941974990468,N,,simulated
CC-PT,pressure,5237.883711638,1780039926.784178,1.2664015610696746,,191.60039026741865,psi,,simulated
FI-PT,pressure,5237.883782952,1780039926.784249,1.6582920143952387,,289.5730035988097,psi,,simulated
thrust,thrust,5237.883836636,1780039926.784303,2.4995526670876345,2.5004473329123655,89.46658247310779,N,,simulated
CC-PT,pressure,5237.893850072,1780039926.7943163,1.26317814149596,,190.79453537399,psi,,simulated
FI-PT,pressure,5237.893911405,1780039926.7943776,1.6606827569821783,,290.17068924554457,psi,,simulated
thrust,thrust,5237.893958386,1780039926.7944245,2.499578297087943,2.500421702912057,84.34058241135745,N,,simulated
CC-PT,pressure,5237.903979766,1780039926.804446,1.2667097171198984,,191.6774292799746,psi,,simulated
FI-PT,pressure,5237.904132227,1780039926.8045986,1.6566737480966744,,289.1684370241686,psi,,simulated
thrust,thrust,5237.904186263,1780039926.8046525,2.4996170401116657,2.5003829598883343,76.59197766685111,N,,simulated
FM-FM,flow,5237.91256574,1780039926.813032,1.5158035177950286,,6.710657979328393,gallons_per_minute,,simulated
CC-PT,pressure,5237.914197718,1780039926.814664,1.2691552959865684,,192.2888239966421,psi,,simulated
FI-PT,pressure,5237.914260143,1780039926.8147264,1.667641004042745,,291.91025101068624,psi,,simulated
thrust,thrust,5237.914307291,1780039926.8147736,2.4996426701119745,2.5003573298880255,71.46597760510076,N,,simulated
CC-PT,pressure,5237.924333615,1780039926.8248,1.270368250652343,,192.59206266308576,psi,,simulated
FI-PT,pressure,5237.924403577,1780039926.8248699,1.6718329992095233,,292.9582498023808,psi,,simulated
thrust,thrust,5237.924456651,1780039926.8249228,2.49967485662399,2.50032514337601,65.02867520197242,N,,simulated
CC-PT,pressure,5237.934472828,1780039926.8349392,1.2698073708781445,,192.45184271953613,psi,,simulated
FI-PT,pressure,5237.934536382,1780039926.8350027,1.6642655926067342,,291.0663981516836,psi,,simulated
thrust,thrust,5237.934584863,1780039926.835051,2.499722540345495,2.500277459654505,55.49193090104154,N,,simulated
CC-PT,pressure,5237.944650632,1780039926.8451173,1.264989526866618,,191.2473817166545,psi,,simulated
FI-PT,pressure,5237.944771426,1780039926.8452377,1.6583206246281414,,289.5801561570354,psi,,simulated
thrust,thrust,5237.944827907,1780039926.845294,2.499743401973653,2.500256598026347,51.31960526938428,N,,simulated
tank_temp,temperature,5237.94685912,1780039926.8473253,,,21.589362253432025,°C,,simulated
FM-FM,flow,5237.952799871,1780039926.8532665,1.5202810192443157,,6.752634555415459,gallons_per_minute,,simulated
CC-PT,pressure,5237.954830417,1780039926.8552969,1.2571723767724485,,189.29309419311213,psi,,simulated
FI-PT,pressure,5237.954904379,1780039926.8553705,1.657184559963293,,289.2961399908233,psi,,simulated
thrust,thrust,5237.954957268,1780039926.8554235,2.4997600912761797,2.5002399087238203,47.981744764058476,N,,simulated
CC-PT,pressure,5237.964972796,1780039926.8654392,1.251381784842227,,187.84544621055676,psi,,simulated
FI-PT,pressure,5237.965048943,1780039926.8655152,1.6598125290647183,,289.9531322661796,psi,,simulated
thrust,thrust,5237.965103702,1780039926.8655698,2.4998018145324963,2.5001981854675037,39.63709350074396,N,,simulated
CC-PT,pressure,5237.975117157,1780039926.8755834,1.2605859351856632,,190.1464837964158,psi,,simulated
FI-PT,pressure,5237.975181563,1780039926.8756478,1.6668941577546783,,291.7235394386696,psi,,simulated
thrust,thrust,5237.975228729,1780039926.8756948,2.4998262524397674,2.5001737475602326,34.749512046516884,N,,simulated
CC-PT,pressure,5237.98525111,1780039926.8857174,1.2550212448860698,,188.75531122151745,psi,,simulated
FI-PT,pressure,5237.985318849,1780039926.885785,1.6570838281016145,,289.2709570254036,psi,,simulated
thrust,thrust,5237.985371608,1780039926.8858378,2.4998572468587454,2.5001427531412546,28.550628250911814,N,,simulated
FM-FM,flow,5237.992969762,1780039926.8934362,1.5512492121755137,,7.042961364145441,gallons_per_minute,,simulated
CC-PT,pressure,5237.995388322,1780039926.8958545,1.26312807358838,,190.78201839709502,psi,,simulated
FI-PT,pressure,5237.995449802,1780039926.895916,1.6705729568687628,,292.6432392171907,psi,,simulated
thrust,thrust,5237.995497542,1780039926.8959637,2.499889433370761,2.500110566629239,22.11332584778347,N,,simulated
CC-PT,pressure,5238.005517608,1780039926.905984,1.256499440252714,,189.12486006317852,psi,,simulated
FI-PT,pressure,5238.005587459,1780039926.9060535,1.6544403617907002,,288.6100904476751,psi,,simulated
thrust,thrust,5238.005638681,1780039926.9061048,2.499924004068852,2.500075995931148,15.199186229608586,N,,simulated
CC-PT,pressure,5238.015656987,1780039926.9161234,1.258939058654196,,189.734764663549,psi,,simulated
FI-PT,pressure,5238.015717727,1780039926.9161837,1.6618003442049436,,290.4500860512359,psi,,simulated
thrust,thrust,5238.015764041,1780039926.9162302,2.499961554999537,2.500038445000463,7.68900009262552,N,,simulated
CC-PT,pressure,5238.025788236,1780039926.9262545,1.2456764275641952,,186.41910689104878,psi,,simulated
FI-PT,pressure,5238.025858809,1780039926.926325,1.6698296868598086,,292.45742171495215,psi,,simulated
thrust,thrust,5238.025910586,1780039926.9263768,2.4999973177906654,2.5000026822093346,0.5364418669273618,N,,simulated
FM-FM,flow,5238.033121024,1780039926.9335876,1.5079589495609937,,6.6371151521343155,gallons_per_minute,,simulated
CC-PT,pressure,5238.035925411,1780039926.9363916,1.2554098672163327,,188.85246680408318,psi,,simulated
FI-PT,pressure,5238.035987596,1780039926.9364538,1.6727068034060961,,293.176700851524,psi,,simulated
thrust,thrust,5238.036073706,1780039926.93654,2.5000193715118613,2.4999806284881387,3.874302372253169,N,,simulated
CC-PT,pressure,5238.046058401,1780039926.9465246,1.2471236285118614,,186.78090712796535,psi,,simulated
FI-PT,pressure,5238.046130715,1780039926.9465969,1.6596414637138204,,289.9103659284551,psi,,simulated
thrust,thrust,5238.046183807,1780039926.9466498,2.500042617326095,2.499957382673905,8.523465218956972,N,,simulated
tank_temp,temperature,5238.047022314,1780039926.9474885,,,21.896792210623804,°C,,simulated
CC-PT,pressure,5238.056228243,1780039926.9566953,1.2498082220325735,,187.45205550814336,psi,,simulated
FI-PT,pressure,5238.056324075,1780039926.9567902,1.6669215758945435,,291.7303939736359,psi,,simulated
thrust,thrust,5238.056379463,1780039926.9568455,2.500082552442855,2.499917447557145,16.51048857098658,N,,simulated
CC-PT,pressure,5238.066386084,1780039926.9668524,1.2504024804118252,,187.6006201029563,psi,,simulated
FI-PT,pressure,5238.066461583,1780039926.9669278,1.6774316641606886,,294.35791604017214,psi,,simulated
thrust,thrust,5238.066515212,1780039926.9669814,2.5001123547687953,2.4998876452312047,22.47095375906838,N,,simulated
FM-FM,flow,5238.073271841,1780039926.9737382,1.5408940960042592,,6.94588215003993,gallons_per_minute,,simulated
CC-PT,pressure,5238.076529074,1780039926.9769952,1.2522621455505067,,188.06553638762668,psi,,simulated
FI-PT,pressure,5238.076592277,1780039926.9770586,1.6693456970865364,,292.3364242716341,psi,,simulated
thrust,thrust,5238.07663961,1780039926.9771059,2.5001433491877734,2.4998566508122266,28.66983755467345,N,,simulated
CC-PT,pressure,5238.086660805,1780039926.987127,1.2490542231862811,,187.26355579657027,psi,,simulated
FI-PT,pressure,5238.086730675,1780039926.987197,1.6492750226587083,,287.3187556646771,psi,,simulated
thrust,thrust,5238.086783933,1780039926.98725,2.5001654029089693,2.4998345970910307,33.08058179385398,N,,simulated
CC-PT,pressure,5238.096797943,1780039926.9972644,1.2450285249982505,,186.2571312495626,psi,,simulated
FI-PT,pressure,5238.096860294,1780039926.9973266,1.6641970472570713,,291.0492618142678,psi,,simulated
thrust,thrust,5238.096906497,1780039926.9973726,2.500207126165286,2.499792873834714,41.4252330571685,N,,simulated
CC-PT,pressure,5238.106927544,1780039927.0073938,1.2464530761782022,,186.61326904455055,psi,,simulated
FI-PT,pressure,5238.106996395,1780039927.0074627,1.676858267409595,,294.2145668523988,psi,,simulated
thrust,thrust,5238.107049135,1780039927.0075154,2.5002214312817372,2.4997785687182628,44.28625634744776,N,,simulated
FM-FM,flow,5238.11343027,1780039927.0138965,1.5413882185683512,,6.950514549078292,gallons_per_minute,,simulated
CC-PT,pressure,5238.117064423,1780039927.0175307,1.2416698028647664,,185.41745071619158,psi,,simulated
FI-PT,pressure,5238.117128219,1780039927.0175943,1.6557200736665814,,288.93001841664534,psi,,simulated
thrust,thrust,5238.117174885,1780039927.017641,2.5002828240731745,2.4997171759268255,56.564814634896265,N,,simulated
CC-PT,pressure,5238.127195895,1780039927.027662,1.2433226398614214,,185.83065996535535,psi,,simulated
FI-PT,pressure,5238.127264024,1780039927.0277302,1.6682638726548995,,292.0659681637249,psi,,simulated
thrust,thrust,5238.127317338,1780039927.0277834,2.5003084540734832,2.4996915459265168,61.69081469664661,N,,simulated
CC-PT,pressure,5238.137331737,1780039927.037798,1.2542553251094013,,188.56383127735032,psi,,simulated
FI-PT,pressure,5238.137393495,1780039927.0378597,1.6503520787181947,,287.58801967954867,psi,,simulated
thrust,thrust,5238.137440087,1780039927.0379062,2.5003388524459425,2.4996611475540575,67.77048918849005,N,,simulated
tank_temp,temperature,5238.147188453,1780039927.0476546,,,21.513068299024578,°C,,simulated
CC-PT,pressure,5238.147459894,1780039927.047926,1.2386490391074465,,184.66225977686162,psi,,simulated
FI-PT,pressure,5238.147528744,1780039927.0479949,1.6725011673571073,,293.1252918392768,psi,,simulated
thrust,thrust,5238.147581429,1780039927.0480475,2.5003513694228374,2.4996486305771626,70.2738845674844,N,,simulated
FM-FM,flow,5238.153610309,1780039927.054077,1.5268232258347543,,6.813967742200821,gallons_per_minute,,simulated
CC-PT,pressure,5238.157599958,1780039927.0580661,1.234912423481038,,183.7281058702595,psi,,simulated
FI-PT,pressure,5238.15766942,1780039927.0581357,1.6580106804383612,,289.5026701095903,psi,,simulated
thrust,thrust,5238.157719012,1780039927.058185,2.500393092679154,2.499606907320846,78.61853583079892,N,,simulated
CC-PT,pressure,5238.167737836,1780039927.0682044,1.2307007587791394,,182.67518969478485,psi,,simulated
FI-PT,pressure,5238.16781091,1780039927.0682774,1.668017109396113,,292.00427734902826,psi,,simulated
thrust,thrust,5238.167865353,1780039927.0683315,2.5004324317493953,2.4995675682506047,86.48634987906689,N,,simulated
CC-PT,pressure,5238.177878456,1780039927.0783448,1.2406809616900636,,185.1702404225159,psi,,simulated
FI-PT,pressure,5238.177942714,1780039927.078409,1.6687389217303896,,292.1847304325974,psi,,simulated
thrust,thrust,5238.177990769,1780039927.0784569,2.500446140819328,2.499553859180672,89.22816386558452,N,,simulated
CC-PT,pressure,5238.188037112,1780039927.0885036,1.2473531064216026,,186.83827660540064,psi,,simulated
FI-PT,pressure,5238.188108093,1780039927.0885742,1.646681028208855,,286.6702570522138,psi,,simulated
thrust,thrust,5238.188161481,1780039927.0886278,2.5004658103544486,2.4995341896455514,93.1620708897185,N,,simulated
FM-FM,flow,5238.193800885,1780039927.0942674,1.4962877626762108,,6.527697775089475,gallons_per_minute,,simulated
CC-PT,pressure,5238.198179695,1780039927.098646,1.2464214857127054,,186.60537142817634,psi,,simulated
FI-PT,pressure,5238.198246583,1780039927.098713,1.6548909729589192,,288.7227432397298,psi,,simulated
thrust,thrust,5238.19829423,1780039927.0987604,2.5005033612851335,2.4994966387148665,100.67225702670157,N,,simulated
CC-PT,pressure,5238.208321944,1780039927.1087883,1.2469871338590544,,186.74678346476358,psi,,simulated
FI-PT,pressure,5238.208396406,1780039927.1088626,1.6655584175060292,,291.3896043765073,psi,,simulated
thrust,thrust,5238.208450702,1780039927.1089168,2.500508725703803,2.499491274296197,101.7451407605563,N,,simulated
CC-PT,pressure,5238.218465045,1780039927.1189315,1.2457324559369631,,186.43311398424078,psi,,simulated
FI-PT,pressure,5238.218527859,1780039927.1189942,1.654549438303642,,288.6373595759105,psi,,simulated
thrust,thrust,5238.218574266,1780039927.1190403,2.500567734309165,2.499432265690835,113.54686183295826,N,,simulated
CC-PT,pressure,5238.228606646,1780039927.129073,1.2327547350829524,,183.1886837707381,psi,,simulated
FI-PT,pressure,5238.228681071,1780039927.129147,1.6636737184135577,,290.9184296033894,psi,,simulated
thrust,thrust,5238.22873557,1780039927.1292017,2.500588595937323,2.499411404062677,117.71918746461552,N,,simulated
FM-FM,flow,5238.233955684,1780039927.134422,1.5608586741517394,,7.133050070172556,gallons_per_minute,,simulated
CC-PT,pressure,5238.238743766,1780039927.13921,1.2447638803438996,,186.1909700859749,psi,,simulated
FI-PT,pressure,5238.238807969,1780039927.1392744,1.658219296719944,,289.55482417998604,psi,,simulated
thrust,thrust,5238.238856042,1780039927.1393223,2.5005963445420676,2.4994036554579324,119.26890841351678,N,,simulated
tank_temp,temperature,5238.247346795,1780039927.147813,,,21.356665692489265,°C,,simulated
CC-PT,pressure,5238.248875997,1780039927.1493423,1.234617380454228,,183.65434511355699,psi,,simulated
FI-PT,pressure,5238.248946625,1780039927.1494129,1.672070225724009,,293.0175564310022,psi,,simulated
thrust,thrust,5238.248999828,1780039927.149466,2.500642240124016,2.499357759875984,128.44802480316275,N,,simulated
CC-PT,pressure,5238.259040486,1780039927.1595073,1.2280847106080903,,182.02117765202257,psi,,simulated
FI-PT,pressure,5238.259134429,1780039927.1596007,1.6610695911728848,,290.2673977932212,psi,,simulated
thrust,thrust,5238.259188336,1780039927.1596546,2.5006708503569186,2.4993291496430814,134.17007138372128,N,,simulated
CC-PT,pressure,5238.269195198,1780039927.1696615,1.2379290149127262,,184.48225372818155,psi,,simulated
FI-PT,pressure,5238.269269623,1780039927.1697357,1.6587497781216833,,289.68744453042086,psi,,simulated
thrust,thrust,5238.269325641,1780039927.169792,2.5006893277990017,2.4993106722009983,137.865559800332,N,,simulated
FM-FM,flow,5238.274110297,1780039927.1745765,1.5211953546041674,,6.761206449414069,gallons_per_minute,,simulated
CC-PT,pressure,5238.279337059,1780039927.1798034,1.2464590366433903,,186.61475916084757,psi,,simulated
FI-PT,pressure,5238.279398502,1780039927.179865,1.6682072482356127,,292.0518120589032,psi,,simulated
thrust,thrust,5238.279445446,1780039927.1799116,2.500712573613235,2.499287426386765,142.5147226470358,N,,simulated
CC-PT,pressure,5238.289466438,1780039927.1899328,1.2351651472050127,,183.79128680125316,psi,,simulated
FI-PT,pressure,5238.289534603,1780039927.190001,1.6718049850231393,,292.95124625578484,psi,,simulated
thrust,thrust,5238.28958651,1780039927.1900525,2.500743568032213,2.499256431967787,148.71360644264087,N,,simulated
CC-PT,pressure,5238.29960352,1780039927.20007,1.241369395419287,,185.34234885482175,psi,,simulated
FI-PT,pressure,5238.299665945,1780039927.2001321,1.6636492805062866,,290.9123201265717,psi,,simulated
thrust,thrust,5238.2997135,1780039927.2001798,2.5007519126834765,2.4992480873165235,150.38253669530377,N,,simulated
CC-PT,pressure,5238.309731936,1780039927.2101982,1.2315644301848925,,182.8911075462231,psi,,simulated
FI-PT,pressure,5238.309801935,1780039927.2102683,1.666385730074135,,291.59643251853373,psi,,simulated
thrust,thrust,5238.309854212,1780039927.2103205,2.500784099195492,2.499215900804508,156.8198390984321,N,,simulated
FM-FM,flow,5238.314257596,1780039927.2147238,1.52100402367163,,6.759412721921531,gallons_per_minute,,simulated
CC-PT,pressure,5238.319868945,1780039927.2203352,1.2291027580622147,,182.27568951555367,psi,,simulated
FI-PT,pressure,5238.319930111,1780039927.2203963,1.667784055207259,,291.94601380181473,psi,,simulated
thrust,thrust,5238.319977888,1780039927.2204442,2.500788271521124,2.499211728478876,157.65430422476356,N,,simulated
CC-PT,pressure,5238.330000064,1780039927.2304664,1.2290360008521082,,182.25900021302704,psi,,simulated
FI-PT,pressure,5238.330072767,1780039927.230539,1.6619839265327365,,290.49598163318416,psi,,simulated
thrust,thrust,5238.330126359,1780039927.2305925,2.500802576637575,2.499197423362425,160.51532751504283,N,,simulated
CC-PT,pressure,5238.340143073,1780039927.2406092,1.2283416066576966,,182.08540166442415,psi,,simulated
FI-PT,pressure,5238.340205905,1780039927.240672,1.6579469034608487,,289.4867258652122,psi,,simulated
thrust,thrust,5238.340252738,1780039927.2407188,2.5008240343122523,2.4991759656877477,164.80686245046172,N,,simulated
tank_temp,temperature,5238.347515527,1780039927.2479818,,,21.717674813117277,°C,,simulated
CC-PT,pressure,5238.351956577,1780039927.2524233,1.2364728732672778,,184.11821831681945,psi,,simulated
FI-PT,pressure,5238.352091649,1780039927.252558,1.6684140763776392,,292.1035190944098,psi,,simulated
thrust,thrust,5238.352154685,1780039927.2526207,2.500837147335666,2.499162852664334,167.4294671332177,N,,simulated
FM-FM,flow,5238.354426617,1780039927.2548933,1.507181108853949,,6.629822895505772,gallons_per_minute,,simulated
CC-PT,pressure,5238.362151899,1780039927.262618,1.2403948593610357,,185.0987148402589,psi,,simulated
FI-PT,pressure,5238.362217084,1780039927.2626834,1.6632272795709704,,290.8068198927426,psi,,simulated
thrust,thrust,5238.362266657,1780039927.2627327,2.500868141754644,2.499131858245356,173.62835092882278,N,,simulated
CC-PT,pressure,5238.37228576,1780039927.272752,1.2252123624339535,,181.30309060848836,psi,,simulated
FI-PT,pressure,5238.372357888,1780039927.272824,1.6572632381037757,,289.31580952594396,psi,,simulated
thrust,thrust,5238.372412147,1780039927.2728784,2.5008729101267946,2.4991270898732054,174.58202535891587,N,,simulated
CC-PT,pressure,5238.38242475,1780039927.282891,1.2280197415375402,,182.00493538438505,psi,,simulated
FI-PT,pressure,5238.382487693,1780039927.282954,1.6707332933823222,,292.68332334558056,psi,,simulated
thrust,thrust,5238.382535656,1780039927.283002,2.5008985401271033,2.4991014598728967,179.70802542066622,N,,simulated
CC-PT,pressure,5238.392555203,1780039927.2930214,1.228122857585294,,182.0307143963235,psi,,simulated
FI-PT,pressure,5238.392622943,1780039927.293089,1.6683419547488634,,292.08548868721584,psi,,simulated
thrust,thrust,5238.392674886,1780039927.293141,2.500911653150517,2.499088346849483,182.3306301034222,N,,simulated
FM-FM,flow,5238.394584693,1780039927.295051,1.4934052817112542,,6.5006745160430075,gallons_per_minute,,simulated
CC-PT,pressure,5238.402690693,1780039927.303157,1.2281246457248505,,182.0311614312126,psi,,simulated
FI-PT,pressure,5238.402753322,1780039927.3032196,1.666714747752517,,291.67868693812926,psi,,simulated
thrust,thrust,5238.402800728,1780039927.3032668,2.500937283150826,2.499062716849174,187.45663016517256,N,,simulated
CC-PT,pressure,5238.412820553,1780039927.313287,1.2324865141494887,,183.12162853737217,psi,,simulated
FI-PT,pressure,5238.412891645,1780039927.3133578,1.6614766909452308,,290.3691727363077,psi,,simulated
thrust,thrust,5238.412944126,1780039927.3134103,2.5009509922207585,2.4990490077792415,190.19844415169018,N,,simulated
CC-PT,pressure,5238.422957821,1780039927.323424,1.2322969713565077,,183.07424283912692,psi,,simulated
FI-PT,pressure,5238.423017746,1780039927.323484,1.66479786214803,,291.1994655370075,psi,,simulated
thrust,thrust,5238.423066153,1780039927.3235323,2.5009384752438635,2.4990615247561365,187.69504877269583,N,,simulated
CC-PT,pressure,5238.433086163,1780039927.3335524,1.2345655244070917,,183.6413811017729,psi,,simulated
FI-PT,pressure,5238.433155569,1780039927.3336217,1.6699280345354124,,292.48200863385307,psi,,simulated
thrust,thrust,5238.433208791,1780039927.333675,2.500952184313796,2.499047815686204,190.43686275921345,N,,simulated
FM-FM,flow,5238.434734196,1780039927.3352005,1.5063657172162195,,6.622178598902057,gallons_per_minute,,simulated
CC-PT,pressure,5238.443222486,1780039927.3436887,1.2259645731406896,,181.4911432851724,psi,,simulated
FI-PT,pressure,5238.443282893,1780039927.343749,1.6693170868536336,,292.3292717134084,psi,,simulated
thrust,thrust,5238.443329874,1780039927.343796,2.500961721058097,2.499038278941903,192.34421161939963,N,,simulated
tank_temp,temperature,5238.447675444,1780039927.3481417,,,21.72790513882189,°C,,simulated
CC-PT,pressure,5238.45337868,1780039927.3538456,1.2356950325602332,,183.92375814005828,psi,,simulated
FI-PT,pressure,5238.453482827,1780039927.3539488,1.6615982844350676,,290.3995711087669,psi,,simulated
thrust,thrust,5238.453576381,1780039927.3540425,2.50096529733721,2.49903470266279,193.05946744196945,N,,simulated
CC-PT,pressure,5238.463541836,1780039927.3640082,1.230957058782227,,182.73926469555673,psi,,simulated
FI-PT,pressure,5238.463607761,1780039927.364074,1.6612734390823172,,290.3183597705793,psi,,simulated
thrust,thrust,5238.463656779,1780039927.364123,2.500996291756188,2.499003708243812,199.25835123757452,N,,simulated
CC-PT,pressure,5238.473676567,1780039927.374143,1.2278826508382144,,181.97066270955358,psi,,simulated
FI-PT,pressure,5238.473745862,1780039927.374212,1.6688843570809788,,292.2210892702447,psi,,simulated
thrust,thrust,5238.473800398,1780039927.3742666,2.5009968878027067,2.4990031121972933,199.37756054133615,N,,simulated
FM-FM,flow,5238.474880772,1780039927.375347,1.5147950070852052,,6.701203191423798,gallons_per_minute,,simulated
CC-PT,pressure,5238.483812316,1780039927.3842788,1.2153144139426248,,178.8286034856562,psi,,simulated
FI-PT,pressure,5238.483874445,1780039927.3843408,1.6680767140479937,,292.01917851199846,psi,,simulated
thrust,thrust,5238.483921944,1780039927.3843882,2.5009873510584057,2.4990126489415943,197.47021168114998,N,,simulated
CC-PT,pressure,5238.493944528,1780039927.394411,1.216721679773531,,179.18041994338273,psi,,simulated
FI-PT,pressure,5238.494018287,1780039927.3944845,1.6722079124698537,,293.0519781174634,psi,,simulated
thrust,thrust,5238.49407086,1780039927.394537,2.5009796024536612,2.4990203975463388,195.9204907322487,N,,simulated
CC-PT,pressure,5238.504086833,1780039927.404553,1.220842149358052,,180.21053733951297,psi,,simulated
FI-PT,pressure,5238.504149277,1780039927.4046154,1.6603132081405172,,290.0783020351293,psi,,simulated
thrust,thrust,5238.504197165,1780039927.4046633,2.500990331291,2.499009668709,198.06625819995816,N,,simulated
CC-PT,pressure,5238.514215786,1780039927.4146821,1.22663452942783,,181.6586323569575,psi,,simulated
FI-PT,pressure,5238.514282971,1780039927.4147491,1.6729380694553937,,293.2345173638484,psi,,simulated
thrust,thrust,5238.514335192,1780039927.4148014,2.500999271988782,2.499000728011218,199.8543977563827,N,,simulated
FM-FM,flow,5238.515032312,1780039927.4154985,1.4911677230796483,,6.479697403871702,gallons_per_minute,,simulated
CC-PT,pressure,5238.524350758,1780039927.424817,1.2335778753254265,,183.39446883135662,psi,,simulated
FI-PT,pressure,5238.52441409,1780039927.4248803,1.6781379792854763,,294.53449482136904,psi,,simulated
thrust,thrust,5238.524461293,1780039927.4249275,2.5010153652447897,2.4989846347552103,203.07304895794687,N,,simulated
CC-PT,pressure,5238.53448134,1780039927.4349475,1.2278677496752441,,181.96693741881103,psi,,simulated
FI-PT,pressure,5238.534548895,1780039927.4350152,1.6734023896935453,,293.3505974233863,psi,,simulated
thrust,thrust,5238.534601894,1780039927.4350681,2.5009873510584057,2.4990126489415943,197.47021168114998,N,,simulated
CC-PT,pressure,5238.544617256,1780039927.4450834,1.2141980188128971,,178.54950470322427,psi,,simulated
FI-PT,pressure,5238.544679718,1780039927.4451458,1.6686453424269367,,292.1613356067342,psi,,simulated
thrust,thrust,5238.54472744,1780039927.4451938,2.5010135771052333,2.4989864228947667,202.71542104666196,N,,simulated
tank_temp,temperature,5238.547840564,1780039927.448307,,,21.792061418664513,°C,,simulated
CC-PT,pressure,5238.554776579,1780039927.4552433,1.2183232567695685,,179.58081419239213,psi,,simulated
FI-PT,pressure,5238.55488093,1780039927.4553473,1.6734482852754935,,293.36207131887335,psi,,simulated
thrust,thrust,5238.554942133,1780039927.4554083,2.5009825826862553,2.4990174173137447,196.5165372510569,N,,simulated
FM-FM,flow,5238.555340498,1780039927.455807,1.5102275026115777,,6.65838283698354,gallons_per_minute,,simulated
CC-PT,pressure,5238.564937995,1780039927.4654043,1.2292875324830452,,182.3218831207613,psi,,simulated
FI-PT,pressure,5238.565001716,1780039927.465468,1.6604425502350986,,290.11063755877467,psi,,simulated
thrust,thrust,5238.565050475,1780039927.4655166,2.5009974838492255,2.4990025161507745,199.4967698450978,N,,simulated
CC-PT,pressure,5238.575071115,1780039927.4755373,1.2137456195051217,,178.43640487628042,psi,,simulated
FI-PT,pressure,5238.575142929,1780039927.475609,1.6656591493677078,,291.41478734192697,psi,,simulated
thrust,thrust,5238.575196817,1780039927.4756632,2.5009784103606236,2.4990215896393764,195.68207212472544,N,,simulated
CC-PT,pressure,5238.585208271,1780039927.4856744,1.2130351320547024,,178.25878301367558,psi,,simulated
FI-PT,pressure,5238.585270956,1780039927.4857373,1.680832705597008,,295.208176399252,psi,,simulated
thrust,thrust,5238.585318325,1780039927.4857845,2.500980794546699,2.499019205453301,196.15890933977198,N,,simulated
CC-PT,pressure,5238.595337521,1780039927.4958038,1.2309916294803178,,182.74790737007945,psi,,simulated
FI-PT,pressure,5238.595404372,1780039927.4958708,1.658825476029572,,289.706369007393,psi,,simulated
thrust,thrust,5238.595455815,1780039927.4959219,2.50095516454639,2.49904483545361,191.03290927802163,N,,simulated
FM-FM,flow,5238.595511074,1780039927.4959772,1.530907336581628,,6.852256280452761,gallons_per_minute,,simulated
CC-PT,pressure,5238.605470437,1780039927.5059366,1.2290509020150784,,182.2627255037696,psi,,simulated
FI-PT,pressure,5238.605532269,1780039927.5059984,1.661845643740373,,290.4614109350933,psi,,simulated
thrust,thrust,5238.605579917,1780039927.506046,2.500977814314105,2.499022185685895,195.5628628209638,N,,simulated
CC-PT,pressure,5238.615598075,1780039927.5160642,1.2161214609290911,,179.03036523227277,psi,,simulated
FI-PT,pressure,5238.615664148,1780039927.5161302,1.6738887636528927,,293.4721909132232,psi,,simulated
thrust,thrust,5238.615715666,1780039927.5161817,2.5009641052441722,2.4990358947558278,192.82104883444617,N,,simulated
CC-PT,pressure,5238.625732343,1780039927.5261989,1.2205608154011744,,180.1402038502936,psi,,simulated
FI-PT,pressure,5238.625794953,1780039927.5262613,1.6651727754083603,,291.2931938520901,psi,,simulated
thrust,thrust,5238.625841119,1780039927.5263073,2.5009444357090516,2.4990555642909484,188.8871418103122,N,,simulated
FM-FM,flow,5238.635650354,1780039927.5361164,1.5144773142906804,,6.6982248214751285,gallons_per_minute,,simulated
CC-PT,pressure,5238.63589274,1780039927.5363588,1.2203861737711637,,180.0965434427909,psi,,simulated
FI-PT,pressure,5238.635959646,1780039927.5364258,1.6658856470448549,,291.47141176121374,psi,,simulated
thrust,thrust,5238.636044516,1780039927.5365107,2.5009235740808933,2.4990764259191067,184.71481617865493,N,,simulated
CC-PT,pressure,5238.646029619,1780039927.546496,1.2213923002949119,,180.34807507372795,psi,,simulated
FI-PT,pressure,5238.64609421,1780039927.5465603,1.6627230242160587,,290.6807560540147,psi,,simulated
thrust,thrust,5238.646142358,1780039927.5466087,2.500933706871713,2.499066293128287,186.74137434260274,N,,simulated
tank_temp,temperature,5238.648024814,1780039927.5484912,,,21.74628504602007,°C,,simulated
CC-PT,pressure,5238.656193534,1780039927.5566602,1.2225957182163856,,180.64892955409638,psi,,simulated
FI-PT,pressure,5238.656295663,1780039927.5567617,1.6796990251182349,,294.9247562795587,psi,,simulated
thrust,thrust,5238.656357439,1780039927.5568235,2.500921785941337,2.499078214058663,184.35718826737002,N,,simulated
CC-PT,pressure,5238.666356524,1780039927.566823,1.2293852841121298,,182.34632102803243,psi,,simulated
FI-PT,pressure,5238.66642256,1780039927.5668888,1.6661192972802277,,291.52982432005695,psi,,simulated
thrust,thrust,5238.666471041,1780039927.566937,2.5008949638479905,2.4991050361520095,178.9927695980964,N,,simulated
FM-FM,flow,5238.675802172,1780039927.5762684,1.5019585492561518,,6.580861399276422,gallons_per_minute,,simulated
CC-PT,pressure,5238.67648857,1780039927.5769548,1.2169493695437157,,179.2373423859289,psi,,simulated
FI-PT,pressure,5238.676558254,1780039927.5770245,1.6682734093992004,,292.06835234980014,psi,,simulated
thrust,thrust,5238.676611864,1780039927.577078,2.5009009243131786,2.4990990756868214,180.18486263571276,N,,simulated
CC-PT,pressure,5238.686624782,1780039927.587091,1.2146092909108748,,178.65232272771868,psi,,simulated
FI-PT,pressure,5238.686687281,1780039927.5871534,1.659229595569324,,289.807398892331,psi,,simulated
thrust,thrust,5238.68673454,1780039927.5872009,2.5008800626850203,2.4991199373149797,176.0125370040555,N,,simulated
CC-PT,pressure,5238.696769438,1780039927.597236,1.227013615013792,,181.753403753448,psi,,simulated
FI-PT,pressure,5238.696847197,1780039927.5973136,1.674897870409235,,293.7244676023087,psi,,simulated
thrust,thrust,5238.696900066,1780039927.5973663,2.5008544326847115,2.4991455673152885,170.88653694230516,N,,simulated
CC-PT,pressure,5238.706919724,1780039927.607386,1.218349482816396,,179.58737070409902,psi,,simulated
FI-PT,pressure,5238.70698602,1780039927.6074522,1.6703959310526768,,292.5989827631692,psi,,simulated
thrust,thrust,5238.707033112,1780039927.6074994,2.5008413196612977,2.4991586803387023,168.26393225954916,N,,simulated
FM-FM,flow,5238.715952915,1780039927.616419,1.5251954227918891,,6.79870708867396,gallons_per_minute,,simulated
CC-PT,pressure,5238.717054752,1780039927.617521,1.215696479761181,,178.9241199402952,psi,,simulated
FI-PT,pressure,5238.717122102,1780039927.6175883,1.6736133901612034,,293.40334754030084,psi,,simulated
thrust,thrust,5238.717174343,1780039927.6176405,2.5008073450097257,2.4991926549902743,161.46900194513591,N,,simulated
CC-PT,pressure,5238.727191667,1780039927.627658,1.2308903015721204,,182.7225753930301,psi,,simulated
FI-PT,pressure,5238.727254648,1780039927.627721,1.6802789783810352,,295.0697445952588,psi,,simulated
thrust,thrust,5238.727301129,1780039927.6277673,2.5008210540796583,2.4991789459203417,164.21081593165354,N,,simulated
CC-PT,pressure,5238.737324565,1780039927.6377907,1.2196446919017663,,179.91117297544156,psi,,simulated
FI-PT,pressure,5238.737396508,1780039927.6378627,1.6718884315357725,,292.9721078839431,psi,,simulated
thrust,thrust,5238.737449063,1780039927.6379154,2.5008049608236504,2.4991950391763496,160.99216473008937,N,,simulated
CC-PT,pressure,5238.747466573,1780039927.647933,1.2282229934004538,,182.05574835011345,psi,,simulated
FI-PT,pressure,5238.747528758,1780039927.647995,1.6639937953941577,,290.99844884853945,psi,,simulated
thrust,thrust,5238.74757535,1780039927.6480415,2.5007733703581536,2.4992266296418464,154.67407163072266,N,,simulated
tank_temp,temperature,5238.748196471,1780039927.6486628,,,21.76345118576172,°C,,simulated
FM-FM,flow,5238.756141695,1780039927.6566088,1.521345558326907,,6.7626146093147534,gallons_per_minute,,simulated
CC-PT,pressure,5238.757601934,1780039927.6580682,1.2168164511700215,,179.20411279250536,psi,,simulated
FI-PT,pressure,5238.757682025,1780039927.658148,1.6652413207580232,,291.3103301895058,psi,,simulated
thrust,thrust,5238.757739543,1780039927.6582057,2.5007423759391756,2.4992576240608244,148.4751878351176,N,,simulated
CC-PT,pressure,5238.767748072,1780039927.6682143,1.2093408357311293,,177.3352089327823,psi,,simulated
FI-PT,pressure,5238.767813849,1780039927.6682801,1.671995719909158,,292.9989299772895,psi,,simulated
thrust,thrust,5238.767862459,1780039927.6683288,2.500722110357536,2.499277889642464,144.42207150722197,N,,simulated
CC-PT,pressure,5238.777881858,1780039927.678348,1.2213022972705718,,180.32557431764295,psi,,simulated
FI-PT,pressure,5238.777950524,1780039927.6784167,1.6796048497682632,,294.9012124420658,psi,,simulated
thrust,thrust,5238.778003782,1780039927.67847,2.5007084012876035,2.4992915987123965,141.68025752070434,N,,simulated
CC-PT,pressure,5238.788046144,1780039927.6885126,1.214242126255289,,178.56053156382222,psi,,simulated
FI-PT,pressure,5238.788109902,1780039927.688576,1.6646685200534486,,291.16713001336217,psi,,simulated
thrust,thrust,5238.788157587,1780039927.688624,2.5006797910547007,2.4993202089452993,135.95821094014582,N,,simulated
FM-FM,flow,5238.796312327,1780039927.6967785,1.519984784124468,,6.749857351166887,gallons_per_minute,,simulated
CC-PT,pressure,5238.798177486,1780039927.6986437,1.2215830351809305,,180.3957587952326,psi,,simulated
FI-PT,pressure,5238.798244855,1780039927.6987112,1.670562824077943,,292.6407060194858,psi,,simulated
thrust,thrust,5238.798296558,1780039927.6987627,2.5006678701243246,2.4993321298756754,133.5740248649131,N,,simulated
CC-PT,pressure,5238.808351179,1780039927.7088175,1.2206603551698154,,180.16508879245384,psi,,simulated
FI-PT,pressure,5238.808413864,1780039927.7088802,1.6713561619944768,,292.83904049861917,psi,,simulated
thrust,thrust,5238.80846053,1780039927.7089267,2.500632107333196,2.499367892666804,126.42146663921494,N,,simulated
CC-PT,pressure,5238.818547428,1780039927.719014,1.2178362867637023,,179.45907169092555,psi,,simulated
FI-PT,pressure,5238.818625723,1780039927.719092,1.6763558001942398,,294.0889500485599,psi,,simulated
thrust,thrust,5238.818678889,1780039927.719145,2.5006249547749704,2.4993750452250296,124.99095499407531,N,,simulated
CC-PT,pressure,5238.828695825,1780039927.7291622,1.2049926763764234,,176.24816909410583,psi,,simulated
FI-PT,pressure,5238.828758768,1780039927.729225,1.6672482093868504,,291.8120523467126,psi,,simulated
thrust,thrust,5238.828806305,1780039927.7292724,2.5006029010537745,2.4993970989462255,120.58021075489478,N,,simulated
FM-FM,flow,5238.836465051,1780039927.7369313,1.4829553941435092,,6.402706820095398,gallons_per_minute,,simulated
CC-PT,pressure,5238.838826185,1780039927.7392924,1.2166430016330483,,179.16075040826206,psi,,simulated
FI-PT,pressure,5238.838895907,1780039927.739362,1.6746528952900048,,293.6632238225012,psi,,simulated
thrust,thrust,5238.838948554,1780039927.7394147,2.5005587936113827,2.4994412063886173,111.75872227653372,N,,simulated
tank_temp,temperature,5238.848356999,1780039927.7488234,,,21.822925791129357,°C,,simulated
CC-PT,pressure,5238.848965305,1780039927.7494316,1.2256969482537448,,181.42423706343618,psi,,simulated
FI-PT,pressure,5238.849027878,1780039927.749494,1.677672466954287,,294.41811673857177,psi,,simulated
thrust,thrust,5238.849075803,1780039927.7495422,2.50053018337848,2.49946981662152,106.03667569597519,N,,simulated
CC-PT,pressure,5238.859125276,1780039927.7595918,1.2190653346854847,,179.76633367137117,psi,,simulated
FI-PT,pressure,5238.859230867,1780039927.7596972,1.6729321089902056,,293.2330272475514,psi,,simulated
thrust,thrust,5238.859293403,1780039927.75976,2.5004813075639376,2.4995186924360624,96.26151278752104,N,,simulated
CC-PT,pressure,5238.869289784,1780039927.769756,1.2118186011098149,,177.9546502774537,psi,,simulated
FI-PT,pressure,5238.869355839,1780039927.769822,1.6727604475927889,,293.1901118981972,psi,,simulated
thrust,thrust,5238.869405042,1780039927.7698715,2.500483691750013,2.499516308249987,96.73835000256759,N,,simulated
FM-FM,flow,5238.876611369,1780039927.7770777,1.460383708522762,,6.191097267400893,gallons_per_minute,,simulated
CC-PT,pressure,5238.879423126,1780039927.7798893,1.2200571560927815,,180.01428902319537,psi,,simulated
FI-PT,pressure,5238.87949131,1780039927.7799575,1.6772516581120085,,294.3129145280021,psi,,simulated
thrust,thrust,5238.879543865,1780039927.78001,2.5004592538427417,2.4995407461572583,91.85076854834051,N,,simulated
CC-PT,pressure,5238.889558709,1780039927.790025,1.2296946322553912,,182.4236580638478,psi,,simulated
FI-PT,pressure,5238.889623208,1780039927.7900894,1.677218875553474,,294.3047188883685,psi,,simulated
thrust,thrust,5238.889672022,1780039927.790138,2.500417530586425,2.499582469413575,83.506117285026,N,,simulated
CC-PT,pressure,5238.89969044,1780039927.8001566,1.2190003656149346,,179.75009140373365,psi,,simulated
FI-PT,pressure,5238.899759346,1780039927.8002255,1.6814734556047268,,295.3683639011817,psi,,simulated
thrust,thrust,5238.899812493,1780039927.800279,2.500408589888643,2.499591410111357,81.71797772860145,N,,simulated
CC-PT,pressure,5238.909827041,1780039927.8102932,1.2263651164013287,,181.59127910033217,psi,,simulated
FI-PT,pressure,5238.909889207,1780039927.8103554,1.6676427921823014,,291.9106980455754,psi,,simulated
thrust,thrust,5238.909935947,1780039927.8104022,2.500361502213657,2.499638497786343,72.30044273143221,N,,simulated
FM-FM,flow,5238.916763204,1780039927.8172295,1.5151192563914369,,6.70424302866972,gallons_per_minute,,simulated
CC-PT,pressure,5238.91995666,1780039927.820423,1.211793567156025,,177.94839178900622,psi,,simulated
FI-PT,pressure,5238.920064103,1780039927.8205304,1.6816951849097235,,295.42379622743084,psi,,simulated
thrust,thrust,5238.920120084,1780039927.8205862,2.5003263354690475,2.4996736645309525,65.26709380949569,N,,simulated
CC-PT,pressure,5238.930094243,1780039927.8305604,1.2190277837547998,,179.75694593869994,psi,,simulated
FI-PT,pressure,5238.930157279,1780039927.8306234,1.6731365529461568,,293.2841382365392,psi,,simulated
thrust,thrust,5238.930205038,1780039927.8306713,2.5003167987247465,2.4996832012752535,63.359744949309516,N,,simulated
CC-PT,pressure,5238.940227529,1780039927.840694,1.2223543193762683,,180.58857984406706,psi,,simulated
FI-PT,pressure,5238.940294917,1780039927.8407612,1.667870481952486,,291.96762048812155,psi,,simulated
thrust,thrust,5238.940346269,1780039927.8408124,2.5002822280266557,2.4997177719733443,56.44560533113463,N,,simulated
tank_temp,temperature,5238.948560711,1780039927.8490279,,,21.897659187378434,°C,,simulated
CC-PT,pressure,5238.952059626,1780039927.8525264,1.2228949335688273,,180.7237333922068,psi,,simulated
FI-PT,pressure,5238.952156995,1780039927.8526235,1.6716160382766772,,292.90400956916926,psi,,simulated
thrust,thrust,5238.952212068,1780039927.852678,2.5002214312817372,2.4997785687182628,44.28625634744776,N,,simulated
FM-FM,flow,5238.95692667,1780039927.8573935,1.4986963866587146,,6.550278624925449,gallons_per_minute,,simulated
CC-PT,pressure,5238.962218171,1780039927.8626847,1.221161630292133,,180.29040757303326,psi,,simulated
FI-PT,pressure,5238.96229404,1780039927.8627603,1.6677327952066414,,291.93319880166035,psi,,simulated
thrust,thrust,5238.96234991,1780039927.8628163,2.500204145932692,2.499795854067308,40.82918653836032,N,,simulated
CC-PT,pressure,5238.97236129,1780039927.8728275,1.2213660742480843,,180.34151856202107,psi,,simulated
FI-PT,pressure,5238.972426697,1780039927.8728929,1.6741325466790853,,293.5331366697713,psi,,simulated
thrust,thrust,5238.972475437,1780039927.8729415,2.500166595002007,2.499833404997993,33.31900040137725,N,,simulated
CC-PT,pressure,5238.982494669,1780039927.882961,1.2267018826844553,,181.67547067111383,psi,,simulated
FI-PT,pressure,5238.982567576,1780039927.8830338,1.681739888398634,,295.4349720996585,psi,,simulated
thrust,thrust,5238.98262102,1780039927.8830872,2.5001463294203674,2.4998536705796326,29.26588407348163,N,,simulated
CC-PT,pressure,5238.992636863,1780039927.8931031,1.224039342884939,,181.00983572123474,psi,,simulated
FI-PT,pressure,5238.992698862,1780039927.893165,1.6622390344427864,,290.55975861069663,psi,,simulated
thrust,thrust,5238.992746399,1780039927.8932126,2.5001183152339834,2.4998816847660166,23.66304679668474,N,,simulated
FM-FM,flow,5238.997096098,1780039927.8975623,1.488856850726229,,6.458032975558396,gallons_per_minute,,simulated
CC-PT,pressure,5239.002853982,1780039927.9033203,1.2218554284400258,,180.46385711000644,psi,,simulated
FI-PT,pressure,5239.002940314,1780039927.9034066,1.6688485942898503,,292.2121485724626,psi,,simulated
thrust,thrust,5239.002999998,1780039927.9034662,2.5000801682567797,2.4999198317432203,16.033651355940037,N,,simulated
CC-PT,pressure,5239.013010082,1780039927.9134765,1.2215758826227048,,180.39397065567618,psi,,simulated
FI-PT,pressure,5239.013078748,1780039927.913545,1.6807564116426006,,295.18910291065015,psi,,simulated
thrust,thrust,5239.013129155,1780039927.9135954,2.500054538256471,2.499945461743529,10.90765129418969,N,,simulated
CC-PT,pressure,5239.02314448,1780039927.923611,1.2385435388736175,,184.63588471840436,psi,,simulated
FI-PT,pressure,5239.023213757,1780039927.92368,1.6745462029631382,,293.6365507407845,psi,,simulated
thrust,thrust,5239.023267089,1780039927.9237332,2.5000301003492,2.4999698996508,6.020069839962616,N,,simulated
CC-PT,pressure,5239.033283618,1780039927.93375,1.2301565683074676,,182.53914207686688,psi,,simulated
FI-PT,pressure,5239.033349228,1780039927.9338152,1.6813137151376862,,295.32842878442153,psi,,simulated
thrust,thrust,5239.033398061,1780039927.933864,2.499985992906808,2.500014007093192,2.801418638398445,N,,simulated
FM-FM,flow,5239.037242193,1780039927.9377084,1.5064086325655737,,6.622580930302252,gallons_per_minute,,simulated
CC-PT,pressure,5239.043415867,1780039927.9438822,1.2131442085676443,,178.28605214191106,psi,,simulated
FI-PT,pressure,5239.043485459,1780039927.9439516,1.668799718475308,,292.199929618827,psi,,simulated
thrust,thrust,5239.043540569,1780039927.944007,2.4999448656970102,2.5000551343029898,11.026860597951327,N,,simulated
tank_temp,temperature,5239.048749664,1780039927.949216,,,21.766919092780242,°C,,simulated
CC-PT,pressure,5239.053607468,1780039927.9540744,1.2306047952896113,,182.65119882240282,psi,,simulated
FI-PT,pressure,5239.053707281,1780039927.9541733,1.6766579957792755,,294.1644989448189,psi,,simulated
thrust,thrust,5239.053761003,1780039927.9542272,2.4999156594175886,2.5000843405824114,16.86811648227149,N,,simulated
CC-PT,pressure,5239.063766828,1780039927.9642332,1.226376441285186,,181.5941103212965,psi,,simulated
FI-PT,pressure,5239.063844716,1780039927.9643111,1.6615470244344501,,290.38675610861253,psi,,simulated
thrust,thrust,5239.063899789,1780039927.9643662,2.499901950347656,2.500098049652344,19.609930468789116,N,,simulated
CC-PT,pressure,5239.073912169,1780039927.9743786,1.231671718558278,,182.91792963956948,psi,,simulated
FI-PT,pressure,5239.07397665,1780039927.9744427,1.672312816657164,,293.078204164291,psi,,simulated
thrust,thrust,5239.074024742,1780039927.974491,2.4998793005799413,2.5001206994200587,24.139884011731283,N,,simulated
FM-FM,flow,5239.077395122,1780039927.9778614,1.4859427792957758,,6.430713555897897,gallons_per_minute,,simulated
CC-PT,pressure,5239.084047289,1780039927.9845135,1.2234224347379725,,180.85560868449312,psi,,simulated
FI-PT,pressure,5239.084117825,1780039927.9845839,1.6820426800301886,,295.51067000754716,psi,,simulated
thrust,thrust,5239.08417251,1780039927.9846387,2.4998286366258426,2.5001713633741574,34.27267483147034,N,,simulated
CC-PT,pressure,5239.094184798,1780039927.994651,1.229074147829312,,182.26853695732797,psi,,simulated
FI-PT,pressure,5239.094246612,1780039927.9947128,1.6851075512299003,,296.2768878074751,psi,,simulated
thrust,thrust,5239.094293315,1780039927.9947593,2.499803006625534,2.500196993374466,39.39867489322069,N,,simulated
CC-PT,pressure,5239.104318695,1780039928.0047848,1.218169476767716,,179.542369191929,psi,,simulated
FI-PT,pressure,5239.104387361,1780039928.0048535,1.6878159866113647,,296.95399665284117,psi,,simulated
thrust,thrust,5239.104439693,1780039928.0049057,2.4997600912761797,2.5002399087238203,47.981744764058476,N,,simulated
CC-PT,pressure,5239.114453648,1780039928.01492,1.2424983075259097,,185.62457688147742,psi,,simulated
FI-PT,pressure,5239.114514999,1780039928.014981,1.6779037330035846,,294.47593325089616,psi,,simulated
thrust,thrust,5239.11456148,1780039928.0150278,2.499731481043277,2.500268518956723,53.703791344617,N,,simulated
FM-FM,flow,5239.117541309,1780039928.0180075,1.481899199712181,,6.392804997301697,gallons_per_minute,,simulated
CC-PT,pressure,5239.124586731,1780039928.025053,1.2272895845520002,,181.82239613800004,psi,,simulated
FI-PT,pressure,5239.124653082,1780039928.0251193,1.6731896010863307,,293.29740027158266,psi,,simulated
thrust,thrust,5239.124705377,1780039928.0251718,2.4997165798803067,2.5002834201196933,56.6840239386579,N,,simulated
CC-PT,pressure,5239.13472398,1780039928.0351903,1.2219305303013956,,180.4826325753489,psi,,simulated
FI-PT,pressure,5239.134787183,1780039928.0352533,1.676355204147721,,294.08880103693025,psi,,simulated
thrust,thrust,5239.13483496,1780039928.0353012,2.4996712803448773,2.5003287196551227,65.74393102454223,N,,simulated
CC-PT,pressure,5239.144860174,1780039928.0453262,1.2243153124231472,,181.07882810578678,psi,,simulated
FI-PT,pressure,5239.14493371,1780039928.0454001,1.667376955434913,,291.84423885872826,psi,,simulated
thrust,thrust,5239.144986783,1780039928.045453,2.4996480345306438,2.5003519654693562,70.39309387124604,N,,simulated
tank_temp,temperature,5239.148921285,1780039928.0493875,,,21.784952209276522,°C,,simulated
CC-PT,pressure,5239.155027015,1780039928.055494,1.2312604464603003,,182.81511161507507,psi,,simulated
FI-PT,pressure,5239.155122514,1780039928.0555887,1.6872312649764138,,296.80781624410344,psi,,simulated
thrust,thrust,5239.15517755,1780039928.0556438,2.4996182322047034,2.5003817677952966,76.35355905932784,N,,simulated
FM-FM,flow,5239.157697201,1780039928.0581636,1.532992307304419,,6.871802880978927,gallons_per_minute,,simulated
CC-PT,pressure,5239.165181524,1780039928.0656478,1.2195976042267804,,179.8994010566951,psi,,simulated
FI-PT,pressure,5239.165255319,1780039928.0657215,1.6863890512453379,,296.5972628113345,psi,,simulated
thrust,thrust,5239.165310114,1780039928.0657763,2.4995991587161015,2.5004008412838985,80.16825677970019,N,,simulated
CC-PT,pressure,5239.175323921,1780039928.0757904,1.2277616533948963,,181.94041334872406,psi,,simulated
FI-PT,pressure,5239.175387513,1780039928.0758538,1.674080690631949,,293.52017265798725,psi,,simulated
thrust,thrust,5239.175435753,1780039928.075902,2.4995610117388978,2.5004389882611022,87.79765222044489,N,,simulated
CC-PT,pressure,5239.1854558,1780039928.085922,1.2275756868810281,,181.89392172025703,psi,,simulated
FI-PT,pressure,5239.185526058,1780039928.085992,1.6907485354839011,,297.6871338709753,psi,,simulated
thrust,thrust,5239.185579224,1780039928.0860455,2.4995300173199198,2.5004699826800802,93.99653601604996,N,,simulated
CC-PT,pressure,5239.195611401,1780039928.096078,1.2245072394022034,,181.12680985055084,psi,,simulated
FI-PT,pressure,5239.195689344,1780039928.0961556,1.6718628015354637,,292.9657003838659,psi,,simulated
thrust,thrust,5239.195742417,1780039928.0962083,2.4994996189474605,2.5005003810525395,100.07621050789339,N,,simulated
FM-FM,flow,5239.197852981,1780039928.0983193,1.4604653668958387,,6.191862814648487,gallons_per_minute,,simulated
CC-PT,pressure,5239.205759742,1780039928.1062262,1.2442548566168374,,186.06371415420935,psi,,simulated
FI-PT,pressure,5239.205832297,1780039928.1062987,1.6835584263275178,,295.88960658187943,psi,,simulated
thrust,thrust,5239.205886815,1780039928.106353,2.49946981662152,2.50053018337848,106.03667569597519,N,,simulated
CC-PT,pressure,5239.215901732,1780039928.116368,1.2352372688337885,,183.8093172084471,psi,,simulated
FI-PT,pressure,5239.215967343,1780039928.1164334,1.6755708069289694,,293.89270173224236,psi,,simulated
thrust,thrust,5239.216052508,1780039928.1165187,2.4994584917376628,2.5005415082623372,108.30165246744627,N,,simulated
CC-PT,pressure,5239.226050574,1780039928.126517,1.2272305759466382,,181.80764398665954,psi,,simulated
FI-PT,pressure,5239.226134999,1780039928.1266012,1.6702159250039967,,292.5539812509992,psi,,simulated
thrust,thrust,5239.226191461,1780039928.1266575,2.4994429945281738,2.5005570054718262,111.40109436524881,N,,simulated
CC-PT,pressure,5239.236201231,1780039928.1366675,1.2360288186107657,,184.00720465269143,psi,,simulated
FI-PT,pressure,5239.236265452,1780039928.1367316,1.683244309812106,,295.8110774530265,psi,,simulated
thrust,thrust,5239.236315655,1780039928.136782,2.499380409643699,2.500619590356301,123.91807126022059,N,,simulated
FM-FM,flow,5239.238007576,1780039928.138474,1.5117688789092156,,6.672833239773896,gallons_per_minute,,simulated
CC-PT,pressure,5239.246334517,1780039928.146801,1.2366272493156492,,184.15681232891228,psi,,simulated
FI-PT,pressure,5239.246402794,1780039928.146869,1.6741408913303486,,293.5352228325871,psi,,simulated
thrust,thrust,5239.246456737,1780039928.146923,2.4993816017367365,2.5006183982632635,123.67965265269731,N,,simulated
tank_temp,temperature,5239.249085146,1780039928.1495514,,,22.026491933116475,°C,,simulated
CC-PT,pressure,5239.256501081,1780039928.1569679,1.233989743469923,,183.49743586748073,psi,,simulated
FI-PT,pressure,5239.256598876,1780039928.1570652,1.6884817705728734,,297.1204426432183,psi,,simulated
thrust,thrust,5239.256653893,1780039928.1571202,2.499336302201307,2.500663697798693,132.73955973858165,N,,simulated
CC-PT,pressure,5239.266660496,1780039928.167127,1.23940244190722,,184.850610476805,psi,,simulated
FI-PT,pressure,5239.26673444,1780039928.1672006,1.676147183912657,,294.0367959781642,psi,,simulated
thrust,thrust,5239.26678992,1780039928.167256,2.4993166326661864,2.5006833673338136,136.67346676271563,N,,simulated
CC-PT,pressure,5239.276801634,1780039928.177268,1.2298084771404836,,182.4521192851209,psi,,simulated
FI-PT,pressure,5239.276865819,1780039928.177332,1.6824044802671052,,295.6011200667763,psi,,simulated
thrust,thrust,5239.27691517,1780039928.1773813,2.499296367084547,2.500703632915453,140.72658309061126,N,,simulated
FM-FM,flow,5239.278154819,1780039928.1786213,1.5152140277879274,,6.705131510511818,gallons_per_minute,,simulated
CC-PT,pressure,5239.286933828,1780039928.1874,1.2353242916255345,,183.8310729063836,psi,,simulated
FI-PT,pressure,5239.287001864,1780039928.187468,1.6791250323206226,,294.7812580801556,psi,,simulated
thrust,thrust,5239.287054493,1780039928.1875207,2.4992731212703134,2.5007268787296866,145.37574593731506,N,,simulated
CC-PT,pressure,5239.297101373,1780039928.1975682,1.2329347411316325,,183.2336852829081,psi,,simulated
FI-PT,pressure,5239.297196039,1780039928.197662,1.6830404619026735,,295.7601154756684,psi,,simulated
thrust,thrust,5239.297248149,1780039928.1977143,2.4992516635956363,2.5007483364043637,149.66728087273395,N,,simulated
CC-PT,pressure,5239.307256937,1780039928.2077234,1.2313963450665886,,182.84908626664713,psi,,simulated
FI-PT,pressure,5239.307333566,1780039928.2078,1.6786625002220275,,294.66562505550684,psi,,simulated
thrust,thrust,5239.307388546,1780039928.2078547,2.499228417781403,2.500771582218597,154.31644371943776,N,,simulated
CC-PT,pressure,5239.317400909,1780039928.2178674,1.2476338443319612,,186.9084610829903,psi,,simulated
FI-PT,pressure,5239.317464667,1780039928.2179308,1.6876085624228194,,296.90214060570486,psi,,simulated
thrust,thrust,5239.31751387,1780039928.21798,2.4992325901070345,2.5007674098929655,153.4819785931063,N,,simulated
FM-FM,flow,5239.318307359,1780039928.2187738,1.5312077440271072,,6.85507260025413,gallons_per_minute,,simulated
CC-PT,pressure,5239.327532973,1780039928.2279992,1.2401498842418055,,185.03747106045137,psi,,simulated
FI-PT,pressure,5239.327601805,1780039928.228068,1.686578594038319,,296.6446485095797,psi,,simulated
thrust,thrust,5239.327655675,1780039928.2281218,2.499180734059898,2.500819265940102,163.85318802036863,N,,simulated
CC-PT,pressure,5239.337669518,1780039928.2381358,1.2347824853399378,,183.69562133498445,psi,,simulated
FI-PT,pressure,5239.337731166,1780039928.2381976,1.6835661749322623,,295.8915437330656,psi,,simulated
thrust,thrust,5239.337780239,1780039928.2382464,2.4991700052225596,2.5008299947774404,165.99895548807808,N,,simulated
CC-PT,pressure,5239.347799231,1780039928.2482655,1.2502939999454021,,187.57349998635053,psi,,simulated
FI-PT,pressure,5239.34786747,1780039928.2483335,1.682616076781282,,295.65401919532053,psi,,simulated
thrust,thrust,5239.347920766,1780039928.248387,2.4991515277804766,2.5008484722195234,169.6944439046888,N,,simulated
tank_temp,temperature,5239.349251137,1780039928.2497175,,,21.895405047816443,°C,,simulated
CC-PT,pressure,5239.357963424,1780039928.2584305,1.2416936447255187,,185.42341118137966,psi,,simulated
FI-PT,pressure,5239.358059441,1780039928.2585256,1.6954388255404027,,298.85970638510065,psi,,simulated
thrust,thrust,5239.358114181,1780039928.2585804,2.499144375222251,2.500855624777749,171.12495554982843,N,,simulated
FM-FM,flow,5239.358505028,1780039928.2589712,1.4987929461947616,,6.551183870575889,gallons_per_minute,,simulated
CC-PT,pressure,5239.368120247,1780039928.2685864,1.2460358436150365,,186.50896090375912,psi,,simulated
FI-PT,pressure,5239.368189653,1780039928.2686558,1.6796680306992569,,294.9170076748142,psi,,simulated
thrust,thrust,5239.368244153,1780039928.2687104,2.499113380803273,2.500886619196727,177.3238393454335,N,,simulated
CC-PT,pressure,5239.378256496,1780039928.2787228,1.2507905066955693,,187.69762667389233,psi,,simulated
FI-PT,pressure,5239.378320421,1780039928.2787867,1.6814424611857488,,295.3606152964372,psi,,simulated
thrust,thrust,5239.378370124,1780039928.2788363,2.4991109966171976,2.5008890033828024,177.80067656048004,N,,simulated
CC-PT,pressure,5239.388390227,1780039928.2888565,1.2407971907612312,,185.1992976903078,psi,,simulated
FI-PT,pressure,5239.388463634,1780039928.2889297,1.6889448987179874,,297.23622467949684,psi,,simulated
thrust,thrust,5239.388518392,1780039928.2889845,2.4990984796403026,2.5009015203596974,180.3040719394744,N,,simulated
CC-PT,pressure,5239.398530328,1780039928.2989967,1.2396515893520819,,184.91289733802046,psi,,simulated
FI-PT,pressure,5239.398593124,1780039928.2990594,1.6844793181990765,,296.1198295497691,psi,,simulated
thrust,thrust,5239.398640586,1780039928.2991068,2.499103248012453,2.500896751987547,179.3503975093813,N,,simulated
FM-FM,flow,5239.398692178,1780039928.2991583,1.5041901474225696,,6.601782632086589,gallons_per_minute,,simulated
CC-PT,pressure,5239.408660744,1780039928.3091269,1.2558139867560847,,188.95349668902116,psi,,simulated
FI-PT,pressure,5239.408727391,1780039928.3091936,1.6749759525031989,,293.7439881257997,psi,,simulated
thrust,thrust,5239.408779891,1780039928.3092463,2.499078214058663,2.500921785941337,184.35718826737002,N,,simulated
CC-PT,pressure,5239.418794994,1780039928.319261,1.2509395183252714,,187.73487958131784,psi,,simulated
FI-PT,pressure,5239.41885753,1780039928.3193235,1.6841646056371458,,296.04115140928644,psi,,simulated
thrust,thrust,5239.418904511,1780039928.3193707,2.49905973661658,2.50094026338342,188.05267668398074,N,,simulated
CC-PT,pressure,5239.428924447,1780039928.3293905,1.2383450553828543,,184.58626384571357,psi,,simulated
FI-PT,pressure,5239.428992168,1780039928.3294585,1.6829474786457395,,295.73686966143487,psi,,simulated
thrust,thrust,5239.429044482,1780039928.3295107,2.499050795918798,2.500949204081202,189.84081624040527,N,,simulated
FM-FM,flow,5239.438833088,1780039928.3392994,1.4739711849655133,,6.318479859051686,gallons_per_minute,,simulated
CC-PT,pressure,5239.439060122,1780039928.3395264,1.2410946179741165,,185.2736544935291,psi,,simulated
FI-PT,pressure,5239.439121584,1780039928.339588,1.6795231913951865,,294.8807978487966,psi,,simulated
thrust,thrust,5239.439168713,1780039928.339635,2.4990585445235425,2.5009414554764575,188.291095291504,N,,simulated
CC-PT,pressure,5239.449188797,1780039928.3496552,1.243367343350332,,185.841835837583,psi,,simulated
FI-PT,pressure,5239.449254222,1780039928.3497202,1.6868956907863248,,296.7239226965812,psi,,simulated
thrust,thrust,5239.449307147,1780039928.3497734,2.4990305303371585,2.5009694696628415,193.8939325683009,N,,simulated
tank_temp,temperature,5239.449368424,1780039928.349835,,,21.753394255408,°C,,simulated
CC-PT,pressure,5239.459351602,1780039928.3598185,1.248336583177636,,187.084145794409,psi,,simulated
FI-PT,pressure,5239.45944686,1780039928.359913,1.6791458939487809,,294.7864734871952,psi,,simulated
thrust,thrust,5239.459500692,1780039928.359967,2.4990174173137447,2.5009825826862553,196.5165372510569,N,,simulated
CC-PT,pressure,5239.469507462,1780039928.3699737,1.2445379787132713,,186.13449467831782,psi,,simulated
FI-PT,pressure,5239.469586961,1780039928.370053,1.6847040277366672,,296.17600693416676,psi,,simulated
thrust,thrust,5239.469642627,1780039928.3701088,2.4990114568485566,2.5009885431514434,197.70863028867325,N,,simulated
FM-FM,flow,5239.478982961,1780039928.3794494,1.4941437833480578,,6.5075979688880405,gallons_per_minute,,simulated
CC-PT,pressure,5239.479651767,1780039928.3801181,1.2462534005944015,,186.56335014860036,psi,,simulated
FI-PT,pressure,5239.47971508,1780039928.3801813,1.6796316718616096,,294.90791796540236,psi,,simulated
thrust,thrust,5239.479763228,1780039928.3802295,2.4990084766159626,2.5009915233840374,198.30467680748143,N,,simulated
CC-PT,pressure,5239.489783534,1780039928.39025,1.253131181374929,,188.28279534373226,psi,,simulated
FI-PT,pressure,5239.489851663,1780039928.390318,1.6960551376408504,,299.01378441021257,psi,,simulated
thrust,thrust,5239.48990494,1780039928.390371,2.499016821267226,2.500983178732774,196.63574655481852,N,,simulated
CC-PT,pressure,5239.499919747,1780039928.400386,1.2414230396059798,,185.35575990149493,psi,,simulated
FI-PT,pressure,5239.499981449,1780039928.4004478,1.6852291447197372,,296.3072861799343,psi,,simulated
thrust,thrust,5239.50007093,1780039928.4005373,2.498994171499511,2.501005828500489,201.1657000977607,N,,simulated
CC-PT,pressure,5239.510049811,1780039928.410516,1.265104563844748,,191.276140961187,psi,,simulated
FI-PT,pressure,5239.51011694,1780039928.410583,1.6898192989610792,,297.45482474026977,psi,,simulated
thrust,thrust,5239.510167754,1780039928.410634,2.4989959596390676,2.5010040403609324,200.80807218647578,N,,simulated
FM-FM,flow,5239.519130371,1780039928.4195964,1.4489926635018184,,6.084306220329547,gallons_per_minute,,simulated
CC-PT,pressure,5239.520188264,1780039928.4206545,1.2545676534852568,,188.6419133713142,psi,,simulated
FI-PT,pressure,5239.520250318,1780039928.4207165,1.6891237126736298,,297.28092816840746,psi,,simulated
thrust,thrust,5239.52029717,1780039928.4207635,2.4990001319646993,2.5009998680353007,199.97360706014433,N,,simulated
CC-PT,pressure,5239.530317069,1780039928.4307833,1.2555463618691398,,188.88659046728495,psi,,simulated
FI-PT,pressure,5239.530385623,1780039928.430852,1.6918840041022307,,297.97100102555765,psi,,simulated
thrust,thrust,5239.530440363,1780039928.4309065,2.4989905952203983,2.5010094047796017,201.8809559203305,N,,simulated
CC-PT,pressure,5239.540457522,1780039928.440924,1.254430562785931,,188.60764069648272,psi,,simulated
FI-PT,pressure,5239.54052015,1780039928.4409864,1.68698807799674,,296.747019499185,psi,,simulated
thrust,thrust,5239.540566131,1780039928.4410324,2.499006688476406,2.500993311523594,198.66230471876634,N,,simulated
tank_temp,temperature,5239.549547915,1780039928.4500144,,,22.09376932927578,°C,,simulated
CC-PT,pressure,5239.552232878,1780039928.4526997,1.2539042537098233,,188.4760634274558,psi,,simulated
FI-PT,pressure,5239.552343358,1780039928.4528098,1.6926993957399603,,298.17484893499005,psi,,simulated
thrust,thrust,5239.552412561,1780039928.452879,2.498998343825143,2.501001656174857,200.33123497142924,N,,simulated
FM-FM,flow,5239.559299577,1780039928.4597666,1.481803236222653,,6.391905339587371,gallons_per_minute,,simulated
CC-PT,pressure,5239.562402849,1780039928.4628692,1.2589694570266552,,189.7423642566638,psi,,simulated
FI-PT,pressure,5239.562470589,1780039928.4629369,1.6891690122090592,,297.2922530522648,psi,,simulated
thrust,thrust,5239.562519144,1780039928.4629855,2.499010264755519,2.500989735244481,197.94704889619652,N,,simulated
CC-PT,pressure,5239.572538635,1780039928.4730048,1.2570025035145882,,189.25062587864704,psi,,simulated
FI-PT,pressure,5239.57260969,1780039928.4730759,1.673987707375015,,293.4969268437537,psi,,simulated
thrust,thrust,5239.572664671,1780039928.4731307,2.499013841034632,2.500986158965368,197.2317930736267,N,,simulated
CC-PT,pressure,5239.582677459,1780039928.483144,1.2629778698656404,,190.7444674664101,psi,,simulated
FI-PT,pressure,5239.58274205,1780039928.4832082,1.6907819140889544,,297.6954785222386,psi,,simulated
thrust,thrust,5239.582790013,1780039928.4832563,2.4990281461510833,2.5009718538489167,194.37076978334744,N,,simulated
CC-PT,pressure,5239.592810041,1780039928.4932764,1.2576819965460295,,189.42049913650737,psi,,simulated
FI-PT,pressure,5239.592878744,1780039928.493345,1.6814007379294322,,295.35018448235803,psi,,simulated
thrust,thrust,5239.592929688,1780039928.493396,2.4990364908023466,2.5009635091976534,192.70183953068454,N,,simulated
FM-FM,flow,5239.599455468,1780039928.4999216,1.4935429684570989,,6.5019653292853015,gallons_per_minute,,simulated
CC-PT,pressure,5239.602945883,1780039928.5034122,1.2530244890480624,,188.2561222620156,psi,,simulated
FI-PT,pressure,5239.603007049,1780039928.503473,1.6950955027455692,,298.7738756863923,psi,,simulated
thrust,thrust,5239.603052567,1780039928.5035188,2.4990174173137447,2.5009825826862553,196.5165372510569,N,,simulated
CC-PT,pressure,5239.613074299,1780039928.5135405,1.2591202567959137,,189.7800641989784,psi,,simulated
FI-PT,pressure,5239.613142724,1780039928.513609,1.6909547675794088,,297.7386918948522,psi,,simulated
thrust,thrust,5239.613195131,1780039928.5136614,2.4990203975463388,2.5009796024536612,195.9204907322487,N,,simulated
CC-PT,pressure,5239.623209882,1780039928.5236762,1.2678064427145055,,191.95161067862637,psi,,simulated
FI-PT,pressure,5239.623272677,1780039928.5237389,1.6876526698652112,,296.9131674663028,psi,,simulated
thrust,thrust,5239.623320343,1780039928.5237865,2.4990311263836773,2.5009688736163227,193.77472326453926,N,,simulated
CC-PT,pressure,5239.633341057,1780039928.5338073,1.257724315848865,,189.43107896221622,psi,,simulated
FI-PT,pressure,5239.633413538,1780039928.5338798,1.6749986022709136,,293.7496505677284,psi,,simulated
thrust,thrust,5239.6334655,1780039928.5339315,2.499056756383986,2.500943243616014,188.64872320278891,N,,simulated
FM-FM,flow,5239.63960586,1780039928.5400722,1.492259084255586,,6.489928914896119,gallons_per_minute,,simulated
CC-PT,pressure,5239.643479418,1780039928.5439458,1.2658984978078005,,191.47462445195012,psi,,simulated
FI-PT,pressure,5239.64354138,1780039928.5440078,1.6775538536970442,,294.38846342426103,psi,,simulated
thrust,thrust,5239.643587194,1780039928.5440533,2.4990680812678434,2.5009319187321566,186.38374643131783,N,,simulated
tank_temp,temperature,5239.652090095,1780039928.5525568,,,21.94811723449793,°C,,simulated
CC-PT,pressure,5239.653625704,1780039928.5540922,1.2697227322724738,,192.43068306811844,psi,,simulated
FI-PT,pressure,5239.653742147,1780039928.5542083,1.683570347257894,,295.8925868144735,psi,,simulated
thrust,thrust,5239.653803257,1780039928.5542696,2.4990746377795503,2.5009253622204497,185.07244408993984,N,,simulated
CC-PT,pressure,5239.663778101,1780039928.5642443,1.2600423407605101,,190.01058519012753,psi,,simulated
FI-PT,pressure,5239.663843433,1780039928.5643098,1.6886051522022667,,297.1512880505667,psi,,simulated
thrust,thrust,5239.663892785,1780039928.564359,2.4990865587099265,2.5009134412900735,182.68825801470712,N,,simulated
CC-PT,pressure,5239.673913221,1780039928.5743794,1.2756235928086748,,193.9058982021687,psi,,simulated
FI-PT,pressure,5239.673982257,1780039928.5744483,1.682849130970136,,295.712282742534,psi,,simulated
thrust,thrust,5239.674035237,1780039928.5745013,2.499115764989348,2.500884235010652,176.84700213038695,N,,simulated
FM-FM,flow,5239.679752825,1780039928.580219,1.4847173076531062,,6.41922475924787,gallons_per_minute,,simulated
CC-PT,pressure,5239.684053951,1780039928.58452,1.2648518401207733,,191.21296003019333,psi,,simulated
FI-PT,pressure,5239.68411721,1780039928.5845835,1.7032827977279184,,300.82069943197956,psi,,simulated
thrust,thrust,5239.684164561,1780039928.5846307,2.4991235135940926,2.5008764864059074,175.2972811814857,N,,simulated
CC-PT,pressure,5239.694184645,1780039928.594651,1.2630154207963253,,190.75385519908133,psi,,simulated
FI-PT,pressure,5239.694252718,1780039928.594719,1.69437488250433,,298.59372062608253,psi,,simulated
thrust,thrust,5239.694304606,1780039928.5947707,2.4991324542918747,2.5008675457081253,173.50914162506115,N,,simulated
CC-PT,pressure,5239.704338061,1780039928.6048043,1.2661726792064523,,191.54316980161306,psi,,simulated
FI-PT,pressure,5239.704416949,1780039928.6048832,1.6913439859561905,,297.8359964890476,psi,,simulated
thrust,thrust,5239.704468466,1780039928.6049347,2.499152719873514,2.500847280126486,169.45602529716552,N,,simulated
CC-PT,pressure,5239.71448868,1780039928.614955,1.2665595133971588,,191.6398783492897,psi,,simulated
FI-PT,pressure,5239.714566939,1780039928.6150331,1.686208449150139,,296.5521122875347,psi,,simulated
thrust,thrust,5239.714621345,1780039928.6150873,2.4991485475478825,2.5008514524521175,170.29049042349698,N,,simulated
FM-FM,flow,5239.719912087,1780039928.6203783,1.5201087618003801,,6.751019641878563,gallons_per_minute,,simulated
CC-PT,pressure,5239.724634022,1780039928.6251004,1.2639559822030046,,190.98899555075116,psi,,simulated
FI-PT,pressure,5239.72469941,1780039928.6251655,1.690335475246367,,297.58386881159174,psi,,simulated
thrust,thrust,5239.724747669,1780039928.6252136,2.499193251036793,2.500806748963207,161.34979264137428,N,,simulated
CC-PT,pressure,5239.73476642,1780039928.6352327,1.2699170434376053,,192.4792608594013,psi,,simulated
FI-PT,pressure,5239.734835733,1780039928.6353018,1.6912003387451577,,297.80008468628944,psi,,simulated
thrust,thrust,5239.734888992,1780039928.6353552,2.4992206691766583,2.5007793308233417,155.86616466833902,N,,simulated
CC-PT,pressure,5239.74490441,1780039928.6453707,1.2659569103666437,,191.48922759166092,psi,,simulated
FI-PT,pressure,5239.744967464,1780039928.6454337,1.6902186501286807,,297.55466253217014,psi,,simulated
thrust,thrust,5239.745013834,1780039928.64548,2.4992206691766583,2.5007793308233417,155.86616466833902,N,,simulated
tank_temp,temperature,5239.752298789,1780039928.6527655,,,21.820498256216357,°C,,simulated
CC-PT,pressure,5239.755050825,1780039928.6555173,1.2716914739240972,,192.9228684810243,psi,,simulated
FI-PT,pressure,5239.75514362,1780039928.6556098,1.6926612487627566,,298.1653121906891,psi,,simulated
thrust,thrust,5239.755202953,1780039928.6556692,2.4992355703396285,2.5007644296603715,152.88593207429813,N,,simulated
FM-FM,flow,5239.760068367,1780039928.6605349,1.4621652915674797,,6.207799608445121,gallons_per_minute,,simulated
CC-PT,pressure,5239.765206167,1780039928.6656725,1.2739117472066577,,193.4779368016644,psi,,simulated
FI-PT,pressure,5239.765271203,1780039928.6657374,1.698206865573748,,299.55171639343695,psi,,simulated
thrust,thrust,5239.765320036,1780039928.6657863,2.4992731212703134,2.5007268787296866,145.37574593731506,N,,simulated
CC-PT,pressure,5239.775339139,1780039928.6758053,1.2747462123329891,,193.68655308324728,psi,,simulated
FI-PT,pressure,5239.775410008,1780039928.6758764,1.6830625156238694,,295.76562890596733,psi,,simulated
thrust,thrust,5239.775463896,1780039928.67593,2.499277889642464,2.500722110357536,144.42207150722197,N,,simulated
CC-PT,pressure,5239.785476869,1780039928.6859431,1.274233612326814,,193.55840308170352,psi,,simulated
FI-PT,pressure,5239.785540128,1780039928.6860063,1.6952355736774891,,298.8088934193723,psi,,simulated
thrust,thrust,5239.785586794,1780039928.686053,2.4993064998753667,2.5006935001246333,138.70002492666345,N,,simulated
CC-PT,pressure,5239.795609285,1780039928.6960754,1.2734468309219873,,193.36170773049682,psi,,simulated
FI-PT,pressure,5239.795680877,1780039928.696147,1.7007430435112767,,300.1857608778192,psi,,simulated
thrust,thrust,5239.795734969,1780039928.6962013,2.4993345140617507,2.5006654859382493,133.09718764986656,N,,simulated
FM-FM,flow,5239.80022474,1780039928.700691,1.4993430971316215,,6.556341535608951,gallons_per_minute,,simulated
CC-PT,pressure,5239.805749572,1780039928.7062156,1.27057984716652,,192.64496179162998,psi,,simulated
FI-PT,pressure,5239.805811293,1780039928.7062776,1.6861720903124917,,296.54302257812293,psi,,simulated
thrust,thrust,5239.805859663,1780039928.7063258,2.4993512033642773,2.5006487966357227,129.75932714454075,N,,simulated
CC-PT,pressure,5239.815880376,1780039928.7163467,1.2795503472745833,,194.88758681864581,psi,,simulated
FI-PT,pressure,5239.815950505,1780039928.7164168,1.6935004822612385,,298.3751205653096,psi,,simulated
thrust,thrust,5239.816037615,1780039928.7165039,2.4993839859228117,2.5006160140771883,123.20281543765077,N,,simulated
CC-PT,pressure,5239.826019515,1780039928.7264857,1.2748320430316975,,193.70801075792437,psi,,simulated
FI-PT,pressure,5239.826082014,1780039928.7265482,1.6925938955061313,,298.1484738765328,psi,,simulated
thrust,thrust,5239.826130013,1780039928.7265964,2.499382793829774,2.500617206170226,123.44123404517404,N,,simulated
CC-PT,pressure,5239.836152171,1780039928.7366185,1.2791200016880035,,194.78000042200088,psi,,simulated
FI-PT,pressure,5239.836218837,1780039928.736685,1.6882814989425539,,297.07037473563844,psi,,simulated
thrust,thrust,5239.83627154,1780039928.7367377,2.4994036554579324,2.5005963445420676,119.26890841351678,N,,simulated
FM-FM,flow,5239.840374039,1780039928.7408402,1.4887251244455724,,6.45679804167724,gallons_per_minute,,simulated
CC-PT,pressure,5239.846286865,1780039928.746753,1.2779445979529138,,194.48614948822845,psi,,simulated
FI-PT,pressure,5239.846349716,1780039928.746816,1.701092922817817,,300.27323070445425,psi,,simulated
thrust,thrust,5239.846397549,1780039928.7468638,2.4994620680167756,2.5005379319832244,107.58639664487646,N,,simulated
tank_temp,temperature,5239.852591519,1780039928.753058,,,21.77038699979876,°C,,simulated
CC-PT,pressure,5239.8564288,1780039928.7568953,1.2773211332942405,,194.3302833235601,psi,,simulated
FI-PT,pressure,5239.856512058,1780039928.7569783,1.693688832961182,,298.42220824029545,psi,,simulated
thrust,thrust,5239.856570261,1780039928.7570364,2.4994871019705656,2.5005128980294344,102.57960588688775,N,,simulated
CC-PT,pressure,5239.866577845,1780039928.767044,1.2826980689404093,,195.67451723510231,psi,,simulated
FI-PT,pressure,5239.866642288,1780039928.7671084,1.7027731779543374,,300.69329448858434,psi,,simulated
thrust,thrust,5239.866690288,1780039928.7671564,2.4995115398778367,2.5004884601221633,97.69202443266067,N,,simulated
CC-PT,pressure,5239.876711353,1780039928.7771776,1.3005854249698432,,200.1463562424608,psi,,simulated
FI-PT,pressure,5239.87678163,1780039928.7772477,1.6986235020903948,,299.6558755225987,psi,,simulated
thrust,thrust,5239.87683413,1780039928.7773001,2.499532997552514,2.500467002447486,93.40048949724178,N,,simulated
FM-FM,flow,5239.880524745,1780039928.780991,1.4987160561938353,,6.550463026817205,gallons_per_minute,,simulated
CC-PT,pressure,5239.886848862,1780039928.7873151,1.2835355142993348,,195.8838785748337,psi,,simulated
FI-PT,pressure,5239.886910324,1780039928.7873766,1.694735490648209,,298.68387266205224,psi,,simulated
thrust,thrust,5239.886957361,1780039928.7874234,2.4995657801110482,2.5004342198889518,86.8439777903518,N,,simulated
CC-PT,pressure,5239.896978167,1780039928.7974443,1.2886787997101306,,197.16969992753263,psi,,simulated
FI-PT,pressure,5239.897046018,1780039928.7975123,1.6983874676689468,,299.5968669172367,psi,,simulated
thrust,thrust,5239.89709748,1780039928.7975636,2.4995985626695827,2.5004014373304173,80.28746608346182,N,,simulated
CC-PT,pressure,5239.907113398,1780039928.8075798,1.2952043169980425,,198.80107924951062,psi,,simulated
FI-PT,pressure,5239.907174249,1780039928.8076403,1.6946627729729145,,298.6656932432286,psi,,simulated
thrust,thrust,5239.907221156,1780039928.8076875,2.4996122717395153,2.5003877282604847,77.5456520969442,N,,simulated
CC-PT,pressure,5239.917242258,1780039928.8177085,1.281160864968403,,195.29021624210074,psi,,simulated
FI-PT,pressure,5239.917308424,1780039928.8177745,1.687324248233348,,296.83106205833695,psi,,simulated
thrust,thrust,5239.917359831,1780039928.817826,2.4996557831353883,2.5003442168646117,68.84337292234477,N,,simulated
FM-FM,flow,5239.920675489,1780039928.8211417,1.4998610615564658,,6.561197452091866,gallons_per_minute,,simulated
CC-PT,pressure,5239.927376045,1780039928.8278425,1.3035805587268543,,200.89513968171357,psi,,simulated
FI-PT,pressure,5239.927436729,1780039928.827903,1.7059578545043295,,301.48946362608234,psi,,simulated
thrust,thrust,5239.927483691,1780039928.8279498,2.499675452670509,2.500324547329491,64.90946589821078,N,,simulated
CC-PT,pressure,5239.937503609,1780039928.83797,1.2978257295877609,,199.45643239694022,psi,,simulated
FI-PT,pressure,5239.937571682,1780039928.8380377,1.6998763918729296,,299.9690979682324,psi,,simulated
thrust,thrust,5239.9376242,1780039928.8380904,2.499734461275871,2.500265538724129,53.10774482580882,N,,simulated
CC-PT,pressure,5239.947676617,1780039928.8481438,1.288111959470744,,197.027989867686,psi,,simulated
FI-PT,pressure,5239.947788634,1780039928.8482547,1.7048736458866174,,301.21841147165435,psi,,simulated
thrust,thrust,5239.947839115,1780039928.8483055,2.4997481703458035,2.5002518296541965,50.365930839291195,N,,simulated
tank_temp,temperature,5239.952812991,1780039928.85328,,,21.925922629579386,°C,,simulated
CC-PT,pressure,5239.957847588,1780039928.858314,1.2910737146227018,,197.76842865567545,psi,,simulated
FI-PT,pressure,5239.957934402,1780039928.8584006,1.6873212680007539,,296.8303170001885,psi,,simulated
thrust,thrust,5239.957993549,1780039928.8584597,2.4997785687182628,2.5002214312817372,44.28625634744776,N,,simulated
FM-FM,flow,5239.960828232,1780039928.8612945,1.5408964801903344,,6.945904501784385,gallons_per_minute,,simulated
CC-PT,pressure,5239.967999152,1780039928.8684654,1.2848718505945027,,196.21796264862567,psi,,simulated
FI-PT,pressure,5239.968156705,1780039928.8686228,1.704728806582547,,301.1822016456367,psi,,simulated
thrust,thrust,5239.968207704,1780039928.8686738,2.4998173117419853,2.5001826882580147,36.53765160294142,N,,simulated
CC-PT,pressure,5239.978223955,1780039928.8786902,1.286729131547109,,196.68228288677724,psi,,simulated
FI-PT,pressure,5239.978295177,1780039928.8787615,1.703647578197429,,300.9118945493572,psi,,simulated
thrust,thrust,5239.978349768,1780039928.878816,2.4998477101144445,2.5001522898855555,30.45797711109799,N,,simulated
CC-PT,pressure,5239.988365482,1780039928.8888319,1.3064749606221868,,201.6187401555467,psi,,simulated
FI-PT,pressure,5239.988426759,1780039928.888893,1.698709928835622,,299.6774822089055,psi,,simulated
thrust,thrust,5239.988474166,1780039928.8889403,2.4998793005799413,2.5001206994200587,24.139884011731283,N,,simulated
CC-PT,pressure,5239.998495806,1780039928.898962,1.301185643814283,,200.29641095357076,psi,,simulated
FI-PT,pressure,5239.99856386,1780039928.89903,1.6864868028744224,,296.6217007186056,psi,,simulated
thrust,thrust,5239.998616471,1780039928.8990827,2.4998947977894304,2.5001052022105696,21.040442113928748,N,,simulated
FM-FM,flow,5240.000981512,1780039928.901448,1.4778276059422024,,6.354633805708147,gallons_per_minute,,simulated
CC-PT,pressure,5240.008634277,1780039928.9091005,1.2946905248988299,,198.67263122470746,psi,,simulated
FI-PT,pressure,5240.008695999,1780039928.9091623,1.700067722805467,,300.01693070136673,psi,,simulated
thrust,thrust,5240.00874248,1780039928.9092085,2.4999347329061905,2.5000652670938095,13.053418761899138,N,,simulated
CC-PT,pressure,5240.018762508,1780039928.9192286,1.2988700030887133,,199.7175007721783,psi,,simulated
FI-PT,pressure,5240.018828489,1780039928.9192948,1.695714199032092,,298.928549758023,psi,,simulated
thrust,thrust,5240.018881766,1780039928.919348,2.499974071976432,2.500025928023568,5.1856047136311645,N,,simulated
CC-PT,pressure,5240.02889648,1780039928.9293628,1.299091136347191,,199.77278408679777,psi,,simulated
FI-PT,pressure,5240.028959294,1780039928.9294255,1.6988166211624887,,299.70415529062217,psi,,simulated
thrust,thrust,5240.029006608,1780039928.9294727,2.499999105930222,2.500000894069778,0.17881395564245395,N,,simulated
CC-PT,pressure,5240.039027711,1780039928.9394941,1.3040550117558256,,201.0137529389564,psi,,simulated
FI-PT,pressure,5240.039097191,1780039928.9395633,1.7005600572300026,,300.1400143075006,psi,,simulated
thrust,thrust,5240.03914995,1780039928.939616,2.5000301003492,2.4999698996508,6.020069839962616,N,,simulated
FM-FM,flow,5240.041132811,1780039928.9415991,1.5299459135467903,,6.843242939501159,gallons_per_minute,,simulated
CC-PT,pressure,5240.049164997,1780039928.9496312,1.2948621862962466,,198.71554657406165,psi,,simulated
FI-PT,pressure,5240.049226589,1780039928.9496927,1.6950537794892526,,298.76344487231313,psi,,simulated
thrust,thrust,5240.049272958,1780039928.9497392,2.500054538256471,2.499945461743529,10.90765129418969,N,,simulated
tank_temp,temperature,5240.053019999,1780039928.953487,,,21.820671651567306,°C,,simulated
CC-PT,pressure,5240.059305005,1780039928.9597716,1.308404363203569,,202.10109080089222,psi,,simulated
FI-PT,pressure,5240.059385689,1780039928.9598517,1.69995626210645,,299.9890655266125,psi,,simulated
thrust,thrust,5240.059443837,1780039928.9599102,2.5000938773267123,2.4999061226732877,18.775465342457665,N,,simulated
CC-PT,pressure,5240.069452199,1780039928.9699185,1.302294886385785,,200.57372159644626,psi,,simulated
FI-PT,pressure,5240.069516735,1780039928.9699829,1.7010637165383955,,300.2659291345989,psi,,simulated
thrust,thrust,5240.069566364,1780039928.9700327,2.5001373887225853,2.4998626112774147,27.47774451705709,N,,simulated
CC-PT,pressure,5240.079584689,1780039928.980051,1.301263725908247,,200.31593147706172,psi,,simulated
FI-PT,pressure,5240.07965391,1780039928.9801202,1.71000858664615,,302.5021466615375,psi,,simulated
thrust,thrust,5240.079707335,1780039928.9801736,2.5001433491877734,2.4998566508122266,28.66983755467345,N,,simulated
FM-FM,flow,5240.081278555,1780039928.981745,1.5323151984590528,,6.86545498555362,gallons_per_minute,,simulated
CC-PT,pressure,5240.089720346,1780039928.9901867,1.3022472026642804,,200.5618006660701,psi,,simulated
FI-PT,pressure,5240.089781734,1780039928.990248,1.7008950353735728,,300.22375884339317,psi,,simulated
thrust,thrust,5240.089828752,1780039928.990295,2.5001731515137138,2.4998268484862862,34.63030274275525,N,,simulated
CC-PT,pressure,5240.099849317,1780039929.0003157,1.3086892734395592,,202.1723183598898,psi,,simulated
FI-PT,pressure,5240.099916946,1780039929.000383,1.7158653397399592,,303.9663349349898,psi,,simulated
thrust,thrust,5240.099969149,1780039929.000435,2.5002059340722482,2.4997940659277518,41.186814449645226,N,,simulated
CC-PT,pressure,5240.109986252,1780039929.0104525,1.300082361707969,,200.02059042699227,psi,,simulated
FI-PT,pressure,5240.110048066,1780039929.0105143,1.6949149006503703,,298.7287251625926,psi,,simulated
thrust,thrust,5240.110095158,1780039929.0105612,2.5002333522121134,2.4997666477878866,46.67044242268048,N,,simulated
CC-PT,pressure,5240.120119705,1780039929.020586,1.3093228708890523,,202.33071772226307,psi,,simulated
FI-PT,pressure,5240.12018913,1780039929.0206554,1.7014439942173951,,300.3609985543488,psi,,simulated
thrust,thrust,5240.120241222,1780039929.0207074,2.5002923608174754,2.4997076391825246,58.47216349508244,N,,simulated
FM-FM,flow,5240.121433168,1780039929.0218995,1.5009256006390572,,6.571177505991161,gallons_per_minute,,simulated
CC-PT,pressure,5240.130257584,1780039929.0307238,1.3100440871768102,,202.51102179420255,psi,,simulated
FI-PT,pressure,5240.130319416,1780039929.0307856,1.7099585187385702,,302.4896296846425,psi,,simulated
thrust,thrust,5240.130366804,1780039929.030833,2.5003287196551227,2.4996712803448773,65.74393102454223,N,,simulated
CC-PT,pressure,5240.140390315,1780039929.0408566,1.312210716272678,,203.05267906816948,psi,,simulated
FI-PT,pressure,5240.140459184,1780039929.0409255,1.693346702259386,,298.3366755648465,psi,,simulated
thrust,thrust,5240.14051172,1780039929.040978,2.5003454089576493,2.4996545910423507,69.08179152986804,N,,simulated
CC-PT,pressure,5240.151919897,1780039929.0523865,1.3136078493127643,,203.40196232819108,psi,,simulated
FI-PT,pressure,5240.152042321,1780039929.0525086,1.7067815907933224,,301.69539769833057,psi,,simulated
thrust,thrust,5240.152101579,1780039929.0525677,2.5003752112835897,2.4996247887164103,75.04225671794984,N,,simulated
tank_temp,temperature,5240.15321836,1780039929.053685,,,21.805759651387646,°C,,simulated
FM-FM,flow,5240.161590263,1780039929.0620565,1.4917637695984565,,6.485285339985529,gallons_per_minute,,simulated
CC-PT,pressure,5240.162066035,1780039929.0625324,1.3229449180298947,,205.73622950747367,psi,,simulated
FI-PT,pressure,5240.162138034,1780039929.0626042,1.705689037524347,,301.42225938108675,psi,,simulated
thrust,thrust,5240.162193403,1780039929.0626595,2.5004169345399063,2.4995830654600937,83.38690798126436,N,,simulated
CC-PT,pressure,5240.172205321,1780039929.0726714,1.324052968508359,,206.01324212708977,psi,,simulated
FI-PT,pressure,5240.172268764,1780039929.072735,1.6999580502460063,,299.98951256150156,psi,,simulated
thrust,thrust,5240.172317245,1780039929.0727835,2.500442564540215,2.499557435459785,88.5129080430147,N,,simulated
CC-PT,pressure,5240.182336144,1780039929.0828025,1.3217450763875338,,205.43626909688345,psi,,simulated
FI-PT,pressure,5240.182403125,1780039929.0828693,1.7023821714379992,,300.5955428594998,psi,,simulated
thrust,thrust,5240.182454328,1780039929.0829206,2.5004383922145834,2.4995616077854166,87.67844291668325,N,,simulated
CC-PT,pressure,5240.192470283,1780039929.0929368,1.3140542881553516,,203.5135720388379,psi,,simulated
FI-PT,pressure,5240.192531819,1780039929.0929978,1.7133589641283709,,303.3397410320927,psi,,simulated
thrust,thrust,5240.192578151,1780039929.0930445,2.5004878640756445,2.4995121359243555,97.57281512889904,N,,simulated
FM-FM,flow,5240.201786988,1780039929.102254,1.479780254337818,,6.372939884417043,gallons_per_minute,,simulated
CC-PT,pressure,5240.202608198,1780039929.1030746,1.3276960048313147,,206.92400120782867,psi,,simulated
FI-PT,pressure,5240.202687105,1780039929.1031535,1.7016394974755642,,300.40987436889105,psi,,simulated
thrust,thrust,5240.202743956,1780039929.1032102,2.5005409122158184,2.4994590877841816,108.18244316368464,N,,simulated
CC-PT,pressure,5240.212764262,1780039929.1132307,1.3145817893244969,,203.64544733112422,psi,,simulated
FI-PT,pressure,5240.212838854,1780039929.113305,1.7062570698567712,,301.56426746419277,psi,,simulated
thrust,thrust,5240.212892187,1780039929.1133583,2.500539720122781,2.499460279877219,107.94402455616137,N,,simulated
CC-PT,pressure,5240.222915141,1780039929.1233811,1.3209970380064295,,205.24925950160738,psi,,simulated
FI-PT,pressure,5240.222996103,1780039929.1234624,1.7074330696383797,,301.85826740959493,psi,,simulated
thrust,thrust,5240.223053047,1780039929.1235192,2.5005629659370143,2.4994370340629857,112.59318740286517,N,,simulated
CC-PT,pressure,5240.233063001,1780039929.1335294,1.310414828111509,,202.60370702787722,psi,,simulated
FI-PT,pressure,5240.233129686,1780039929.133596,1.7123403206277277,,303.0850801569319,psi,,simulated
thrust,thrust,5240.233180315,1780039929.1336462,2.5005897880303607,2.4994102119696393,117.95760607213879,N,,simulated
FM-FM,flow,5240.241958897,1780039929.142425,1.4890374528214279,,6.4597261202008855,gallons_per_minute,,simulated
CC-PT,pressure,5240.243197677,1780039929.143664,1.3240803866482243,,206.02009666205606,psi,,simulated
FI-PT,pressure,5240.243266157,1780039929.1437325,1.6929413906265964,,298.2353476566491,psi,,simulated
thrust,thrust,5240.243319712,1780039929.143786,2.5006368757053465,2.4993631242946535,127.37514106930803,N,,simulated
CC-PT,pressure,5240.253382907,1780039929.1538498,1.3291730081049213,,207.29325202623033,psi,,simulated
FI-PT,pressure,5240.253514831,1780039929.1539812,1.6967668171843073,,299.1917042960768,psi,,simulated
thrust,thrust,5240.253576645,1780039929.154043,2.500641644077497,2.499358355922503,128.32881549940112,N,,simulated
tank_temp,temperature,5240.253642588,1780039929.1541088,,,21.78911369769878,°C,,simulated
CC-PT,pressure,5240.263544915,1780039929.1640112,1.3101263415964057,,202.53158539910143,psi,,simulated
FI-PT,pressure,5240.263619969,1780039929.1640863,1.6978033420805148,,299.4508355201287,psi,,simulated
thrust,thrust,5240.263675783,1780039929.1641421,2.5006738305895126,2.4993261694104874,134.76611790252946,N,,simulated
CC-PT,pressure,5240.273688127,1780039929.1741543,1.3308842576604196,,207.7210644151049,psi,,simulated
FI-PT,pressure,5240.273751811,1780039929.174218,1.7044218426253608,,301.1054606563402,psi,,simulated
thrust,thrust,5240.273800051,1780039929.1742663,2.5007048250084907,2.4992951749915093,140.96500169813453,N,,simulated
FM-FM,flow,5240.282113437,1780039929.18258,1.5520759286971006,,7.0507118315353186,gallons_per_minute,,simulated
CC-PT,pressure,5240.283820376,1780039929.1842868,1.326784649704057,,206.69616242601424,psi,,simulated
FI-PT,pressure,5240.283890468,1780039929.1843567,1.7100360047860153,,302.5090011965038,psi,,simulated
thrust,thrust,5240.283944282,1780039929.1844106,2.5007173419853856,2.4992826580146144,143.46839707712888,N,,simulated
CC-PT,pressure,5240.293959829,1780039929.194426,1.3293142711298789,,207.32856778246972,psi,,simulated
FI-PT,pressure,5240.294023754,1780039929.19449,1.7115970506187739,,302.8992626546935,psi,,simulated
thrust,thrust,5240.294071532,1780039929.1945376,2.500737607567025,2.499262392432975,147.5215134050245,N,,simulated
CC-PT,pressure,5240.304095227,1780039929.2045615,1.3251228720096198,,206.28071800240494,psi,,simulated
FI-PT,pressure,5240.304163337,1780039929.2046294,1.705135906354893,,301.28397658872325,psi,,simulated
thrust,thrust,5240.304215929,1780039929.2046824,2.5007483364043637,2.4992516635956363,149.66728087273395,N,,simulated
CC-PT,pressure,5240.314232976,1780039929.2146993,1.3250310808457233,,206.25777021143082,psi,,simulated
FI-PT,pressure,5240.314295364,1780039929.2147615,1.716198529743973,,304.04963243599326,psi,,simulated
thrust,thrust,5240.314341623,1780039929.2148077,2.5007668138464467,2.4992331861535533,153.36276928934467,N,,simulated
FM-FM,flow,5240.322261199,1780039929.2227275,1.4640714483346282,,6.225669828137138,gallons_per_minute,,simulated
CC-PT,pressure,5240.324363503,1780039929.2248297,1.334406892586576,,208.601723146644,psi,,simulated
FI-PT,pressure,5240.324429484,1780039929.2248957,1.706913317073979,,301.72832926849475,psi,,simulated
thrust,thrust,5240.324481335,1780039929.2249477,2.500809133149282,2.499190866850718,161.82662985642082,N,,simulated
CC-PT,pressure,5240.334496382,1780039929.2349627,1.3344122570052452,,208.6030642513113,psi,,simulated
FI-PT,pressure,5240.334557493,1780039929.2350235,1.7117532148067016,,302.9383037016754,psi,,simulated
thrust,thrust,5240.334603418,1780039929.2350698,2.5008043647771316,2.4991956352228684,160.87295542632774,N,,simulated
CC-PT,pressure,5240.344624132,1780039929.2450902,1.3331873814090944,,208.2968453522736,psi,,simulated
FI-PT,pressure,5240.344690871,1780039929.245157,1.703299487030445,,300.8248717576112,psi,,simulated
thrust,thrust,5240.344743426,1780039929.2452097,2.500846088033448,2.499153911966552,169.21760668964225,N,,simulated
tank_temp,temperature,5240.353842134,1780039929.2543092,,,21.87511779175805,°C,,simulated
CC-PT,pressure,5240.354762677,1780039929.255229,1.3239325671115598,,205.98314177788995,psi,,simulated
FI-PT,pressure,5240.354833195,1780039929.2552993,1.7131080285439526,,303.27700713598813,psi,,simulated
thrust,thrust,5240.354884694,1780039929.2553508,2.5008645654755313,2.4991354345244687,172.91309510625297,N,,simulated
FM-FM,flow,5240.362415331,1780039929.2628818,1.5211631680921518,,6.7609047008639225,gallons_per_minute,,simulated
CC-PT,pressure,5240.364899797,1780039929.265366,1.3328357139629976,,208.2089284907494,psi,,simulated
FI-PT,pressure,5240.364975333,1780039929.2654414,1.7040415649463612,,301.0103912365903,psi,,simulated
thrust,thrust,5240.365032091,1780039929.2654984,2.500883638964133,2.499116361035867,176.72779282662532,N,,simulated
CC-PT,pressure,5240.37504275,1780039929.2755089,1.3289083634505705,,207.22709086264263,psi,,simulated
FI-PT,pressure,5240.375106212,1780039929.2755725,1.7155625481084047,,303.89063702710115,psi,,simulated
thrust,thrust,5240.375153415,1780039929.2756195,2.5008824468710955,2.4991175531289045,176.48937421910205,N,,simulated
CC-PT,pressure,5240.38517411,1780039929.2856405,1.333160559315748,,208.29013982893701,psi,,simulated
FI-PT,pressure,5240.385243628,1780039929.2857099,1.7140307085550677,,303.5076771387669,psi,,simulated
thrust,thrust,5240.385297646,1780039929.2857637,2.50089019547584,2.49910980452416,178.0390951680033,N,,simulated
CC-PT,pressure,5240.395311174,1780039929.2957776,1.34165660639484,,210.41415159871002,psi,,simulated
FI-PT,pressure,5240.395374266,1780039929.2958405,1.7203207874680504,,305.0801968670126,psi,,simulated
thrust,thrust,5240.395421136,1780039929.295887,2.5009128452435547,2.4990871547564453,182.56904871094548,N,,simulated
FM-FM,flow,5240.402566982,1780039929.3030334,1.4983310101426852,,6.546853220087673,gallons_per_minute,,simulated
CC-PT,pressure,5240.405441387,1780039929.3059077,1.3459004576087543,,211.47511440218858,psi,,simulated
FI-PT,pressure,5240.40550846,1780039929.3059745,1.7068006642819242,,301.70016607048103,psi,,simulated
thrust,thrust,5240.405561589,1780039929.306028,2.500937283150826,2.499062716849174,187.45663016517256,N,,simulated
CC-PT,pressure,5240.415575099,1780039929.3160415,1.3367261095912586,,209.18152739781465,psi,,simulated
FI-PT,pressure,5240.415636876,1780039929.316103,1.702628338650267,,300.6570846625667,psi,,simulated
thrust,thrust,5240.415683301,1780039929.3161495,2.5009414554764575,2.4990585445235425,188.291095291504,N,,simulated
CC-PT,pressure,5240.425703885,1780039929.3261702,1.3452066594608616,,211.3016648652154,psi,,simulated
FI-PT,pressure,5240.425769514,1780039929.3262355,1.7148234504250826,,303.7058626062706,psi,,simulated
thrust,thrust,5240.425821902,1780039929.3262882,2.5009515882672773,2.4990484117327227,190.31765345545182,N,,simulated
CC-PT,pressure,5240.435837987,1780039929.3363042,1.3365949793571208,,209.1487448392802,psi,,simulated
FI-PT,pressure,5240.435899949,1780039929.3363662,1.7119969978328942,,302.9992494582235,psi,,simulated
thrust,thrust,5240.435945874,1780039929.3364122,2.500955760592909,2.499044239407091,191.15211858178327,N,,simulated
FM-FM,flow,5240.442718466,1780039929.3431847,1.5549047654753645,,7.077232176331541,gallons_per_minute,,simulated
CC-PT,pressure,5240.445969199,1780039929.3464355,1.3227839854698165,,205.69599636745411,psi,,simulated
FI-PT,pressure,5240.44604042,1780039929.3465066,1.7071654447514348,,301.7913611878587,psi,,simulated
thrust,thrust,5240.446094271,1780039929.3465602,2.500974834081511,2.499025165918489,194.96681630215562,N,,simulated
tank_temp,temperature,5240.454054273,1780039929.354521,,,22.043137886805397,°C,,simulated
CC-PT,pressure,5240.456117504,1780039929.3565836,1.3347043197994612,,208.6760799498653,psi,,simulated
FI-PT,pressure,5240.45618854,1780039929.356655,1.7025532367888971,,300.63830919722426,psi,,simulated
thrust,thrust,5240.456239595,1780039929.356706,2.5009539724533525,2.4990460275466475,190.79449067049836,N,,simulated
CC-PT,pressure,5240.466254938,1780039929.3667214,1.3455636913256277,,211.39092283140693,psi,,simulated
FI-PT,pressure,5240.466325993,1780039929.3667922,1.71562990136503,,303.9074753412575,psi,,simulated
thrust,thrust,5240.466379955,1780039929.3668463,2.500968277569804,2.499031722430196,193.65551396077763,N,,simulated
CC-PT,pressure,5240.476394484,1780039929.3768606,1.3523163023372056,,213.0790755843014,psi,,simulated
FI-PT,pressure,5240.476457724,1780039929.3769238,1.6993757127971307,,299.8439281992827,psi,,simulated
thrust,thrust,5240.476504797,1780039929.376971,2.501001656174857,2.498998343825143,200.33123497142924,N,,simulated
FM-FM,flow,5240.482865506,1780039929.383332,1.5229882625327424,,6.77801496124446,gallons_per_minute,,simulated
CC-PT,pressure,5240.486525196,1780039929.3869913,1.3464160378475234,,211.60400946188085,psi,,simulated
FI-PT,pressure,5240.486592954,1780039929.3870592,1.7085250268608363,,302.1312567152091,psi,,simulated
thrust,thrust,5240.486644954,1780039929.3871112,2.500995695709669,2.499004304290331,199.13914193381288,N,,simulated
CC-PT,pressure,5240.496659112,1780039929.3971255,1.333092610012604,,208.27315250315098,psi,,simulated
FI-PT,pressure,5240.496721074,1780039929.3971872,1.717982496974766,,304.49562424369145,psi,,simulated
thrust,thrust,5240.496766536,1780039929.3972325,2.501001656174857,2.498998343825143,200.33123497142924,N,,simulated
CC-PT,pressure,5240.506788676,1780039929.407255,1.34512738527386,,211.28184631846503,psi,,simulated
FI-PT,pressure,5240.506855157,1780039929.4073215,1.710294688975178,,302.5736722437945,psi,,simulated
thrust,thrust,5240.506905138,1780039929.4073713,2.5009784103606236,2.4990215896393764,195.68207212472544,N,,simulated
CC-PT,pressure,5240.516922333,1780039929.4173884,1.342477362451239,,210.61934061280974,psi,,simulated
FI-PT,pressure,5240.516982258,1780039929.4174485,1.7148008006573678,,303.70020016434194,psi,,simulated
thrust,thrust,5240.517026832,1780039929.417493,2.5009909273375186,2.4990090726624814,198.1854675037198,N,,simulated
FM-FM,flow,5240.523018768,1780039929.423485,1.4893247472434934,,6.46241950540775,gallons_per_minute,,simulated
CC-PT,pressure,5240.527051156,1780039929.4275177,1.3395817684628688,,209.8954421157172,psi,,simulated
FI-PT,pressure,5240.527123415,1780039929.4275897,1.7152347225230602,,303.808680630765,psi,,simulated
thrust,thrust,5240.527175377,1780039929.4276416,2.500995695709669,2.499004304290331,199.13914193381288,N,,simulated
CC-PT,pressure,5240.537190054,1780039929.4376564,1.336072246560126,,209.0180616400315,psi,,simulated
FI-PT,pressure,5240.537252664,1780039929.4377189,1.7160966057892568,,304.0241514473142,psi,,simulated
thrust,thrust,5240.537298701,1780039929.437765,2.500998675942263,2.499001324057737,199.73518845262106,N,,simulated
CC-PT,pressure,5240.547320025,1780039929.4477863,1.3431955985064028,,210.7988996266007,psi,,simulated
FI-PT,pressure,5240.547387599,1780039929.4478538,1.719128694430434,,304.7821736076085,psi,,simulated
thrust,thrust,5240.547439339,1780039929.4479055,2.5010100008261205,2.4989899991738795,202.00016522409214,N,,simulated
tank_temp,temperature,5240.554277763,1780039929.4547446,,,21.895231652465494,°C,,simulated
CC-PT,pressure,5240.557460293,1780039929.4579268,1.3470395025061968,,211.7598756265492,psi,,simulated
FI-PT,pressure,5240.557531811,1780039929.457998,1.7169400116133704,,304.2350029033426,psi,,simulated
thrust,thrust,5240.557583292,1780039929.4580495,2.5009909273375186,2.4990090726624814,198.1854675037198,N,,simulated
FM-FM,flow,5240.563168104,1780039929.4636345,1.508706987942098,,6.644128011957168,gallons_per_minute,,simulated
CC-PT,pressure,5240.567599246,1780039929.4680655,1.357358259839804,,214.339564959951,psi,,simulated
FI-PT,pressure,5240.567666819,1780039929.4681332,1.7110081566581914,,302.75203916454785,psi,,simulated
thrust,thrust,5240.567718689,1780039929.468185,2.5009945036166314,2.4990054963833686,198.9007233262896,N,,simulated
CC-PT,pressure,5240.577735384,1780039929.4782016,1.3484253106624258,,212.10632766560644,psi,,simulated
FI-PT,pressure,5240.577798495,1780039929.4782648,1.7061128265992196,,301.5282066498049,psi,,simulated
thrust,thrust,5240.577846216,1780039929.4783125,2.5009813905932177,2.4990186094067823,196.27811864353362,N,,simulated
CC-PT,pressure,5240.587866745,1780039929.488333,1.3445742541044061,,211.14356352610153,psi,,simulated
FI-PT,pressure,5240.587934707,1780039929.488401,1.712025608065797,,303.0064020164492,psi,,simulated
thrust,thrust,5240.587985891,1780039929.4884522,2.5009813905932177,2.4990186094067823,196.27811864353362,N,,simulated
CC-PT,pressure,5240.598001957,1780039929.4984682,1.3567496963441008,,214.1874240860252,psi,,simulated
FI-PT,pressure,5240.598067549,1780039929.4985337,1.7100354087394964,,302.5088521848741,psi,,simulated
thrust,thrust,5240.598115882,1780039929.4985821,2.500980794546699,2.499019205453301,196.15890933977198,N,,simulated
FM-FM,flow,5240.603327699,1780039929.5037942,1.5256686837278228,,6.803143909948338,gallons_per_minute,,simulated
CC-PT,pressure,5240.608137151,1780039929.5086033,1.3545920079460152,,213.6480019865038,psi,,simulated
FI-PT,pressure,5240.608206835,1780039929.508673,1.7166443725400415,,304.1610931350104,psi,,simulated
thrust,thrust,5240.608260538,1780039929.5087268,2.500974238034992,2.499025761965008,194.84760699839399,N,,simulated
CC-PT,pressure,5240.618274511,1780039929.5187407,1.3498361527724447,,212.45903819311118,psi,,simulated
FI-PT,pressure,5240.618335529,1780039929.5188017,1.7218329574862667,,305.45823937156666,psi,,simulated
thrust,thrust,5240.618382195,1780039929.5188484,2.5009718538489167,2.4990281461510833,194.37076978334744,N,,simulated
CC-PT,pressure,5240.628407613,1780039929.5288737,1.3619841768722747,,215.49604421806868,psi,,simulated
FI-PT,pressure,5240.628475482,1780039929.5289416,1.7193861865265592,,304.8465466316398,psi,,simulated
thrust,thrust,5240.628528,1780039929.528994,2.50094026338342,2.49905973661658,188.05267668398074,N,,simulated
CC-PT,pressure,5240.638541714,1780039929.539008,1.3561208672667582,,214.03021681668955,psi,,simulated
FI-PT,pressure,5240.638605287,1780039929.5390716,1.7107494724690286,,302.68736811725717,psi,,simulated
thrust,thrust,5240.638652286,1780039929.5391185,2.500949800127721,2.499050199872279,189.9600255441669,N,,simulated
FM-FM,flow,5240.643472572,1780039929.5439389,1.526009622336581,,6.806340209405447,gallons_per_minute,,simulated
CC-PT,pressure,5240.648671741,1780039929.5491378,1.3645787673686467,,216.14469184216168,psi,,simulated
FI-PT,pressure,5240.648739758,1780039929.549206,1.7163701911413898,,304.09254778534745,psi,,simulated
thrust,thrust,5240.648793332,1780039929.5492594,2.5009354950112694,2.4990645049887306,187.09900225388765,N,,simulated
tank_temp,temperature,5240.654491587,1780039929.5549583,,,21.799690814105237,°C,,simulated
CC-PT,pressure,5240.658811416,1780039929.5592778,1.3535846893292294,,213.39617233230734,psi,,simulated
FI-PT,pressure,5240.658881008,1780039929.5593472,1.715430821827748,,303.857705456937,psi,,simulated
thrust,thrust,5240.658933229,1780039929.5593994,2.5009110571039983,2.4990889428960017,182.21142079966057,N,,simulated
CC-PT,pressure,5240.668948554,1780039929.5694149,1.351820987680076,,212.955246920019,psi,,simulated
FI-PT,pressure,5240.669018868,1780039929.569485,1.712808813191511,,303.2022032978777,psi,,simulated
thrust,thrust,5240.669073497,1780039929.5695398,2.500918805708743,2.499081194291257,183.76114174856184,N,,simulated
CC-PT,pressure,5240.679085304,1780039929.5795515,1.3520814600087951,,213.0203650021988,psi,,simulated
FI-PT,pressure,5240.679147803,1780039929.579614,1.723665800531602,,305.9164501329005,psi,,simulated
thrust,thrust,5240.679194821,1780039929.5796611,2.5008854271036896,2.4991145728963104,177.08542073791023,N,,simulated
FM-FM,flow,5240.683625519,1780039929.584092,1.5051962739463178,,6.611215068246729,gallons_per_minute,,simulated
CC-PT,pressure,5240.689214645,1780039929.589681,1.3492365299745237,,212.30913249363093,psi,,simulated
FI-PT,pressure,5240.689283108,1780039929.5897496,1.7197897100197923,,304.94742750494805,psi,,simulated
thrust,thrust,5240.689336366,1780039929.5898025,2.5008735061733134,2.4991264938266866,174.7012346626775,N,,simulated
CC-PT,pressure,5240.699368154,1780039929.5998344,1.3598252963811515,,214.95632409528787,psi,,simulated
FI-PT,pressure,5240.699446486,1780039929.5999126,1.7185022495391666,,304.62556238479164,psi,,simulated
thrust,thrust,5240.699499819,1780039929.599966,2.5008669496616065,2.4991330503383935,173.3899323212995,N,,simulated
CC-PT,pressure,5240.709515366,1780039929.6099818,1.3603808117366807,,215.09520293417017,psi,,simulated
FI-PT,pressure,5240.709590754,1780039929.6100569,1.709231938032143,,302.30798450803576,psi,,simulated
thrust,thrust,5240.709645846,1780039929.610112,2.500859201056862,2.499140798943138,171.84021137239824,N,,simulated
CC-PT,pressure,5240.719659467,1780039929.6201258,1.3736339060823806,,218.40847652059514,psi,,simulated
FI-PT,pressure,5240.719725485,1780039929.6201918,1.7010333181659363,,300.25832954148404,psi,,simulated
thrust,thrust,5240.719775391,1780039929.6202416,2.5008234382657335,2.4991765617342665,164.6876531467001,N,,simulated
FM-FM,flow,5240.723775095,1780039929.6242414,1.5212263490231455,,6.761497022091988,gallons_per_minute,,simulated
CC-PT,pressure,5240.729793642,1780039929.63026,1.359422964980956,,214.855741245239,psi,,simulated
FI-PT,pressure,5240.729861697,1780039929.6303277,1.7126240387706804,,303.15600969267007,psi,,simulated
thrust,thrust,5240.729913529,1780039929.6303797,2.5008240343122523,2.4991759656877477,164.80686245046172,N,,simulated
CC-PT,pressure,5240.739929725,1780039929.640396,1.3765587063501723,,219.13967658754308,psi,,simulated
FI-PT,pressure,5240.739990891,1780039929.640457,1.7240985303042566,,306.02463257606416,psi,,simulated
thrust,thrust,5240.740070667,1780039929.6405368,2.500794231986312,2.499205768013688,158.84639726237992,N,,simulated
CC-PT,pressure,5240.751753599,1780039929.6522202,1.365183754585237,,216.29593864630925,psi,,simulated
FI-PT,pressure,5240.751841468,1780039929.6523077,1.7162384648607332,,304.05961621518327,psi,,simulated
thrust,thrust,5240.75190056,1780039929.6523669,2.500759065241702,2.499240934758298,151.8130483404434,N,,simulated
tank_temp,temperature,5240.754701058,1780039929.6551678,,,22.017301979517384,°C,,simulated
CC-PT,pressure,5240.761906737,1780039929.662373,1.3625665143211503,,215.64162858028757,psi,,simulated
FI-PT,pressure,5240.761975421,1780039929.6624415,1.717606391621398,,304.4015979053495,psi,,simulated
thrust,thrust,5240.76202555,1780039929.6624916,2.500753104776514,2.499246895223486,150.62095530282704,N,,simulated
FM-FM,flow,5240.763930505,1780039929.664397,1.5195133113280908,,6.74543729370085,gallons_per_minute,,simulated
CC-PT,pressure,5240.77204582,1780039929.672512,1.3548709577168174,,213.71773942920436,psi,,simulated
FI-PT,pressure,5240.772119985,1780039929.6725862,1.7164029736999242,,304.10074342498103,psi,,simulated
thrust,thrust,5240.772176003,1780039929.6726422,2.50072509059013,2.49927490940987,145.01811802603015,N,,simulated
CC-PT,pressure,5240.782188402,1780039929.6826546,1.3680263004334332,,217.0065751083583,psi,,simulated
FI-PT,pressure,5240.782250938,1780039929.682717,1.7210944558494634,,305.27361396236586,psi,,simulated
thrust,thrust,5240.782297919,1780039929.6827643,2.500694692217671,2.499305307782329,138.93844353418672,N,,simulated
CC-PT,pressure,5240.792322874,1780039929.692789,1.3586487005530241,,214.66217513825603,psi,,simulated
FI-PT,pressure,5240.792390632,1780039929.6928568,1.7183848283749614,,304.59620709374036,psi,,simulated
thrust,thrust,5240.792443854,1780039929.6929102,2.5006774068686255,2.4993225931313745,135.48137372509927,N,,simulated
CC-PT,pressure,5240.802458123,1780039929.7029243,1.3682557783431744,,217.0639445857936,psi,,simulated
FI-PT,pressure,5240.802520622,1780039929.7029867,1.7289497529208366,,307.23743823020914,psi,,simulated
thrust,thrust,5240.80256777,1780039929.703034,2.5006678701243246,2.4993321298756754,133.5740248649131,N,,simulated
FM-FM,flow,5240.804082267,1780039929.7045484,1.5416176964780923,,6.9526659044821155,gallons_per_minute,,simulated
CC-PT,pressure,5240.812588724,1780039929.7130551,1.369875832781295,,217.46895819532375,psi,,simulated
FI-PT,pressure,5240.812657557,1780039929.7131238,1.7181607148838896,,304.5401787209724,psi,,simulated
thrust,thrust,5240.812710037,1780039929.7131763,2.5006344915192713,2.4993655084807287,126.89830385426148,N,,simulated
CC-PT,pressure,5240.822724159,1780039929.7231903,1.3583745191543724,,214.5936297885931,psi,,simulated
FI-PT,pressure,5240.822785862,1780039929.723252,1.7175354620856598,,304.3838655214149,psi,,simulated
thrust,thrust,5240.822832676,1780039929.7232988,2.5006034971002933,2.4993965028997067,120.69942005865641,N,,simulated
CC-PT,pressure,5240.832853871,1780039929.7333202,1.3711787904714097,,217.79469761785242,psi,,simulated
FI-PT,pressure,5240.832921055,1780039929.7333872,1.7278589877914174,,306.96474694785434,psi,,simulated
thrust,thrust,5240.83297511,1780039929.7334414,2.500588595937323,2.499411404062677,117.71918746461552,N,,simulated
CC-PT,pressure,5240.842987472,1780039929.7434537,1.3673056801921941,,216.82642004804853,psi,,simulated
FI-PT,pressure,5240.843048397,1780039929.7435145,1.7240621714666093,,306.0155428666523,psi,,simulated
thrust,thrust,5240.843094045,1780039929.74356,2.5005403161692996,2.4994596838307004,108.063233859923,N,,simulated
FM-FM,flow,5240.844231122,1780039929.7446976,1.5392984794734097,,6.930923245063216,gallons_per_minute,,simulated
CC-PT,pressure,5240.853227109,1780039929.753694,1.3809813715197292,,220.2453428799323,psi,,simulated
FI-PT,pressure,5240.853334793,1780039929.7538009,1.7239590554188555,,305.9897638547139,psi,,simulated
thrust,thrust,5240.853395607,1780039929.753862,2.500533163611074,2.499466836388926,106.63272221478337,N,,simulated
tank_temp,temperature,5240.854880234,1780039929.7553468,,,21.96233565327385,°C,,simulated
CC-PT,pressure,5240.863393228,1780039929.7638595,1.3629324868836985,,215.73312172092463,psi,,simulated
FI-PT,pressure,5240.863457857,1780039929.763924,1.7231686977349159,,305.792174433729,psi,,simulated
thrust,thrust,5240.863507505,1780039929.7639737,2.5005128980294344,2.4994871019705656,102.57960588688775,N,,simulated
CC-PT,pressure,5240.873526367,1780039929.7739928,1.360355181736372,,215.088795434093,psi,,simulated
FI-PT,pressure,5240.873596051,1780039929.7740624,1.7199917697896683,,304.9979424474171,psi,,simulated
thrust,thrust,5240.873649439,1780039929.7741156,2.5004604459357793,2.4995395540642207,92.08918715586378,N,,simulated
CC-PT,pressure,5240.883663708,1780039929.78413,1.3596136998669746,,214.90342496674364,psi,,simulated
FI-PT,pressure,5240.883727578,1780039929.7841938,1.7223461535389606,,305.58653838474015,psi,,simulated
thrust,thrust,5240.883775429,1780039929.7842417,2.5004324317493953,2.4995675682506047,86.48634987906689,N,,simulated
FM-FM,flow,5240.884376013,1780039929.7848423,1.5403987813471296,,6.94123857512934,gallons_per_minute,,simulated
CC-PT,pressure,5240.893793606,1780039929.79426,1.3705589020918492,,217.6397255229623,psi,,simulated
FI-PT,pressure,5240.893860068,1780039929.7943263,1.7238821654179293,,305.9705413544823,psi,,simulated
thrust,thrust,5240.893912864,1780039929.794379,2.5004062057025678,2.4995937942974322,81.24114051355491,N,,simulated
CC-PT,pressure,5240.903925892,1780039929.804392,1.3836349706214632,,220.9087426553658,psi,,simulated
FI-PT,pressure,5240.903988577,1780039929.8044546,1.721518244924336,,305.379561231084,psi,,simulated
thrust,thrust,5240.904130538,1780039929.8045967,2.500383555934853,2.499616444065147,76.71118697061274,N,,simulated
CC-PT,pressure,5240.914099252,1780039929.8145661,1.3729067293294346,,218.22668233235865,psi,,simulated
FI-PT,pressure,5240.914227565,1780039929.814694,1.7098250043183572,,302.45625107958926,psi,,simulated
thrust,thrust,5240.91428925,1780039929.8147554,2.5003483891902434,2.4996516108097566,69.67783804867622,N,,simulated
CC-PT,pressure,5240.924283797,1780039929.8247504,1.3640041785245156,,216.0010446311289,psi,,simulated
FI-PT,pressure,5240.924359333,1780039929.8248255,1.7295779859516605,,307.3944964879151,psi,,simulated
thrust,thrust,5240.924409758,1780039929.824876,2.5003257394225287,2.4996742605774713,65.14788450573405,N,,simulated
FM-FM,flow,5240.924463073,1780039929.8249292,1.525332513491215,,6.79999231398014,gallons_per_minute,,simulated
CC-PT,pressure,5240.934542508,1780039929.8350093,1.373834773759219,,218.45869343980473,psi,,simulated
FI-PT,pressure,5240.934629655,1780039929.835096,1.718650069075831,,304.66251726895774,psi,,simulated
thrust,thrust,5240.934685154,1780039929.8351514,2.5002852082592497,2.4997147917407503,57.04165184994281,N,,simulated
CC-PT,pressure,5240.944736293,1780039929.8452034,1.3738103358519478,,218.45258396298695,psi,,simulated
FI-PT,pressure,5240.944849884,1780039929.8453162,1.7183353565139003,,304.58383912847506,psi,,simulated
thrust,thrust,5240.944902439,1780039929.8453686,2.5002673268636855,2.4997326731363145,53.46537273709373,N,,simulated
CC-PT,pressure,5240.954930134,1780039929.8553967,1.3779689524136727,,219.49223810341817,psi,,simulated
FI-PT,pressure,5240.955037374,1780039929.8555036,1.7199101114165916,,304.97752785414787,psi,,simulated
thrust,thrust,5240.955099632,1780039929.8555658,2.5002387166307827,2.4997612833692173,47.743326156535204,N,,simulated
tank_temp,temperature,5240.955169983,1780039929.8556361,,,22.045392026367445,°C,,simulated
FM-FM,flow,5240.964618834,1780039929.8650851,1.55681747875422,,7.095163863320811,gallons_per_minute,,simulated
CC-PT,pressure,5240.965093902,1780039929.86556,1.3741363732977359,,218.53409332443397,psi,,simulated
FI-PT,pressure,5240.965158808,1780039929.8656251,1.7178382537172143,,304.45956342930356,psi,,simulated
thrust,thrust,5240.965208197,1780039929.8656745,2.500206530118767,2.499793469881233,41.30602375340686,N,,simulated
CC-PT,pressure,5240.975227892,1780039929.875694,1.3746692388855504,,218.6673097213876,psi,,simulated
FI-PT,pressure,5240.975296521,1780039929.8757627,1.7171229978946445,,304.2807494736611,psi,,simulated
thrust,thrust,5240.975350853,1780039929.875817,2.5001654029089693,2.4998345970910307,33.08058179385398,N,,simulated
CC-PT,pressure,5240.985367826,1780039929.885834,1.3686694346272272,,217.1673586568068,psi,,simulated
FI-PT,pressure,5240.985434233,1780039929.8859003,1.7220916416754295,,305.52291041885735,psi,,simulated
thrust,thrust,5240.98548538,1780039929.8859515,2.500147521513405,2.499852478486595,29.5043026810049,N,,simulated
CC-PT,pressure,5240.995501668,1780039929.895968,1.3762851209980393,,219.07128024950984,psi,,simulated
FI-PT,pressure,5240.995570297,1780039929.8960366,1.7281117115153921,,307.027927878848,psi,,simulated
thrust,thrust,5240.99562137,1780039929.8960876,2.5000926852336747,2.4999073147663253,18.537046734934393,N,,simulated
FM-FM,flow,5241.004776411,1780039929.9052427,1.5304352677387318,,6.84783063505061,gallons_per_minute,,simulated
CC-PT,pressure,5241.005638362,1780039929.9061046,1.3669927557698198,,216.74818894245496,psi,,simulated
FI-PT,pressure,5241.005699343,1780039929.9061656,1.7212428714326466,,305.31071785816164,psi,,simulated
thrust,thrust,5241.00574599,1780039929.906212,2.50007003546596,2.49992996453404,14.007093191992226,N,,simulated
CC-PT,pressure,5241.015769204,1780039929.9162354,1.3661481578526686,,216.53703946316716,psi,,simulated
FI-PT,pressure,5241.01584074,1780039929.916307,1.7260607154441732,,306.5151788610433,psi,,simulated
thrust,thrust,5241.015892443,1780039929.9163587,2.5000438094191324,2.4999561905808676,8.761883826480243,N,,simulated
CC-PT,pressure,5241.025909527,1780039929.9263759,1.3838823299267686,,220.97058248169216,psi,,simulated
FI-PT,pressure,5241.025977749,1780039929.926444,1.7153217453148062,,303.8304363287015,psi,,simulated
thrust,thrust,5241.026026303,1780039929.9264925,2.5000253319770493,2.4999746680229507,5.0663954098695285,N,,simulated
CC-PT,pressure,5241.036046425,1780039929.9365127,1.382793352936906,,220.69833823422653,psi,,simulated
FI-PT,pressure,5241.036115757,1780039929.936582,1.7281689319811977,,307.0422329952994,psi,,simulated
thrust,thrust,5241.036169553,1780039929.9366357,2.499977052209026,2.500022947790974,4.589558194822985,N,,simulated
FM-FM,flow,5241.044922488,1780039929.9453888,1.5270753535122101,,6.816331439176969,gallons_per_minute,,simulated
CC-PT,pressure,5241.046183748,1780039929.94665,1.3781799528813308,,219.5449882203327,psi,,simulated
FI-PT,pressure,5241.046246007,1780039929.9467123,1.7170192858003719,,304.25482145009295,psi,,simulated
thrust,thrust,5241.046293043,1780039929.9467592,2.49995499848783,2.50004500151217,9.000302434003515,N,,simulated
tank_temp,temperature,5241.055364622,1780039929.9558313,,,22.08596653848411,°C,,simulated
CC-PT,pressure,5241.056327016,1780039929.9567933,1.3783671114882365,,219.59177787205914,psi,,simulated
FI-PT,pressure,5241.056405811,1780039929.956872,1.7282434377960487,,307.0608594490122,psi,,simulated
thrust,thrust,5241.056464125,1780039929.9569304,2.499932944766634,2.500067055233366,13.411046673184046,N,,simulated
CC-PT,pressure,5241.066471709,1780039929.966938,1.3744010179520867,,218.60025448802168,psi,,simulated
FI-PT,pressure,5241.066539338,1780039929.9670055,1.7198010349036497,,304.9502587259124,psi,,simulated
thrust,thrust,5241.066588097,1780039929.9670544,2.49990493058025,2.50009506941975,19.013883949980936,N,,simulated
CC-PT,pressure,5241.076606718,1780039929.977073,1.3760896177398703,,219.02240443496757,psi,,simulated
FI-PT,pressure,5241.076676439,1780039929.9771426,1.720847096544158,,305.2117741360395,psi,,simulated
thrust,thrust,5241.076729587,1780039929.9771957,2.499870955928678,2.500129044071322,25.808814264394186,N,,simulated
FM-FM,flow,5241.085079361,1780039929.9855456,1.5379639313177982,,6.918411856104358,gallons_per_minute,,simulated
CC-PT,pressure,5241.086745523,1780039929.9872117,1.3724686351381106,,218.11715878452765,psi,,simulated
FI-PT,pressure,5241.086809263,1780039929.9872756,1.7171158453364188,,304.2789613341047,psi,,simulated
thrust,thrust,5241.086856521,1780039929.9873226,2.49981492755591,2.50018507244409,37.01448881798797,N,,simulated
CC-PT,pressure,5241.096877235,1780039929.9973435,1.3846136790053463,,221.15341975133657,psi,,simulated
FI-PT,pressure,5241.096947586,1780039929.9974139,1.7172338625471428,,304.3084656367857,psi,,simulated
thrust,thrust,5241.096999826,1780039929.9974658,2.4997940659277518,2.5002059340722482,41.186814449645226,N,,simulated
CC-PT,pressure,5241.107014429,1780039930.0074806,1.3791538928930633,,219.78847322326584,psi,,simulated
FI-PT,pressure,5241.10707615,1780039930.0075424,1.7237105040205125,,305.9276260051281,psi,,simulated
thrust,thrust,5241.107122483,1780039930.0075886,2.499765455694849,2.500234544305151,46.90886103020375,N,,simulated
CC-PT,pressure,5241.117144197,1780039930.0176105,1.3766004296064889,,219.15010740162222,psi,,simulated
FI-PT,pressure,5241.117212177,1780039930.0176783,1.7193975114104165,,304.8493778526041,psi,,simulated
thrust,thrust,5241.117264492,1780039930.0177305,2.4997362494154274,2.5002637505845726,52.750116914523915,N,,simulated
FM-FM,flow,5241.125229252,1780039930.0256956,1.5426494530021493,,6.9623386218951495,gallons_per_minute,,simulated
CC-PT,pressure,5241.127280168,1780039930.0277467,1.3782961819524984,,219.5740454881246,psi,,simulated
FI-PT,pressure,5241.127341575,1780039930.0278077,1.7241086630950764,,306.02716577376907,psi,,simulated
thrust,thrust,5241.127388445,1780039930.0278547,2.4997040629034117,2.5002959370965883,59.18741931765226,N,,simulated
CC-PT,pressure,5241.137408881,1780039930.0378752,1.3736464230592755,,218.4116057648189,psi,,simulated
FI-PT,pressure,5241.137475491,1780039930.0379417,1.732459870870098,,308.1149677175245,psi,,simulated
thrust,thrust,5241.137527694,1780039930.037994,2.4996677040657644,2.5003322959342356,66.45918684711205,N,,simulated
CC-PT,pressure,5241.147542519,1780039930.0480087,1.376665398677039,,219.16634966925974,psi,,simulated
FI-PT,pressure,5241.147605426,1780039930.0480716,1.7207731867758258,,305.1932966939564,psi,,simulated
thrust,thrust,5241.14765274,1780039930.0481188,2.4996390938328616,2.5003609061671384,72.18123342767058,N,,simulated
tank_temp,temperature,5241.155589186,1780039930.0560558,,,21.95331909502571,°C,,simulated
CC-PT,pressure,5241.157678768,1780039930.0581453,1.3829608420086912,,220.7402105021728,psi,,simulated
FI-PT,pressure,5241.157761823,1780039930.058228,1.724128332630197,,306.03208315754927,psi,,simulated
thrust,thrust,5241.1578221,1780039930.0582883,2.4995955824369886,2.5004044175630114,80.88351260227,N,,simulated
FM-FM,flow,5241.165382496,1780039930.0658488,1.545477693733894,,6.988853378755257,gallons_per_minute,,simulated
CC-PT,pressure,5241.16782798,1780039930.068294,1.3793184017322544,,219.8296004330636,psi,,simulated
FI-PT,pressure,5241.167890961,1780039930.0683572,1.7256172568341799,,306.404314208545,psi,,simulated
thrust,thrust,5241.167939442,1780039930.0684059,2.4995872377857253,2.5004127622142747,82.5524428549329,N,,simulated
CC-PT,pressure,5241.177962767,1780039930.0784292,1.38508693994128,,221.27173498532,psi,,simulated
FI-PT,pressure,5241.178035803,1780039930.078502,1.7226984170315762,,305.67460425789403,psi,,simulated
thrust,thrust,5241.178089469,1780039930.0785556,2.499554455227191,2.500445544772809,89.10895456182288,N,,simulated
CC-PT,pressure,5241.188107701,1780039930.088574,1.3842685680709563,,221.0671420177391,psi,,simulated
FI-PT,pressure,5241.188173626,1780039930.0886397,1.7264076145181195,,306.6019036295299,psi,,simulated
thrust,thrust,5241.188222366,1780039930.0886886,2.499517500343025,2.500482499656975,96.49993139504431,N,,simulated
CC-PT,pressure,5241.198257061,1780039930.0987234,1.392845677476606,,223.2114193691515,psi,,simulated
FI-PT,pressure,5241.198341616,1780039930.0988078,1.7281945619815064,,307.0486404953766,psi,,simulated
thrust,thrust,5241.198398597,1780039930.0988648,2.499513328017393,2.500486671982607,97.33439652137577,N,,simulated
FM-FM,flow,5241.205534332,1780039930.1060007,1.5135474817213392,,6.6895076411375545,gallons_per_minute,,simulated
CC-PT,pressure,5241.208412255,1780039930.1088784,1.383362577362368,,220.84064434059198,psi,,simulated
FI-PT,pressure,5241.208480347,1780039930.1089468,1.733239499716699,,308.3098749291748,psi,,simulated
thrust,thrust,5241.208528864,1780039930.108995,2.4994686245284825,2.5005313754715175,106.27509430349846,N,,simulated
CC-PT,pressure,5241.218551041,1780039930.1190174,1.3878972992774605,,221.97432481936514,psi,,simulated
FI-PT,pressure,5241.2186218,1780039930.119088,1.7228068974979993,,305.7017243744998,psi,,simulated
thrust,thrust,5241.218676225,1780039930.1191423,2.4994352459234292,2.5005647540765708,112.95081531415008,N,,simulated
CC-PT,pressure,5241.22870105,1780039930.1291673,1.3678743085711371,,216.96857714278428,psi,,simulated
FI-PT,pressure,5241.228775049,1780039930.1292412,1.7260630996302484,,306.5157749075621,psi,,simulated
thrust,thrust,5241.228827178,1780039930.1292932,2.499420940806978,2.500579059193022,115.81183860442934,N,,simulated
CC-PT,pressure,5241.238841058,1780039930.1393073,1.374735400049138,,218.68385001228452,psi,,simulated
FI-PT,pressure,5241.238910872,1780039930.139377,1.7265786798690175,,306.64466996725434,psi,,simulated
thrust,thrust,5241.238964205,1780039930.1394303,2.4993941187136315,2.5006058812863685,121.17625727370296,N,,simulated
FM-FM,flow,5241.245690131,1780039930.1461563,1.585827658871133,,7.367134301916872,gallons_per_minute,,simulated
CC-PT,pressure,5241.248977678,1780039930.1494439,1.391900943744295,,222.97523593607377,psi,,simulated
FI-PT,pressure,5241.249040733,1780039930.1495068,1.7350407522965374,,308.76018807413436,psi,,simulated
thrust,thrust,5241.249089084,1780039930.1495552,2.4993714689459168,2.5006285310540832,125.70621081664513,N,,simulated
tank_temp,temperature,5241.255800362,1780039930.156267,,,21.959908118360907,°C,,simulated
CC-PT,pressure,5241.259115705,1780039930.159582,1.3901306855834348,,222.5326713958587,psi,,simulated
FI-PT,pressure,5241.259195445,1780039930.1596618,1.7219020988824485,,305.4755247206121,psi,,simulated
thrust,thrust,5241.259254036,1780039930.1597202,2.49933987848042,2.50066012151958,132.02430391601183,N,,simulated
CC-PT,pressure,5241.269261991,1780039930.1697283,1.3789881919608347,,219.74704799020867,psi,,simulated
FI-PT,pressure,5241.269326768,1780039930.1697931,1.7291154538530653,,307.2788634632663,psi,,simulated
thrust,thrust,5241.269376008,1780039930.1698422,2.499324381270931,2.500675618729069,135.12374581381437,N,,simulated
CC-PT,pressure,5241.2793975,1780039930.1798637,1.3785959933514589,,219.64899833786473,psi,,simulated
FI-PT,pressure,5241.279465517,1780039930.1799316,1.7328878322706023,,308.2219580676506,psi,,simulated
thrust,thrust,5241.27951922,1780039930.1799855,2.4992951749915093,2.5007048250084907,140.96500169813453,N,,simulated
FM-FM,flow,5241.285837096,1780039930.1863031,1.5729560342974704,,7.246462821538785,gallons_per_minute,,simulated
CC-PT,pressure,5241.289533101,1780039930.1899993,1.388828323939839,,222.20708098495973,psi,,simulated
FI-PT,pressure,5241.289595989,1780039930.190062,1.731975285050307,,307.9938212625767,psi,,simulated
thrust,thrust,5241.289643303,1780039930.1901095,2.499283850107652,2.500716149892348,143.2299784696056,N,,simulated
CC-PT,pressure,5241.299663776,1780039930.20013,1.3749392479585705,,218.73481198964262,psi,,simulated
FI-PT,pressure,5241.299730942,1780039930.2001972,1.724383440540247,,306.09586013506174,psi,,simulated
thrust,thrust,5241.29978296,1780039930.2002494,2.4992534517351928,2.5007465482648072,149.30965296144905,N,,simulated
CC-PT,pressure,5241.309797507,1780039930.2102637,1.3764901610005094,,219.12254025012734,psi,,simulated
FI-PT,pressure,5241.309860654,1780039930.2103267,1.7226054337746421,,305.6513584436605,psi,,simulated
thrust,thrust,5241.309908506,1780039930.2103746,2.499221861269696,2.500778138730304,155.62774606081575,N,,simulated
CC-PT,pressure,5241.319928534,1780039930.2203948,1.3791711782421088,,219.7927945605272,psi,,simulated
FI-PT,pressure,5241.319999015,1780039930.2204652,1.7178787848804933,,304.4696962201233,psi,,simulated
thrust,thrust,5241.320099643,1780039930.2205658,2.4991998075485,2.5008001924515,160.03849029999628,N,,simulated
FM-FM,flow,5241.32599084,1780039930.226457,1.5904029119495047,,7.410027299526606,gallons_per_minute,,simulated
CC-PT,pressure,5241.330066228,1780039930.2305326,1.3818194129251735,,220.45485323129338,psi,,simulated
FI-PT,pressure,5241.330129486,1780039930.2305956,1.7259534270707877,,306.4883567676969,psi,,simulated
thrust,thrust,5241.330176615,1780039930.230643,2.499196231269387,2.500803768730613,160.7537461225661,N,,simulated
CC-PT,pressure,5241.340201218,1780039930.2406673,1.3820399501371325,,220.50998753428314,psi,,simulated
FI-PT,pressure,5241.340270754,1780039930.240737,1.7278059396512435,,306.9514849128109,psi,,simulated
thrust,thrust,5241.340325142,1780039930.2407913,2.4991819261529358,2.5008180738470642,163.61476941284536,N,,simulated
CC-PT,pressure,5241.352073999,1780039930.2525403,1.381951735252349,,220.48793381308724,psi,,simulated
FI-PT,pressure,5241.352155461,1780039930.2526217,1.7205526495638668,,305.13816239096667,psi,,simulated
thrust,thrust,5241.352208905,1780039930.252675,2.499137818710544,2.500862181289456,172.43625789120642,N,,simulated
tank_temp,temperature,5241.3560485,1780039930.2565153,,,21.97377974643499,°C,,simulated
CC-PT,pressure,5241.362224211,1780039930.2626905,1.371035143260377,,217.75878581509423,psi,,simulated
FI-PT,pressure,5241.362305136,1780039930.2627711,1.734765378804848,,308.691344701212,psi,,simulated
thrust,thrust,5241.362361357,1780039930.2628276,2.499141394989657,2.500858605010343,171.7210020686366,N,,simulated
FM-FM,flow,5241.366141731,1780039930.2666082,1.5566130347982687,,7.093247201233768,gallons_per_minute,,simulated
CC-PT,pressure,5241.372380479,1780039930.272847,1.3804896331417125,,220.12240828542812,psi,,simulated
FI-PT,pressure,5241.372449996,1780039930.2729163,1.7308576978275416,,307.7144244568854,psi,,simulated
thrust,thrust,5241.372501033,1780039930.272967,2.499119341268461,2.500880658731539,176.13174630781714,N,,simulated
CC-PT,pressure,5241.382518117,1780039930.2829845,1.3794990038274533,,219.87475095686332,psi,,simulated
FI-PT,pressure,5241.382588449,1780039930.2830546,1.7286094103585972,,307.1523525896493,psi,,simulated
thrust,thrust,5241.382642837,1780039930.2831092,2.4991080163846036,2.5008919836153964,178.39672307928822,N,,simulated
CC-PT,pressure,5241.392657551,1780039930.2931237,1.3773490640341122,,219.33726600852805,psi,,simulated
FI-PT,pressure,5241.392722606,1780039930.2931888,1.727034059409387,,306.7585148523467,psi,,simulated
thrust,thrust,5241.392770809,1780039930.293237,2.4990835784773324,2.5009164215226676,183.2843045335153,N,,simulated
CC-PT,pressure,5241.402791301,1780039930.3032577,1.3798470949944373,,219.96177374860932,psi,,simulated
FI-PT,pressure,5241.402862577,1780039930.3033288,1.7332234064606913,,308.3058516151728,psi,,simulated
thrust,thrust,5241.402916521,1780039930.3033829,2.4990680812678434,2.5009319187321566,186.38374643131783,N,,simulated
FM-FM,flow,5241.406296012,1780039930.3067622,1.5836675862869722,,7.346883621440364,gallons_per_minute,,simulated
CC-PT,pressure,5241.412928513,1780039930.3133948,1.377284094963562,,219.32102374089052,psi,,simulated
FI-PT,pressure,5241.412991197,1780039930.3134575,1.7288299475705562,,307.20748689263905,psi,,simulated
thrust,thrust,5241.413040234,1780039930.3135064,2.4990609287096177,2.5009390712903823,187.81425807645746,N,,simulated
CC-PT,pressure,5241.423060466,1780039930.3235266,1.3693858825428347,,217.34647063570867,psi,,simulated
FI-PT,pressure,5241.423134835,1780039930.3236012,1.7337485234437613,,308.43713086094033,psi,,simulated
thrust,thrust,5241.423189316,1780039930.3236554,2.499047815686204,2.500952184313796,190.43686275921345,N,,simulated
CC-PT,pressure,5241.433201845,1780039930.333668,1.3751669377287552,,218.7917344321888,psi,,simulated
FI-PT,pressure,5241.433265029,1780039930.3337314,1.7279895219790364,,306.9973804947591,psi,,simulated
thrust,thrust,5241.433312306,1780039930.3337784,2.499041855221016,2.500958144778984,191.6289557968298,N,,simulated
CC-PT,pressure,5241.443333502,1780039930.3437996,1.3683577022978906,,217.08942557447264,psi,,simulated
FI-PT,pressure,5241.443402038,1780039930.3438683,1.7373760625572279,,309.344015639307,psi,,simulated
thrust,thrust,5241.443454167,1780039930.3439205,2.499037682895384,2.500962317104616,192.46342092316127,N,,simulated
FM-FM,flow,5241.446441033,1780039930.3469071,1.5746792047833449,,7.262617544843858,gallons_per_minute,,simulated
CC-PT,pressure,5241.453496825,1780039930.3539636,1.3673319062390217,,216.83297655975542,psi,,simulated
FI-PT,pressure,5241.453623341,1780039930.3540895,1.721421685388289,,305.35542134707225,psi,,simulated
thrust,thrust,5241.453679822,1780039930.354146,2.499029338244121,2.500970661755879,194.13235117582417,N,,simulated
tank_temp,temperature,5241.456234583,1780039930.3567007,,,21.86835537307196,°C,,simulated
CC-PT,pressure,5241.463687036,1780039930.3641534,1.3734091965447899,,218.35229913619747,psi,,simulated
FI-PT,pressure,5241.463766757,1780039930.364233,1.7249252468258436,,306.2313117064609,psi,,simulated
thrust,thrust,5241.463823349,1780039930.3642895,2.4990400670814594,2.5009599329185406,191.98658370811472,N,,simulated
CC-PT,pressure,5241.473832137,1780039930.3742986,1.3842334013263466,,221.05835033158667,psi,,simulated
FI-PT,pressure,5241.473897692,1780039930.374364,1.7423137119190348,,310.5784279797587,psi,,simulated
thrust,thrust,5241.473947876,1780039930.374414,2.4990060924298874,2.5009939075701126,198.78151402252797,N,,simulated
CC-PT,pressure,5241.483972331,1780039930.3844388,1.384052203184629,,221.01305079615724,psi,,simulated
FI-PT,pressure,5241.484073033,1780039930.3845394,1.7379363462849076,,309.4840865712269,psi,,simulated
thrust,thrust,5241.484128495,1780039930.3845947,2.4990060924298874,2.5009939075701126,198.78151402252797,N,,simulated
FM-FM,flow,5241.486595239,1780039930.3870616,1.5738280503544868,,7.254637972073313,gallons_per_minute,,simulated
CC-PT,pressure,5241.494138784,1780039930.3946052,1.380938456170375,,220.23461404259376,psi,,simulated
FI-PT,pressure,5241.494200264,1780039930.3946664,1.7416675974926468,,310.4168993731617,psi,,simulated
thrust,thrust,5241.494247004,1780039930.3947134,2.499007284522925,2.500992715477075,198.5430954150047,N,,simulated
CC-PT,pressure,5241.504278811,1780039930.404745,1.3783992980002522,,219.59982450006305,psi,,simulated
FI-PT,pressure,5241.504357291,1780039930.4048235,1.7272224101093303,,306.80560252733255,psi,,simulated
thrust,thrust,5241.504412772,1780039930.404879,2.499009668709,2.500990331291,198.06625819995816,N,,simulated
CC-PT,pressure,5241.514422671,1780039930.4148886,1.3728381839797716,,218.2095459949429,psi,,simulated
FI-PT,pressure,5241.514485948,1780039930.4149523,1.7365004702210987,,309.12511755527464,psi,,simulated
thrust,thrust,5241.514533892,1780039930.415,2.498991191266917,2.501008808733083,201.76174661656887,N,,simulated
CC-PT,pressure,5241.524557476,1780039930.4250238,1.3756068200596356,,218.9017050149089,psi,,simulated
FI-PT,pressure,5241.524626549,1780039930.4250927,1.7382856295449292,,309.5714073862323,psi,,simulated
thrust,thrust,5241.524677807,1780039930.4251437,2.498985826848248,2.501014173151752,202.8346303504236,N,,simulated
FM-FM,flow,5241.526745631,1780039930.4272118,1.6141482131657856,,7.6326394984292385,gallons_per_minute,,simulated
CC-PT,pressure,5241.534695355,1780039930.4351616,1.3852270108731999,,221.30675271829998,psi,,simulated
FI-PT,pressure,5241.534759798,1780039930.435226,1.7379190609358621,,309.4797652339655,psi,,simulated
thrust,thrust,5241.53480952,1780039930.4352758,2.4990025161507745,2.5009974838492255,199.4967698450978,N,,simulated
CC-PT,pressure,5241.544828808,1780039930.445295,1.3754929751745433,,218.87324379363582,psi,,simulated
FI-PT,pressure,5241.544899566,1780039930.4453657,1.7314787783001397,,307.86969457503494,psi,,simulated
thrust,thrust,5241.544953121,1780039930.4454193,2.4990049003368497,2.5009950996631503,199.01993263005124,N,,simulated
CC-PT,pressure,5241.55499476,1780039930.4554613,1.379913256158025,,219.97831403950624,psi,,simulated
FI-PT,pressure,5241.555087037,1780039930.4555533,1.7415561367936296,,310.3890341984074,psi,,simulated
thrust,thrust,5241.555141536,1780039930.455608,2.4990090726624814,2.5009909273375186,198.1854675037198,N,,simulated
tank_temp,temperature,5241.556407982,1780039930.4568741,,,22.051981049702587,°C,,simulated
CC-PT,pressure,5241.565147917,1780039930.465614,1.3948442214541699,,223.71105536354247,psi,,simulated
FI-PT,pressure,5241.565222305,1780039930.4656885,1.7353667897423255,,308.84169743558135,psi,,simulated
thrust,thrust,5241.565277452,1780039930.4657435,2.4990126489415943,2.5009873510584057,197.47021168114998,N,,simulated
FM-FM,flow,5241.566900319,1780039930.4673667,1.566307135380165,,7.184129394189045,gallons_per_minute,,simulated
CC-PT,pressure,5241.575288833,1780039930.475755,1.3660027225020794,,216.50068062551986,psi,,simulated
FI-PT,pressure,5241.575351036,1780039930.4758172,1.7252447277599248,,306.31118193998117,psi,,simulated
thrust,thrust,5241.575399553,1780039930.4758656,2.498995363592549,2.501004636407451,200.92728149023742,N,,simulated
CC-PT,pressure,5241.585420453,1780039930.4858868,1.381401584315489,,220.35039607887225,psi,,simulated
FI-PT,pressure,5241.585492711,1780039930.4859588,1.7479451594287345,,311.98628985718364,psi,,simulated
thrust,thrust,5241.585546858,1780039930.486013,2.499025761965008,2.500974238034992,194.84760699839399,N,,simulated
CC-PT,pressure,5241.595559443,1780039930.4960256,1.3844491701661552,,221.1122925415388,psi,,simulated
FI-PT,pressure,5241.595620534,1780039930.4960868,1.7340638320522108,,308.5159580130527,psi,,simulated
thrust,thrust,5241.595667034,1780039930.496133,2.4990203975463388,2.5009796024536612,195.9204907322487,N,,simulated
CC-PT,pressure,5241.60568934,1780039930.5061555,1.3717956986183761,,217.94892465459404,psi,,simulated
FI-PT,pressure,5241.605758821,1780039930.5062249,1.7409809519029797,,310.24523797574494,psi,,simulated
thrust,thrust,5241.605811524,1780039930.5062776,2.4990490077792415,2.5009509922207585,190.19844415169018,N,,simulated
FM-FM,flow,5241.607048303,1780039930.5075147,1.5939487926898948,,7.443269931467762,gallons_per_minute,,simulated
CC-PT,pressure,5241.615866681,1780039930.516333,1.372426911881794,,218.1067279704485,psi,,simulated
FI-PT,pressure,5241.615932829,1780039930.5163991,1.7294194375776575,,307.35485939441435,psi,,simulated
thrust,thrust,5241.615979569,1780039930.5164456,2.499032318476715,2.500967681523285,193.536304657016,N,,simulated
CC-PT,pressure,5241.626009097,1780039930.5264757,1.3651664692361916,,216.2916173090479,psi,,simulated
FI-PT,pressure,5241.626089781,1780039930.5265563,1.728118268027099,,307.02956700677476,psi,,simulated
thrust,thrust,5241.626145392,1780039930.5266116,2.4990239738254516,2.5009760261745484,195.2052349096789,N,,simulated
CC-PT,pressure,5241.636160384,1780039930.536627,1.367716356243653,,216.92908906091324,psi,,simulated
FI-PT,pressure,5241.636227975,1780039930.5366943,1.7391516851367574,,309.78792128418934,psi,,simulated
thrust,thrust,5241.636277382,1780039930.5367436,2.499054372197911,2.500945627802089,189.12556041783546,N,,simulated
CC-PT,pressure,5241.646297966,1780039930.5467644,1.3815434433869653,,220.38586084674134,psi,,simulated
FI-PT,pressure,5241.646369632,1780039930.5468357,1.7389239953665727,,309.73099884164316,psi,,simulated
thrust,thrust,5241.646422353,1780039930.5468884,2.4990680812678434,2.5009319187321566,186.38374643131783,N,,simulated
FM-FM,flow,5241.647200287,1780039930.5476665,1.5479006228328493,,7.011568339057963,gallons_per_minute,,simulated
CC-PT,pressure,5241.656468863,1780039930.5569358,1.3733364788694953,,218.33411971737382,psi,,simulated
FI-PT,pressure,5241.656566047,1780039930.557032,1.7296566640921431,,307.41416602303576,psi,,simulated
thrust,thrust,5241.656622102,1780039930.5570884,2.499081194291257,2.500918805708743,183.76114174856184,N,,simulated
tank_temp,temperature,5241.656686656,1780039930.5571527,,,22.125153887793413,°C,,simulated
CC-PT,pressure,5241.666629464,1780039930.5670958,1.3716919865241035,,217.92299663102588,psi,,simulated
FI-PT,pressure,5241.666705722,1780039930.5671718,1.7357387227700618,,308.9346806925154,psi,,simulated
thrust,thrust,5241.666761166,1780039930.5672274,2.4990931152216334,2.5009068847783666,181.37695567332912,N,,simulated
CC-PT,pressure,5241.676775584,1780039930.577242,1.3681472978767513,,217.03682446918782,psi,,simulated
FI-PT,pressure,5241.676843916,1780039930.5773103,1.7264195354484957,,306.6048838621239,psi,,simulated
thrust,thrust,5241.676893897,1780039930.5773602,2.4990996717333402,2.5009003282666598,180.06565333195113,N,,simulated
CC-PT,pressure,5241.68691024,1780039930.5873764,1.3658125836625796,,216.4531459156449,psi,,simulated
FI-PT,pressure,5241.686979017,1780039930.5874453,1.7221810486532507,,305.54526216331266,psi,,simulated
thrust,thrust,5241.687033202,1780039930.5874996,2.4991026519659343,2.5008973480340657,179.46960681314295,N,,simulated
FM-FM,flow,5241.687387789,1780039930.5878544,1.599562954850549,,7.495902701723896,gallons_per_minute,,simulated
CC-PT,pressure,5241.697050008,1780039930.5975163,1.3639350371283339,,215.98375928208347,psi,,simulated
FI-PT,pressure,5241.697113359,1780039930.5975795,1.7412020851614576,,310.3005212903644,psi,,simulated
thrust,thrust,5241.697162395,1780039930.5976286,2.4991330503383935,2.5008669496616065,173.3899323212995,N,,simulated
CC-PT,pressure,5241.707192979,1780039930.6076596,1.369210644866305,,217.30266121657627,psi,,simulated
FI-PT,pressure,5241.707270701,1780039930.6077368,1.7279054794198845,,306.9763698549711,psi,,simulated
thrust,thrust,5241.707326922,1780039930.607793,2.4991479515013637,2.5008520484986363,170.4096997272586,N,,simulated
CC-PT,pressure,5241.717341247,1780039930.6178076,1.3748432844690424,,218.7108211172606,psi,,simulated
FI-PT,pressure,5241.71740695,1780039930.6178732,1.7393537449066334,,309.83843622665836,psi,,simulated
thrust,thrust,5241.717456857,1780039930.617923,2.499162256617815,2.500837743382185,167.54867643697935,N,,simulated
CC-PT,pressure,5241.727476719,1780039930.6279428,1.3705893004643084,,217.6473251160771,psi,,simulated
FI-PT,pressure,5241.727546977,1780039930.6280131,1.7414160658617097,,310.35401646542743,psi,,simulated
thrust,thrust,5241.727600847,1780039930.628067,2.499187290571605,2.500812709428395,162.54188567899064,N,,simulated
FM-FM,flow,5241.727659587,1780039930.6281257,1.5869100793492887,,7.377281993899581,gallons_per_minute,,simulated
CC-PT,pressure,5241.737614912,1780039930.6380813,1.3716794695472085,,217.91986738680214,psi,,simulated
FI-PT,pressure,5241.737677652,1780039930.6381438,1.7373689099990022,,309.34222749975055,psi,,simulated
thrust,thrust,5241.737724541,1780039930.6381907,2.499202787781094,2.500797212218906,159.4424437811881,N,,simulated
CC-PT,pressure,5241.747747347,1780039930.6482134,1.3627369836255294,,215.68424590638236,psi,,simulated
FI-PT,pressure,5241.747817328,1780039930.6482837,1.744373052641517,,311.09326316037925,psi,,simulated
thrust,thrust,5241.747870623,1780039930.648337,2.4992051719671693,2.5007948280328307,158.96560656614156,N,,simulated
tank_temp,temperature,5241.756891017,1780039930.657358,,,22.007938630567402,°C,,simulated
CC-PT,pressure,5241.757891022,1780039930.6583571,1.3603444528990334,,215.08611322475835,psi,,simulated
FI-PT,pressure,5241.757964854,1780039930.658431,1.7375673934897653,,309.3918483724413,psi,,simulated
thrust,thrust,5241.758017835,1780039930.658484,2.499237358479185,2.500762641520815,152.52830416301322,N,,simulated
FM-FM,flow,5241.767801089,1780039930.6682675,1.5719761338205496,,7.237276254567651,gallons_per_minute,,simulated
CC-PT,pressure,5241.768063252,1780039930.6685295,1.358357233805327,,214.58930845133173,psi,,simulated
FI-PT,pressure,5241.7681339,1780039930.6686003,1.7372634097651731,,309.31585244129326,psi,,simulated
thrust,thrust,5241.768189528,1780039930.6686556,2.499258816153862,2.500741183846138,148.23676922759432,N,,simulated
CC-PT,pressure,5241.778204261,1780039930.6786706,1.3622339203636553,,215.55848009091383,psi,,simulated
FI-PT,pressure,5241.778269908,1780039930.6787362,1.7356278581175635,,308.90696452939085,psi,,simulated
thrust,thrust,5241.77832037,1780039930.6787865,2.499286830340246,2.500713169659754,142.63393195079743,N,,simulated
CC-PT,pressure,5241.788336492,1780039930.6888027,1.366579099485767,,216.64477487144174,psi,,simulated
FI-PT,pressure,5241.788406102,1780039930.6888723,1.7382564232655076,,309.56410581637687,psi,,simulated
thrust,thrust,5241.78845936,1780039930.6889255,2.4993279575500438,2.5006720424499562,134.40848999124455,N,,simulated
CC-PT,pressure,5241.798473056,1780039930.6989393,1.358633799390054,,214.65844984751348,psi,,simulated
FI-PT,pressure,5241.798536925,1780039930.6990032,1.7379649565178104,,309.4912391294526,psi,,simulated
thrust,thrust,5241.798583314,1780039930.6990495,2.4993351101082695,2.5006648898917305,132.97797834610492,N,,simulated
FM-FM,flow,5241.807959962,1780039930.7084262,1.5839352111739171,,7.349392604755472,gallons_per_minute,,simulated
CC-PT,pressure,5241.808604639,1780039930.709071,1.363925500384033,,215.98137509600824,psi,,simulated
FI-PT,pressure,5241.808671767,1780039930.709138,1.7303379452631409,,307.5844863157852,psi,,simulated
thrust,thrust,5241.808723656,1780039930.70919,2.49936491243421,2.50063508756579,127.01751315802312,N,,simulated
CC-PT,pressure,5241.81873811,1780039930.7192047,1.360087556849427,,215.02188921235677,psi,,simulated
FI-PT,pressure,5241.818802369,1780039930.7192686,1.7357870025380853,,308.9467506345213,psi,,simulated
thrust,thrust,5241.818848979,1780039930.7193153,2.4993637203411723,2.5006362796588277,127.25593176554639,N,,simulated
CC-PT,pressure,5241.828870989,1780039930.7293375,1.3566793628548814,,214.16984071372036,psi,,simulated
FI-PT,pressure,5241.828946988,1780039930.729413,1.7339291255389602,,308.48228138474,psi,,simulated
thrust,thrust,5241.829000617,1780039930.729467,2.4994215368534967,2.5005784631465033,115.6926293006677,N,,simulated
CC-PT,pressure,5241.839011813,1780039930.739478,1.3635040954952355,,215.8760238738089,psi,,simulated
FI-PT,pressure,5241.839073941,1780039930.7395403,1.753348321121731,,313.3370802804327,psi,,simulated
thrust,thrust,5241.839119848,1780039930.739586,2.499430477551279,2.500569522448721,113.90448974424316,N,,simulated
FM-FM,flow,5241.848107891,1780039930.7485743,1.5545751517504636,,7.074142047660595,gallons_per_minute,,simulated
CC-PT,pressure,5241.849142006,1780039930.7496083,1.3495482623038604,,212.3870655759651,psi,,simulated
FI-PT,pressure,5241.849208802,1780039930.749675,1.7437561444945506,,310.93903612363766,psi,,simulated
thrust,thrust,5241.849260523,1780039930.7497268,2.499467432435445,2.500532567564555,106.51351291102173,N,,simulated
tank_temp,temperature,5241.857109156,1780039930.7575762,,,21.969098071959998,°C,,simulated
CC-PT,pressure,5241.859283274,1780039930.7597497,1.3631178573510478,,215.77946433776196,psi,,simulated
FI-PT,pressure,5241.859354458,1780039930.7598207,1.7317660727222053,,307.9415181805513,psi,,simulated
thrust,thrust,5241.859407106,1780039930.7598734,2.4994787573193022,2.5005212426806978,104.24853613955065,N,,simulated
CC-PT,pressure,5241.869426709,1780039930.7698932,1.3413633515075865,,210.34083787689661,psi,,simulated
FI-PT,pressure,5241.869504985,1780039930.7699711,1.74017569305607,,310.04392326401745,psi,,simulated
thrust,thrust,5241.869562355,1780039930.7700286,2.499516904296506,2.500483095703494,96.61914069880595,N,,simulated
CC-PT,pressure,5241.87957681,1780039930.7800434,1.3569583126256837,,214.23957815642092,psi,,simulated
FI-PT,pressure,5241.879646179,1780039930.7801123,1.7261906535852733,,306.54766339631834,psi,,simulated
thrust,thrust,5241.87969616,1780039930.7801623,2.4995532631341533,2.5004467368658467,89.34737316934616,N,,simulated
FM-FM,flow,5241.888266671,1780039930.788733,1.5800901150810855,,7.313344828885176,gallons_per_minute,,simulated
CC-PT,pressure,5241.889712133,1780039930.7901785,1.35958091730844,,214.89522932711003,psi,,simulated
FI-PT,pressure,5241.889783576,1780039930.7902498,1.7371382399962234,,309.28455999905583,psi,,simulated
thrust,thrust,5241.889836631,1780039930.7903028,2.4995735287157927,2.5004264712842073,85.29425684145053,N,,simulated
CC-PT,pressure,5241.899850864,1780039930.8003173,1.3546164458532863,,213.65411146332158,psi,,simulated
FI-PT,pressure,5241.899913029,1780039930.800379,1.747806876636371,,311.95171915909276,psi,,simulated
thrust,thrust,5241.899960084,1780039930.8004262,2.4996051191812896,2.5003948808187104,78.97616374208383,N,,simulated
CC-PT,pressure,5241.909985743,1780039930.8104522,1.3556786007498025,,213.91965018745063,psi,,simulated
FI-PT,pressure,5241.910061575,1780039930.8105278,1.7374976560470647,,309.3744140117662,psi,,simulated
thrust,thrust,5241.910116093,1780039930.8105822,2.4996247887164103,2.5003752112835897,75.04225671794984,N,,simulated
CC-PT,pressure,5241.920128733,1780039930.8205953,1.3566483684359034,,214.16209210897586,psi,,simulated
FI-PT,pressure,5241.920192102,1780039930.8206582,1.7447980338094273,,311.19950845235684,psi,,simulated
thrust,thrust,5241.920239416,1780039930.8207057,2.4996551870888695,2.5003448129111305,68.9625822261064,N,,simulated
FM-FM,flow,5241.928419452,1780039930.8288858,1.6092874538049045,,7.587069879420978,gallons_per_minute,,simulated
CC-PT,pressure,5241.930261797,1780039930.8307283,1.35461465771373,,213.65366442843248,psi,,simulated
FI-PT,pressure,5241.930334703,1780039930.830801,1.734985916016807,,308.7464790042018,psi,,simulated
thrust,thrust,5241.930387665,1780039930.830854,2.499694526159111,2.500305473840889,61.09476817783843,N,,simulated
CC-PT,pressure,5241.940406102,1780039930.8408728,1.3528116169943352,,213.2029042485838,psi,,simulated
FI-PT,pressure,5241.940476656,1780039930.8409429,1.7400374102637064,,310.0093525659266,psi,,simulated
thrust,thrust,5241.940526767,1780039930.8409927,2.4997207522059384,2.5002792477940616,55.84955881232645,N,,simulated
CC-PT,pressure,5241.952325437,1780039930.852792,1.356062454707915,,214.01561367697875,psi,,simulated
FI-PT,pressure,5241.95243801,1780039930.852904,1.7396398472356613,,309.90996180891534,psi,,simulated
thrust,thrust,5241.95249962,1780039930.8529656,2.4997600912761797,2.5002399087238203,47.981744764058476,N,,simulated
tank_temp,temperature,5241.957324332,1780039930.857791,,,21.9687512812581,°C,,simulated
CC-PT,pressure,5241.962498353,1780039930.8629646,1.3497437655620295,,212.43594139050737,psi,,simulated
FI-PT,pressure,5241.962569407,1780039930.8630357,1.7243095307719147,,306.0773826929787,psi,,simulated
thrust,thrust,5241.962619796,1780039930.8630857,2.4997833370904132,2.5002166629095868,43.33258191735467,N,,simulated
FM-FM,flow,5241.968571843,1780039930.8690383,1.5527905884731519,,7.057411766935798,gallons_per_minute,,simulated
CC-PT,pressure,5241.972640176,1780039930.8731065,1.3497115790500138,,212.42789476250346,psi,,simulated
FI-PT,pressure,5241.972719342,1780039930.8731856,1.732761470408615,,308.19036760215374,psi,,simulated
thrust,thrust,5241.972774508,1780039930.8732405,2.4998173117419853,2.5001826882580147,36.53765160294142,N,,simulated
CC-PT,pressure,5241.982786259,1780039930.8832524,1.35187403582025,,212.96850895506248,psi,,simulated
FI-PT,pressure,5241.982851462,1780039930.8833177,1.7490335403720785,,312.2583850930196,psi,,simulated
thrust,thrust,5241.982900368,1780039930.8833666,2.4998602270913395,2.5001397729086605,27.954581732103634,N,,simulated
CC-PT,pressure,5241.992920304,1780039930.8933866,1.34773806902624,,211.93451725655999,psi,,simulated
FI-PT,pressure,5241.992994118,1780039930.8934603,1.7327507415712764,,308.1876853928191,psi,,simulated
thrust,thrust,5241.993048043,1780039930.8935142,2.4998977780220244,2.5001022219779756,20.444395595120568,N,,simulated
CC-PT,pressure,5242.003062794,1780039930.9035292,1.354701084458957,,213.67527111473927,psi,,simulated
FI-PT,pressure,5242.003129756,1780039930.903596,1.7450543338125148,,311.2635834531287,psi,,simulated
thrust,thrust,5242.003177441,1780039930.9036436,2.499912083138476,2.500087916861524,17.583372304841305,N,,simulated
FM-FM,flow,5242.008725235,1780039930.9091916,1.634879903182972,,7.826999092340362,gallons_per_minute,,simulated
CC-PT,pressure,5242.013196821,1780039930.913663,1.358071131476299,,214.51778286907475,psi,,simulated
FI-PT,pressure,5242.013264117,1780039930.9137304,1.7482253012925746,,312.05632532314365,psi,,simulated
thrust,thrust,5242.01331582,1780039930.9137821,2.4999412894178974,2.5000587105821026,11.742116420521143,N,,simulated
CC-PT,pressure,5242.023332812,1780039930.923799,1.3508565844126443,,212.71414610316108,psi,,simulated
FI-PT,pressure,5242.023396348,1780039930.9238625,1.7377181932590238,,309.42954831475595,psi,,simulated
thrust,thrust,5242.023443995,1780039930.9239101,2.4999806284881387,2.5000193715118613,3.874302372253169,N,,simulated
CC-PT,pressure,5242.033464413,1780039930.9339306,1.3453717643465715,,211.34294108664287,psi,,simulated
FI-PT,pressure,5242.033534523,1780039930.9340007,1.7440923147311584,,311.0230786827896,psi,,simulated
thrust,thrust,5242.033586837,1780039930.9340532,2.500020563604899,2.499979436395101,4.112720979776441,N,,simulated
CC-PT,pressure,5242.043600755,1780039930.944067,1.3404174256822379,,210.10435642055947,psi,,simulated
FI-PT,pressure,5242.043663698,1780039930.9441297,1.7403437781743738,,310.0859445435934,psi,,simulated
thrust,thrust,5242.043711068,1780039930.9441774,2.500045597558689,2.499954402441311,9.119511737765151,N,,simulated
FM-FM,flow,5242.048876052,1780039930.9493423,1.6357572836586576,,7.835224534299915,gallons_per_minute,,simulated
CC-PT,pressure,5242.053760596,1780039930.9542277,1.3462872917994608,,211.5718229498652,psi,,simulated
FI-PT,pressure,5242.053867058,1780039930.954333,1.7346551101988685,,308.6637775497171,psi,,simulated
thrust,thrust,5242.053927038,1780039930.9543934,2.500085532675449,2.499914467324551,17.10653508979476,N,,simulated
tank_temp,temperature,5242.057507711,1780039930.957974,,,21.918466629489554,°C,,simulated
CC-PT,pressure,5242.063925141,1780039930.9643915,1.342138808028556,,210.53470200713897,psi,,simulated
FI-PT,pressure,5242.063990492,1780039930.9644568,1.7418082644710855,,310.4520661177714,psi,,simulated
thrust,thrust,5242.064078899,1780039930.964545,2.5001052022105696,2.4998947977894304,21.040442113928748,N,,simulated
CC-PT,pressure,5242.074060076,1780039930.9745264,1.3486565767117233,,212.16414417793084,psi,,simulated
FI-PT,pressure,5242.07413189,1780039930.9745982,1.740983336089055,,310.24583402226375,psi,,simulated
thrust,thrust,5242.0741865,1780039930.9746528,2.500129044071322,2.499870955928678,25.808814264394186,N,,simulated
CC-PT,pressure,5242.084203251,1780039930.9846694,1.3443680220088985,,211.09200550222462,psi,,simulated
FI-PT,pressure,5242.084266676,1780039930.9847329,1.7325212636615352,,308.1303159153838,psi,,simulated
thrust,thrust,5242.084315583,1780039930.9847817,2.500151097792518,2.499848902207482,30.219558503574717,N,,simulated
FM-FM,flow,5242.089023426,1780039930.98949,1.6022111895336137,,7.520729901877628,gallons_per_minute,,simulated
CC-PT,pressure,5242.094333982,1780039930.9948,1.3498582064936406,,212.46455162341016,psi,,simulated
FI-PT,pressure,5242.094402481,1780039930.9948688,1.735840646724778,,308.9601616811945,psi,,simulated
thrust,thrust,5242.094454647,1780039930.994921,2.500209510351361,2.499790489648639,41.90207027221504,N,,simulated
CC-PT,pressure,5242.104467694,1780039931.0049338,1.334925453057939,,208.73136326448477,psi,,simulated
FI-PT,pressure,5242.104530101,1780039931.0049963,1.7304911292184746,,307.6227823046186,psi,,simulated
thrust,thrust,5242.104576359,1780039931.0050423,2.500234544305151,2.499765455694849,46.90886103020375,N,,simulated
CC-PT,pressure,5242.114596888,1780039931.015063,1.3362594051670318,,209.06485129175795,psi,,simulated
FI-PT,pressure,5242.114661165,1780039931.0151272,1.7366226597574543,,309.1556649393636,psi,,simulated
thrust,thrust,5242.114710609,1780039931.015177,2.500256598026347,2.499743401973653,51.31960526938428,N,,simulated
CC-PT,pressure,5242.12472923,1780039931.0251954,1.332175890466677,,208.04397261666924,psi,,simulated
FI-PT,pressure,5242.124790489,1780039931.0252566,1.7384680197796845,,309.6170049449211,psi,,simulated
thrust,thrust,5242.124837358,1780039931.0253036,2.500297129189626,2.499702870810374,59.42583792517553,N,,simulated
FM-FM,flow,5242.12917578,1780039931.0296419,1.589833091477524,,7.404685232601787,gallons_per_minute,,simulated
CC-PT,pressure,5242.134858257,1780039931.0353243,1.3401503968418118,,210.03759921045295,psi,,simulated
FI-PT,pressure,5242.13492459,1780039931.0353906,1.7328961769218656,,308.2240442304664,psi,,simulated
thrust,thrust,5242.134977237,1780039931.0354435,2.500312626399115,2.499687373600885,62.525279822978064,N,,simulated
CC-PT,pressure,5242.144990896,1780039931.0454571,1.3313652672010978,,207.84131680027446,psi,,simulated
FI-PT,pressure,5242.145052728,1780039931.0455189,1.7276432189516089,,306.9108047379022,psi,,simulated
thrust,thrust,5242.145099616,1780039931.0455656,2.5003638863997324,2.4996361136002676,72.77727994647876,N,,simulated
CC-PT,pressure,5242.155149756,1780039931.0556166,1.346898835527758,,211.7247088819395,psi,,simulated
FI-PT,pressure,5242.155255828,1780039931.055722,1.7429389647172646,,310.73474117931613,psi,,simulated
thrust,thrust,5242.155318439,1780039931.0557847,2.500393688725673,2.499606311274327,78.73774513456056,N,,simulated
tank_temp,temperature,5242.157681702,1780039931.058148,,,21.917426257384033,°C,,simulated
CC-PT,pressure,5242.165312894,1780039931.0657792,1.3374514982046481,,209.36287455116204,psi,,simulated
FI-PT,pressure,5242.165376448,1780039931.0658426,1.7465557749933927,,311.63894374834814,psi,,simulated
thrust,thrust,5242.165425448,1780039931.0658915,2.500424087098132,2.499575912901868,84.81741962640399,N,,simulated
FM-FM,flow,5242.16931919,1780039931.0697856,1.59477133688585,,7.450981283304843,gallons_per_minute,,simulated
CC-PT,pressure,5242.175443847,1780039931.07591,1.336634914473881,,209.15872861847024,psi,,simulated
FI-PT,pressure,5242.175512938,1780039931.075979,1.7335500399529982,,308.3875099882495,psi,,simulated
thrust,thrust,5242.175566993,1780039931.0760334,2.500437200121546,2.499562799878454,87.44002430915998,N,,simulated
CC-PT,pressure,5242.185579578,1780039931.0860457,1.3390739368288442,,209.76848420721106,psi,,simulated
FI-PT,pressure,5242.185642392,1780039931.0861087,1.7394997763037414,,309.87494407593533,psi,,simulated
thrust,thrust,5242.185690576,1780039931.0861568,2.500483691750013,2.499516308249987,96.73835000256759,N,,simulated
CC-PT,pressure,5242.195708994,1780039931.0961752,1.3306881583557317,,207.67203958893293,psi,,simulated
FI-PT,pressure,5242.19577553,1780039931.0962417,1.7351063174136063,,308.7765793534016,psi,,simulated
thrust,thrust,5242.19582814,1780039931.0962944,2.5005057454712087,2.4994942545287913,101.14909424174812,N,,simulated
CC-PT,pressure,5242.20585815,1780039931.1063244,1.3340820472338255,,208.52051180845638,psi,,simulated
FI-PT,pressure,5242.205930705,1780039931.106397,1.7233606247139721,,305.84015617849303,psi,,simulated
thrust,thrust,5242.205980093,1780039931.1064463,2.5005409122158184,2.4994590877841816,108.18244316368464,N,,simulated
FM-FM,flow,5242.209484193,1780039931.1099505,1.6005041123037471,,7.504726052847628,gallons_per_minute,,simulated
CC-PT,pressure,5242.21599864,1780039931.1164649,1.3285251055389768,,207.1312763847442,psi,,simulated
FI-PT,pressure,5242.216100268,1780039931.1165664,1.7519076766857715,,312.9769191714429,psi,,simulated
thrust,thrust,5242.216156082,1780039931.1166224,2.500535547797149,2.499464452202851,107.10955942982991,N,,simulated
CC-PT,pressure,5242.226175537,1780039931.1266418,1.3328148523348393,,208.20371308370983,psi,,simulated
FI-PT,pressure,5242.226243944,1780039931.1267102,1.741011350275439,,310.2528375688597,psi,,simulated
thrust,thrust,5242.226293443,1780039931.1267598,2.5005874038442855,2.4994125961557145,117.48076885709224,N,,simulated
CC-PT,pressure,5242.236316823,1780039931.1367831,1.3223309901155222,,205.58274752888056,psi,,simulated
FI-PT,pressure,5242.236388674,1780039931.136855,1.730877963409181,,307.7194908522953,psi,,simulated
thrust,thrust,5242.236441544,1780039931.1369078,2.500616610123707,2.499383389876293,123.3220247414124,N,,simulated
CC-PT,pressure,5242.246456462,1780039931.1469228,1.3220752861589535,,205.51882153973838,psi,,simulated
FI-PT,pressure,5242.246519961,1780039931.1469862,1.7469789680217465,,311.7447420054366,psi,,simulated
thrust,thrust,5242.246568145,1780039931.1470344,2.500626146868008,2.499373853131992,125.22937360159858,N,,simulated
FM-FM,flow,5242.252082366,1780039931.152549,1.6150953310841718,,7.641518728914109,gallons_per_minute,,simulated
CC-PT,pressure,5242.25660347,1780039931.1570702,1.3335360686225972,,208.3840171556493,psi,,simulated
FI-PT,pressure,5242.256691728,1780039931.157158,1.7437531642619566,,310.9382910654891,psi,,simulated
thrust,thrust,5242.25674945,1780039931.1572158,2.500663101752174,2.499336898247826,132.62035043482,N,,simulated
tank_temp,temperature,5242.257848268,1780039931.1583147,,,21.958694350904437,°C,,simulated
CC-PT,pressure,5242.266754978,1780039931.1672213,1.326539078538308,,206.634769634577,psi,,simulated
FI-PT,pressure,5242.266819533,1780039931.1672857,1.7479362187309524,,311.9840546827381,psi,,simulated
thrust,thrust,5242.266868514,1780039931.1673346,2.500678598961663,2.499321401038337,135.71979233262255,N,,simulated
CC-PT,pressure,5242.276886246,1780039931.1773524,1.3135428802422142,,203.38572006055355,psi,,simulated
FI-PT,pressure,5242.276956227,1780039931.1774223,1.74389144705432,,310.97286176358,psi,,simulated
thrust,thrust,5242.277009522,1780039931.177476,2.5007149577993104,2.4992850422006896,142.99155986208234,N,,simulated
CC-PT,pressure,5242.287031588,1780039931.1874983,1.319985547064012,,204.996386766003,psi,,simulated
FI-PT,pressure,5242.287103698,1780039931.1875699,1.7427160433192304,,310.67901082980757,psi,,simulated
thrust,thrust,5242.287155272,1780039931.1876216,2.5007203222179797,2.4992796777820203,144.06444359593706,N,,simulated
FM-FM,flow,5242.292267646,1780039931.192734,1.680491170941731,,8.254604727578727,gallons_per_minute,,simulated
CC-PT,pressure,5242.297172689,1780039931.197639,1.3206048393970538,,205.15120984926344,psi,,simulated
FI-PT,pressure,5242.297245985,1780039931.1977122,1.748189538501446,,312.04738462536153,psi,,simulated
thrust,thrust,5242.297301058,1780039931.1977673,2.500744760125251,2.499255239874749,148.95202505016414,N,,simulated
CC-PT,pressure,5242.30731405,1780039931.2077804,1.3221444275551353,,205.53610688878382,psi,,simulated
FI-PT,pressure,5242.307376975,1780039931.207843,1.7379607841921787,,309.49019604804465,psi,,simulated
thrust,thrust,5242.30742603,1780039931.2078922,2.500753700823033,2.499246299176967,150.74016460658868,N,,simulated
CC-PT,pressure,5242.317453206,1780039931.21792,1.3324202695393883,,208.10506738484708,psi,,simulated
FI-PT,pressure,5242.317538261,1780039931.2180045,1.7410804916716207,,310.27012291790516,psi,,simulated
thrust,thrust,5242.317594149,1780039931.2180603,2.5008055568701693,2.4991944431298307,161.111374033851,N,,simulated
CC-PT,pressure,5242.327607363,1780039931.2280738,1.323928990832447,,205.98224770811174,psi,,simulated
FI-PT,pressure,5242.327676121,1780039931.2281423,1.7331602255296976,,308.2900563824244,psi,,simulated
thrust,thrust,5242.327725287,1780039931.2281914,2.500796616172387,2.499203383827613,159.32323447742647,N,,simulated
FM-FM,flow,5242.332418611,1780039931.232885,1.6134931580416154,,7.626498356640143,gallons_per_minute,,simulated
CC-PT,pressure,5242.337741057,1780039931.2382073,1.3221313145317215,,205.53282863293038,psi,,simulated
FI-PT,pressure,5242.337808796,1780039931.238275,1.7328335920373907,,308.20839800934766,psi,,simulated
thrust,thrust,5242.337862296,1780039931.2383285,2.5008133054749138,2.4991866945250862,162.66109498275227,N,,simulated
CC-PT,pressure,5242.347878121,1780039931.2483444,1.3066585429499797,,201.66463573749493,psi,,simulated
FI-PT,pressure,5242.347942657,1780039931.2484088,1.7409982372520252,,310.2495593130063,psi,,simulated
thrust,thrust,5242.347991156,1780039931.2484574,2.5008323789635156,2.4991676210364844,166.47579270312463,N,,simulated
CC-PT,pressure,5242.358020166,1780039931.258487,1.3164760251612693,,204.11900629031732,psi,,simulated
FI-PT,pressure,5242.358128054,1780039931.2585943,1.7411615539981786,,310.29038849954463,psi,,simulated
thrust,thrust,5242.358188145,1780039931.2586544,2.500858605010343,2.499141394989657,171.7210020686366,N,,simulated
tank_temp,temperature,5242.358260867,1780039931.258727,,,21.915345513172934,°C,,simulated
CC-PT,pressure,5242.36819136,1780039931.2686577,1.324786701773012,,206.19667544325299,psi,,simulated
FI-PT,pressure,5242.368256451,1780039931.2687228,1.7302777445647413,,307.5694361411853,psi,,simulated
thrust,thrust,5242.368305543,1780039931.268772,2.500874698266351,2.499125301733649,174.93965327020078,N,,simulated
FM-FM,flow,5242.372579651,1780039931.2730458,1.656721431818179,,8.031763423295429,gallons_per_minute,,simulated
CC-PT,pressure,5242.37832335,1780039931.2787895,1.324404039907937,,206.10100997698427,psi,,simulated
FI-PT,pressure,5242.378391682,1780039931.278858,1.7420562198229097,,310.51405495572743,psi,,simulated
thrust,thrust,5242.378444385,1780039931.2789106,2.500893175708434,2.499106824291566,178.6351416868115,N,,simulated
CC-PT,pressure,5242.388461562,1780039931.2889278,1.3204957628841119,,205.12394072102796,psi,,simulated
FI-PT,pressure,5242.388523524,1780039931.2889898,1.7459096605670046,,311.4774151417511,psi,,simulated
thrust,thrust,5242.388571986,1780039931.2890382,2.500918209662224,2.499081790337776,183.6419324448002,N,,simulated
CC-PT,pressure,5242.39859233,1780039931.2990587,1.3056398994493366,,201.40997486233414,psi,,simulated
FI-PT,pressure,5242.39866281,1780039931.2991288,1.7323239722638097,,308.08099306595244,psi,,simulated
thrust,thrust,5242.398717032,1780039931.2991834,2.5009259582669685,2.4990740417330315,185.19165339370147,N,,simulated
CC-PT,pressure,5242.408729635,1780039931.3091958,1.3250656515438142,,206.26641288595354,psi,,simulated
FI-PT,pressure,5242.408794097,1780039931.3092604,1.7378457472140487,,309.4614368035122,psi,,simulated
thrust,thrust,5242.408841948,1780039931.309308,2.500914633383111,2.499085366616889,182.9266766222304,N,,simulated
FM-FM,flow,5242.412727987,1780039931.3131943,1.6704245412855796,,8.160230074552308,gallons_per_minute,,simulated
CC-PT,pressure,5242.418861125,1780039931.3193276,1.3095928799620724,,202.3982199905181,psi,,simulated
FI-PT,pressure,5242.418927791,1780039931.319394,1.7501904666650852,,312.54761666627127,psi,,simulated
thrust,thrust,5242.418978716,1780039931.3194447,2.5009414554764575,2.4990585445235425,188.291095291504,N,,simulated
CC-PT,pressure,5242.428993078,1780039931.3294594,1.3103921783437942,,202.59804458594854,psi,,simulated
FI-PT,pressure,5242.429055411,1780039931.3295217,1.734821407177616,,308.705351794404,psi,,simulated
thrust,thrust,5242.429101595,1780039931.3295677,2.500948608034683,2.499051391965317,189.72160693664364,N,,simulated
CC-PT,pressure,5242.43912379,1780039931.33959,1.3161768098088276,,204.0442024522069,psi,,simulated
FI-PT,pressure,5242.439192697,1780039931.3396587,1.7433645419316937,,310.8411354829234,psi,,simulated
thrust,thrust,5242.439244344,1780039931.3397105,2.5009670854767663,2.4990329145232337,193.41709535325435,N,,simulated
CC-PT,pressure,5242.44926028,1780039931.3497264,1.3035418157031318,,200.88545392578294,psi,,simulated
FI-PT,pressure,5242.449323187,1780039931.3497894,1.7446615391566203,,311.16538478915504,psi,,simulated
thrust,thrust,5242.449370297,1780039931.3498363,2.5009694696628415,2.4990305303371585,193.8939325683009,N,,simulated
FM-FM,flow,5242.45290699,1780039931.3533738,1.627045467739757,,7.75355126006022,gallons_per_minute,,simulated
tank_temp,temperature,5242.458428599,1780039931.3588948,,,21.956266815991437,°C,,simulated
CC-PT,pressure,5242.459395159,1780039931.3598616,1.3066960938806647,,201.67402347016616,psi,,simulated
FI-PT,pressure,5242.459471344,1780039931.3599374,1.7410322119035972,,310.2580529758993,psi,,simulated
thrust,thrust,5242.459527547,1780039931.3599937,2.5009885431514434,2.4990114568485566,197.70863028867325,N,,simulated
CC-PT,pressure,5242.469539372,1780039931.3700056,1.307658112962021,,201.91452824050526,psi,,simulated
FI-PT,pressure,5242.469603982,1780039931.3700702,1.740846245389729,,310.2115613474323,psi,,simulated
thrust,thrust,5242.469651352,1780039931.3701174,2.500983774779293,2.499016225220707,196.75495585858016,N,,simulated
CC-PT,pressure,5242.479671473,1780039931.3801377,1.3025386694119776,,200.6346673529944,psi,,simulated
FI-PT,pressure,5242.479743657,1780039931.38021,1.7433830193737767,,310.8457548434442,psi,,simulated
thrust,thrust,5242.479796675,1780039931.3802629,2.5010070205935264,2.4989929794064736,201.40411870528396,N,,simulated
CC-PT,pressure,5242.489811333,1780039931.3902776,1.306477344808262,,201.6193362020655,psi,,simulated
FI-PT,pressure,5242.489874277,1780039931.3903403,1.7417099167954821,,310.4274791988705,psi,,simulated
thrust,thrust,5242.489921091,1780039931.3903873,2.500983178732774,2.499016821267226,196.63574655481852,N,,simulated
FM-FM,flow,5242.493070548,1780039931.3935368,1.6447003656268555,,7.91906592775177,gallons_per_minute,,simulated
CC-PT,pressure,5242.499942472,1780039931.4004087,1.2997801661229333,,199.94504153073333,psi,,simulated
FI-PT,pressure,5242.500045322,1780039931.4005117,1.740890352832121,,310.22258820803023,psi,,simulated
thrust,thrust,5242.500101303,1780039931.4005673,2.5010070205935264,2.4989929794064736,201.40411870528396,N,,simulated
CC-PT,pressure,5242.510088832,1780039931.4105551,1.3009782196257378,,200.24455490643444,psi,,simulated
FI-PT,pressure,5242.510155257,1780039931.4106214,1.7311420120170131,,307.78550300425326,psi,,simulated
thrust,thrust,5242.510203867,1780039931.41067,2.5010070205935264,2.4989929794064736,201.40411870528396,N,,simulated
CC-PT,pressure,5242.520228229,1780039931.4206946,1.3071335920254699,,201.78339800636746,psi,,simulated
FI-PT,pressure,5242.520297562,1780039931.4207637,1.7414661337692896,,310.3665334423224,psi,,simulated
thrust,thrust,5242.520348839,1780039931.420815,2.500992715477075,2.499007284522925,198.5430954150047,N,,simulated
CC-PT,pressure,5242.530365516,1780039931.4308317,1.3119764699907863,,202.99411749769658,psi,,simulated
FI-PT,pressure,5242.530428274,1780039931.4308944,1.735272018345835,,308.81800458645876,psi,,simulated
thrust,thrust,5242.530477014,1780039931.4309433,2.5009873510584057,2.4990126489415943,197.47021168114998,N,,simulated
FM-FM,flow,5242.533224513,1780039931.4336905,1.6679491600929688,,8.137023375871582,gallons_per_minute,,simulated
CC-PT,pressure,5242.540500339,1780039931.4409666,1.2960828895667658,,199.02072239169144,psi,,simulated
FI-PT,pressure,5242.540569097,1780039931.4410353,1.748979300138867,,312.2448250347167,psi,,simulated
thrust,thrust,5242.540622319,1780039931.4410884,2.500993311523594,2.499006688476406,198.66230471876634,N,,simulated
CC-PT,pressure,5242.551986533,1780039931.4524531,1.2943287246619133,,198.58218116547832,psi,,simulated
FI-PT,pressure,5242.55211642,1780039931.4525826,1.7533018294932639,,313.32545737331594,psi,,simulated
thrust,thrust,5242.552171289,1780039931.4526374,2.501001656174857,2.498998343825143,200.33123497142924,N,,simulated
tank_temp,temperature,5242.558623701,1780039931.4590905,,,21.84234607043306,°C,,simulated
CC-PT,pressure,5242.562179392,1780039931.4626458,1.3028360966248629,,200.70902415621572,psi,,simulated
FI-PT,pressure,5242.562259725,1780039931.4627259,1.746672600111079,,311.66815002776974,psi,,simulated
thrust,thrust,5242.562314779,1780039931.462781,2.501011192919158,2.498988807080842,202.23858383161541,N,,simulated
CC-PT,pressure,5242.57232679,1780039931.472793,1.2899412262369663,,197.48530655924156,psi,,simulated
FI-PT,pressure,5242.572391826,1780039931.4728582,1.7270799549913352,,306.7699887478338,psi,,simulated
thrust,thrust,5242.572439418,1780039931.4729054,2.500977218267586,2.499022781732414,195.44365351720216,N,,simulated
FM-FM,flow,5242.573369812,1780039931.473836,1.642943220489409,,7.902592692088209,gallons_per_minute,,simulated
CC-PT,pressure,5242.582459372,1780039931.4829257,1.3012094856750354,,200.30237141875884,psi,,simulated
FI-PT,pressure,5242.58252926,1780039931.4829955,1.7459668810328102,,311.4917202582025,psi,,simulated
thrust,thrust,5242.582582056,1780039931.4830482,2.500983774779293,2.499016225220707,196.75495585858016,N,,simulated
CC-PT,pressure,5242.592595696,1780039931.4930618,1.2913908113707078,,197.84770284267694,psi,,simulated
FI-PT,pressure,5242.592658084,1780039931.4931242,1.7406793523644628,,310.1698380911157,psi,,simulated
thrust,thrust,5242.592705639,1780039931.4931717,2.500968277569804,2.499031722430196,193.65551396077763,N,,simulated
CC-PT,pressure,5242.602725186,1780039931.5031912,1.299573337980907,,199.89333449522672,psi,,simulated
FI-PT,pressure,5242.602792148,1780039931.5032585,1.733426062277086,,308.3565155692715,psi,,simulated
thrust,thrust,5242.602844314,1780039931.5033107,2.5009819866397365,2.4990180133602635,196.39732794729525,N,,simulated
CC-PT,pressure,5242.612860158,1780039931.5133264,1.2858195645594077,,196.45489113985192,psi,,simulated
FI-PT,pressure,5242.612921972,1780039931.5133884,1.7326488176165602,,308.16220440414,psi,,simulated
thrust,thrust,5242.612968582,1780039931.5134346,2.500967681523285,2.499032318476715,193.536304657016,N,,simulated
FM-FM,flow,5242.613532352,1780039931.5139985,1.6865887268291386,,8.311769314023174,gallons_per_minute,,simulated
CC-PT,pressure,5242.62299024,1780039931.5234566,1.2949378842041352,,198.7344710510338,psi,,simulated
FI-PT,pressure,5242.623058832,1780039931.5235248,1.746290534292523,,311.57263357313076,psi,,simulated
thrust,thrust,5242.623112257,1780039931.5235784,2.500958144778984,2.499041855221016,191.6289557968298,N,,simulated
CC-PT,pressure,5242.633125305,1780039931.5335915,1.2908674825271942,,197.71687063179854,psi,,simulated
FI-PT,pressure,5242.633188378,1780039931.5336545,1.736027209285165,,309.0068023212912,psi,,simulated
thrust,thrust,5242.633235581,1780039931.5337017,2.50095516454639,2.49904483545361,191.03290927802163,N,,simulated
CC-PT,pressure,5242.643258017,1780039931.5437243,1.2879176483056125,,196.97941207640312,psi,,simulated
FI-PT,pressure,5242.643327794,1780039931.543794,1.7394187139771835,,309.85467849429585,psi,,simulated
thrust,thrust,5242.643380071,1780039931.5438464,2.50094026338342,2.49905973661658,188.05267668398074,N,,simulated
CC-PT,pressure,5242.653454895,1780039931.5539217,1.2912167657872158,,197.80419144680394,psi,,simulated
FI-PT,pressure,5242.653549801,1780039931.554016,1.7402722525921168,,310.0680631480292,psi,,simulated
thrust,thrust,5242.653604448,1780039931.5540705,2.50094026338342,2.49905973661658,188.05267668398074,N,,simulated
FM-FM,flow,5242.653662448,1780039931.5541286,1.7089351068657763,,8.521266626866652,gallons_per_minute,,simulated
tank_temp,temperature,5242.658800525,1780039931.559267,,,22.034814909960936,°C,,simulated
CC-PT,pressure,5242.663609366,1780039931.5640757,1.2869365557356542,,196.73413893391356,psi,,simulated
FI-PT,pressure,5242.663678106,1780039931.5641444,1.7455115014924407,,311.37787537311016,psi,,simulated
thrust,thrust,5242.663732716,1780039931.564199,2.5009104610574795,2.4990895389425205,182.09221149589894,N,,simulated
CC-PT,pressure,5242.673746634,1780039931.5742128,1.289898310887612,,197.47457772190302,psi,,simulated
FI-PT,pressure,5242.673810355,1780039931.5742767,1.7237766651841002,,305.94416629602506,psi,,simulated
thrust,thrust,5242.67385904,1780039931.5743253,2.500893771754953,2.499106228245047,178.75435099057313,N,,simulated
CC-PT,pressure,5242.683877143,1780039931.5843432,1.2894429313472426,,197.36073283681066,psi,,simulated
FI-PT,pressure,5242.683945327,1780039931.5844116,1.7471941408150362,,311.79853520375906,psi,,simulated
thrust,thrust,5242.683998623,1780039931.5844648,2.5008854271036896,2.4991145728963104,177.08542073791023,N,,simulated
FM-FM,flow,5242.693825432,1780039931.5942917,1.665466030295614,,8.11374403402138,gallons_per_minute,,simulated
CC-PT,pressure,5242.694099261,1780039931.5945656,1.2789769505234896,,194.7442376308724,psi,,simulated
FI-PT,pressure,5242.694164297,1780039931.5946305,1.7349215429927758,,308.73038574819395,psi,,simulated
thrust,thrust,5242.694213686,1780039931.5946798,2.5008699298942005,2.4991300701057995,173.9859788401077,N,,simulated
CC-PT,pressure,5242.704245603,1780039931.6047122,1.2849439722232785,,196.23599305581962,psi,,simulated
FI-PT,pressure,5242.704332602,1780039931.6047988,1.7373253986031292,,309.3313496507823,psi,,simulated
thrust,thrust,5242.704389471,1780039931.6048555,2.5008663536150877,2.4991336463849123,173.27072301753788,N,,simulated
CC-PT,pressure,5242.714405352,1780039931.6148715,1.279324445643955,,194.83111141098874,psi,,simulated
FI-PT,pressure,5242.714480073,1780039931.6149464,1.7434396437930635,,310.85991094826585,psi,,simulated
thrust,thrust,5242.714532924,1780039931.614999,2.5008329750100344,2.4991670249899656,166.59500200688626,N,,simulated
CC-PT,pressure,5242.724549842,1780039931.625016,1.279716048206812,,194.92901205170298,psi,,simulated
FI-PT,pressure,5242.724640489,1780039931.6251066,1.741900055634982,,310.4750139087455,psi,,simulated
thrust,thrust,5242.724705433,1780039931.6251714,2.5008139015214326,2.4991860984785674,162.7803042865139,N,,simulated
FM-FM,flow,5242.733977379,1780039931.6344438,1.652219492461621,,7.989557741827696,gallons_per_minute,,simulated
CC-PT,pressure,5242.734704999,1780039931.6351712,1.2792421912243592,,194.8105478060898,psi,,simulated
FI-PT,pressure,5242.734767553,1780039931.6352339,1.7257966668363411,,306.44916670908526,psi,,simulated
thrust,thrust,5242.734816497,1780039931.6352828,2.500793635939793,2.499206364060207,158.7271879586183,N,,simulated
CC-PT,pressure,5242.744835804,1780039931.645302,1.2792290782009454,,194.80726955023636,psi,,simulated
FI-PT,pressure,5242.744905136,1780039931.6453714,1.7432495049535637,,310.8123762383909,psi,,simulated
thrust,thrust,5242.744958376,1780039931.6454244,2.5007733703581536,2.4992266296418464,154.67407163072266,N,,simulated
CC-PT,pressure,5242.755000404,1780039931.6554673,1.277397427248648,,194.34935681216197,psi,,simulated
FI-PT,pressure,5242.755095681,1780039931.655562,1.7386802123403802,,309.67005308509505,psi,,simulated
thrust,thrust,5242.755150032,1780039931.6556163,2.500741183846138,2.499258816153862,148.23676922759432,N,,simulated
tank_temp,temperature,5242.758972479,1780039931.6594388,,,22.004123932847044,°C,,simulated
CC-PT,pressure,5242.765153765,1780039931.6656199,1.2683792434190801,,192.09481085477003,psi,,simulated
FI-PT,pressure,5242.765229708,1780039931.6656957,1.7333753983229874,,308.34384958074685,psi,,simulated
thrust,thrust,5242.765284744,1780039931.665751,2.500740587799619,2.499259412200381,148.1175599238327,N,,simulated
FM-FM,flow,5242.774130308,1780039931.6745965,1.6855736596076083,,8.302253058821327,gallons_per_minute,,simulated
CC-PT,pressure,5242.775295532,1780039931.6757617,1.282599721264806,,195.64993031620148,psi,,simulated
FI-PT,pressure,5242.77535755,1780039931.6758237,1.735847203236485,,308.9618008091212,psi,,simulated
thrust,thrust,5242.775404864,1780039931.675871,2.500722110357536,2.499277889642464,144.42207150722197,N,,simulated
CC-PT,pressure,5242.785424597,1780039931.685891,1.275939497463643,,193.98487436591077,psi,,simulated
FI-PT,pressure,5242.785494762,1780039931.685961,1.7299040233974485,,307.47600584936214,psi,,simulated
thrust,thrust,5242.785549132,1780039931.6860151,2.5006964803572274,2.4993035196427726,139.29607144547163,N,,simulated
CC-PT,pressure,5242.79556079,1780039931.696027,1.2737824051120763,,193.44560127801907,psi,,simulated
FI-PT,pressure,5242.795622512,1780039931.6960886,1.744143574731776,,311.035893682944,psi,,simulated
thrust,thrust,5242.795668993,1780039931.6961353,2.5006642938452117,2.4993357061547883,132.85876904234328,N,,simulated
CC-PT,pressure,5242.805691447,1780039931.7061577,1.2760408253718405,,194.01020634296012,psi,,simulated
FI-PT,pressure,5242.805761261,1780039931.7062275,1.7482628522232595,,312.06571305581485,psi,,simulated
thrust,thrust,5242.805814482,1780039931.7062807,2.500656545240467,2.499343454759533,131.30904809344202,N,,simulated
FM-FM,flow,5242.814280014,1780039931.7147465,1.683281264696272,,8.28076185652755,gallons_per_minute,,simulated
CC-PT,pressure,5242.815828974,1780039931.7162952,1.265462191756033,,191.36554793900822,psi,,simulated
FI-PT,pressure,5242.815889381,1780039931.7163556,1.7355730218378331,,308.89325545945826,psi,,simulated
thrust,thrust,5242.815935936,1780039931.7164023,2.5006303191936397,2.4993696808063603,126.06383872793003,N,,simulated
CC-PT,pressure,5242.825960316,1780039931.7264266,1.2810142375247762,,195.25355938119404,psi,,simulated
FI-PT,pressure,5242.826027852,1780039931.7264938,1.736486761151166,,309.1216902877915,psi,,simulated
thrust,thrust,5242.826081277,1780039931.7265475,2.5006005168676992,2.4993994831323008,120.10337353984823,N,,simulated
CC-PT,pressure,5242.836096862,1780039931.7365632,1.2724389162586827,,193.10972906467066,psi,,simulated
FI-PT,pressure,5242.83616012,1780039931.7366264,1.7305155671257457,,307.62889178143644,psi,,simulated
thrust,thrust,5242.83620999,1780039931.736676,2.5005784631465033,2.4994215368534967,115.6926293006677,N,,simulated
CC-PT,pressure,5242.846226852,1780039931.7466931,1.275321397223639,,193.83034930590975,psi,,simulated
FI-PT,pressure,5242.846293962,1780039931.7467601,1.7349728029933933,,308.74320074834833,psi,,simulated
thrust,thrust,5242.846346813,1780039931.7468128,2.5005444884949313,2.4994555115050687,108.89769898625445,N,,simulated
FM-FM,flow,5242.854464609,1780039931.7549317,1.663418014456989,,8.094543885534272,gallons_per_minute,,simulated
CC-PT,pressure,5242.85637062,1780039931.756837,1.2734241811542726,,193.35604528856814,psi,,simulated
FI-PT,pressure,5242.856440248,1780039931.7569065,1.7330434004120112,,308.2608501030028,psi,,simulated
thrust,thrust,5242.856492414,1780039931.7569587,2.5005224347737354,2.4994775652262646,104.48695474707392,N,,simulated
tank_temp,temperature,5242.859136526,1780039931.7596028,,,21.88309397790067,°C,,simulated
CC-PT,pressure,5242.866508165,1780039931.7669744,1.2687476001677036,,192.1869000419259,psi,,simulated
FI-PT,pressure,5242.866578646,1780039931.7670448,1.7392452644402103,,309.8113161100526,psi,,simulated
thrust,thrust,5242.866633682,1780039931.7670999,2.500496208726908,2.499503791273092,99.24174538156194,N,,simulated
CC-PT,pressure,5242.876645841,1780039931.777112,1.257394702123964,,189.348675530991,psi,,simulated
FI-PT,pressure,5242.876708914,1780039931.777175,1.7494865357263727,,312.3716339315932,psi,,simulated
thrust,thrust,5242.876757802,1780039931.7772238,2.500451505237997,2.499548494762003,90.30104759943924,N,,simulated
CC-PT,pressure,5242.886776386,1780039931.7872427,1.2642987089513193,,191.07467723782983,psi,,simulated
FI-PT,pressure,5242.886846459,1780039931.7873127,1.7453171903273093,,311.3292975818273,psi,,simulated
thrust,thrust,5242.88689994,1780039931.7873662,2.50043004756332,2.49956995243668,86.00951266402035,N,,simulated
FM-FM,flow,5242.894630815,1780039931.795097,1.6795333241860062,,8.245624914243807,gallons_per_minute,,simulated
CC-PT,pressure,5242.896913765,1780039931.7973802,1.265347154777903,,191.33678869447573,psi,,simulated
FI-PT,pressure,5242.89697545,1780039931.7974415,1.7448075705537283,,311.20189263843207,psi,,simulated
thrust,thrust,5242.89702319,1780039931.7974894,2.500399053144342,2.499600946855658,79.81062886841528,N,,simulated
CC-PT,pressure,5242.907041941,1780039931.8075082,1.2512560190267585,,187.81400475668963,psi,,simulated
FI-PT,pressure,5242.907108254,1780039931.8075745,1.7330523411097933,,308.26308527744834,psi,,simulated
thrust,thrust,5242.907159661,1780039931.8076258,2.500380575702259,2.499619424297741,76.11514045180456,N,,simulated
CC-PT,pressure,5242.917175375,1780039931.8176415,1.2677605471325573,,191.9401367831393,psi,,simulated
FI-PT,pressure,5242.917235467,1780039931.8177016,1.7438330344954769,,310.9582586238692,psi,,simulated
thrust,thrust,5242.917282114,1780039931.8177483,2.500321567096897,2.499678432903103,64.3134193794026,N,,simulated
CC-PT,pressure,5242.927302551,1780039931.8277688,1.2594313930787315,,189.85784826968288,psi,,simulated
FI-PT,pressure,5242.927369235,1780039931.8278353,1.7344405334520976,,308.6101333630244,psi,,simulated
thrust,thrust,5242.927419364,1780039931.8278856,2.5003197789573406,2.4996802210426594,63.955791468117695,N,,simulated
FM-FM,flow,5242.934778244,1780039931.8352447,1.6874875649795014,,8.320195921682824,gallons_per_minute,,simulated
CC-PT,pressure,5242.937436189,1780039931.8379023,1.2647236901192296,,191.1809225298074,psi,,simulated
FI-PT,pressure,5242.937497558,1780039931.8379638,1.7333777825090626,,308.34444562726566,psi,,simulated
thrust,thrust,5242.937544521,1780039931.8380105,2.5002864003522873,2.4997135996477127,57.28007045746608,N,,simulated
CC-PT,pressure,5242.947602604,1780039931.8480697,1.2645520287218128,,191.1380071804532,psi,,simulated
FI-PT,pressure,5242.947723047,1780039931.848189,1.7430241993694542,,310.75604984236355,psi,,simulated
thrust,thrust,5242.947779176,1780039931.8482451,2.500253617793753,2.499746382206247,50.7235587505761,N,,simulated
CC-PT,pressure,5242.957800242,1780039931.858267,1.2644846754651875,,191.12116886629687,psi,,simulated
FI-PT,pressure,5242.957898277,1780039931.8583643,1.7379542276804718,,309.48855692011796,psi,,simulated
thrust,thrust,5242.957953499,1780039931.8584197,2.500228583839963,2.499771416160037,45.71676799258739,N,,simulated
tank_temp,temperature,5242.959315351,1780039931.859782,,,21.767265883482082,°C,,simulated
CC-PT,pressure,5242.967957065,1780039931.8684235,1.2558640546636646,,188.96601366591614,psi,,simulated
FI-PT,pressure,5242.968089693,1780039931.868556,1.753406733680574,,313.3516834201435,psi,,simulated
thrust,thrust,5242.968146729,1780039931.8686128,2.500178515932383,2.499821484067617,35.70318647660997,N,,simulated
FM-FM,flow,5242.97492945,1780039931.8753958,1.6995414137293594,,8.433200753712743,gallons_per_minute,,simulated
CC-PT,pressure,5242.978100573,1780039931.878567,1.256798059558637,,189.19951488965924,psi,,simulated
FI-PT,pressure,5242.978166517,1780039931.8786328,1.739566533513848,,309.89163337846196,psi,,simulated
thrust,thrust,5242.978215072,1780039931.8786814,2.5001642108159317,2.4998357891840683,32.84216318633071,N,,simulated
CC-PT,pressure,5242.988236415,1780039931.8887026,1.2490655480701385,,187.2663870175346,psi,,simulated
FI-PT,pressure,5242.988304377,1780039931.8887706,1.7365129871979936,,309.1282467994984,psi,,simulated
thrust,thrust,5242.988356951,1780039931.888823,2.500123083606134,2.499876916393866,24.616721226777827,N,,simulated
CC-PT,pressure,5242.998372313,1780039931.8988385,1.2603934121600882,,190.09835304002203,psi,,simulated
FI-PT,pressure,5242.998434738,1780039931.898901,1.7427601507616222,,310.6900376904055,psi,,simulated
thrust,thrust,5242.998482052,1780039931.8989482,2.5000932812801935,2.4999067187198065,18.65625603869603,N,,simulated
CC-PT,pressure,5243.008520766,1780039931.908987,1.26096263658555,,190.2406591463875,psi,,simulated
FI-PT,pressure,5243.00860269,1780039931.909069,1.7312469162043234,,307.8117290510808,psi,,simulated
thrust,thrust,5243.008657542,1780039931.909124,2.5000807643032985,2.4999192356967015,16.152860659701673,N,,simulated
FM-FM,flow,5243.015087601,1780039931.9155538,1.7162843604426814,,8.590165879150137,gallons_per_minute,,simulated
CC-PT,pressure,5243.018663959,1780039931.91913,1.2525434795073842,,188.13586987684604,psi,,simulated
FI-PT,pressure,5243.018726755,1780039931.9191928,1.742210595871281,,310.55264896782023,psi,,simulated
thrust,thrust,5243.018776513,1780039931.9192429,2.5000318884887562,2.4999681115112438,6.377697751247524,N,,simulated
CC-PT,pressure,5243.028796024,1780039931.9292622,1.2468315657176454,,186.70789142941135,psi,,simulated
FI-PT,pressure,5243.028866615,1780039931.929333,1.7474230226782586,,311.85575566956464,psi,,simulated
thrust,thrust,5243.028923392,1780039931.9293895,2.500014007093192,2.499985992906808,2.801418638398445,N,,simulated
CC-PT,pressure,5243.038933402,1780039931.9393997,1.2548924988380072,,188.7231247095018,psi,,simulated
FI-PT,pressure,5243.038997587,1780039931.9394636,1.7371513530196372,,309.2878382549093,psi,,simulated
thrust,thrust,5243.039044568,1780039931.9395108,2.4999716877903566,2.5000283122096434,5.662441928677708,N,,simulated
CC-PT,pressure,5243.04906793,1780039931.9495342,1.2523688378773734,,188.09220946934335,psi,,simulated
FI-PT,pressure,5243.049140706,1780039931.949607,1.7348011415959765,,308.70028539899414,psi,,simulated
thrust,thrust,5243.049193669,1780039931.9496598,2.4999371170922657,2.5000628829077343,12.576581546852594,N,,simulated
FM-FM,flow,5243.055265363,1780039931.9557326,1.684801183319233,,8.295011093617807,gallons_per_minute,,simulated
CC-PT,pressure,5243.059211494,1780039931.9596777,1.2565632172302266,,189.14080430755664,psi,,simulated
FI-PT,pressure,5243.059281752,1780039931.959748,1.74455663496931,,311.1391587423275,psi,,simulated
thrust,thrust,5243.059332936,1780039931.959799,2.4999043345337313,2.5000956654662687,19.133093253742572,N,,simulated
tank_temp,temperature,5243.05939488,1780039931.959861,,,21.994760583897,°C,,simulated
CC-PT,pressure,5243.06935115,1780039931.9698174,1.2461341912906398,,186.53354782265995,psi,,simulated
FI-PT,pressure,5243.069422501,1780039931.9698887,1.7310084975968,,307.7521243992,psi,,simulated
thrust,thrust,5243.06947613,1780039931.9699423,2.4998626112774147,2.5001373887225853,27.47774451705709,N,,simulated
CC-PT,pressure,5243.07949014,1780039931.9799564,1.2442602210355067,,186.06505525887667,psi,,simulated
FI-PT,pressure,5243.079552491,1780039931.9800186,1.7398824381688163,,309.97060954220404,psi,,simulated
thrust,thrust,5243.079599898,1780039931.980066,2.4998417496492564,2.5001582503507436,31.65007014871435,N,,simulated
CC-PT,pressure,5243.089619927,1780039931.990086,1.238311676777801,,184.57791919445026,psi,,simulated
FI-PT,pressure,5243.089688333,1780039931.9901545,1.7343934457771117,,308.59836144427794,psi,,simulated
thrust,thrust,5243.089741184,1780039931.9902074,2.49981492755591,2.50018507244409,37.01448881798797,N,,simulated
FM-FM,flow,5243.095444143,1780039931.9959102,1.670575341054838,,8.161643822389106,gallons_per_minute,,simulated
CC-PT,pressure,5243.099755658,1780039932.000222,1.2419028570536204,,185.47571426340508,psi,,simulated
FI-PT,pressure,5243.099816953,1780039932.0002832,1.739261953742737,,309.81548843568424,psi,,simulated
thrust,thrust,5243.099862638,1780039932.0003288,2.499796450113827,2.500203549886173,40.70997723459868,N,,simulated
CC-PT,pressure,5243.109886296,1780039932.0103526,1.259196550750321,,189.79913768758027,psi,,simulated
FI-PT,pressure,5243.109953258,1780039932.0104194,1.732655374128267,,308.1638435320668,psi,,simulated
thrust,thrust,5243.110004517,1780039932.0104706,2.499758899183142,2.500241100816858,48.22016337158175,N,,simulated
CC-PT,pressure,5243.120051415,1780039932.0205176,1.2458004052401073,,186.4501013100268,psi,,simulated
FI-PT,pressure,5243.120114229,1780039932.0205803,1.740917770971986,,310.2294427429965,psi,,simulated
thrust,thrust,5243.120163506,1780039932.0206296,2.4997290968572017,2.5002709031427983,54.180628559663546,N,,simulated
CC-PT,pressure,5243.130184257,1780039932.0306506,1.2443418794085834,,186.08546985214585,psi,,simulated
FI-PT,pressure,5243.130255997,1780039932.0307224,1.7405571628281071,,310.13929070702676,psi,,simulated
thrust,thrust,5243.130309274,1780039932.0307753,2.499681413135697,2.500318586864303,63.71737286059442,N,,simulated
FM-FM,flow,5243.135588646,1780039932.0360548,1.6667964061255938,,8.126216307427441,gallons_per_minute,,simulated
CC-PT,pressure,5243.140326618,1780039932.040793,1.2453813845373851,,186.34534613434627,psi,,simulated
FI-PT,pressure,5243.140388469,1780039932.0408547,1.7476244864016157,,311.90612160040394,psi,,simulated
thrust,thrust,5243.140437672,1780039932.0409036,2.4996528029027942,2.5003471970972058,69.43941944115295,N,,simulated
CC-PT,pressure,5243.151959383,1780039932.0524263,1.2384380386397884,,184.6095096599471,psi,,simulated
FI-PT,pressure,5243.152094307,1780039932.0525606,1.734790412758638,,308.6976031896595,psi,,simulated
thrust,thrust,5243.152155529,1780039932.0526216,2.4996295570885607,2.5003704429114393,74.08858228785675,N,,simulated
tank_temp,temperature,5243.159577056,1780039932.0600438,,,22.10417305033134,°C,,simulated
CC-PT,pressure,5243.16215691,1780039932.0626233,1.2385244653850156,,184.6311163462539,psi,,simulated
FI-PT,pressure,5243.162224372,1780039932.0626905,1.739534943048351,,309.8837357620878,psi,,simulated
thrust,thrust,5243.162273927,1780039932.0627398,2.4996015429021767,2.5003984570978233,79.69141956465364,N,,simulated
CC-PT,pressure,5243.172296289,1780039932.0727627,1.2423463156636136,,185.5865789159034,psi,,simulated
FI-PT,pressure,5243.172368732,1780039932.072835,1.726210323120394,,306.5525807800985,psi,,simulated
thrust,thrust,5243.172423657,1780039932.0728898,2.499557435459785,2.500442564540215,88.5129080430147,N,,simulated
FM-FM,flow,5243.175741871,1780039932.076208,1.7438133649603562,,8.848250296503338,gallons_per_minute,,simulated
CC-PT,pressure,5243.182435353,1780039932.0829015,1.243221311953224,,185.805327988306,psi,,simulated
FI-PT,pressure,5243.182497611,1780039932.0829637,1.731959787840818,,307.98994696020446,psi,,simulated
thrust,thrust,5243.182545259,1780039932.0830114,2.4995490908085216,2.5004509091914784,90.18183829567761,N,,simulated
CC-PT,pressure,5243.192564398,1780039932.0930307,1.2361510081471214,,184.03775203678035,psi,,simulated
FI-PT,pressure,5243.192634175,1780039932.0931003,1.7381795332645813,,309.54488331614533,psi,,simulated
thrust,thrust,5243.192685915,1780039932.093152,2.49950498336613,2.50049501663387,99.00332677403867,N,,simulated
CC-PT,pressure,5243.202721092,1780039932.1031878,1.2497998773813102,,187.44996934532753,psi,,simulated
FI-PT,pressure,5243.202806924,1780039932.1032732,1.7282625112846506,,307.06562782116265,psi,,simulated
thrust,thrust,5243.202860035,1780039932.1033263,2.499485909877528,2.500514090122472,102.81802449441102,N,,simulated
CC-PT,pressure,5243.212878823,1780039932.113345,1.2422390272902282,,185.55975682255703,psi,,simulated
FI-PT,pressure,5243.212964599,1780039932.1134307,1.7357273978862044,,308.9318494715511,psi,,simulated
thrust,thrust,5243.213021765,1780039932.113488,2.499451935225956,2.500548064774044,109.61295480882427,N,,simulated
FM-FM,flow,5243.215891263,1780039932.1163576,1.6985168097635281,,8.423595091533077,gallons_per_minute,,simulated
CC-PT,pressure,5243.223028738,1780039932.1234949,1.238162665148099,,184.54066628702475,psi,,simulated
FI-PT,pressure,5243.223094941,1780039932.123561,1.7308737910835494,,307.71844777088734,psi,,simulated
thrust,thrust,5243.223143903,1780039932.12361,2.4994370340629857,2.5005629659370143,112.59318740286517,N,,simulated
CC-PT,pressure,5243.233173451,1780039932.13364,1.2395109223736431,,184.87773059341077,psi,,simulated
FI-PT,pressure,5243.233259172,1780039932.1337254,1.7390312837399582,,309.7578209349895,psi,,simulated
thrust,thrust,5243.233317208,1780039932.1337833,2.4994125961557145,2.5005874038442855,117.48076885709224,N,,simulated
CC-PT,pressure,5243.243324718,1780039932.1437912,1.2361873669847687,,184.04684174619217,psi,,simulated
FI-PT,pressure,5243.243390291,1780039932.1438563,1.7396446156078118,,309.91115390195296,psi,,simulated
thrust,thrust,5243.243439235,1780039932.1439052,2.499388754294962,2.500611245705038,122.24914100755768,N,,simulated
CC-PT,pressure,5243.253491504,1780039932.1539586,1.2365545316403546,,184.13863291008863,psi,,simulated
FI-PT,pressure,5243.253605503,1780039932.1540718,1.7330982366917416,,308.27455917293537,psi,,simulated
thrust,thrust,5243.253701557,1780039932.154168,2.499345242899089,2.500654757100911,130.9514201821571,N,,simulated
FM-FM,flow,5243.256087209,1780039932.1565537,1.7017432095698368,,8.453842589717219,gallons_per_minute,,simulated
tank_temp,temperature,5243.259752751,1780039932.1602192,,,21.918293234138666,°C,,simulated
CC-PT,pressure,5243.263659883,1780039932.1641262,1.2348879855737669,,183.7219963934417,psi,,simulated
FI-PT,pressure,5243.263724141,1780039932.1641903,1.7397626328185358,,309.94065820463396,psi,,simulated
thrust,thrust,5243.263773066,1780039932.1642394,2.4993315338291566,2.5006684661708434,133.69323416867473,N,,simulated
CC-PT,pressure,5243.273792243,1780039932.1742585,1.2249757319659866,,181.24393299149665,psi,,simulated
FI-PT,pressure,5243.273862835,1780039932.174329,1.7323704638922768,,308.0926159730692,psi,,simulated
thrust,thrust,5243.273915667,1780039932.1743817,2.4993285535965626,2.5006714464034374,134.28928068748291,N,,simulated
CC-PT,pressure,5243.28392877,1780039932.184395,1.2408108998311638,,185.20272495779093,psi,,simulated
FI-PT,pressure,5243.283991714,1780039932.184458,1.7362799330091396,,309.0699832522849,psi,,simulated
thrust,thrust,5243.284069583,1780039932.1845357,2.499284446154171,2.500715553845829,143.11076916584398,N,,simulated
CC-PT,pressure,5243.294059779,1780039932.194526,1.2237717179979941,,180.94292949949852,psi,,simulated
FI-PT,pressure,5243.294130574,1780039932.1945965,1.7386068986185668,,309.65172465464167,psi,,simulated
thrust,thrust,5243.294183592,1780039932.19465,2.4992671608051253,2.5007328391948747,146.56783897493142,N,,simulated
FM-FM,flow,5243.296240416,1780039932.1967065,1.7658772189470788,,9.055098927628862,gallons_per_minute,,simulated
CC-PT,pressure,5243.304200788,1780039932.204667,1.2423594286870274,,185.58985717175685,psi,,simulated
FI-PT,pressure,5243.304262805,1780039932.204729,1.738702266061576,,309.675566515394,psi,,simulated
thrust,thrust,5243.304309156,1780039932.2047753,2.499242722897854,2.500757277102146,151.4554204291585,N,,simulated
CC-PT,pressure,5243.314329981,1780039932.2147963,1.2314315118111983,,182.85787795279956,psi,,simulated
FI-PT,pressure,5243.314397647,1780039932.2148638,1.738798825597623,,309.6997063994057,psi,,simulated
thrust,thrust,5243.314448406,1780039932.2149146,2.499215900804508,2.500784099195492,156.8198390984321,N,,simulated
CC-PT,pressure,5243.32446899,1780039932.2249355,1.2247951298707878,,181.19878246769693,psi,,simulated
FI-PT,pressure,5243.324530378,1780039932.2249966,1.7453070575364895,,311.3267643841224,psi,,simulated
thrust,thrust,5243.324578026,1780039932.2250443,2.499218284990583,2.500781715009417,156.34300188338557,N,,simulated
CC-PT,pressure,5243.33459848,1780039932.2350645,1.2350936216227557,,183.77340540568892,psi,,simulated
FI-PT,pressure,5243.334665313,1780039932.2351317,1.7311151899236668,,307.7787974809167,psi,,simulated
thrust,thrust,5243.334717886,1780039932.2351842,2.4991980194089436,2.5008019805910564,160.3961182112812,N,,simulated
FM-FM,flow,5243.336391493,1780039932.236858,1.7401810574747392,,8.814197413825678,gallons_per_minute,,simulated
CC-PT,pressure,5243.344732581,1780039932.2451985,1.2363125367537184,,184.0781341884296,psi,,simulated
FI-PT,pressure,5243.34479534,1780039932.2452617,1.7339380662367423,,308.4845165591856,psi,,simulated
thrust,thrust,5243.344843487,1780039932.2453096,2.4991580842921834,2.5008419157078166,168.3831415633108,N,,simulated
CC-PT,pressure,5243.354890719,1780039932.2553575,1.2243433266095312,,181.08583165238278,psi,,simulated
FI-PT,pressure,5243.354997403,1780039932.2554636,1.7237635521606864,,305.9408880401716,psi,,simulated
thrust,thrust,5243.355058032,1780039932.2555244,2.499152719873514,2.500847280126486,169.45602529716552,N,,simulated
tank_temp,temperature,5243.359925854,1780039932.2603922,,,21.940834629759046,°C,,simulated
CC-PT,pressure,5243.365057468,1780039932.2655237,1.2348724883642779,,183.71812209106946,psi,,simulated
FI-PT,pressure,5243.365124523,1780039932.2655907,1.7398508477033194,,309.96271192582986,psi,,simulated
thrust,thrust,5243.365173041,1780039932.265639,2.49914973964092,2.50085026035908,170.0520718159737,N,,simulated
CC-PT,pressure,5243.375192514,1780039932.2756588,1.2350232881335363,,183.75582203338408,psi,,simulated
FI-PT,pressure,5243.375266698,1780039932.275733,1.7277540836041072,,306.9385209010268,psi,,simulated
thrust,thrust,5243.37532016,1780039932.2757864,2.4991205333614985,2.5008794666385015,175.89332770029387,N,,simulated
FM-FM,flow,5243.376539755,1780039932.2770061,1.7671748122185242,,9.067263864548663,gallons_per_minute,,simulated
CC-PT,pressure,5243.385332634,1780039932.285799,1.2295104538810795,,182.37761347026986,psi,,simulated
FI-PT,pressure,5243.385395225,1780039932.2858615,1.7307873643383223,,307.69684108458057,psi,,simulated
thrust,thrust,5243.385442169,1780039932.2859085,2.4991026519659343,2.5008973480340657,179.46960681314295,N,,simulated
CC-PT,pressure,5243.395462031,1780039932.2959282,1.2151892441736751,,178.79731104341877,psi,,simulated
FI-PT,pressure,5243.395529012,1780039932.2959952,1.7311557210869457,,307.78893027173643,psi,,simulated
thrust,thrust,5243.395581215,1780039932.2960474,2.499097883593784,2.500902116406216,180.42328124323603,N,,simulated
CC-PT,pressure,5243.405597281,1780039932.3060637,1.2283737931697123,,182.09344829242806,psi,,simulated
FI-PT,pressure,5243.405659372,1780039932.3061256,1.736595837664108,,309.14895941602697,psi,,simulated
thrust,thrust,5243.405705723,1780039932.306172,2.4990835784773324,2.5009164215226676,183.2843045335153,N,,simulated
CC-PT,pressure,5243.415726345,1780039932.3161926,1.2234653500873267,,180.86633752183167,psi,,simulated
FI-PT,pressure,5243.415792955,1780039932.3162591,1.7322667517980042,,308.06668794950104,psi,,simulated
thrust,thrust,5243.415844028,1780039932.3163102,2.4990519880118356,2.5009480119881644,189.602397632882,N,,simulated
FM-FM,flow,5243.416691572,1780039932.317158,1.7186333797733044,,8.612187935374727,gallons_per_minute,,simulated
CC-PT,pressure,5243.425862316,1780039932.3263285,1.2347580474326667,,183.68951185816667,psi,,simulated
FI-PT,pressure,5243.425924427,1780039932.3263905,1.7321225085404526,,308.03062713511315,psi,,simulated
thrust,thrust,5243.425971833,1780039932.3264382,2.4990454315001287,2.5009545684998713,190.91369997426,N,,simulated
CC-PT,pressure,5243.435992769,1780039932.336459,1.2282104764235589,,182.0526191058897,psi,,simulated
FI-PT,pressure,5243.436087731,1780039932.336554,1.7341556232161073,,308.5389058040268,psi,,simulated
thrust,thrust,5243.436141823,1780039932.336608,2.4990591405700613,2.5009408594299387,188.17188598774237,N,,simulated
CC-PT,pressure,5243.446154648,1780039932.346621,1.218511607469512,,179.62790186737797,psi,,simulated
FI-PT,pressure,5243.446217018,1780039932.346683,1.731540171091577,,307.8850427728942,psi,,simulated
thrust,thrust,5243.446263239,1780039932.3467295,2.499029338244121,2.500970661755879,194.13235117582417,N,,simulated
CC-PT,pressure,5243.456318582,1780039932.3567853,1.2266071112879648,,181.6517778219912,psi,,simulated
FI-PT,pressure,5243.456427433,1780039932.3568938,1.7332764546008652,,308.3191136502163,psi,,simulated
thrust,thrust,5243.456488339,1780039932.3569546,2.499026358011527,2.500973641988473,194.72839769463235,N,,simulated
FM-FM,flow,5243.456897167,1780039932.3573635,1.7105331075827013,,8.536247883587823,gallons_per_minute,,simulated
tank_temp,temperature,5243.460092438,1780039932.3605585,,,21.929563931948856,°C,,simulated
CC-PT,pressure,5243.466484979,1780039932.3669512,1.2221647765832873,,180.5411941458218,psi,,simulated
FI-PT,pressure,5243.466549108,1780039932.3670151,1.7273803624368145,,306.8450906092036,psi,,simulated
thrust,thrust,5243.466597533,1780039932.3670638,2.499013841034632,2.500986158965368,197.2317930736267,N,,simulated
CC-PT,pressure,5243.476619692,1780039932.377086,1.2293489252744825,,182.3372313186206,psi,,simulated
FI-PT,pressure,5243.476688487,1780039932.3771546,1.7298235571174094,,307.45588927935233,psi,,simulated
thrust,thrust,5243.476740727,1780039932.377207,2.4990329145232337,2.5009670854767663,193.41709535325435,N,,simulated
CC-PT,pressure,5243.486755923,1780039932.3872223,1.2243743210285092,,181.0935802571273,psi,,simulated
FI-PT,pressure,5243.486817107,1780039932.387283,1.7256750733465043,,306.41876833662604,psi,,simulated
thrust,thrust,5243.486863717,1780039932.3873298,2.4989971517321052,2.5010028482678948,200.5696535789525,N,,simulated
CC-PT,pressure,5243.496887876,1780039932.3973541,1.2206567788907026,,180.16419472267563,psi,,simulated
FI-PT,pressure,5243.496954319,1780039932.3974206,1.7379768774481865,,309.49421936204664,psi,,simulated
thrust,thrust,5243.497006263,1780039932.3974726,2.499007284522925,2.500992715477075,198.5430954150047,N,,simulated
FM-FM,flow,5243.497060892,1780039932.397527,1.7168708702171886,,8.595664408286142,gallons_per_minute,,simulated
CC-PT,pressure,5243.507021606,1780039932.407488,1.2221331861177904,,180.5332965294476,psi,,simulated
FI-PT,pressure,5243.507085754,1780039932.407552,1.7381080076823243,,309.5270019205811,psi,,simulated
thrust,thrust,5243.507133235,1780039932.4075994,2.4989989398716617,2.5010010601283383,200.2120256676676,N,,simulated
CC-PT,pressure,5243.517171911,1780039932.417639,1.2210144068019875,,180.25360170049686,psi,,simulated
FI-PT,pressure,5243.51727428,1780039932.4177406,1.7365296765005203,,309.13241912513007,psi,,simulated
thrust,thrust,5243.517335113,1780039932.4178011,2.498998343825143,2.501001656174857,200.33123497142924,N,,simulated
CC-PT,pressure,5243.527339179,1780039932.4278054,1.22027292493259,,180.06823123314751,psi,,simulated
FI-PT,pressure,5243.52740653,1780039932.4278727,1.7344011943818562,,308.60029859546404,psi,,simulated
thrust,thrust,5243.527456177,1780039932.4279225,2.498988211034323,2.501011788965677,202.35779313537705,N,,simulated
FM-FM,flow,5243.537206284,1780039932.4376726,1.7447503500879227,,8.857034532074273,gallons_per_minute,,simulated
CC-PT,pressure,5243.537472391,1780039932.4379387,1.2154330271998677,,178.8582567999669,psi,,simulated
FI-PT,pressure,5243.537543501,1780039932.4380097,1.728625503614605,,307.1563759036512,psi,,simulated
thrust,thrust,5243.537597297,1780039932.4380634,2.4989923833599548,2.5010076166400452,201.5233280090456,N,,simulated
CC-PT,pressure,5243.547613381,1780039932.4480796,1.2271888526903216,,181.7972131725804,psi,,simulated
FI-PT,pressure,5243.547677436,1780039932.4481437,1.7354281825337627,,308.8570456334407,psi,,simulated
thrust,thrust,5243.547725565,1780039932.4481916,2.4989995359181805,2.5010004640818195,200.09281636390597,N,,simulated
CC-PT,pressure,5243.557772574,1780039932.4582396,1.2219382789061402,,180.48456972653503,psi,,simulated
FI-PT,pressure,5243.557882721,1780039932.458349,1.7226471570309587,,305.66178925773966,psi,,simulated
thrust,thrust,5243.557945665,1780039932.4584117,2.499006688476406,2.500993311523594,198.66230471876634,N,,simulated
tank_temp,temperature,5243.560265836,1780039932.4607322,,,22.04851314268407,°C,,simulated
CC-PT,pressure,5243.567939768,1780039932.468406,1.2324310818232396,,183.10777045580988,psi,,simulated
FI-PT,pressure,5243.568035007,1780039932.4685013,1.716776694867217,,304.19417371680424,psi,,simulated
thrust,thrust,5243.568089044,1780039932.4685552,2.4989894031273607,2.5010105968726393,202.11937452785378,N,,simulated
FM-FM,flow,5243.577368582,1780039932.477835,1.742667763551207,,8.837510283292563,gallons_per_minute,,simulated
CC-PT,pressure,5243.578074628,1780039932.478541,1.2207318807520724,,180.1829701880181,psi,,simulated
FI-PT,pressure,5243.578145238,1780039932.4786115,1.7245050340300838,,306.12625850752096,psi,,simulated
thrust,thrust,5243.578199756,1780039932.478666,2.4990126489415943,2.5009873510584057,197.47021168114998,N,,simulated
CC-PT,pressure,5243.588212211,1780039932.4886785,1.2249298363840384,,181.2324590960096,psi,,simulated
FI-PT,pressure,5243.588274229,1780039932.4887404,1.7404492784082028,,310.1123196020507,psi,,simulated
thrust,thrust,5243.588322209,1780039932.4887884,2.4990084766159626,2.5009915233840374,198.30467680748143,N,,simulated
CC-PT,pressure,5243.598340997,1780039932.4988072,1.219334747711986,,179.8336869279965,psi,,simulated
FI-PT,pressure,5243.598411774,1780039932.498878,1.732789484594999,,308.1973711487497,psi,,simulated
thrust,thrust,5243.59846444,1780039932.4989307,2.499022781732414,2.500977218267586,195.44365351720216,N,,simulated
CC-PT,pressure,5243.608476562,1780039932.5089428,1.2194915079464326,,179.87287698660813,psi,,simulated
FI-PT,pressure,5243.608538061,1780039932.5090044,1.7404772925945868,,310.1193231486467,psi,,simulated
thrust,thrust,5243.608585727,1780039932.5090518,2.499026358011527,2.500973641988473,194.72839769463235,N,,simulated
FM-FM,flow,5243.617517493,1780039932.5179837,1.7450191670679052,,8.859554691261609,gallons_per_minute,,simulated
CC-PT,pressure,5243.61860807,1780039932.5190742,1.2161548395341444,,179.0387098835361,psi,,simulated
FI-PT,pressure,5243.618677977,1780039932.5191443,1.726719942893975,,306.67998572349376,psi,,simulated
thrust,thrust,5243.618731365,1780039932.5191975,2.499037682895384,2.500962317104616,192.46342092316127,N,,simulated
CC-PT,pressure,5243.628743986,1780039932.52921,1.2239940433495096,,180.99851083737738,psi,,simulated
FI-PT,pressure,5243.628805374,1780039932.5292716,1.7369105502260387,,309.22763755650965,psi,,simulated
thrust,thrust,5243.628852003,1780039932.529318,2.4990454315001287,2.5009545684998713,190.91369997426,N,,simulated
CC-PT,pressure,5243.638874254,1780039932.5393405,1.2296415841152173,,182.4103960288043,psi,,simulated
FI-PT,pressure,5243.638942753,1780039932.539409,1.7402245688706122,,310.056142217653,psi,,simulated
thrust,thrust,5243.638995141,1780039932.5394614,2.499062716849174,2.500937283150826,187.45663016517256,N,,simulated
CC-PT,pressure,5243.649008744,1780039932.549475,1.225431707552875,,181.3579268882187,psi,,simulated
FI-PT,pressure,5243.649071021,1780039932.5495372,1.736452786499594,,309.1131966248985,psi,,simulated
thrust,thrust,5243.649117984,1780039932.5495842,2.499069273360881,2.500930726639119,186.14532782379456,N,,simulated
FM-FM,flow,5243.657704625,1780039932.5581717,1.7874636396722365,,9.257471621927216,gallons_per_minute,,simulated
CC-PT,pressure,5243.659143272,1780039932.5596097,1.2165369053527004,,179.1342263381751,psi,,simulated
FI-PT,pressure,5243.659223122,1780039932.5596893,1.73205873156294,,308.014682890735,psi,,simulated
thrust,thrust,5243.659279547,1780039932.5597458,2.4990651010352494,2.5009348989647506,186.979792950126,N,,simulated
tank_temp,temperature,5243.660432532,1780039932.5608988,,,21.88829583842845,°C,,simulated
CC-PT,pressure,5243.669289798,1780039932.5697563,1.2113322271504674,,177.83305678761684,psi,,simulated
FI-PT,pressure,5243.669353798,1780039932.56982,1.7366524620833947,,309.1631155208487,psi,,simulated
thrust,thrust,5243.669403038,1780039932.5698693,2.4990710615004375,2.5009289384995625,185.78769991250965,N,,simulated
CC-PT,pressure,5243.679421659,1780039932.579888,1.2133140818255046,,178.32852045637614,psi,,simulated
FI-PT,pressure,5243.679489991,1780039932.5799563,1.7272718819703914,,306.81797049259785,psi,,simulated
thrust,thrust,5243.679542176,1780039932.5800085,2.499094307314671,2.500905692685329,181.13853706580585,N,,simulated
CC-PT,pressure,5243.689557149,1780039932.5900235,1.2183918021192315,,179.59795052980786,psi,,simulated
FI-PT,pressure,5243.689618833,1780039932.590085,1.7404325891056762,,310.10814727641906,psi,,simulated
thrust,thrust,5243.689666833,1780039932.590133,2.499125897780168,2.500874102219832,174.82044396643914,N,,simulated
FM-FM,flow,5243.697871442,1780039932.598338,1.7708410943557138,,9.101635259584816,gallons_per_minute,,simulated
CC-PT,pressure,5243.69968701,1780039932.6001534,1.2223942544930284,,180.5985636232571,psi,,simulated
FI-PT,pressure,5243.699755805,1780039932.6002219,1.7227449086600433,,305.6862271650108,psi,,simulated
thrust,thrust,5243.699808823,1780039932.600275,2.499122321501055,2.500877678498945,175.53569978900896,N,,simulated
CC-PT,pressure,5243.709840759,1780039932.6103072,1.2238855628830865,,180.9713907207716,psi,,simulated
FI-PT,pressure,5243.709921276,1780039932.6103876,1.7249443203144454,,306.23608007861134,psi,,simulated
thrust,thrust,5243.709974887,1780039932.610441,2.4991455673152885,2.5008544326847115,170.88653694230516,N,,simulated
CC-PT,pressure,5243.719996082,1780039932.6204624,1.221224215176608,,180.30605379415198,psi,,simulated
FI-PT,pressure,5243.720112617,1780039932.6205788,1.729464737113087,,307.3661842782717,psi,,simulated
thrust,thrust,5243.720170857,1780039932.620637,2.4991914628972367,2.5008085371027633,161.7074205526592,N,,simulated
CC-PT,pressure,5243.730176886,1780039932.6306431,1.227411774088356,,181.85294352208896,psi,,simulated
FI-PT,pressure,5243.730241348,1780039932.6307075,1.7245527177515885,,306.1381794378971,psi,,simulated
thrust,thrust,5243.730290162,1780039932.6307564,2.499187886618124,2.500812113381876,162.422676375229,N,,simulated
FM-FM,flow,5243.738032722,1780039932.638499,1.7214926149240273,,8.638993264912754,gallons_per_minute,,simulated
CC-PT,pressure,5243.74031445,1780039932.6407807,1.222466972168323,,180.61674304208074,psi,,simulated
FI-PT,pressure,5243.740386005,1780039932.6408522,1.7395003723502602,,309.87509308756506,psi,,simulated
thrust,thrust,5243.740441615,1780039932.6409078,2.499208748246282,2.500791251753718,158.25035074357174,N,,simulated
CC-PT,pressure,5243.751807181,1780039932.6522737,1.2149323481240688,,178.7330870310172,psi,,simulated
FI-PT,pressure,5243.751887161,1780039932.6523533,1.732810942269676,,308.202735567419,psi,,simulated
thrust,thrust,5243.751942216,1780039932.6524084,2.499236762432666,2.500763237567334,152.64751346677485,N,,simulated
tank_temp,temperature,5243.760620782,1780039932.6610875,,,22.074695840673918,°C,,simulated
CC-PT,pressure,5243.761955412,1780039932.6624217,1.2272359403653075,,181.80898509132686,psi,,simulated
FI-PT,pressure,5243.762034651,1780039932.6625009,1.7242040305380857,,306.0510076345214,psi,,simulated
thrust,thrust,5243.762091595,1780039932.6625576,2.4992606042934185,2.5007393957065815,147.87914131630941,N,,simulated
CC-PT,pressure,5243.772109494,1780039932.6725757,1.2133862034542804,,178.3465508635701,psi,,simulated
FI-PT,pressure,5243.772176752,1780039932.6726432,1.7384769604774666,,309.6192401193666,psi,,simulated
thrust,thrust,5243.772225937,1780039932.672692,2.499270737084238,2.500729262915762,145.8525831523616,N,,simulated
FM-FM,flow,5243.778186873,1780039932.6786532,1.7566080995330928,,8.968200933122743,gallons_per_minute,,simulated
CC-PT,pressure,5243.782244595,1780039932.682711,1.218865659101684,,179.716414775421,psi,,simulated
FI-PT,pressure,5243.782314205,1780039932.6827805,1.7363818569638558,,309.09546424096396,psi,,simulated
thrust,thrust,5243.782368371,1780039932.6828346,2.499299347317141,2.500700652682859,140.13053657180308,N,,simulated
CC-PT,pressure,5243.7923849,1780039932.6928513,1.214708234632997,,178.67705865824922,psi,,simulated
FI-PT,pressure,5243.792447659,1780039932.692914,1.7257871300920402,,306.44678252301003,psi,,simulated
thrust,thrust,5243.792495121,1780039932.6929612,2.4993011354566974,2.5006988645433026,139.77290866051817,N,,simulated
CC-PT,pressure,5243.802513909,1780039932.70298,1.2313540257637532,,182.8385064409383,psi,,simulated
FI-PT,pressure,5243.802579593,1780039932.7030458,1.7372562572069474,,309.31406430173683,psi,,simulated
thrust,thrust,5243.802630389,1780039932.7030966,2.4993482231316833,2.5006517768683167,130.35537366334893,N,,simulated
CC-PT,pressure,5243.812651343,1780039932.7131176,1.2304975069162258,,182.62437672905645,psi,,simulated
FI-PT,pressure,5243.812711343,1780039932.7131777,1.7348094862472399,,308.70237156180997,psi,,simulated
thrust,thrust,5243.812758009,1780039932.7132242,2.4993750452250296,2.5006249547749704,124.99095499407531,N,,simulated
FM-FM,flow,5243.818354654,1780039932.718821,1.762511344255369,,9.023543852394083,gallons_per_minute,,simulated
CC-PT,pressure,5243.822783389,1780039932.7232497,1.2238754300922667,,180.96885752306667,psi,,simulated
FI-PT,pressure,5243.822856481,1780039932.7233226,1.7244972854253393,,306.1243213563348,psi,,simulated
thrust,thrust,5243.822910721,1780039932.723377,2.499377429411105,2.500622570588895,124.51411777902877,N,,simulated
CC-PT,pressure,5243.832923009,1780039932.7333894,1.2153072613843992,,178.82681534609978,psi,,simulated
FI-PT,pressure,5243.832986656,1780039932.7334528,1.7239745526283445,,305.99363815708614,psi,,simulated
thrust,thrust,5243.833034266,1780039932.7335005,2.4994286894117224,2.5005713105882776,114.26211765552807,N,,simulated
CC-PT,pressure,5243.843053369,1780039932.7435195,1.2286438022427324,,182.1609505606831,psi,,simulated
FI-PT,pressure,5243.843121942,1780039932.7435882,1.7290081654796798,,307.25204136991994,psi,,simulated
thrust,thrust,5243.843175645,1780039932.7436419,2.4994650482493697,2.5005349517506303,106.99035012606828,N,,simulated
CC-PT,pressure,5243.853310413,1780039932.7537775,1.2106038583044838,,177.65096457612094,psi,,simulated
FI-PT,pressure,5243.85340656,1780039932.7538729,1.7338438908867706,,308.46097272169266,psi,,simulated
thrust,thrust,5243.85349804,1780039932.7539642,2.499448358946843,2.500551641053157,110.32821063139409,N,,simulated
FM-FM,flow,5243.858511194,1780039932.7589777,1.7366226597574543,,8.780837435226132,gallons_per_minute,,simulated
tank_temp,temperature,5243.860796662,1780039932.761263,,,21.941875001864567,°C,,simulated
CC-PT,pressure,5243.86346594,1780039932.7639322,1.2165547867482647,,179.13869668706616,psi,,simulated
FI-PT,pressure,5243.863537198,1780039932.7640035,1.7361839695196115,,309.0459923799029,psi,,simulated
thrust,thrust,5243.86359392,1780039932.7640603,2.499498426854423,2.500501573145577,100.31462911541666,N,,simulated
CC-PT,pressure,5243.873604819,1780039932.774071,1.226473000821233,,181.61825020530824,psi,,simulated
FI-PT,pressure,5243.87366904,1780039932.7741354,1.7355956716055478,,308.89891790138694,psi,,simulated
thrust,thrust,5243.873716373,1780039932.7741826,2.4995425342968147,2.5004574657031853,91.4931406370556,N,,simulated
CC-PT,pressure,5243.883736902,1780039932.7842033,1.216133977905986,,179.03349447649651,psi,,simulated
FI-PT,pressure,5243.883803308,1780039932.7842696,1.723475661692102,,305.8689154230255,psi,,simulated
thrust,thrust,5243.883855734,1780039932.784322,2.499563395924973,2.500436604075027,87.32081500539834,N,,simulated
CC-PT,pressure,5243.893872559,1780039932.7943387,1.2288732801524735,,182.21832003811838,psi,,simulated
FI-PT,pressure,5243.893935076,1780039932.7944012,1.7154761213631775,,303.8690303407944,psi,,simulated
thrust,thrust,5243.893982353,1780039932.7944486,2.499578297087943,2.500421702912057,84.34058241135745,N,,simulated
FM-FM,flow,5243.898671604,1780039932.7991378,1.8043251996428011,,9.41554874665126,gallons_per_minute,,simulated
CC-PT,pressure,5243.904049289,1780039932.8045156,1.23572662302573,,183.9316557564325,psi,,simulated
FI-PT,pressure,5243.904124436,1780039932.8045907,1.7158641476469216,,303.9660369117304,psi,,simulated
thrust,thrust,5243.90417812,1780039932.8046443,2.4996086954604024,2.5003913045395976,78.26090791951401,N,,simulated
CC-PT,pressure,5243.914194075,1780039932.8146603,1.2120528473917065,,178.0132118479266,psi,,simulated
FI-PT,pressure,5243.914260556,1780039932.8147266,1.7348643225269702,,308.71608063174256,psi,,simulated
thrust,thrust,5243.914308833,1780039932.814775,2.499640881972418,2.500359118027582,71.82360551638567,N,,simulated
CC-PT,pressure,5243.924332343,1780039932.8247988,1.2211145426171472,,180.2786356542868,psi,,simulated
FI-PT,pressure,5243.924402064,1780039932.8248684,1.7319490590034794,,307.9872647508698,psi,,simulated
thrust,thrust,5243.924455063,1780039932.8249214,2.499680817089178,2.500319182910822,63.83658216435606,N,,simulated
CC-PT,pressure,5243.934472222,1780039932.8349385,1.2163884897695172,,179.0971224423793,psi,,simulated
FI-PT,pressure,5243.934534851,1780039932.835001,1.732509938777678,,308.1274846944195,psi,,simulated
thrust,thrust,5243.934582628,1780039932.8350487,2.4996963142986672,2.5003036857013328,60.737140266553524,N,,simulated
FM-FM,flow,5243.938818218,1780039932.8392844,1.7769356700105274,,9.158771906348694,gallons_per_minute,,simulated
CC-PT,pressure,5243.944651841,1780039932.845119,1.2354536337201159,,183.86340843002895,psi,,simulated
FI-PT,pressure,5243.944774784,1780039932.845241,1.725194063805826,,306.2985159514565,psi,,simulated
thrust,thrust,5243.944832838,1780039932.8452992,2.4997207522059384,2.5002792477940616,55.84955881232645,N,,simulated
CC-PT,pressure,5243.954857052,1780039932.8553243,1.209099436891012,,177.27485922275298,psi,,simulated
FI-PT,pressure,5243.954955773,1780039932.855422,1.7255212933446518,,306.3803233361629,psi,,simulated
thrust,thrust,5243.955010532,1780039932.8554766,2.499767839880924,2.500232160119076,46.43202381515721,N,,simulated
tank_temp,temperature,5243.960970061,1780039932.8614364,,,22.060304026547048,°C,,simulated
CC-PT,pressure,5243.965013931,1780039932.8654802,1.2138201253199727,,178.45503132999318,psi,,simulated
FI-PT,pressure,5243.965089041,1780039932.8655553,1.7277290496503173,,306.9322624125793,psi,,simulated
thrust,thrust,5243.965142855,1780039932.865609,2.49978989360212,2.50021010639788,42.02127957597668,N,,simulated
CC-PT,pressure,5243.975158421,1780039932.8756247,1.2344129364982768,,183.60323412456918,psi,,simulated
FI-PT,pressure,5243.975223272,1780039932.8756895,1.727382150576371,,306.8455376440927,psi,,simulated
thrust,thrust,5243.975271123,1780039932.8757374,2.4998453259283693,2.5001546740716307,30.934814326144533,N,,simulated
FM-FM,flow,5243.978974109,1780039932.8794403,1.7920853843790752,,9.300800478553828,gallons_per_minute,,simulated
CC-PT,pressure,5243.98529167,1780039932.885758,1.2071795710539308,,176.7948927634827,psi,,simulated
FI-PT,pressure,5243.985360651,1780039932.8858268,1.7248984247324972,,306.2246061831243,psi,,simulated
thrust,thrust,5243.985414909,1780039932.8858812,2.4998500943005197,2.5001499056994803,29.981139896051445,N,,simulated
CC-PT,pressure,5243.995427994,1780039932.8958943,1.221792843555551,,180.44821088888773,psi,,simulated
FI-PT,pressure,5243.995490623,1780039932.8959568,1.7183794639562922,,304.594865989073,psi,,simulated
thrust,thrust,5243.995537715,1780039932.8960037,2.4998947977894304,2.5001052022105696,21.040442113928748,N,,simulated
CC-PT,pressure,5244.005557632,1780039932.906024,1.2341780941698663,,183.54452354246658,psi,,simulated
FI-PT,pressure,5244.005623779,1780039932.90609,1.715781893227326,,303.9454733068315,psi,,simulated
thrust,thrust,5244.005674593,1780039932.9061406,2.499921023836258,2.500078976163742,15.795232748416765,N,,simulated
CC-PT,pressure,5244.015692548,1780039932.9161587,1.2232013014794947,,180.80032536987366,psi,,simulated
FI-PT,pressure,5244.015753455,1780039932.9162197,1.7247309356607121,,306.182733915178,psi,,simulated
thrust,thrust,5244.015799824,1780039932.916266,2.4999406933713786,2.5000593066286214,11.861325724282779,N,,simulated
FM-FM,flow,5244.019122168,1780039932.9195883,1.7508878410920907,,8.914573510238348,gallons_per_minute,,simulated
CC-PT,pressure,5244.025822964,1780039932.926289,1.2223811414696146,,180.59528536740365,psi,,simulated
FI-PT,pressure,5244.02589263,1780039932.9263587,1.722645964937921,,305.66149123448025,psi,,simulated
thrust,thrust,5244.025944259,1780039932.9264102,2.4999818205811764,2.5000181794188236,3.635883764729897,N,,simulated
CC-PT,pressure,5244.03596151,1780039932.9364278,1.2209357286615048,,180.2339321653762,psi,,simulated
FI-PT,pressure,5244.03605786,1780039932.936524,1.7318924345841926,,307.97310864604816,psi,,simulated
thrust,thrust,5244.03610886,1780039932.936575,2.499999105930222,2.500000894069778,0.17881395564245395,N,,simulated
CC-PT,pressure,5244.046095444,1780039932.9465618,1.2325037994985342,,183.12594987463353,psi,,simulated
FI-PT,pressure,5244.046164351,1780039932.9466307,1.7167790790532922,,304.19476976332305,psi,,simulated
thrust,thrust,5244.046216239,1780039932.9466825,2.500054538256471,2.499945461743529,10.90765129418969,N,,simulated
CC-PT,pressure,5244.056260342,1780039932.9567273,1.2250263959200853,,181.25659898002132,psi,,simulated
FI-PT,pressure,5244.056356507,1780039932.9568229,1.711049879914508,,302.762469978627,psi,,simulated
thrust,thrust,5244.056411099,1780039932.9568772,2.500073015698554,2.499926984301446,14.603139710800406,N,,simulated
FM-FM,flow,5244.059280559,1780039932.9597468,1.740212647940236,,8.81449357443971,gallons_per_minute,,simulated
tank_temp,temperature,5244.061133515,1780039932.9616,,,21.96632374634516,°C,,simulated
CC-PT,pressure,5244.066414998,1780039932.9668813,1.221165206571246,,180.29130164281148,psi,,simulated
FI-PT,pressure,5244.066485108,1780039932.9669514,1.7109670294483936,,302.7417573620984,psi,,simulated
thrust,thrust,5244.066539793,1780039932.967006,2.5001022219779756,2.4998977780220244,20.444395595120568,N,,simulated
CC-PT,pressure,5244.076558729,1780039932.9770253,1.212017084600578,,178.0042711501445,psi,,simulated
FI-PT,pressure,5244.076628691,1780039932.977095,1.7223395970272537,,305.5848992568134,psi,,simulated
thrust,thrust,5244.076677098,1780039932.9771433,2.5001302361643596,2.4998697638356404,26.04723287191746,N,,simulated
CC-PT,pressure,5244.086702497,1780039932.987169,1.2166573067494997,,179.1643266873749,psi,,simulated
FI-PT,pressure,5244.086780718,1780039932.9872468,1.732400862264736,,308.100215566184,psi,,simulated
thrust,thrust,5244.086835624,1780039932.9873018,2.500191032909278,2.499808967090722,38.20658185560433,N,,simulated
CC-PT,pressure,5244.096847227,1780039932.9973135,1.2252677947602026,,181.31694869005065,psi,,simulated
FI-PT,pressure,5244.09691156,1780039932.9973779,1.7200626993254065,,305.0156748313516,psi,,simulated
thrust,thrust,5244.096959133,1780039932.9974253,2.5002136826769927,2.4997863173230073,42.73653539854649,N,,simulated
FM-FM,flow,5244.099431358,1780039932.9998977,1.7829581240365653,,9.215232412842798,gallons_per_minute,,simulated
CC-PT,pressure,5244.106981865,1780039933.007448,1.2242217331196943,,181.05543327992356,psi,,simulated
FI-PT,pressure,5244.107051827,1780039933.007518,1.7177101037156706,,304.42752592891765,psi,,simulated
thrust,thrust,5244.107104401,1780039933.0075707,2.5002297759330006,2.4997702240669994,45.955186600110665,N,,simulated
CC-PT,pressure,5244.117121559,1780039933.0175877,1.2238301305568373,,180.95753263920932,psi,,simulated
FI-PT,pressure,5244.117187244,1780039933.0176535,1.7239745526283445,,305.99363815708614,psi,,simulated
thrust,thrust,5244.117234947,1780039933.0177011,2.500268518956723,2.499731481043277,53.703791344617,N,,simulated
CC-PT,pressure,5244.127259735,1780039933.0277262,1.2170393725680557,,179.25984314201392,psi,,simulated
FI-PT,pressure,5244.127335178,1780039933.0278013,1.7307361043377048,,307.6840260844262,psi,,simulated
thrust,thrust,5244.127389622,1780039933.0278559,2.5003072619804456,2.4996927380195544,61.45239608912334,N,,simulated
CC-PT,pressure,5244.137401632,1780039933.0378678,1.2145723360267087,,178.64308400667716,psi,,simulated
FI-PT,pressure,5244.137467798,1780039933.037934,1.7277928266278297,,306.94820665695744,psi,,simulated
thrust,thrust,5244.137516149,1780039933.0379822,2.500337064306386,2.499662935693614,67.41286127720514,N,,simulated
FM-FM,flow,5244.139586028,1780039933.0400522,1.7648997026562334,,9.045934712402186,gallons_per_minute,,simulated
CC-PT,pressure,5244.147534567,1780039933.0480008,1.2354053539520924,,183.8513384880231,psi,,simulated
FI-PT,pressure,5244.147603343,1780039933.0480697,1.7263307245171933,,306.5826811292983,psi,,simulated
thrust,thrust,5244.147656361,1780039933.0481226,2.5003609061671384,2.4996390938328616,72.18123342767058,N,,simulated
CC-PT,pressure,5244.157703945,1780039933.058171,1.2347431462696965,,183.68578656742412,psi,,simulated
FI-PT,pressure,5244.157804666,1780039933.058271,1.7264260919602026,,306.6065229900506,psi,,simulated
thrust,thrust,5244.157859128,1780039933.0583253,2.5003698468649205,2.4996301531350795,73.96937298409512,N,,simulated
tank_temp,temperature,5244.161309618,1780039933.061776,,,21.934939187827528,°C,,simulated
CC-PT,pressure,5244.167861342,1780039933.0683277,1.2249352008027077,,181.2338002006769,psi,,simulated
FI-PT,pressure,5244.167938489,1780039933.0684047,1.7188789509390534,,304.7197377347633,psi,,simulated
thrust,thrust,5244.167994933,1780039933.068461,2.500436604075027,2.499563395924973,87.32081500539834,N,,simulated
CC-PT,pressure,5244.178006962,1780039933.0784733,1.2259717256989153,,181.49293142472882,psi,,simulated
FI-PT,pressure,5244.178071683,1780039933.0785377,1.7209210063124902,,305.23025157812253,psi,,simulated
thrust,thrust,5244.178119683,1780039933.0785859,2.5004473329123655,2.4995526670876345,89.46658247310779,N,,simulated
FM-FM,flow,5244.179735864,1780039933.0802023,1.7589702318871296,,8.990345923941838,gallons_per_minute,,simulated
CC-PT,pressure,5244.188143896,1780039933.0886104,1.230534461800392,,182.63361545009798,psi,,simulated
FI-PT,pressure,5244.188214655,1780039933.088681,1.7226632502869665,,305.66581257174164,psi,,simulated
thrust,thrust,5244.18826758,1780039933.0887337,2.5004908443082385,2.4995091556917615,98.16886164770722,N,,simulated
CC-PT,pressure,5244.198281794,1780039933.098748,1.2299670255144866,,182.49175637862163,psi,,simulated
FI-PT,pressure,5244.198344404,1780039933.0988107,1.730846968990203,,307.7117422475508,psi,,simulated
thrust,thrust,5244.198390792,1780039933.098857,2.500492036401276,2.499507963598724,98.40728025523049,N,,simulated
CC-PT,pressure,5244.208424043,1780039933.1088903,1.2399543809836364,,184.9885952459091,psi,,simulated
FI-PT,pressure,5244.208502968,1780039933.1089692,1.7065056212551142,,301.62640531377855,psi,,simulated
thrust,thrust,5244.208556745,1780039933.109023,2.500539720122781,2.499460279877219,107.94402455616137,N,,simulated
CC-PT,pressure,5244.218575255,1780039933.1190414,1.2249292403375196,,181.2323100843799,psi,,simulated
FI-PT,pressure,5244.218644588,1780039933.1191108,1.716239060907252,,304.059765226813,psi,,simulated
thrust,thrust,5244.218694402,1780039933.1191607,2.5005719066347964,2.4994280933652036,114.38132695928971,N,,simulated
FM-FM,flow,5244.219896348,1780039933.1203628,1.771567675062141,,9.10844695370757,gallons_per_minute,,simulated
CC-PT,pressure,5244.228717412,1780039933.1291838,1.2295420443465763,,182.38551108664407,psi,,simulated
FI-PT,pressure,5244.228789911,1780039933.1292562,1.7215283777151558,,305.38209442878895,psi,,simulated
thrust,thrust,5244.228844373,1780039933.1293104,2.5005963445420676,2.4994036554579324,119.26890841351678,N,,simulated
CC-PT,pressure,5244.238859865,1780039933.139326,1.2332893888103234,,183.32234720258083,psi,,simulated
FI-PT,pressure,5244.238923864,1780039933.13939,1.7176147362726613,,304.4036840681653,psi,,simulated
thrust,thrust,5244.238971678,1780039933.139438,2.500598132681624,2.499401867318376,119.62653632480169,N,,simulated
CC-PT,pressure,5244.248991207,1780039933.1494575,1.2259031803492524,,181.4757950873131,psi,,simulated
FI-PT,pressure,5244.24905728,1780039933.1495235,1.7180748841851812,,304.5187210462953,psi,,simulated
thrust,thrust,5244.249111946,1780039933.1495783,2.500632703379715,2.499367296620285,126.54067594297658,N,,simulated
CC-PT,pressure,5244.259152549,1780039933.1596193,1.2364079041967277,,184.10197604918193,psi,,simulated
FI-PT,pressure,5244.259252418,1780039933.1597188,1.7170276304516352,,304.2569076129088,psi,,simulated
thrust,thrust,5244.259306732,1780039933.1597729,2.5006750226825503,2.4993249773174497,135.00453651005273,N,,simulated
FM-FM,flow,5244.260456364,1780039933.1609228,1.7800500130713002,,9.187968872543438,gallons_per_minute,,simulated
tank_temp,temperature,5244.261477572,1780039933.161944,,,21.805066069983965,°C,,simulated
CC-PT,pressure,5244.26931089,1780039933.1697772,1.2344916146387594,,183.62290365968985,psi,,simulated
FI-PT,pressure,5244.269382352,1780039933.1698487,1.7126669541200346,,303.1667385300086,psi,,simulated
thrust,thrust,5244.269437,1780039933.1699033,2.5006750226825503,2.4993249773174497,135.00453651005273,N,,simulated
CC-PT,pressure,5244.279451121,1780039933.1799176,1.2421794226383474,,185.54485565958683,psi,,simulated
FI-PT,pressure,5244.279515972,1780039933.1799824,1.7211945916646232,,305.2986479161558,psi,,simulated
thrust,thrust,5244.279564675,1780039933.180031,2.500713169659754,2.499286830340246,142.63393195079743,N,,simulated
CC-PT,pressure,5244.289584148,1780039933.1900504,1.2380428597978186,,184.51071494945464,psi,,simulated
FI-PT,pressure,5244.289653851,1780039933.19012,1.7257179886958585,,306.4294971739646,psi,,simulated
thrust,thrust,5244.289707572,1780039933.1901736,2.5007262826831678,2.4992737173168322,145.25653663355342,N,,simulated
CC-PT,pressure,5244.299721712,1780039933.200188,1.2230707672918757,,180.7676918229689,psi,,simulated
FI-PT,pressure,5244.299784267,1780039933.2002504,1.7155536074106226,,303.88840185265565,psi,,simulated
thrust,thrust,5244.299832007,1780039933.2002983,2.500734627334431,2.499265372665569,146.92546688621633,N,,simulated
FM-FM,flow,5244.300619459,1780039933.2010858,1.780755732149569,,9.194584988902209,gallons_per_minute,,simulated
CC-PT,pressure,5244.309850851,1780039933.2103171,1.22668459733541,,181.67114933385247,psi,,simulated
FI-PT,pressure,5244.309918702,1780039933.2103848,1.7201223039772873,,305.0305759943218,psi,,simulated
thrust,thrust,5244.309970386,1780039933.2104366,2.5007799268698605,2.4992200731301395,155.98537397210066,N,,simulated
CC-PT,pressure,5244.319987063,1780039933.2204533,1.2334836999754548,,183.3709249938637,psi,,simulated
FI-PT,pressure,5244.320077136,1780039933.2205434,1.7239161400695013,,305.97903501737534,psi,,simulated
thrust,thrust,5244.320125209,1780039933.2205913,2.5008013845445376,2.4991986154554624,160.27690890751956,N,,simulated
CC-PT,pressure,5244.330146868,1780039933.230613,1.2488080559740133,,187.20201399350333,psi,,simulated
FI-PT,pressure,5244.330214996,1780039933.2306814,1.7130871669157943,,303.2717917289486,psi,,simulated
thrust,thrust,5244.330268903,1780039933.230735,2.500815689660989,2.499184310339011,163.13793219779882,N,,simulated
CC-PT,pressure,5244.340286876,1780039933.2407532,1.2445910268534452,,186.1477567133613,psi,,simulated
FI-PT,pressure,5244.340348598,1780039933.240815,1.7162509818376281,,304.06274545940704,psi,,simulated
thrust,thrust,5244.340396449,1780039933.2408624,2.5008299947774404,2.4991700052225596,165.99895548807808,N,,simulated
FM-FM,flow,5244.341484804,1780039933.241951,1.775289985572098,,9.143343614738418,gallons_per_minute,,simulated
CC-PT,pressure,5244.35196116,1780039933.2524276,1.2429960063691146,,185.74900159227863,psi,,simulated
FI-PT,pressure,5244.352095751,1780039933.2525618,1.7087044368629976,,302.17610921574936,psi,,simulated
thrust,thrust,5244.352159287,1780039933.2526255,2.5008580089638244,2.4991419910361756,171.60179276487497,N,,simulated
tank_temp,temperature,5244.361663563,1780039933.2621303,,,21.878585698776572,°C,,simulated
CC-PT,pressure,5244.362159908,1780039933.262626,1.2387414263178618,,184.68535657946543,psi,,simulated
FI-PT,pressure,5244.362227241,1780039933.2626934,1.7257805735803333,,306.44514339508333,psi,,simulated
thrust,thrust,5244.362278259,1780039933.2627444,2.5008448959404106,2.4991551040595894,168.97918808211898,N,,simulated
CC-PT,pressure,5244.37229588,1780039933.272762,1.246627717808213,,186.65692945205325,psi,,simulated
FI-PT,pressure,5244.372367509,1780039933.2728338,1.7263825805643296,,306.5956451410824,psi,,simulated
thrust,thrust,5244.372422045,1780039933.2728884,2.5008794666385015,2.4991205333614985,175.89332770029387,N,,simulated
FM-FM,flow,5244.381640122,1780039933.2821062,1.7915930499545396,,9.296184843323807,gallons_per_minute,,simulated
CC-PT,pressure,5244.382434666,1780039933.282901,1.231538204138065,,182.88455103451622,psi,,simulated
FI-PT,pressure,5244.38249598,1780039933.282962,1.714620198562169,,303.65504964054225,psi,,simulated
thrust,thrust,5244.382543517,1780039933.2830098,2.500911653150517,2.499088346849483,182.3306301034222,N,,simulated
CC-PT,pressure,5244.392562879,1780039933.293029,1.247798949217671,,186.94973730441777,psi,,simulated
FI-PT,pressure,5244.392629433,1780039933.2930956,1.7275800380206152,,306.8950095051538,psi,,simulated
thrust,thrust,5244.392681025,1780039933.2931473,2.5009134412900735,2.4990865587099265,182.68825801470712,N,,simulated
CC-PT,pressure,5244.402696036,1780039933.3031623,1.2382765100331914,,184.56912750829784,psi,,simulated
FI-PT,pressure,5244.402757164,1780039933.3032234,1.7205007935167305,,305.1251983791826,psi,,simulated
thrust,thrust,5244.402804275,1780039933.3032703,2.5009319187321566,2.4990680812678434,186.38374643131783,N,,simulated
CC-PT,pressure,5244.41282273,1780039933.313289,1.240813284017239,,185.20332100430974,psi,,simulated
FI-PT,pressure,5244.412889155,1780039933.3133552,1.7041357402963329,,301.0339350740832,psi,,simulated
thrust,thrust,5244.412941395,1780039933.3134077,2.500930726639119,2.499069273360881,186.14532782379456,N,,simulated
FM-FM,flow,5244.42178731,1780039933.3222535,1.8454512173475286,,9.80110516263308,gallons_per_minute,,simulated
CC-PT,pressure,5244.422957997,1780039933.3234246,1.2421537926380386,,185.53844815950964,psi,,simulated
FI-PT,pressure,5244.423020756,1780039933.323487,1.7178209683681689,,304.4552420920422,psi,,simulated
thrust,thrust,5244.423068292,1780039933.3235345,2.5009474159416456,2.4990525840583544,189.48318832912037,N,,simulated
CC-PT,pressure,5244.433089414,1780039933.3335557,1.2438829235891011,,185.97073089727527,psi,,simulated
FI-PT,pressure,5244.433158264,1780039933.3336246,1.7161556143946188,,304.0389035986547,psi,,simulated
thrust,thrust,5244.433211042,1780039933.3336773,2.500942647569495,2.499057352430505,188.52951389902728,N,,simulated
CC-PT,pressure,5244.443224256,1780039933.3436904,1.2403185654066282,,185.07964135165705,psi,,simulated
FI-PT,pressure,5244.443286255,1780039933.3437524,1.7174520155730266,,304.36300389325663,psi,,simulated
thrust,thrust,5244.44333305,1780039933.343799,2.500968277569804,2.499031722430196,193.65551396077763,N,,simulated
CC-PT,pressure,5244.453381856,1780039933.3538482,1.250176578781197,,187.54414469529922,psi,,simulated
FI-PT,pressure,5244.453487466,1780039933.3539538,1.718270983489869,,304.56774587246724,psi,,simulated
thrust,thrust,5244.453548891,1780039933.3540154,2.500974238034992,2.499025761965008,194.84760699839399,N,,simulated
FM-FM,flow,5244.461832296,1780039933.3622987,1.810475803670383,,9.473210659409839,gallons_per_minute,,simulated
tank_temp,temperature,5244.461902887,1780039933.362369,,,21.915172117821985,°C,,simulated
CC-PT,pressure,5244.463546994,1780039933.3640132,1.2481798229431895,,187.04495573579737,psi,,simulated
FI-PT,pressure,5244.46361053,1780039933.3640769,1.7112120045676238,,302.80300114190595,psi,,simulated
thrust,thrust,5244.463660196,1780039933.3641264,2.500974834081511,2.499025165918489,194.96681630215562,N,,simulated
CC-PT,pressure,5244.473679244,1780039933.3741455,1.238998918413987,,184.74972960349672,psi,,simulated
FI-PT,pressure,5244.473748076,1780039933.3742144,1.7205139065401442,,305.12847663503607,psi,,simulated
thrust,thrust,5244.473801705,1780039933.3742678,2.5009843708258117,2.4990156291741883,196.8741651623418,N,,simulated
CC-PT,pressure,5244.483816289,1780039933.3842826,1.2573768207283997,,189.34420518209993,psi,,simulated
FI-PT,pressure,5244.483879511,1780039933.3843455,1.715347375315115,,303.83684382877874,psi,,simulated
thrust,thrust,5244.483927695,1780039933.384394,2.500990331291,2.499009668709,198.06625819995816,N,,simulated
CC-PT,pressure,5244.493948205,1780039933.3944144,1.2378390118883862,,184.45975297209654,psi,,simulated
FI-PT,pressure,5244.494016223,1780039933.3944824,1.7245956331009427,,306.14890827523567,psi,,simulated
thrust,thrust,5244.494067667,1780039933.3945339,2.500995695709669,2.499004304290331,199.13914193381288,N,,simulated
FM-FM,flow,5244.501985947,1780039933.4024522,1.7763056488401472,,9.152865457876379,gallons_per_minute,,simulated
CC-PT,pressure,5244.504088381,1780039933.4045548,1.2456031138423818,,186.40077846059543,psi,,simulated
FI-PT,pressure,5244.504149843,1780039933.4046159,1.7123003855109675,,303.0750963777419,psi,,simulated
thrust,thrust,5244.504197101,1780039933.4046633,2.5010040403609324,2.4989959596390676,200.80807218647578,N,,simulated
CC-PT,pressure,5244.514216186,1780039933.4146824,1.254022866967066,,188.50571674176652,psi,,simulated
FI-PT,pressure,5244.514283074,1780039933.4147491,1.6976894971954224,,299.4223742988556,psi,,simulated
thrust,thrust,5244.514335647,1780039933.4148018,2.501008808733083,2.498991191266917,201.76174661656887,N,,simulated
CC-PT,pressure,5244.52435162,1780039933.424818,1.2514336408893634,,187.85841022234084,psi,,simulated
FI-PT,pressure,5244.524413268,1780039933.4248793,1.7239674000701188,,305.9918500175297,psi,,simulated
thrust,thrust,5244.5244596,1780039933.4249258,2.5009784103606236,2.4990215896393764,195.68207212472544,N,,simulated
CC-PT,pressure,5244.534481814,1780039933.4349482,1.2487484513221325,,187.18711283053312,psi,,simulated
FI-PT,pressure,5244.534551461,1780039933.4350178,1.7155828136900442,,303.895703422511,psi,,simulated
thrust,thrust,5244.534604442,1780039933.4350708,2.501002252221376,2.498997747778624,200.45044427519088,N,,simulated
FM-FM,flow,5244.542138135,1780039933.4426045,1.83244250207454,,9.679148456948813,gallons_per_minute,,simulated
CC-PT,pressure,5244.544618064,1780039933.445084,1.2513346971672412,,187.8336742918103,psi,,simulated
FI-PT,pressure,5244.544680359,1780039933.4451466,1.7009725214210178,,300.24313035525444,psi,,simulated
thrust,thrust,5244.544726525,1780039933.4451928,2.5010100008261205,2.4989899991738795,202.00016522409214,N,,simulated
CC-PT,pressure,5244.554776535,1780039933.4552433,1.2484158573646376,,187.10396434115938,psi,,simulated
FI-PT,pressure,5244.554881404,1780039933.4553478,1.7081131587163398,,302.02828967908493,psi,,simulated
thrust,thrust,5244.554941699,1780039933.4554079,2.5009855629188493,2.4990144370811507,197.11258376986507,N,,simulated
tank_temp,temperature,5244.562072675,1780039933.462539,,,22.00117621188131,°C,,simulated
CC-PT,pressure,5244.564939673,1780039933.465406,1.2555916614045692,,188.8979153511423,psi,,simulated
FI-PT,pressure,5244.565004357,1780039933.4654706,1.7067464240487127,,301.6866060121782,psi,,simulated
thrust,thrust,5244.565053356,1780039933.4655197,2.500992119430556,2.499007880569444,198.42388611124306,N,,simulated
CC-PT,pressure,5244.575070755,1780039933.4755368,1.2539686267338546,,188.49215668346363,psi,,simulated
FI-PT,pressure,5244.575138347,1780039933.4756045,1.7168893476592717,,304.2223369148179,psi,,simulated
thrust,thrust,5244.57519092,1780039933.4756572,2.5010135771052333,2.4989864228947667,202.71542104666196,N,,simulated
FM-FM,flow,5244.582285193,1780039933.4827514,1.7803498244702607,,9.190779604408693,gallons_per_minute,,simulated
CC-PT,pressure,5244.585208523,1780039933.4856749,1.2579377005025982,,189.48442512564955,psi,,simulated
FI-PT,pressure,5244.585271597,1780039933.4857378,1.7072524675431808,,301.8131168857952,psi,,simulated
thrust,thrust,5244.585319226,1780039933.4857852,2.5009790064071424,2.4990209935928576,195.80128142848707,N,,simulated
CC-PT,pressure,5244.595340088,1780039933.4958062,1.2619312121786133,,190.4828030446533,psi,,simulated
FI-PT,pressure,5244.595409013,1780039933.4958751,1.7177589795302128,,304.4397448825532,psi,,simulated
thrust,thrust,5244.59546103,1780039933.4959273,2.500989139197962,2.499010860802038,197.82783959243488,N,,simulated
CC-PT,pressure,5244.605475448,1780039933.5059419,1.253292709981526,,188.32317749538151,psi,,simulated
FI-PT,pressure,5244.605536373,1780039933.5060027,1.7075045952206367,,301.8761488051592,psi,,simulated
thrust,thrust,5244.605584484,1780039933.5060506,2.500974238034992,2.499025761965008,194.84760699839399,N,,simulated
CC-PT,pressure,5244.615603716,1780039933.51607,1.2560482330379763,,189.01205825949407,psi,,simulated
FI-PT,pressure,5244.615670789,1780039933.516137,1.7160608429981283,,304.01521074953206,psi,,simulated
thrust,thrust,5244.615722677,1780039933.5161889,2.500949800127721,2.499050199872279,189.9600255441669,N,,simulated
FM-FM,flow,5244.622512084,1780039933.5229795,1.7592354725879993,,8.992832555512491,gallons_per_minute,,simulated
CC-PT,pressure,5244.625786539,1780039933.5262535,1.2557370967551584,,188.9342741887896,psi,,simulated
FI-PT,pressure,5244.625900704,1780039933.526367,1.7063792593931268,,301.5948148482817,psi,,simulated
thrust,thrust,5244.625956314,1780039933.5264225,2.500952184313796,2.499047815686204,190.43686275921345,N,,simulated
CC-PT,pressure,5244.636401393,1780039933.5368688,1.2651808577991555,,191.29521444978886,psi,,simulated
FI-PT,pressure,5244.636557039,1780039933.5370235,1.7026193979524848,,300.6548494881212,psi,,simulated
thrust,thrust,5244.636622612,1780039933.5370889,2.5009265543134873,2.4990734456865127,185.3108626974631,N,,simulated
CC-PT,pressure,5244.647716885,1780039933.5481846,1.269837173204085,,192.45929330102123,psi,,simulated
FI-PT,pressure,5244.647853365,1780039933.5483198,1.713060344822448,,303.26508620561196,psi,,simulated
thrust,thrust,5244.647914012,1780039933.5483801,2.5009289384995625,2.4990710615004375,185.78769991250965,N,,simulated
CC-PT,pressure,5244.659604721,1780039933.5600724,1.2704207027459982,,192.60517568649954,psi,,simulated
FI-PT,pressure,5244.659747849,1780039933.560214,1.7078193077825674,,301.95482694564186,psi,,simulated
thrust,thrust,5244.659813589,1780039933.5602798,2.500927150360006,2.499072849639994,185.43007200122474,N,,simulated
FM-FM,flow,5244.662709642,1780039933.5631769,1.7642720656719284,,9.040050615674327,gallons_per_minute,,simulated
tank_temp,temperature,5244.662833066,1780039933.5632994,,,21.95314569967476,°C,,simulated
CC-PT,pressure,5244.669862469,1780039933.5703301,1.2749178737304059,,193.72946843260146,psi,,simulated
FI-PT,pressure,5244.669992449,1780039933.5704587,1.7120822324850837,,303.02055812127094,psi,,simulated
thrust,thrust,5244.67005043,1780039933.5705166,2.5009110571039983,2.4990889428960017,182.21142079966057,N,,simulated
CC-PT,pressure,5244.680046866,1780039933.5805132,1.2675930580607722,,191.89826451519303,psi,,simulated
FI-PT,pressure,5244.680128995,1780039933.5805953,1.6988106606973006,,299.70266517432515,psi,,simulated
thrust,thrust,5244.680186123,1780039933.5806522,2.500893771754953,2.499106228245047,178.75435099057313,N,,simulated
CC-PT,pressure,5244.690198004,1780039933.5906641,1.2639684991798996,,190.9921247949749,psi,,simulated
FI-PT,pressure,5244.690264948,1780039933.590731,1.7022409084130417,,300.5602271032604,psi,,simulated
thrust,thrust,5244.690314188,1780039933.5907805,2.5008705259407193,2.4991294740592807,174.10518814386933,N,,simulated
CC-PT,pressure,5244.700337976,1780039933.6008043,1.2698628032043937,,192.46570080109842,psi,,simulated
FI-PT,pressure,5244.700408771,1780039933.600875,1.7061378605530095,,301.53446513825236,psi,,simulated
thrust,thrust,5244.700464492,1780039933.6009305,2.5008663536150877,2.4991336463849123,173.27072301753788,N,,simulated
FM-FM,flow,5244.702917736,1780039933.603384,1.7517461480791745,,8.922620138242259,gallons_per_minute,,simulated
CC-PT,pressure,5244.710480132,1780039933.6109464,1.269694122039571,,192.42353050989274,psi,,simulated
FI-PT,pressure,5244.710550391,1780039933.6110168,1.7197992467640932,,304.9498116910233,psi,,simulated
thrust,thrust,5244.710601797,1780039933.611068,2.500855624777749,2.499144375222251,171.12495554982843,N,,simulated
CC-PT,pressure,5244.720632196,1780039933.6210985,1.2580640623645856,,189.51601559114638,psi,,simulated
FI-PT,pressure,5244.720713528,1780039933.6211796,1.7101212394382048,,302.5303098595512,psi,,simulated
thrust,thrust,5244.720769546,1780039933.6212356,2.5008335710565532,2.4991664289434468,166.7142113106479,N,,simulated
CC-PT,pressure,5244.730782075,1780039933.6312485,1.279859099371326,,194.96477484283147,psi,,simulated
FI-PT,pressure,5244.730847926,1780039933.6313143,1.697380149052161,,299.34503726304024,psi,,simulated
thrust,thrust,5244.730897925,1780039933.631364,2.5008174778005454,2.4991825221994546,163.49556010908373,N,,simulated
CC-PT,pressure,5244.740908436,1780039933.6413743,1.2671609243346362,,191.79023108365905,psi,,simulated
FI-PT,pressure,5244.740966602,1780039933.6414328,1.6883232221988704,,297.0808055497176,psi,,simulated
thrust,thrust,5244.741009953,1780039933.6414762,2.5007930398932743,2.4992069601067257,158.60797865485665,N,,simulated
FM-FM,flow,5244.743063795,1780039933.64353,1.821382262871535,,9.57545871442064,gallons_per_minute,,simulated
CC-PT,pressure,5244.751397551,1780039933.6518638,1.2709440315895117,,192.73600789737793,psi,,simulated
FI-PT,pressure,5244.751462901,1780039933.651929,1.7181195876740918,,304.5298969185229,psi,,simulated
thrust,thrust,5244.751504679,1780039933.6519709,2.500772178265116,2.499227821734884,154.4356530231994,N,,simulated
CC-PT,pressure,5244.761540337,1780039933.6620069,1.2739039986019132,,193.4759996504783,psi,,simulated
FI-PT,pressure,5244.761617817,1780039933.6620839,1.7087074170955916,,302.1768542738979,psi,,simulated
thrust,thrust,5244.761665113,1780039933.6621313,2.500737607567025,2.499262392432975,147.5215134050245,N,,simulated
tank_temp,temperature,5244.762993058,1780039933.6634593,,,21.85205621008494,°C,,simulated
CC-PT,pressure,5244.771676401,1780039933.6721425,1.27738133399264,,194.34533349816002,psi,,simulated
FI-PT,pressure,5244.771727289,1780039933.6721933,1.6988631127909557,,299.7157781977389,psi,,simulated
thrust,thrust,5244.771765603,1780039933.6722317,2.500740587799619,2.499259412200381,148.1175599238327,N,,simulated
CC-PT,pressure,5244.78179278,1780039933.6822588,1.2823964694018923,,195.59911735047308,psi,,simulated
FI-PT,pressure,5244.781847372,1780039933.6823134,1.7121364727182953,,303.0341181795738,psi,,simulated
thrust,thrust,5244.781889927,1780039933.6823559,2.5006923080315957,2.4993076919684043,138.46160631914017,N,,simulated
FM-FM,flow,5244.783200335,1780039933.6836665,1.7746927469602523,,9.137744502752364,gallons_per_minute,,simulated
CC-PT,pressure,5244.791911419,1780039933.6923776,1.284930263153346,,196.23256578833647,psi,,simulated
FI-PT,pressure,5244.791959881,1780039933.692426,1.7110862387521553,,302.7715596880388,psi,,simulated
thrust,thrust,5244.791997436,1780039933.6924634,2.5006714464034374,2.4993285535965626,134.28928068748291,N,,simulated
CC-PT,pressure,5244.802025761,1780039933.702492,1.285125766411515,,196.28144160287874,psi,,simulated
FI-PT,pressure,5244.802079594,1780039933.7025456,1.7185928486100255,,304.64821215250635,psi,,simulated
thrust,thrust,5244.802120945,1780039933.702587,2.5006493926822415,2.4993506073177585,129.87853644830238,N,,simulated
CC-PT,pressure,5244.812146696,1780039933.7126129,1.2875540599291395,,196.88851498228487,psi,,simulated
FI-PT,pressure,5244.81219514,1780039933.7126613,1.7066230424193194,,301.6557606048298,psi,,simulated
thrust,thrust,5244.812231065,1780039933.712697,2.5006249547749704,2.4993750452250296,124.99095499407531,N,,simulated
CC-PT,pressure,5244.822259982,1780039933.722726,1.2808056212431933,,195.20140531079832,psi,,simulated
FI-PT,pressure,5244.822314722,1780039933.7227807,1.7022230270174774,,300.5557567543693,psi,,simulated
thrust,thrust,5244.822355629,1780039933.7228217,2.50062018640282,2.49937981359718,124.03728056398222,N,,simulated
FM-FM,flow,5244.823331431,1780039933.7237978,1.7690326892176498,,9.084681461415466,gallons_per_minute,,simulated
CC-PT,pressure,5244.832391936,1780039933.7328584,1.2774319979467388,,194.3579994866847,psi,,simulated
FI-PT,pressure,5244.832457712,1780039933.732924,1.7098697078072678,,302.46742695181695,psi,,simulated
thrust,thrust,5244.83250673,1780039933.7329729,2.500579655239541,2.499420344760459,115.93104790819098,N,,simulated
CC-PT,pressure,5244.842528241,1780039933.7429945,1.2806738949625367,,195.16847374063417,psi,,simulated
FI-PT,pressure,5244.84259811,1780039933.7430644,1.6965838309030332,,299.1459577257583,psi,,simulated
thrust,thrust,5244.84265248,1780039933.7431188,2.5005528331461946,2.4994471668538054,110.56662923891736,N,,simulated
CC-PT,pressure,5244.852700545,1780039933.7531674,1.2820781805608488,,195.5195451402122,psi,,simulated
FI-PT,pressure,5244.852800766,1780039933.753267,1.7017569186397694,,300.4392296599423,psi,,simulated
thrust,thrust,5244.852856895,1780039933.753323,2.5005254150063294,2.4994745849936706,105.0830012658821,N,,simulated
CC-PT,pressure,5244.862865868,1780039933.7633324,1.2882979259846121,,197.07448149615303,psi,,simulated
FI-PT,pressure,5244.862951256,1780039933.7634172,1.69819077231774,,299.547693079435,psi,,simulated
thrust,thrust,5244.863007255,1780039933.7634735,2.5005009770990583,2.4994990229009417,100.19541981165503,N,,simulated
tank_temp,temperature,5244.863072606,1780039933.7635388,,,21.955573234587757,°C,,simulated
FM-FM,flow,5244.863480767,1780039933.763947,1.7887588487576067,,9.269614207102562,gallons_per_minute,,simulated
CC-PT,pressure,5244.873014913,1780039933.7734811,1.2784864042385105,,194.6216010596276,psi,,simulated
FI-PT,pressure,5244.87308245,1780039933.7735486,1.700502836764197,,300.1257091910492,psi,,simulated
thrust,thrust,5244.873131004,1780039933.7735972,2.500486671982607,2.499513328017393,97.33439652137577,N,,simulated
CC-PT,pressure,5244.883149126,1780039933.7836156,1.285566840835433,,196.39171020885826,psi,,simulated
FI-PT,pressure,5244.883219606,1780039933.783686,1.695956789965247,,298.98919749131176,psi,,simulated
thrust,thrust,5244.883274031,1780039933.78374,2.5004598498892605,2.4995401501107395,91.96997785210215,N,,simulated
CC-PT,pressure,5244.893287005,1780039933.7937534,1.279373917505016,,194.843479376254,psi,,simulated
FI-PT,pressure,5244.893348245,1780039933.7938144,1.6947372787877655,,298.6843196969414,psi,,simulated
thrust,thrust,5244.893396263,1780039933.7938623,2.500412166167756,2.499587833832244,82.43323355117127,N,,simulated
CC-PT,pressure,5244.903416939,1780039933.8038833,1.282264147074717,,195.56603676867923,psi,,simulated
FI-PT,pressure,5244.90348429,1780039933.8039505,1.6965093250881822,,299.1273312720455,psi,,simulated
thrust,thrust,5244.903536419,1780039933.8040025,2.5004038215164925,2.4995961784835075,80.76430329850837,N,,simulated
FM-FM,flow,5244.903591585,1780039933.8040576,1.79760417909672,,9.35253917903175,gallons_per_minute,,simulated
CC-PT,pressure,5244.913554485,1780039933.8140213,1.2754263014109493,,193.8565753527373,psi,,simulated
FI-PT,pressure,5244.91362204,1780039933.814088,1.705263460309918,,301.3158650774795,psi,,simulated
thrust,thrust,5244.913669761,1780039933.814136,2.5003632903532136,2.4996367096467864,72.65807064271712,N,,simulated
CC-PT,pressure,5244.923688086,1780039933.8241544,1.2779738042323354,,194.49345105808385,psi,,simulated
FI-PT,pressure,5244.923757474,1780039933.8242238,1.7028500679552636,,300.7125169888159,psi,,simulated
thrust,thrust,5244.923811918,1780039933.824278,2.500330507794679,2.499669492205321,66.10155893582714,N,,simulated
CC-PT,pressure,5244.93382591,1780039933.8342922,1.2858988387464092,,196.4747096866023,psi,,simulated
FI-PT,pressure,5244.933888205,1780039933.8343544,1.7019524218979385,,300.4881054744846,psi,,simulated
thrust,thrust,5244.93393626,1780039933.8344023,2.5003102422130397,2.4996897577869603,62.04844260793152,N,,simulated
FM-FM,flow,5244.94377731,1780039933.8442445,1.7765345307033695,,9.155011225344088,gallons_per_minute,,simulated
CC-PT,pressure,5244.94391653,1780039933.8443828,1.2898756611198974,,197.46891527997434,psi,,simulated
FI-PT,pressure,5244.943979696,1780039933.8444457,1.704989874957785,,301.2474687394462,psi,,simulated
thrust,thrust,5244.944106064,1780039933.8445723,2.5002679229102043,2.4997320770897957,53.584582040855366,N,,simulated
CC-PT,pressure,5244.95409076,1780039933.854558,1.2946601265263706,,198.66503163159265,psi,,simulated
FI-PT,pressure,5244.954188852,1780039933.854655,1.7064078696260296,,301.6019674065074,psi,,simulated
thrust,thrust,5244.954243684,1780039933.85471,2.5002393126773015,2.4997606873226985,47.86253546029684,N,,simulated
tank_temp,temperature,5244.963239338,1780039933.8637059,,,22.006031281707195,°C,,simulated
CC-PT,pressure,5244.96425188,1780039933.8647184,1.297710096563112,,199.42752414077802,psi,,simulated
FI-PT,pressure,5244.964326416,1780039933.8647926,1.7045166140218513,,301.1291535054628,psi,,simulated
thrust,thrust,5244.96438123,1780039933.8648474,2.500206530118767,2.499793469881233,41.30602375340686,N,,simulated
CC-PT,pressure,5244.974392814,1780039933.874859,1.2945665472229178,,198.64163680572943,psi,,simulated
FI-PT,pressure,5244.974456073,1780039933.8749223,1.713834013203861,,303.4585033009652,psi,,simulated
thrust,thrust,5244.974502813,1780039933.874969,2.5001624226763752,2.4998375773236248,32.4845352750458,N,,simulated
FM-FM,flow,5244.983952275,1780039933.8844185,1.7919691553079076,,9.299710831011632,gallons_per_minute,,simulated
CC-PT,pressure,5244.984524804,1780039933.8849912,1.298182761452527,,199.54569036313174,psi,,simulated
FI-PT,pressure,5244.984594507,1780039933.8850605,1.7028506640017824,,300.7126660004456,psi,,simulated
thrust,thrust,5244.984647803,1780039933.885114,2.500129640117841,2.499870359882159,25.928023568155822,N,,simulated
CC-PT,pressure,5244.994664609,1780039933.8951309,1.2920607676578482,,198.01519191446204,psi,,simulated
FI-PT,pressure,5244.994730182,1780039933.8951964,1.7031856421453526,,300.79641053633816,psi,,simulated
thrust,thrust,5244.994779071,1780039933.8952453,2.500101029884938,2.499898970115062,20.205976987597296,N,,simulated
CC-PT,pressure,5245.00480134,1780039933.9052677,1.2985952256435422,,199.64880641088556,psi,,simulated
FI-PT,pressure,5245.004868802,1780039933.905335,1.6976990339397233,,299.4247584849308,psi,,simulated
thrust,thrust,5245.004921727,1780039933.905388,2.50007003546596,2.49992996453404,14.007093191992226,N,,simulated
CC-PT,pressure,5245.014936145,1780039933.9154022,1.3054294950281973,,201.35737375704932,psi,,simulated
FI-PT,pressure,5245.014996996,1780039933.9154632,1.7069002040505652,,301.7250510126413,psi,,simulated
thrust,thrust,5245.015042958,1780039933.9155092,2.500041425233057,2.499958574766943,8.2850466114337,N,,simulated
FM-FM,flow,5245.024110241,1780039933.9245765,1.8051548963969821,,9.423327153721706,gallons_per_minute,,simulated
CC-PT,pressure,5245.025066376,1780039933.9255326,1.306278861317499,,201.56971532937473,psi,,simulated
FI-PT,pressure,5245.025134412,1780039933.9256008,1.708712185467742,,302.1780463669355,psi,,simulated
thrust,thrust,5245.025187467,1780039933.9256537,2.5000098347675603,2.4999901652324397,1.9669535120669934,N,,simulated
CC-PT,pressure,5245.035201125,1780039933.9356675,1.298192298196828,,199.54807454920697,psi,,simulated
FI-PT,pressure,5245.03526268,1780039933.9357288,1.682041487937151,,295.51037198428776,psi,,simulated
thrust,thrust,5245.035309457,1780039933.9357758,2.4999943375580713,2.5000056624419287,1.1324883857355417,N,,simulated
CC-PT,pressure,5245.045329819,1780039933.945796,1.3002516389193106,,200.06290972982765,psi,,simulated
FI-PT,pressure,5245.045399707,1780039933.9458659,1.7045213823940017,,301.1303455985004,psi,,simulated
thrust,thrust,5245.045452058,1780039933.9459183,2.499952018255236,2.500047981744764,9.596348952811695,N,,simulated
CC-PT,pressure,5245.055495235,1780039933.9559622,1.3046033745531291,,201.15084363828228,psi,,simulated
FI-PT,pressure,5245.055593511,1780039933.9560597,1.6927619806244352,,298.1904951561088,psi,,simulated
thrust,thrust,5245.055648214,1780039933.9561145,2.499927580347965,2.500072419652035,14.48393040703877,N,,simulated
tank_temp,temperature,5245.063407737,1780039933.963874,,,21.88465453605898,°C,,simulated
FM-FM,flow,5245.064260855,1780039933.9647274,1.8200417542507354,,9.562891446100643,gallons_per_minute,,simulated
CC-PT,pressure,5245.065648354,1780039933.9661148,1.299750363796993,,199.93759094924823,psi,,simulated
FI-PT,pressure,5245.065718113,1780039933.9661841,1.7012133242146164,,300.30333105365406,psi,,simulated
thrust,thrust,5245.065771593,1780039933.9662378,2.4998912215103175,2.5001087784896825,21.755697936498564,N,,simulated
CC-PT,pressure,5245.075786456,1780039933.976253,1.3026948335999053,,200.67370839997633,psi,,simulated
FI-PT,pressure,5245.075851658,1780039933.9763176,1.6993548511689724,,299.8387127922431,psi,,simulated
thrust,thrust,5245.075899991,1780039933.976366,2.4998477101144445,2.5001522898855555,30.45797711109799,N,,simulated
CC-PT,pressure,5245.085918631,1780039933.9863849,1.301673805913187,,200.41845147829673,psi,,simulated
FI-PT,pressure,5245.085986852,1780039933.986453,1.6910245050221093,,297.7561262555273,psi,,simulated
thrust,thrust,5245.086040185,1780039933.9865065,2.4998220801141358,2.5001779198858642,35.583977172848336,N,,simulated
CC-PT,pressure,5245.096056769,1780039933.9965234,1.3109941853277904,,202.7485463319476,psi,,simulated
FI-PT,pressure,5245.096118379,1780039933.9965847,1.6902037489657105,,297.5509372414276,psi,,simulated
thrust,thrust,5245.096164805,1780039933.9966311,2.4997791647647816,2.5002208352352184,44.167047043686125,N,,simulated
FM-FM,flow,5245.10441471,1780039934.004881,1.7868818982698795,,9.25201779628012,gallons_per_minute,,simulated
CC-PT,pressure,5245.106186537,1780039934.0066528,1.3078840145926494,,201.97100364816234,psi,,simulated
FI-PT,pressure,5245.106254481,1780039934.0067208,1.6965421076467166,,299.13552691167916,psi,,simulated
thrust,thrust,5245.106305943,1780039934.0067723,2.4997457861597283,2.5002542138402717,50.84276805433774,N,,simulated
CC-PT,pressure,5245.116320694,1780039934.0167873,1.304323828735808,,201.08095718395202,psi,,simulated
FI-PT,pressure,5245.11638386,1780039934.0168502,1.7135842697124803,,303.3960674281201,psi,,simulated
thrust,thrust,5245.116432007,1780039934.0168984,2.4997356533689086,2.5002643466310914,52.86932621828555,N,,simulated
CC-PT,pressure,5245.126450073,1780039934.0269163,1.318776764723869,,204.69419118096727,psi,,simulated
FI-PT,pressure,5245.126516646,1780039934.026983,1.6901280510578218,,297.53201276445543,psi,,simulated
thrust,thrust,5245.126567627,1780039934.0270338,2.4997010826708177,2.5002989173291823,59.78346583646044,N,,simulated
CC-PT,pressure,5245.136587989,1780039934.0370543,1.306822455742652,,201.705613935663,psi,,simulated
FI-PT,pressure,5245.136649562,1780039934.0371156,1.6948809259987982,,298.72023149969954,psi,,simulated
thrust,thrust,5245.136695765,1780039934.037162,2.499671876391396,2.500328123608604,65.6247217207806,N,,simulated
FM-FM,flow,5245.144561046,1780039934.0450273,1.8198772454115444,,9.561349175733227,gallons_per_minute,,simulated
CC-PT,pressure,5245.146716868,1780039934.047183,1.2994243263512049,,199.8560815878012,psi,,simulated
FI-PT,pressure,5245.146785923,1780039934.0472522,1.695326172748348,,298.831543187087,psi,,simulated
thrust,thrust,5245.146838774,1780039934.0473049,2.499651014763238,2.500348985236762,69.79704735243786,N,,simulated
CC-PT,pressure,5245.156888839,1780039934.0573559,1.3141788618777825,,203.54471546944563,psi,,simulated
FI-PT,pressure,5245.156984986,1780039934.0574512,1.695204579258511,,298.8011448146278,psi,,simulated
thrust,thrust,5245.157040485,1780039934.0575068,2.499597966623064,2.500402033376936,80.40667538722346,N,,simulated
tank_temp,temperature,5245.163585543,1780039934.0640519,,,21.84754793096084,°C,,simulated
CC-PT,pressure,5245.167045348,1780039934.0675116,1.30997911810626,,202.49477952656503,psi,,simulated
FI-PT,pressure,5245.167118643,1780039934.0675848,1.7033078316817083,,300.82695792042705,psi,,simulated
thrust,thrust,5245.167172994,1780039934.067639,2.4995806812740184,2.5004193187259816,83.8637451963109,N,,simulated
CC-PT,pressure,5245.177187227,1780039934.0776534,1.3192983054278262,,204.82457635695656,psi,,simulated
FI-PT,pressure,5245.177251966,1780039934.0777183,1.7086543689554177,,302.1635922388544,psi,,simulated
thrust,thrust,5245.177300355,1780039934.0777667,2.4995312094129574,2.5004687905870426,93.75811740852669,N,,simulated
FM-FM,flow,5245.184712901,1780039934.0851793,1.814229108599318,,9.508397893118605,gallons_per_minute,,simulated
CC-PT,pressure,5245.187319717,1780039934.087786,1.322887697564089,,205.72192439102227,psi,,simulated
FI-PT,pressure,5245.187386586,1780039934.0878527,1.6957779760096046,,298.94449400240114,psi,,simulated
thrust,thrust,5245.187438974,1780039934.0879052,2.499516308249987,2.500483691750013,96.73835000256759,N,,simulated
CC-PT,pressure,5245.197454485,1780039934.0979207,1.324289598976326,,206.07239974408148,psi,,simulated
FI-PT,pressure,5245.197514891,1780039934.0979812,1.6982837555746741,,299.57093889366854,psi,,simulated
thrust,thrust,5245.197562131,1780039934.0980282,2.4995031952265734,2.5004968047734266,99.36095468532358,N,,simulated
CC-PT,pressure,5245.207594327,1780039934.1080606,1.3119705095255982,,202.99262738139956,psi,,simulated
FI-PT,pressure,5245.207672066,1780039934.1081383,1.6935886971460221,,298.3971742865055,psi,,simulated
thrust,thrust,5245.207724917,1780039934.1081913,2.49945491545855,2.50054508454145,109.01690829001609,N,,simulated
CC-PT,pressure,5245.217744761,1780039934.118211,1.3228233245400578,,205.70583113501445,psi,,simulated
FI-PT,pressure,5245.217811371,1780039934.1182775,1.7047460919315924,,301.1865229828981,psi,,simulated
thrust,thrust,5245.217860333,1780039934.1183264,2.499430477551279,2.500569522448721,113.90448974424316,N,,simulated
FM-FM,flow,5245.224864033,1780039934.1253304,1.8211933161250728,,9.573687338672556,gallons_per_minute,,simulated
CC-PT,pressure,5245.227891732,1780039934.1283581,1.3110806120730176,,202.7701530182544,psi,,simulated
FI-PT,pressure,5245.227972157,1780039934.1284382,1.6947039001827122,,298.67597504567806,psi,,simulated
thrust,thrust,5245.228068082,1780039934.1285343,2.499413788248752,2.500586211751248,117.24235024956897,N,,simulated
CC-PT,pressure,5245.238040945,1780039934.1385074,1.3222803261614235,,205.5700815403559,psi,,simulated
FI-PT,pressure,5245.238111073,1780039934.1385772,1.6988958953494901,,299.7239738373725,psi,,simulated
thrust,thrust,5245.23816185,1780039934.138628,2.499408423830083,2.500591576169917,118.3152339834237,N,,simulated
CC-PT,pressure,5245.24817812,1780039934.1486444,1.3122959509248675,,203.07398773121687,psi,,simulated
FI-PT,pressure,5245.248249471,1780039934.1487157,1.6933657757479879,,298.34144393699694,psi,,simulated
thrust,thrust,5245.24830334,1780039934.1487696,2.499373853131992,2.500626146868008,125.22937360159858,N,,simulated
CC-PT,pressure,5245.258343702,1780039934.1588109,1.332156816978075,,208.03920424451877,psi,,simulated
FI-PT,pressure,5245.258440219,1780039934.1589065,1.701043450956756,,300.260862739189,psi,,simulated
thrust,thrust,5245.258494682,1780039934.1589608,2.4993404745269387,2.5006595254730613,131.9050946122502,N,,simulated
tank_temp,temperature,5245.26375322,1780039934.1642196,,,21.843733233240478,°C,,simulated
FM-FM,flow,5245.265021573,1780039934.1654878,1.798648452597672,,9.362329243103174,gallons_per_minute,,simulated
CC-PT,pressure,5245.268497396,1780039934.168964,1.3184805296040214,,204.62013240100535,psi,,simulated
FI-PT,pressure,5245.268565876,1780039934.169032,1.6936280362162635,,298.40700905406584,psi,,simulated
thrust,thrust,5245.268619505,1780039934.1690857,2.499324381270931,2.500675618729069,135.12374581381437,N,,simulated
CC-PT,pressure,5245.278636349,1780039934.1791027,1.3269515427293233,,206.7378856823308,psi,,simulated
FI-PT,pressure,5245.278701255,1780039934.1791675,1.6887082682500205,,297.1770670625051,psi,,simulated
thrust,thrust,5245.278748662,1780039934.179215,2.499296367084547,2.500703632915453,140.72658309061126,N,,simulated
CC-PT,pressure,5245.288775654,1780039934.1892421,1.3172616144730585,,204.3154036182646,psi,,simulated
FI-PT,pressure,5245.288848986,1780039934.1893153,1.704992855190379,,301.24821379759476,psi,,simulated
thrust,thrust,5245.288903856,1780039934.18937,2.4992689489446818,2.5007310510553182,146.2102110636465,N,,simulated
CC-PT,pressure,5245.298915699,1780039934.1993818,1.3325025239589838,,208.12563098974596,psi,,simulated
FI-PT,pressure,5245.29897818,1780039934.1994445,1.6815825321176687,,295.3956330294172,psi,,simulated
thrust,thrust,5245.299025476,1780039934.1994915,2.499246299176967,2.500753700823033,150.74016460658868,N,,simulated
FM-FM,flow,5245.305172669,1780039934.205639,1.7858072263964684,,9.24194274746689,gallons_per_minute,,simulated
CC-PT,pressure,5245.309045671,1780039934.209512,1.3395233559040256,,209.8808389760064,psi,,simulated
FI-PT,pressure,5245.309112263,1780039934.2095785,1.6940565936632865,,298.51414841582164,psi,,simulated
thrust,thrust,5245.309163873,1780039934.2096303,2.4992355703396285,2.5007644296603715,152.88593207429813,N,,simulated
CC-PT,pressure,5245.319196957,1780039934.2196634,1.3279242906480182,,206.98107266200455,psi,,simulated
FI-PT,pressure,5245.319284271,1780039934.2197504,1.6906352866453276,,297.6588216613319,psi,,simulated
thrust,thrust,5245.31933727,1780039934.2198033,2.4992099403393198,2.5007900596606802,158.01193213604847,N,,simulated
CC-PT,pressure,5245.329345188,1780039934.2298114,1.3244612603737427,,206.11531509343567,psi,,simulated
FI-PT,pressure,5245.329418891,1780039934.229885,1.6870470866021021,,296.76177165052553,psi,,simulated
thrust,thrust,5245.329474519,1780039934.2299407,2.499199211501981,2.500800788498019,160.15769960375792,N,,simulated
CC-PT,pressure,5245.339485141,1780039934.2399514,1.3309790290569101,,207.74475726422753,psi,,simulated
FI-PT,pressure,5245.339549492,1780039934.2400155,1.7048110610021425,,301.2027652505356,psi,,simulated
thrust,thrust,5245.339598195,1780039934.2400641,2.499168217083003,2.500831782916997,166.356583399363,N,,simulated
FM-FM,flow,5245.345324394,1780039934.2457905,1.831777910206069,,9.672917908181896,gallons_per_minute,,simulated
CC-PT,pressure,5245.351992969,1780039934.2524595,1.3263107927216045,,206.57769818040111,psi,,simulated
FI-PT,pressure,5245.352132152,1780039934.2525985,1.6939934127322929,,298.4983531830732,psi,,simulated
thrust,thrust,5245.352192373,1780039934.2526584,2.49915987243174,2.50084012756826,168.0255136520259,N,,simulated
CC-PT,pressure,5245.36220618,1780039934.262673,1.3342817228176262,,208.57043070440656,psi,,simulated
FI-PT,pressure,5245.362286438,1780039934.2627525,1.6892274247679024,,297.3068561919756,psi,,simulated
thrust,thrust,5245.362336141,1780039934.2628021,2.499131262198837,2.500868737801163,173.74756023258442,N,,simulated
tank_temp,temperature,5245.363926064,1780039934.2643924,,,21.955573234587757,°C,,simulated
CC-PT,pressure,5245.372382336,1780039934.2728486,1.333536664669116,,208.384166167279,psi,,simulated
FI-PT,pressure,5245.372455724,1780039934.2729218,1.6861226184514306,,296.53065461285763,psi,,simulated
thrust,thrust,5245.372511334,1780039934.2729774,2.499131262198837,2.500868737801163,173.74756023258442,N,,simulated
CC-PT,pressure,5245.382523123,1780039934.2829893,1.3381601975155113,,209.54004937887782,psi,,simulated
FI-PT,pressure,5245.382585751,1780039934.283052,1.6932364336534065,,298.3091084133516,psi,,simulated
thrust,thrust,5245.382631751,1780039934.2830977,2.4991151689428293,2.5008848310571707,176.9662114341486,N,,simulated
FM-FM,flow,5245.385474193,1780039934.2859404,1.8241467266257674,,9.601375562116568,gallons_per_minute,,simulated
CC-PT,pressure,5245.392657798,1780039934.2931242,1.3420088698874557,,210.50221747186393,psi,,simulated
FI-PT,pressure,5245.392724353,1780039934.2931907,1.6909380782768821,,297.73451956922054,psi,,simulated
thrust,thrust,5245.392776148,1780039934.2932425,2.4990841745238512,2.5009158254761488,183.16509522975366,N,,simulated
CC-PT,pressure,5245.402793232,1780039934.3032596,1.3342012565375871,,208.55031413439679,psi,,simulated
FI-PT,pressure,5245.402859157,1780039934.3033254,1.6892649756985874,,297.3162439246468,psi,,simulated
thrust,thrust,5245.402906638,1780039934.3033729,2.4991014598728967,2.5008985401271033,179.70802542066622,N,,simulated
CC-PT,pressure,5245.412934093,1780039934.3134005,1.3415904452312524,,210.3976113078131,psi,,simulated
FI-PT,pressure,5245.413011221,1780039934.3134775,1.6864713056649334,,296.61782641623336,psi,,simulated
thrust,thrust,5245.413063276,1780039934.3135293,2.4990698694074,2.5009301305926,186.02611852003292,N,,simulated
CC-PT,pressure,5245.423086675,1780039934.323553,1.3417048861628635,,210.4262215407159,psi,,simulated
FI-PT,pressure,5245.423161193,1780039934.3236272,1.699371540471499,,299.84288511787474,psi,,simulated
thrust,thrust,5245.423210711,1780039934.3236768,2.4990490077792415,2.5009509922207585,190.19844415169018,N,,simulated
FM-FM,flow,5245.425628048,1780039934.3260944,1.7977245804935194,,9.353667942126743,gallons_per_minute,,simulated
CC-PT,pressure,5245.433223869,1780039934.3336902,1.3333226839688639,,208.33067099221597,psi,,simulated
FI-PT,pressure,5245.433296461,1780039934.333763,1.691280208978678,,297.8200522446695,psi,,simulated
thrust,thrust,5245.433350497,1780039934.3338165,2.4990329145232337,2.5009670854767663,193.41709535325435,N,,simulated
CC-PT,pressure,5245.443364656,1780039934.3438308,1.3443596773576352,,211.0899193394088,psi,,simulated
FI-PT,pressure,5245.443428025,1780039934.3438942,1.6885968075510034,,297.14920188775085,psi,,simulated
thrust,thrust,5245.443476524,1780039934.3439426,2.499037682895384,2.500962317104616,192.46342092316127,N,,simulated
CC-PT,pressure,5245.45352583,1780039934.3539927,1.3569237419275928,,214.2309354818982,psi,,simulated
FI-PT,pressure,5245.453632162,1780039934.3540983,1.6819502928197734,,295.4875732049433,psi,,simulated
thrust,thrust,5245.45369405,1780039934.35416,2.4990299342906397,2.5009700657093603,194.01314187206253,N,,simulated
CC-PT,pressure,5245.463693042,1780039934.3641593,1.3394273924144975,,209.85684810362437,psi,,simulated
FI-PT,pressure,5245.463759782,1780039934.364226,1.6845633607582284,,296.1408401895571,psi,,simulated
thrust,thrust,5245.4638098,1780039934.364276,2.499013841034632,2.500986158965368,197.2317930736267,N,,simulated
tank_temp,temperature,5245.464195258,1780039934.3646615,,,21.919507001595136,°C,,simulated
FM-FM,flow,5245.465778125,1780039934.3662446,1.7956580872128114,,9.334294567620105,gallons_per_minute,,simulated
CC-PT,pressure,5245.473825033,1780039934.3742912,1.33472994979977,,208.6824874499425,psi,,simulated
FI-PT,pressure,5245.473893532,1780039934.3743598,1.6933884255157026,,298.3471063789256,psi,,simulated
thrust,thrust,5245.473946272,1780039934.3744125,2.499004304290331,2.500995695709669,199.13914193381288,N,,simulated
CC-PT,pressure,5245.4839603,1780039934.3844266,1.339863698466265,,209.96592461656627,psi,,simulated
FI-PT,pressure,5245.484062188,1780039934.3845284,1.6842224221494702,,296.0556055373675,psi,,simulated
thrust,thrust,5245.484113261,1780039934.3845797,2.4990054963833686,2.5009945036166314,198.9007233262896,N,,simulated
CC-PT,pressure,5245.494093624,1780039934.3945599,1.340873997315645,,210.21849932891124,psi,,simulated
FI-PT,pressure,5245.494160808,1780039934.394627,1.6924198499226393,,298.1049624806598,psi,,simulated
thrust,thrust,5245.494213733,1780039934.3946798,2.498995363592549,2.501004636407451,200.92728149023742,N,,simulated
CC-PT,pressure,5245.504232336,1780039934.4046986,1.3385863707764591,,209.6465926941148,psi,,simulated
FI-PT,pressure,5245.504295039,1780039934.404761,1.6875835284690295,,296.8958821172574,psi,,simulated
thrust,thrust,5245.504342631,1780039934.4048088,2.4989965556855864,2.5010034443144136,200.68886288271415,N,,simulated
FM-FM,flow,5245.505932183,1780039934.4063985,1.827489951549763,,9.632718295779027,gallons_per_minute,,simulated
CC-PT,pressure,5245.514361289,1780039934.4148276,1.3405563045211202,,210.13907613028005,psi,,simulated
FI-PT,pressure,5245.514429455,1780039934.4148955,1.6903897154795786,,297.59742886989466,psi,,simulated
thrust,thrust,5245.514482362,1780039934.4149487,2.4989923833599548,2.5010076166400452,201.5233280090456,N,,simulated
CC-PT,pressure,5245.524500076,1780039934.4249663,1.3470210250641137,,211.75525626602843,psi,,simulated
FI-PT,pressure,5245.524560853,1780039934.4250271,1.6898592340778393,,297.46480851945984,psi,,simulated
thrust,thrust,5245.524606297,1780039934.4250727,2.499004304290331,2.500995695709669,199.13914193381288,N,,simulated
CC-PT,pressure,5245.534628029,1780039934.4350944,1.3463463004048228,,211.5865751012057,psi,,simulated
FI-PT,pressure,5245.534695343,1780039934.4351616,1.684903107273949,,296.22577681848725,psi,,simulated
thrust,thrust,5245.534746435,1780039934.4352126,2.4989745019643905,2.5010254980356095,205.09960712189468,N,,simulated
CC-PT,pressure,5245.544765149,1780039934.4452314,1.3458152229565647,,211.4538057391412,psi,,simulated
FI-PT,pressure,5245.544827352,1780039934.4452937,1.6856946570509264,,296.42366426273156,psi,,simulated
thrust,thrust,5245.544875666,1780039934.445342,2.4990209935928576,2.5009790064071424,195.80128142848707,N,,simulated
FM-FM,flow,5245.546076594,1780039934.4465427,1.8560614414288332,,9.90057601339531,gallons_per_minute,,simulated
CC-PT,pressure,5245.554924898,1780039934.4553914,1.3438643627005056,,210.9660906751264,psi,,simulated
FI-PT,pressure,5245.55502797,1780039934.4554942,1.6866286619458988,,296.6571654864747,psi,,simulated
thrust,thrust,5245.555088507,1780039934.4555547,2.498998343825143,2.501001656174857,200.33123497142924,N,,simulated
tank_temp,temperature,5245.564370638,1780039934.464837,,,21.76345118576172,°C,,simulated
CC-PT,pressure,5245.565091388,1780039934.4655578,1.361364884539233,,215.34122113480825,psi,,simulated
FI-PT,pressure,5245.565156683,1780039934.465623,1.690746151297826,,297.6865378244565,psi,,simulated
thrust,thrust,5245.565205071,1780039934.465671,2.4990054963833686,2.5009945036166314,198.9007233262896,N,,simulated
CC-PT,pressure,5245.575224692,1780039934.475691,1.3528593007158398,,213.21482517895996,psi,,simulated
FI-PT,pressure,5245.575292284,1780039934.4757586,1.7010106683982216,,300.25266709955537,psi,,simulated
thrust,thrust,5245.575345191,1780039934.4758112,2.4989965556855864,2.5010034443144136,200.68886288271415,N,,simulated
CC-PT,pressure,5245.585360294,1780039934.4858265,1.3669724901881803,,216.7431225470451,psi,,simulated
FI-PT,pressure,5245.58542296,1780039934.4858892,1.691553794330811,,297.8884485827027,psi,,simulated
thrust,thrust,5245.585470959,1780039934.485937,2.499025761965008,2.500974238034992,194.84760699839399,N,,simulated
FM-FM,flow,5245.586227782,1780039934.486694,1.8208899284469995,,9.570843079190618,gallons_per_minute,,simulated
CC-PT,pressure,5245.595491025,1780039934.4959571,1.3600082826624256,,215.0020706656064,psi,,simulated
FI-PT,pressure,5245.59555682,1780039934.496023,1.6782124851003273,,294.5531212750818,psi,,simulated
thrust,thrust,5245.595608245,1780039934.4960744,2.499019205453301,2.500980794546699,196.15890933977198,N,,simulated
CC-PT,pressure,5245.605626515,1780039934.5060928,1.3521821918704737,,213.04554796761843,psi,,simulated
FI-PT,pressure,5245.605686607,1780039934.5061526,1.6991647123294726,,299.79117808236816,psi,,simulated
thrust,thrust,5245.605733421,1780039934.5061996,2.4990245698719704,2.5009754301280296,195.08602560591726,N,,simulated
CC-PT,pressure,5245.615754764,1780039934.516221,1.3562937207572126,,214.07343018930314,psi,,simulated
FI-PT,pressure,5245.615819856,1780039934.516286,1.6848983389017986,,296.22458472544963,psi,,simulated
thrust,thrust,5245.615871763,1780039934.5163379,2.4990269540580456,2.5009730459419544,194.6091883908707,N,,simulated
CC-PT,pressure,5245.625886847,1780039934.5263531,1.355139178650281,,213.78479466257028,psi,,simulated
FI-PT,pressure,5245.625946772,1780039934.526413,1.6812010623456315,,295.3002655864079,psi,,simulated
thrust,thrust,5245.625993179,1780039934.5264595,2.499050795918798,2.500949204081202,189.84081624040527,N,,simulated
FM-FM,flow,5245.626371896,1780039934.526838,1.8670793613290027,,10.003869012459399,gallons_per_minute,,simulated
CC-PT,pressure,5245.636043392,1780039934.5365098,1.356854600531411,,214.21365013285276,psi,,simulated
FI-PT,pressure,5245.636113484,1780039934.5365796,1.6858806235647945,,296.4701558911986,psi,,simulated
thrust,thrust,5245.63616715,1780039934.5366333,2.49905973661658,2.50094026338342,188.05267668398074,N,,simulated
CC-PT,pressure,5245.646180568,1780039934.5466468,1.3610269261630688,,215.2567315407672,psi,,simulated
FI-PT,pressure,5245.646246937,1780039934.546713,1.6845568042465215,,296.1392010616304,psi,,simulated
thrust,thrust,5245.646294603,1780039934.5467608,2.49905973661658,2.50094026338342,188.05267668398074,N,,simulated
CC-PT,pressure,5245.656341317,1780039934.5568082,1.3647969203945305,,216.19923009863263,psi,,simulated
FI-PT,pressure,5245.656445186,1780039934.5569115,1.6861846072893867,,296.54615182234664,psi,,simulated
thrust,thrust,5245.656506666,1780039934.5569727,2.499093711268152,2.500906288731848,181.25774636956749,N,,simulated
tank_temp,temperature,5245.664542482,1780039934.5650086,,,21.88430774535714,°C,,simulated
CC-PT,pressure,5245.666503084,1780039934.5669694,1.3643814759709212,,216.0953689927303,psi,,simulated
FI-PT,pressure,5245.666568491,1780039934.5670347,1.6842462640102225,,296.0615660025556,psi,,simulated
thrust,thrust,5245.666617935,1780039934.567084,2.499081194291257,2.500918805708743,183.76114174856184,N,,simulated
FM-FM,flow,5245.666670267,1780039934.5671365,1.8197794937824598,,9.56043275421056,gallons_per_minute,,simulated
CC-PT,pressure,5245.676635112,1780039934.5771012,1.3552166646977262,,213.80416617443154,psi,,simulated
FI-PT,pressure,5245.676704833,1780039934.5771708,1.684030495170414,,296.00762379260345,psi,,simulated
thrust,thrust,5245.676758276,1780039934.5772245,2.499115764989348,2.500884235010652,176.84700213038695,N,,simulated
CC-PT,pressure,5245.686770342,1780039934.5872366,1.3620896771061037,,215.52241927652594,psi,,simulated
FI-PT,pressure,5245.686832453,1780039934.5872986,1.691556774563405,,297.88919364085126,psi,,simulated
thrust,thrust,5245.686881119,1780039934.5873473,2.4991205333614985,2.5008794666385015,175.89332770029387,N,,simulated
CC-PT,pressure,5245.696900759,1780039934.597367,1.3651485878406273,,216.28714696015683,psi,,simulated
FI-PT,pressure,5245.696968072,1780039934.597434,1.693912350405735,,298.47808760143374,psi,,simulated
thrust,thrust,5245.697020035,1780039934.597486,2.4991205333614985,2.5008794666385015,175.89332770029387,N,,simulated
FM-FM,flow,5245.706825807,1780039934.6072922,1.8204393172787805,,9.566618599488566,gallons_per_minute,,simulated
CC-PT,pressure,5245.707086044,1780039934.6075523,1.361753506869496,,215.43837671737398,psi,,simulated
FI-PT,pressure,5245.707151914,1780039934.6076183,1.684076986798881,,296.0192466997202,psi,,simulated
thrust,thrust,5245.707200506,1780039934.6076667,2.4991479515013637,2.5008520484986363,170.4096997272586,N,,simulated
CC-PT,pressure,5245.717226386,1780039934.6176927,1.3638080792198277,,215.95201980495693,psi,,simulated
FI-PT,pressure,5245.717301885,1780039934.6177683,1.6927882066712627,,298.1970516678157,psi,,simulated
thrust,thrust,5245.717356607,1780039934.6178226,2.4991735815016725,2.5008264184983275,165.28369966550827,N,,simulated
CC-PT,pressure,5245.72736995,1780039934.6278362,1.3615651561695525,,215.39128904238814,psi,,simulated
FI-PT,pressure,5245.727438283,1780039934.6279044,1.688634954528207,,297.1587386320518,psi,,simulated
thrust,thrust,5245.727488097,1780039934.6279542,2.4991819261529358,2.5008180738470642,163.61476941284536,N,,simulated
CC-PT,pressure,5245.737503959,1780039934.6379704,1.351025265577467,,212.75631639436676,psi,,simulated
FI-PT,pressure,5245.737575217,1780039934.6380413,1.6899712908233753,,297.4928227058438,psi,,simulated
thrust,thrust,5245.737629772,1780039934.638096,2.499205768013688,2.500794231986312,158.84639726237992,N,,simulated
FM-FM,flow,5245.746981958,1780039934.6474483,1.8233527926627149,,9.59393243121295,gallons_per_minute,,simulated
CC-PT,pressure,5245.747641042,1780039934.6481073,1.354192060731895,,213.54801518297373,psi,,simulated
FI-PT,pressure,5245.747703707,1780039934.64817,1.6841747384279655,,296.04368460699135,psi,,simulated
thrust,thrust,5245.74775191,1780039934.6482182,2.4992236494092523,2.5007763505907477,155.27011814953084,N,,simulated
CC-PT,pressure,5245.757799476,1780039934.6582663,1.3664777715775696,,216.6194428943924,psi,,simulated
FI-PT,pressure,5245.757906234,1780039934.6583724,1.6835846523743454,,295.8961630935863,psi,,simulated
thrust,thrust,5245.757967011,1780039934.6584332,2.499249279409561,2.500750720590439,150.1441180877805,N,,simulated
tank_temp,temperature,5245.76471451,1780039934.665181,,,21.78911369769878,°C,,simulated
CC-PT,pressure,5245.76796378,1780039934.66843,1.3733787981723307,,218.34469954308267,psi,,simulated
FI-PT,pressure,5245.76805665,1780039934.6685228,1.6869004591584753,,296.72511478961883,psi,,simulated
thrust,thrust,5245.768108408,1780039934.6685746,2.4992600082468996,2.5007399917531004,147.99835062007105,N,,simulated
CC-PT,pressure,5245.77809803,1780039934.6785643,1.3647224145796795,,216.18060364491987,psi,,simulated
FI-PT,pressure,5245.778168733,1780039934.6786351,1.6761090369354532,,294.0272592338633,psi,,simulated
thrust,thrust,5245.778223732,1780039934.6786897,2.4993070959218855,2.5006929040781145,138.5808156229018,N,,simulated
FM-FM,flow,5245.787127276,1780039934.6875937,1.8360461993272543,,9.712933118693009,gallons_per_minute,,simulated
CC-PT,pressure,5245.788235187,1780039934.6887014,1.3655229050544389,,216.38072626360972,psi,,simulated
FI-PT,pressure,5245.788298075,1780039934.688764,1.6819991686343156,,295.4997921585789,psi,,simulated
thrust,thrust,5245.788346352,1780039934.6888125,2.49931484452663,2.50068515547337,137.03109467400054,N,,simulated
CC-PT,pressure,5245.798365362,1780039934.6988316,1.375036999587655,,218.75924989691376,psi,,simulated
FI-PT,pressure,5245.798433787,1780039934.6989,1.6746284573827337,,293.6571143456834,psi,,simulated
thrust,thrust,5245.798486379,1780039934.6989527,2.499349415224721,2.500650584775279,130.11695505582566,N,,simulated
CC-PT,pressure,5245.808501648,1780039934.7089682,1.3593454789335109,,214.83636973337772,psi,,simulated
FI-PT,pressure,5245.808566777,1780039934.709033,1.6866858824117044,,296.6714706029261,psi,,simulated
thrust,thrust,5245.808614832,1780039934.709081,2.4993565677829466,2.5006434322170534,128.68644341068602,N,,simulated
CC-PT,pressure,5245.818633379,1780039934.7190998,1.3703556502289356,,217.5889125572339,psi,,simulated
FI-PT,pressure,5245.818701101,1780039934.7191672,1.682259044916516,,295.564761229129,psi,,simulated
thrust,thrust,5245.818753248,1780039934.7192194,2.499385774062368,2.500614225937632,122.84518752636586,N,,simulated
FM-FM,flow,5245.827280149,1780039934.7277462,1.780389163540502,,9.191148408192205,gallons_per_minute,,simulated
CC-PT,pressure,5245.828767406,1780039934.7292337,1.3690133534685796,,217.2533383671449,psi,,simulated
FI-PT,pressure,5245.82882835,1780039934.7292945,1.6843291144763368,,296.0822786190842,psi,,simulated
thrust,thrust,5245.828875461,1780039934.7293417,2.4993994831323008,2.5006005168676992,120.10337353984823,N,,simulated
CC-PT,pressure,5245.838894286,1780039934.7393606,1.369384690449797,,217.34617261244927,psi,,simulated
FI-PT,pressure,5245.838962488,1780039934.7394285,1.6785134885923254,,294.6283721480813,psi,,simulated
thrust,thrust,5245.839015784,1780039934.739482,2.4994352459234292,2.5005647540765708,112.95081531415008,N,,simulated
CC-PT,pressure,5245.849029905,1780039934.749496,1.3822670438607985,,220.56676096519962,psi,,simulated
FI-PT,pressure,5245.849091182,1780039934.7495573,1.6756947846048815,,293.9236961512204,psi,,simulated
thrust,thrust,5245.849139182,1780039934.7496054,2.499476373133227,2.500523626866773,104.7253733545972,N,,simulated
CC-PT,pressure,5245.859189173,1780039934.759656,1.3610513640703399,,215.26284101758498,psi,,simulated
FI-PT,pressure,5245.859292301,1780039934.7597587,1.6858585698435986,,296.46464246089965,psi,,simulated
thrust,thrust,5245.859352448,1780039934.7598188,2.499491870342716,2.500508129657284,101.62593145679466,N,,simulated
tank_temp,temperature,5245.864884169,1780039934.7653506,,,21.75183369724969,°C,,simulated
FM-FM,flow,5245.867429004,1780039934.7678952,1.8154772300097024,,9.520099031340958,gallons_per_minute,,simulated
CC-PT,pressure,5245.869349366,1780039934.7698154,1.3769467326339164,,219.2366831584791,psi,,simulated
FI-PT,pressure,5245.869413477,1780039934.7698796,1.6772802683449113,,294.3200670862278,psi,,simulated
thrust,thrust,5245.869461291,1780039934.7699275,2.4995091556917615,2.5004908443082385,98.16886164770722,N,,simulated
CC-PT,pressure,5245.879481505,1780039934.7799478,1.3646783071372877,,216.16957678432192,psi,,simulated
FI-PT,pressure,5245.87955117,1780039934.7800174,1.6783650730091422,,294.59126825228554,psi,,simulated
thrust,thrust,5245.879604392,1780039934.7800705,2.499538958017702,2.500461041982298,92.20839645962542,N,,simulated
CC-PT,pressure,5245.889618939,1780039934.7900853,1.3728787151430506,,218.21967878576265,psi,,simulated
FI-PT,pressure,5245.889684994,1780039934.7901511,1.679639420466354,,294.9098551165885,psi,,simulated
thrust,thrust,5245.889733141,1780039934.7901995,2.499578893134462,2.500421106865538,84.22137310759581,N,,simulated
CC-PT,pressure,5245.899753948,1780039934.8002203,1.3718445744329184,,217.9611436082296,psi,,simulated
FI-PT,pressure,5245.899830632,1780039934.800297,1.6820087053786166,,295.5021763446541,psi,,simulated
thrust,thrust,5245.899889668,1780039934.800356,2.499600350809139,2.500399649190861,79.92983817217691,N,,simulated
FM-FM,flow,5245.907581303,1780039934.8080475,1.8389662312228956,,9.740308417714646,gallons_per_minute,,simulated
CC-PT,pressure,5245.909896919,1780039934.810363,1.3632483915386668,,215.8120978846667,psi,,simulated
FI-PT,pressure,5245.909958178,1780039934.8104243,1.6793580865094766,,294.83952162736915,psi,,simulated
thrust,thrust,5245.910004307,1780039934.8104703,2.4996516108097566,2.5003483891902434,69.67783804867622,N,,simulated
CC-PT,pressure,5245.920107131,1780039934.8205733,1.3710023607018424,,217.75059017546062,psi,,simulated
FI-PT,pressure,5245.92017813,1780039934.8206444,1.6725285854969725,,293.1321463742431,psi,,simulated
thrust,thrust,5245.920230388,1780039934.8206966,2.4996641277866516,2.5003358722133484,67.17444266968187,N,,simulated
CC-PT,pressure,5245.930246473,1780039934.8307128,1.3802774405810168,,220.0693601452542,psi,,simulated
FI-PT,pressure,5245.930307694,1780039934.830774,1.6722639408426216,,293.0659852106554,psi,,simulated
thrust,thrust,5245.93035336,1780039934.8308196,2.4996921419730356,2.5003078580269644,61.571605392884976,N,,simulated
CC-PT,pressure,5245.940378407,1780039934.8408449,1.3696159564990946,,217.40398912477366,psi,,simulated
FI-PT,pressure,5245.940445369,1780039934.8409116,1.6844447475009856,,296.1111868752464,psi,,simulated
thrust,thrust,5245.940496091,1780039934.8409624,2.4997296929037205,2.5002703070962795,54.06141925590191,N,,simulated
FM-FM,flow,5245.947767232,1780039934.8482344,1.7779984209535624,,9.168735196439647,gallons_per_minute,,simulated
CC-PT,pressure,5245.95206708,1780039934.8525338,1.3625367119952099,,215.63417799880247,psi,,simulated
FI-PT,pressure,5245.952161745,1780039934.852628,1.6762079806575754,,294.0519951643938,psi,,simulated
thrust,thrust,5245.952216485,1780039934.8526828,2.4997738003461123,2.5002261996538877,45.23993077754085,N,,simulated
CC-PT,pressure,5245.962236051,1780039934.8627026,1.3699187481306492,,217.4796870326623,psi,,simulated
FI-PT,pressure,5245.962330679,1780039934.8627968,1.6764368625207977,,294.1092156301994,psi,,simulated
thrust,thrust,5245.962387827,1780039934.8628542,2.4997738003461123,2.5002261996538877,45.23993077754085,N,,simulated
tank_temp,temperature,5245.965058123,1780039934.8655245,,,21.940487839057205,°C,,simulated
CC-PT,pressure,5245.97239343,1780039934.87286,1.3663996894836057,,216.59992237090142,psi,,simulated
FI-PT,pressure,5245.972458947,1780039934.8729253,1.6723605003786686,,293.09012509466714,psi,,simulated
thrust,thrust,5245.972506576,1780039934.8729727,2.4998131394163536,2.5001868605836464,37.372116729272875,N,,simulated
CC-PT,pressure,5245.982526957,1780039934.8829932,1.3723077025780324,,218.0769256445081,psi,,simulated
FI-PT,pressure,5245.982595289,1780039934.8830614,1.6830601314377942,,295.7650328594485,psi,,simulated
thrust,thrust,5245.982646696,1780039934.883113,2.4998447298818505,2.5001552701181495,31.05402362990617,N,,simulated
FM-FM,flow,5245.987950345,1780039934.8884168,1.8160542030399087,,9.525508153499143,gallons_per_minute,,simulated
CC-PT,pressure,5245.992664077,1780039934.8931303,1.3733513800324655,,218.33784500811637,psi,,simulated
FI-PT,pressure,5245.992727798,1780039934.893194,1.6800626134947079,,295.01565337367697,psi,,simulated
thrust,thrust,5245.992774686,1780039934.893241,2.4998638033704523,2.5001361966295477,27.239325909533818,N,,simulated
CC-PT,pressure,5246.002795011,1780039934.9032612,1.3841463785346007,,221.03659463365017,psi,,simulated
FI-PT,pressure,5246.002863029,1780039934.9033294,1.6737993566750715,,293.4498391687679,psi,,simulated
thrust,thrust,5246.002913769,1780039934.90338,2.4999132752315134,2.5000867247684866,17.344953697318033,N,,simulated
CC-PT,pressure,5246.01293052,1780039934.9133968,1.3723321404853035,,218.08303512132588,psi,,simulated
FI-PT,pressure,5246.012991575,1780039934.9134576,1.6664954026335956,,291.6238506583989,psi,,simulated
thrust,thrust,5246.013038259,1780039934.9135046,2.499945461743529,2.500054538256471,10.90765129418969,N,,simulated
CC-PT,pressure,5246.023059677,1780039934.9235258,1.3745506256283075,,218.6376564070769,psi,,simulated
FI-PT,pressure,5246.023126194,1780039934.9235923,1.6874518021883729,,296.8629505470932,psi,,simulated
thrust,thrust,5246.023176508,1780039934.9236426,2.499986588953327,2.500013411046673,2.682209334636809,N,,simulated
FM-FM,flow,5246.028100848,1780039934.928567,1.8263389857219443,,9.621927991143227,gallons_per_minute,,simulated
CC-PT,pressure,5246.033193982,1780039934.9336603,1.3853050929671638,,221.32627324179094,psi,,simulated
FI-PT,pressure,5246.033255685,1780039934.9337218,1.6730531064335237,,293.2632766083809,psi,,simulated
thrust,thrust,5246.033301369,1780039934.9337678,2.5000163912792672,2.4999836087207328,3.278255853444989,N,,simulated
CC-PT,pressure,5246.043322231,1780039934.9437885,1.3701076948771114,,217.52692371927785,psi,,simulated
FI-PT,pressure,5246.043392897,1780039934.943859,1.6692276798758123,,292.3069199689531,psi,,simulated
thrust,thrust,5246.043445859,1780039934.943912,2.500048577791283,2.499951422208717,9.715558256573331,N,,simulated
CC-PT,pressure,5246.053491091,1780039934.953958,1.3707281793031907,,217.68204482579768,psi,,simulated
FI-PT,pressure,5246.053624552,1780039934.9540908,1.6730578748056741,,293.26446870141854,psi,,simulated
thrust,thrust,5246.053683829,1780039934.95415,2.5000801682567797,2.4999198317432203,16.033651355940037,N,,simulated
CC-PT,pressure,5246.063649414,1780039934.9641156,1.3713945593112182,,217.84863982780456,psi,,simulated
FI-PT,pressure,5246.063725617,1780039934.9641917,1.6689695917331684,,292.2423979332921,psi,,simulated
thrust,thrust,5246.063781227,1780039934.9642472,2.500101625931457,2.499898374068543,20.325186291358932,N,,simulated
tank_temp,temperature,5246.065223726,1780039934.9656901,,,21.88794904772661,°C,,simulated
FM-FM,flow,5246.068257388,1780039934.9687238,1.8464895303832927,,9.810839347343368,gallons_per_minute,,simulated
CC-PT,pressure,5246.073790108,1780039934.9742563,1.3827307680524312,,220.6826920131078,psi,,simulated
FI-PT,pressure,5246.073855255,1780039934.9743214,1.6755576939055556,,293.8894234763889,psi,,simulated
thrust,thrust,5246.073903977,1780039934.97437,2.5001654029089693,2.4998345970910307,33.08058179385398,N,,simulated
CC-PT,pressure,5246.083922043,1780039934.9843884,1.3754297942435496,,218.8574485608874,psi,,simulated
FI-PT,pressure,5246.083990708,1780039934.984457,1.6720803585148287,,293.0200896287072,psi,,simulated
thrust,thrust,5246.084081707,1780039934.9845479,2.5001838803510523,2.4998161196489477,36.776070210464695,N,,simulated
CC-PT,pressure,5246.094057607,1780039934.994524,1.3744284360919519,,218.60710902298797,psi,,simulated
FI-PT,pressure,5246.094120588,1780039934.994587,1.6680838666062194,,292.0209666515549,psi,,simulated
thrust,thrust,5246.094169179,1780039934.9946353,2.500196993374466,2.499803006625534,39.39867489322069,N,,simulated
CC-PT,pressure,5246.104192523,1780039935.0046587,1.3750238865642412,,218.7559716410603,psi,,simulated
FI-PT,pressure,5246.104260004,1780039935.0047262,1.6790952299946822,,294.7738074986705,psi,,simulated
thrust,thrust,5246.104312188,1780039935.0047784,2.500222027328256,2.499777972671744,44.4054656512094,N,,simulated
FM-FM,flow,5246.108407484,1780039935.0088737,1.842591386150287,,9.77429424515894,gallons_per_minute,,simulated
CC-PT,pressure,5246.114326809,1780039935.014793,1.3781221363690064,,219.5305340922516,psi,,simulated
FI-PT,pressure,5246.114390086,1780039935.014856,1.669675906857956,,292.418976714489,psi,,simulated
thrust,thrust,5246.114438882,1780039935.014905,2.5002667308171667,2.4997332691828333,53.346163433332094,N,,simulated
CC-PT,pressure,5246.124457337,1780039935.0249236,1.3888819681265316,,222.22049203163292,psi,,simulated
FI-PT,pressure,5246.124526039,1780039935.0249922,1.6634591416667868,,290.8647854166967,psi,,simulated
thrust,thrust,5246.124579687,1780039935.025046,2.500302493608295,2.499697506391705,60.49872165903025,N,,simulated
CC-PT,pressure,5246.134595364,1780039935.0350618,1.3867952092641842,,221.69880231604606,psi,,simulated
FI-PT,pressure,5246.134663344,1780039935.0351295,1.6764535518233243,,294.11338795583106,psi,,simulated
thrust,thrust,5246.134711362,1780039935.0351775,2.500327527562085,2.499672472437915,65.50551241701896,N,,simulated
CC-PT,pressure,5246.144729669,1780039935.045196,1.3878496155559559,,221.96240388898897,psi,,simulated
FI-PT,pressure,5246.144799427,1780039935.0452657,1.6709216440822656,,292.7304110205664,psi,,simulated
thrust,thrust,5246.144853463,1780039935.0453198,2.5003609061671384,2.4996390938328616,72.18123342767058,N,,simulated
FM-FM,flow,5246.148555357,1780039935.0490215,1.8076898822414735,,9.447092646013813,gallons_per_minute,,simulated
CC-PT,pressure,5246.154895659,1780039935.0553625,1.3879646525340859,,221.99116313352147,psi,,simulated
FI-PT,pressure,5246.154992139,1780039935.0554583,1.6674896082269677,,291.8724020567419,psi,,simulated
thrust,thrust,5246.155046397,1780039935.0555127,2.500392496632635,2.499607503367365,78.49932652703728,N,,simulated
CC-PT,pressure,5246.165050834,1780039935.065517,1.3726778474662122,,218.16946186655306,psi,,simulated
FI-PT,pressure,5246.165126907,1780039935.065593,1.663818557717628,,290.95463942940705,psi,,simulated
thrust,thrust,5246.165182461,1780039935.0656486,2.5004163384933875,2.4995836615066125,83.26769867750272,N,,simulated
tank_temp,temperature,5246.165543179,1780039935.0660095,,,21.722356487592265,°C,,simulated
CC-PT,pressure,5246.175194713,1780039935.075661,1.3805557943053002,,220.13894857632505,psi,,simulated
FI-PT,pressure,5246.175258712,1780039935.0757248,1.6694202029013874,,292.35505072534687,psi,,simulated
thrust,thrust,5246.175306155,1780039935.075772,2.5004312396563577,2.4995687603436423,86.24793127154362,N,,simulated
CC-PT,pressure,5246.185325129,1780039935.0857916,1.376106307042397,,219.02657676059923,psi,,simulated
FI-PT,pressure,5246.185393294,1780039935.0858593,1.669815977789876,,292.45399444746903,psi,,simulated
thrust,thrust,5246.185446349,1780039935.0859125,2.500464022214892,2.499535977785108,92.8044429784336,N,,simulated
FM-FM,flow,5246.188702897,1780039935.0891693,1.8517728867260084,,9.860370813056328,gallons_per_minute,,simulated
CC-PT,pressure,5246.195460452,1780039935.0959268,1.384810374356553,,221.20259358913825,psi,,simulated
FI-PT,pressure,5246.195521618,1780039935.0959878,1.6703524196568038,,292.5881049142009,psi,,simulated
thrust,thrust,5246.195567877,1780039935.096034,2.500479519424381,2.499520480575619,95.90388487623613,N,,simulated
CC-PT,pressure,5246.20560409,1780039935.1060705,1.374101802599645,,218.52545064991125,psi,,simulated
FI-PT,pressure,5246.205681126,1780039935.1061473,1.6700454556996176,,292.5113639249044,psi,,simulated
thrust,thrust,5246.205735403,1780039935.1062016,2.5005337596575927,2.4994662403424073,106.751931518545,N,,simulated
CC-PT,pressure,5246.215752599,1780039935.116219,1.3851370078488598,,221.28425196221497,psi,,simulated
FI-PT,pressure,5246.215822783,1780039935.1162891,1.680472693499648,,295.118173374912,psi,,simulated
thrust,thrust,5246.215871579,1780039935.1163378,2.500545680587969,2.499454319412031,109.13611759377773,N,,simulated
CC-PT,pressure,5246.225891126,1780039935.1263576,1.3741059749252766,,218.52649373131916,psi,,simulated
FI-PT,pressure,5246.225962958,1780039935.126429,1.6790541027848844,,294.7635256962211,psi,,simulated
thrust,thrust,5246.226017272,1780039935.1264834,2.500579059193022,2.499420940806978,115.81183860442934,N,,simulated
FM-FM,flow,5246.228865937,1780039935.1293323,1.78289077077994,,9.214600976061936,gallons_per_minute,,simulated
CC-PT,pressure,5246.236056986,1780039935.1365232,1.389452384645031,,222.36309616125777,psi,,simulated
FI-PT,pressure,5246.236122596,1780039935.1365888,1.6743906348217292,,293.5976587054323,psi,,simulated
thrust,thrust,5246.236172855,1780039935.1366389,2.5006243587284516,2.4993756412715484,124.87174569031367,N,,simulated
CC-PT,pressure,5246.246189069,1780039935.1466553,1.3803960538382596,,220.0990134595649,psi,,simulated
FI-PT,pressure,5246.246259086,1780039935.1467254,1.6757138580934834,,293.92846452337085,psi,,simulated
thrust,thrust,5246.246312586,1780039935.1467788,2.50062018640282,2.49937981359718,124.03728056398222,N,,simulated
CC-PT,pressure,5246.256359003,1780039935.1568258,1.3844759922595016,,221.1189980648754,psi,,simulated
FI-PT,pressure,5246.256453428,1780039935.1569195,1.6693969570871539,,292.34923927178846,psi,,simulated
thrust,thrust,5246.256508223,1780039935.1569743,2.5006529689613544,2.4993470310386456,130.5937922708722,N,,simulated
tank_temp,temperature,5246.265708671,1780039935.166175,,,21.791541232611724,°C,,simulated
CC-PT,pressure,5246.266514752,1780039935.1669812,1.3660617311074414,,216.51543277686037,psi,,simulated
FI-PT,pressure,5246.266585881,1780039935.167052,1.6632171467801506,,290.80428669503766,psi,,simulated
thrust,thrust,5246.266640602,1780039935.1671069,2.5006684661708434,2.4993315338291566,133.69323416867473,N,,simulated
FM-FM,flow,5246.269017477,1780039935.1694837,1.7757119865074142,,9.147299873507007,gallons_per_minute,,simulated
CC-PT,pressure,5246.276652872,1780039935.1771193,1.3817097403657128,,220.4274350914282,psi,,simulated
FI-PT,pressure,5246.276716704,1780039935.177183,1.6749711841310484,,293.7427960327621,psi,,simulated
thrust,thrust,5246.276763611,1780039935.17723,2.500681579194257,2.499318420805743,136.31583885143073,N,,simulated
CC-PT,pressure,5246.286783343,1780039935.1872497,1.389508413017799,,222.37710325444976,psi,,simulated
FI-PT,pressure,5246.286850583,1780039935.1873167,1.6798593616317943,,294.96484040794854,psi,,simulated
thrust,thrust,5246.286904194,1780039935.1873705,2.500731647101837,2.499268352898163,146.32942036740815,N,,simulated
CC-PT,pressure,5246.2969185,1780039935.1973846,1.3814218498971285,,220.35546247428212,psi,,simulated
FI-PT,pressure,5246.296983611,1780039935.1974497,1.6672356924099554,,291.80892310248885,psi,,simulated
thrust,thrust,5246.297031869,1780039935.197498,2.5007429719856944,2.4992570280143056,148.59439713887923,N,,simulated
CC-PT,pressure,5246.307054546,1780039935.2075207,1.3860614759995313,,221.51536899988284,psi,,simulated
FI-PT,pressure,5246.30712536,1780039935.2075918,1.6670831045011405,,291.7707761252851,psi,,simulated
thrust,thrust,5246.307180507,1780039935.2076466,2.5007638336138527,2.4992361663861473,152.7667227705365,N,,simulated
FM-FM,flow,5246.309171554,1780039935.2096379,1.833188752316088,,9.686144552963324,gallons_per_minute,,simulated
CC-PT,pressure,5246.317193073,1780039935.2176595,1.380142734067766,,220.03568351694153,psi,,simulated
FI-PT,pressure,5246.317256424,1780039935.2177227,1.6668631633357003,,291.7157908339251,psi,,simulated
thrust,thrust,5246.31730422,1780039935.2177706,2.5007924438467555,2.4992075561532445,158.48876935109502,N,,simulated
CC-PT,pressure,5246.327323619,1780039935.2277899,1.3804389691876138,,220.10974229690345,psi,,simulated
FI-PT,pressure,5246.327392303,1780039935.2278585,1.6629435614280177,,290.73589035700445,psi,,simulated
thrust,thrust,5246.327445673,1780039935.227912,2.5008019805910564,2.4991980194089436,160.3961182112812,N,,simulated
CC-PT,pressure,5246.337460183,1780039935.2379265,1.3732947556131787,,218.32368890329468,psi,,simulated
FI-PT,pressure,5246.337522571,1780039935.237989,1.674009165049692,,293.502291262423,psi,,simulated
thrust,thrust,5246.337569219,1780039935.2380354,2.5008293987309216,2.4991706012690784,165.87974618431645,N,,simulated
CC-PT,pressure,5246.347589766,1780039935.2480562,1.375568077035913,,218.89201925897828,psi,,simulated
FI-PT,pressure,5246.347659246,1780039935.2481256,1.6640230016735793,,291.0057504183948,psi,,simulated
thrust,thrust,5246.347712561,1780039935.2481787,2.500852644545155,2.499147355454845,170.52890903102025,N,,simulated
FM-FM,flow,5246.349317261,1780039935.2497835,1.8179466507371247,,9.543249850660542,gallons_per_minute,,simulated
CC-PT,pressure,5246.357755515,1780039935.2582223,1.3815827824572067,,220.39569561430167,psi,,simulated
FI-PT,pressure,5246.357852365,1780039935.2583187,1.6786225651052673,,294.6556412763168,psi,,simulated
thrust,thrust,5246.35790742,1780039935.2583737,2.50085026035908,2.49914973964092,170.0520718159737,N,,simulated
tank_temp,temperature,5246.365884199,1780039935.2663505,,,21.822232209725616,°C,,simulated
CC-PT,pressure,5246.367911264,1780039935.2683775,1.3752444237762003,,218.81110594405007,psi,,simulated
FI-PT,pressure,5246.36798643,1780039935.2684526,1.6801931476823269,,295.0482869205817,psi,,simulated
thrust,thrust,5246.368079428,1780039935.2685459,2.500877678498945,2.499122321501055,175.53569978900896,N,,simulated
CC-PT,pressure,5246.378056513,1780039935.278523,1.3800646519738022,,220.01616299345056,psi,,simulated
FI-PT,pressure,5246.378121346,1780039935.2785876,1.6705407703567472,,292.6351925891868,psi,,simulated
thrust,thrust,5246.378170345,1780039935.2786365,2.500889599429321,2.499110400570679,177.91988586424168,N,,simulated
CC-PT,pressure,5246.388193744,1780039935.28866,1.3774342986863017,,219.35857467157544,psi,,simulated
FI-PT,pressure,5246.388262206,1780039935.2887282,1.669601401043105,,292.4003502607763,psi,,simulated
thrust,thrust,5246.388316131,1780039935.2887824,2.5009128452435547,2.4990871547564453,182.56904871094548,N,,simulated
FM-FM,flow,5246.389468356,1780039935.2899346,1.7780163023491267,,9.168902834523061,gallons_per_minute,,simulated
CC-PT,pressure,5246.398331068,1780039935.2987974,1.3876553043908244,,221.9138260977061,psi,,simulated
FI-PT,pressure,5246.3983929,1780039935.2988591,1.664564807959176,,291.141201989794,psi,,simulated
thrust,thrust,5246.398440677,1780039935.2989068,2.500939667336901,2.499060332663099,187.9334673802191,N,,simulated
CC-PT,pressure,5246.408464502,1780039935.3089309,1.3677485427556686,,216.93713568891715,psi,,simulated
FI-PT,pressure,5246.408532668,1780039935.3089988,1.6749527066889653,,293.7381766722413,psi,,simulated
thrust,thrust,5246.408584445,1780039935.3090506,2.500918209662224,2.499081790337776,183.6419324448002,N,,simulated
CC-PT,pressure,5246.418600066,1780039935.3190663,1.3707031453494007,,217.6757863373502,psi,,simulated
FI-PT,pressure,5246.418660862,1780039935.319127,1.6698726022091628,,292.4681505522907,psi,,simulated
thrust,thrust,5246.418707972,1780039935.319174,2.5009545684998713,2.4990454315001287,190.91369997426,N,,simulated
CC-PT,pressure,5246.428730908,1780039935.3291972,1.3857592804144956,,221.4398201036239,psi,,simulated
FI-PT,pressure,5246.428798185,1780039935.3292644,1.6602601600003433,,290.06504000008584,psi,,simulated
thrust,thrust,5246.428850074,1780039935.3293164,2.5009509922207585,2.4990490077792415,190.19844415169018,N,,simulated
FM-FM,flow,5246.429615563,1780039935.3300817,1.8245371370955867,,9.605035660271124,gallons_per_minute,,simulated
CC-PT,pressure,5246.438866158,1780039935.3393323,1.3769908400763085,,219.24771001907712,psi,,simulated
FI-PT,pressure,5246.43892725,1780039935.3393936,1.6634281472478087,,290.8570368119522,psi,,simulated
thrust,thrust,5246.438973601,1780039935.3394399,2.5009658933837287,2.4990341066162713,193.17867674573108,N,,simulated
CC-PT,pressure,5246.448993426,1780039935.3494596,1.3825191715382543,,220.62979288456359,psi,,simulated
FI-PT,pressure,5246.449060944,1780039935.3495271,1.6716917361845658,,292.92293404614145,psi,,simulated
thrust,thrust,5246.449112887,1780039935.3495793,2.5009718538489167,2.4990281461510833,194.37076978334744,N,,simulated
CC-PT,pressure,5246.459158156,1780039935.3596249,1.3806267238410384,,220.1566809602596,psi,,simulated
FI-PT,pressure,5246.459254896,1780039935.3597212,1.665730078903446,,291.4325197258615,psi,,simulated
thrust,thrust,5246.459309988,1780039935.3597763,2.500974238034992,2.499025761965008,194.84760699839399,N,,simulated
tank_temp,temperature,5246.466051765,1780039935.366518,,,21.696347184953364,°C,,simulated
CC-PT,pressure,5246.469315665,1780039935.369782,1.3688267909081926,,217.20669772704815,psi,,simulated
FI-PT,pressure,5246.469386034,1780039935.369852,1.6711982096669926,,292.79955241674816,psi,,simulated
thrust,thrust,5246.469441459,1780039935.3699076,2.5009694696628415,2.4990305303371585,193.8939325683009,N,,simulated
FM-FM,flow,5246.469808825,1780039935.3702753,1.8185909770239563,,9.549290409599589,gallons_per_minute,,simulated
CC-PT,pressure,5246.479455877,1780039935.3799222,1.3764955254191786,,219.12388135479466,psi,,simulated
FI-PT,pressure,5246.479520598,1780039935.379987,1.6698898875582082,,292.4724718895521,psi,,simulated
thrust,thrust,5246.479567913,1780039935.380034,2.5009873510584057,2.4990126489415943,197.47021168114998,N,,simulated
CC-PT,pressure,5246.489589682,1780039935.390056,1.3805242038398033,,220.13105095995084,psi,,simulated
FI-PT,pressure,5246.489657477,1780039935.3901238,1.676864823921302,,294.21620598032547,psi,,simulated
thrust,thrust,5246.489709717,1780039935.390176,2.500983178732774,2.499016821267226,196.63574655481852,N,,simulated
CC-PT,pressure,5246.49972595,1780039935.4001923,1.375810667969068,,218.952666992267,psi,,simulated
FI-PT,pressure,5246.499788227,1780039935.4002545,1.6674967607851934,,291.87419019629834,psi,,simulated
thrust,thrust,5246.499835134,1780039935.4003012,2.5010100008261205,2.4989899991738795,202.00016522409214,N,,simulated
CC-PT,pressure,5246.509856144,1780039935.4103224,1.3884826169589302,,222.12065423973254,psi,,simulated
FI-PT,pressure,5246.509923439,1780039935.4103897,1.6742988436578328,,293.5747109144582,psi,,simulated
thrust,thrust,5246.50997455,1780039935.4104407,2.501002252221376,2.498997747778624,200.45044427519088,N,,simulated
FM-FM,flow,5246.510028401,1780039935.4104946,1.8142612951113337,,9.508699641668752,gallons_per_minute,,simulated
CC-PT,pressure,5246.519991338,1780039935.4204574,1.3791544889395821,,219.78862223489554,psi,,simulated
FI-PT,pressure,5246.520082392,1780039935.4205487,1.6744216292407073,,293.6054073101768,psi,,simulated
thrust,thrust,5246.520130225,1780039935.4205964,2.5009939075701126,2.4990060924298874,198.78151402252797,N,,simulated
CC-PT,pressure,5246.530152716,1780039935.4306192,1.3795484756885144,,219.8871189221286,psi,,simulated
FI-PT,pressure,5246.530222567,1780039935.4306889,1.67557557530112,,293.89389382528,psi,,simulated
thrust,thrust,5246.530275418,1780039935.4307415,2.500996291756188,2.499003708243812,199.25835123757452,N,,simulated
CC-PT,pressure,5246.540295114,1780039935.4407613,1.3661398132014053,,216.53495330035133,psi,,simulated
FI-PT,pressure,5246.540361983,1780039935.440828,1.6654195386671469,,291.35488466678675,psi,,simulated
thrust,thrust,5246.540409927,1780039935.440876,2.5010105968726393,2.4989894031273607,202.11937452785378,N,,simulated
CC-PT,pressure,5246.551949268,1780039935.4524157,1.3665147264617357,,216.62868161543392,psi,,simulated
FI-PT,pressure,5246.552091118,1780039935.4525576,1.6689946256869583,,292.2486564217396,psi,,simulated
thrust,thrust,5246.55215271,1780039935.452619,2.500983774779293,2.499016225220707,196.75495585858016,N,,simulated
FM-FM,flow,5246.552214783,1780039935.4526813,1.787754510373415,,9.260198534750764,gallons_per_minute,,simulated
CC-PT,pressure,5246.562165905,1780039935.4626324,1.3767887803064323,,219.19719507660807,psi,,simulated
FI-PT,pressure,5246.562245238,1780039935.4627116,1.682445607476903,,295.61140186922574,psi,,simulated
thrust,thrust,5246.56229683,1780039935.462763,2.5009968878027067,2.4990031121972933,199.37756054133615,N,,simulated
tank_temp,temperature,5246.566228275,1780039935.4666946,,,21.736228115666346,°C,,simulated
CC-PT,pressure,5246.572312284,1780039935.4727786,1.3713307823337058,,217.83269558342644,psi,,simulated
FI-PT,pressure,5246.572383654,1780039935.4728498,1.6658576328584709,,291.4644082146177,psi,,simulated
thrust,thrust,5246.572437005,1780039935.4729033,2.500992715477075,2.499007284522925,198.5430954150047,N,,simulated
CC-PT,pressure,5246.582451904,1780039935.4829183,1.3763554544872587,,219.08886362181468,psi,,simulated
FI-PT,pressure,5246.582515144,1780039935.4829814,1.6632487372456475,,290.8121843114119,psi,,simulated
thrust,thrust,5246.582563199,1780039935.4830294,2.500977218267586,2.499022781732414,195.44365351720216,N,,simulated
FM-FM,flow,5246.592359916,1780039935.4928262,1.7684348545592852,,9.079076761493297,gallons_per_minute,,simulated
CC-PT,pressure,5246.592636005,1780039935.4931023,1.3657315213360217,,216.43288033400543,psi,,simulated
FI-PT,pressure,5246.592703763,1780039935.49317,1.667460401947546,,291.86510048688655,psi,,simulated
thrust,thrust,5246.592756021,1780039935.4932222,2.5009909273375186,2.4990090726624814,198.1854675037198,N,,simulated
CC-PT,pressure,5246.602771328,1780039935.5032377,1.3801844573240827,,220.04611433102068,psi,,simulated
FI-PT,pressure,5246.602832883,1780039935.503299,1.6595264267356904,,289.8816066839226,psi,,simulated
thrust,thrust,5246.602879641,1780039935.503346,2.5009700657093603,2.4990299342906397,194.01314187206253,N,,simulated
CC-PT,pressure,5246.612902466,1780039935.5133688,1.3779904100883498,,219.49760252208745,psi,,simulated
FI-PT,pressure,5246.612969132,1780039935.5134354,1.6613401962924237,,290.33504907310595,psi,,simulated
thrust,thrust,5246.613021335,1780039935.5134876,2.500976622221067,2.499023377778933,195.32444421344053,N,,simulated
CC-PT,pressure,5246.623038364,1780039935.5235047,1.358189148687023,,214.54728717175576,psi,,simulated
FI-PT,pressure,5246.623103937,1780039935.52357,1.663750608414484,,290.937652103621,psi,,simulated
thrust,thrust,5246.623151825,1780039935.523618,2.5009593368720218,2.4990406631279782,191.8673744043531,N,,simulated
FM-FM,flow,5246.63251403,1780039935.5329802,1.7581339786212418,,8.98250604957414,gallons_per_minute,,simulated
CC-PT,pressure,5246.63317165,1780039935.533638,1.3791574691721762,,219.78936729304405,psi,,simulated
FI-PT,pressure,5246.633241001,1780039935.5337074,1.6644813614465428,,291.1203403616357,psi,,simulated
thrust,thrust,5246.633294056,1780039935.5337603,2.5009414554764575,2.4990585445235425,188.291095291504,N,,simulated
CC-PT,pressure,5246.643309474,1780039935.5437758,1.3659085471521077,,216.47713678802694,psi,,simulated
FI-PT,pressure,5246.643372214,1780039935.5438385,1.672079166421791,,293.0197916054478,psi,,simulated
thrust,thrust,5246.64341975,1780039935.5438857,2.5009360910577882,2.4990639089422118,187.21821155764928,N,,simulated
CC-PT,pressure,5246.653487186,1780039935.553954,1.361799998497963,,215.44999962449074,psi,,simulated
FI-PT,pressure,5246.653591555,1780039935.5540578,1.659328539291446,,289.8321348228615,psi,,simulated
thrust,thrust,5246.653650758,1780039935.554117,2.5009354950112694,2.4990645049887306,187.09900225388765,N,,simulated
CC-PT,pressure,5246.663652564,1780039935.5641189,1.3696141683595382,,217.40354208988455,psi,,simulated
FI-PT,pressure,5246.663718026,1780039935.5641844,1.6646774607512307,,291.16936518780767,psi,,simulated
thrust,thrust,5246.663765266,1780039935.5642314,2.5009039045457726,2.4990960954542274,180.78090915452094,N,,simulated
tank_temp,temperature,5246.66639186,1780039935.5668583,,,21.802465139720073,°C,,simulated
FM-FM,flow,5246.672661755,1780039935.5731282,1.7881049857264741,,9.263484241185694,gallons_per_minute,,simulated
CC-PT,pressure,5246.673785832,1780039935.5742521,1.3759346456449801,,218.98366141124504,psi,,simulated
FI-PT,pressure,5246.67385322,1780039935.5743194,1.6672207912469852,,291.8051978117463,psi,,simulated
thrust,thrust,5246.673904682,1780039935.5743709,2.5008913875688776,2.4991086124311224,178.2775137755266,N,,simulated
CC-PT,pressure,5246.683920378,1780039935.5843868,1.3823177078148972,,220.5794269537243,psi,,simulated
FI-PT,pressure,5246.683981099,1780039935.5844471,1.6637637214378977,,290.94093035947446,psi,,simulated
thrust,thrust,5246.684063691,1780039935.5845299,2.500884235010652,2.499115764989348,176.84700213038695,N,,simulated
CC-PT,pressure,5246.69405159,1780039935.594518,1.3675286015902284,,216.8821503975571,psi,,simulated
FI-PT,pressure,5246.694119071,1780039935.5945854,1.6698416077901848,,292.4604019475462,psi,,simulated
thrust,thrust,5246.694170404,1780039935.5946364,2.50087529431287,2.49912470568713,175.05886257396241,N,,simulated
CC-PT,pressure,5246.70419121,1780039935.6046574,1.361054344302934,,215.26358607573349,psi,,simulated
FI-PT,pressure,5246.704255746,1780039935.604722,1.678673229059366,,294.6683072648415,psi,,simulated
thrust,thrust,5246.704302672,1780039935.6047688,2.500859797103381,2.499140202896619,171.95942067615988,N,,simulated
FM-FM,flow,5246.712825425,1780039935.6132917,1.7877908692110622,,9.260539398853707,gallons_per_minute,,simulated
CC-PT,pressure,5246.714324552,1780039935.6147907,1.3605888319717447,,215.1472079929362,psi,,simulated
FI-PT,pressure,5246.714395459,1780039935.6148615,1.658657390911268,,289.664347727817,psi,,simulated
thrust,thrust,5246.714449236,1780039935.6149154,2.5008270145448463,2.4991729854551537,165.4029089692699,N,,simulated
CC-PT,pressure,5246.724471764,1780039935.624938,1.37125866070493,,217.8146651762325,psi,,simulated
FI-PT,pressure,5246.724539671,1780039935.6250057,1.6597976279017481,,289.94940697543706,psi,,simulated
thrust,thrust,5246.724588466,1780039935.6250548,2.5008073450097257,2.4991926549902743,161.46900194513591,N,,simulated
CC-PT,pressure,5246.734607717,1780039935.6350741,1.3577999303102413,,214.44998257756032,psi,,simulated
FI-PT,pressure,5246.734677846,1780039935.635144,1.6618170335074702,,290.4542583768676,psi,,simulated
thrust,thrust,5246.734731456,1780039935.6351976,2.5007990003584624,2.4992009996415376,159.800071692473,N,,simulated
CC-PT,pressure,5246.744745152,1780039935.6452115,1.3580782840345247,,214.51957100863117,psi,,simulated
FI-PT,pressure,5246.744808262,1780039935.6452744,1.6615064932711712,,290.3766233177928,psi,,simulated
thrust,thrust,5246.744855539,1780039935.6453218,2.500778138730304,2.499221861269696,155.62774606081575,N,,simulated
FM-FM,flow,5246.753101648,1780039935.6535685,1.7785020802619553,,9.17345700245583,gallons_per_minute,,simulated
CC-PT,pressure,5246.754882901,1780039935.6553493,1.3624127343192978,,215.60318357982445,psi,,simulated
FI-PT,pressure,5246.754959697,1780039935.6554258,1.661398012804748,,290.349503201187,psi,,simulated
thrust,thrust,5246.755017585,1780039935.6554837,2.500763237567334,2.499236762432666,152.64751346677485,N,,simulated
CC-PT,pressure,5246.765025743,1780039935.665492,1.3637997345685644,,215.9499336421411,psi,,simulated
FI-PT,pressure,5246.765089798,1780039935.665556,1.6670634349660198,,291.765858741505,psi,,simulated
thrust,thrust,5246.76513839,1780039935.6656046,2.5007244945436113,2.4992755054563887,144.89890872226852,N,,simulated
tank_temp,temperature,5246.766559333,1780039935.6670253,,,21.54427946219126,°C,,simulated
CC-PT,pressure,5246.775158048,1780039935.6756241,1.3608218861605987,,215.2054715401497,psi,,simulated
FI-PT,pressure,5246.775227177,1780039935.6756935,1.6748776048275955,,293.71940120689885,psi,,simulated
thrust,thrust,5246.775279213,1780039935.6757455,2.500712573613235,2.499287426386765,142.5147226470358,N,,simulated
CC-PT,pressure,5246.785296575,1780039935.6857631,1.3660110671533428,,216.5027667883357,psi,,simulated
FI-PT,pressure,5246.785365815,1780039935.685832,1.6790845011573436,,294.7711252893359,psi,,simulated
thrust,thrust,5246.785414537,1780039935.685881,2.5006839633803324,2.4993160366196676,136.79267606647727,N,,simulated
FM-FM,flow,5246.793279947,1780039935.693746,1.775768610926701,,9.147830727437821,gallons_per_minute,,simulated
CC-PT,pressure,5246.79543151,1780039935.6958978,1.3733454195672774,,218.33635489181935,psi,,simulated
FI-PT,pressure,5246.795499676,1780039935.695966,1.6637047128325357,,290.92617820813393,psi,,simulated
thrust,thrust,5246.795551175,1780039935.6960175,2.5006875396594452,2.4993124603405548,137.5079318890471,N,,simulated
CC-PT,pressure,5246.805565426,1780039935.7060316,1.3566710182036181,,214.16775455090453,psi,,simulated
FI-PT,pressure,5246.805625036,1780039935.7060912,1.6517462315256872,,287.93655788142183,psi,,simulated
thrust,thrust,5246.805671536,1780039935.706138,2.5006273389610456,2.4993726610389544,125.46779220912185,N,,simulated
CC-PT,pressure,5246.815693639,1780039935.71616,1.358813805438734,,214.7034513596835,psi,,simulated
FI-PT,pressure,5246.815760971,1780039935.7162273,1.6733278838786942,,293.33197096967353,psi,,simulated
thrust,thrust,5246.815812433,1780039935.7162786,2.500614225937632,2.499385774062368,122.84518752636586,N,,simulated
CC-PT,pressure,5246.82582774,1780039935.726294,1.3605363798780896,,215.1340949695224,psi,,simulated
FI-PT,pressure,5246.82589085,1780039935.726357,1.6639365749283521,,290.98414373208806,psi,,simulated
thrust,thrust,5246.825937423,1780039935.7264035,2.5005927682629547,2.4994072317370453,118.55365259094697,N,,simulated
FM-FM,flow,5246.833423543,1780039935.7338898,1.8057962424512197,,9.429339772980184,gallons_per_minute,,simulated
CC-PT,pressure,5246.835987285,1780039935.7364535,1.364348097365868,,216.08702434146699,psi,,simulated
FI-PT,pressure,5246.836085691,1780039935.736552,1.661261518151941,,290.3153795379853,psi,,simulated
thrust,thrust,5246.836138191,1780039935.7366045,2.500554621285751,2.499445378714249,110.92425715020227,N,,simulated
CC-PT,pressure,5246.846153942,1780039935.7466202,1.361454887563573,,215.36372189089326,psi,,simulated
FI-PT,pressure,5246.846217552,1780039935.7466836,1.6702266538413353,,292.5566634603338,psi,,simulated
thrust,thrust,5246.846265459,1780039935.7467318,2.5005409122158184,2.4994590877841816,108.18244316368464,N,,simulated
CC-PT,pressure,5246.856318876,1780039935.7567856,1.3514925660482127,,212.87314151205317,psi,,simulated
FI-PT,pressure,5246.856425652,1780039935.756892,1.6628452137524143,,290.7113034381036,psi,,simulated
thrust,thrust,5246.856485096,1780039935.7569513,2.500511109889878,2.499488890110122,102.22197797560284,N,,simulated
CC-PT,pressure,5246.866485736,1780039935.766952,1.362368626876906,,215.5921567192265,psi,,simulated
FI-PT,pressure,5246.866552902,1780039935.767019,1.6620781018827082,,290.5195254706771,psi,,simulated
thrust,thrust,5246.866602345,1780039935.7670686,2.5004753470987495,2.4995246529012505,95.06941974990468,N,,simulated
tank_temp,temperature,5246.866659956,1780039935.767126,,,21.74299053435244,°C,,simulated
FM-FM,flow,5246.873577731,1780039935.7740443,1.7597868156178968,,8.99800139641778,gallons_per_minute,,simulated
CC-PT,pressure,5246.87662393,1780039935.7770903,1.360022587778877,,215.00564694471925,psi,,simulated
FI-PT,pressure,5246.876691577,1780039935.7771575,1.6580774376484677,,289.51935941211696,psi,,simulated
thrust,thrust,5246.876744613,1780039935.777211,2.500458061749704,2.499541938250296,91.61234994081724,N,,simulated
CC-PT,pressure,5246.886760586,1780039935.787227,1.366833611349298,,216.7084028373245,psi,,simulated
FI-PT,pressure,5246.886822215,1780039935.7872884,1.6687538228933598,,292.18845572334,psi,,simulated
thrust,thrust,5246.886869437,1780039935.7873356,2.5004473329123655,2.4995526670876345,89.46658247310779,N,,simulated
CC-PT,pressure,5246.896893077,1780039935.7973595,1.3636632399157573,,215.91580997893934,psi,,simulated
FI-PT,pressure,5246.896962057,1780039935.7974281,1.6681929431191613,,292.04823577979033,psi,,simulated
thrust,thrust,5246.897014371,1780039935.7974803,2.5004068017490866,2.4995931982509134,81.36034981731655,N,,simulated
CC-PT,pressure,5246.907027382,1780039935.8074937,1.3487149892705665,,212.17874731764164,psi,,simulated
FI-PT,pressure,5246.907090547,1780039935.8075566,1.6579135248557955,,289.47838121394886,psi,,simulated
thrust,thrust,5246.907138473,1780039935.8076048,2.500389516400041,2.499610483599959,77.9032800082291,N,,simulated
FM-FM,flow,5246.91372653,1780039935.8141925,1.766364784999464,,9.059669859369972,gallons_per_minute,,simulated
CC-PT,pressure,5246.917156798,1780039935.8176231,1.347974103447688,,211.993525861922,psi,,simulated
FI-PT,pressure,5246.917223889,1780039935.8176901,1.6595645737128941,,289.89114342822353,psi,,simulated
thrust,thrust,5246.917275204,1780039935.8177414,2.500359118027582,2.499640881972418,71.82360551638567,N,,simulated
CC-PT,pressure,5246.927290658,1780039935.827757,1.358851356369419,,214.71283909235473,psi,,simulated
FI-PT,pressure,5246.927351861,1780039935.827818,1.6702719533767647,,292.5679883441912,psi,,simulated
thrust,thrust,5246.927398749,1780039935.827865,2.500317990817784,2.499682009182216,63.59816355683279,N,,simulated
CC-PT,pressure,5246.937419297,1780039935.8378856,1.3666637380914377,,216.66593452285943,psi,,simulated
FI-PT,pressure,5246.937487185,1780039935.8379536,1.6584231446293765,,289.60578615734414,psi,,simulated
thrust,thrust,5246.937539258,1780039935.8380055,2.5002834201196933,2.4997165798803067,56.6840239386579,N,,simulated
CC-PT,pressure,5246.947593897,1780039935.848061,1.3525392237352398,,213.13480593380996,psi,,simulated
FI-PT,pressure,5246.947706655,1780039935.848173,1.6601445269756945,,290.03613174392365,psi,,simulated
thrust,thrust,5246.947759117,1780039935.8482254,2.500233948258632,2.499766051741368,46.789651726442116,N,,simulated
FM-FM,flow,5246.953912477,1780039935.8543794,1.8228682068429238,,9.58938943915241,gallons_per_minute,,simulated
CC-PT,pressure,5246.957757924,1780039935.8582242,1.347887080655942,,211.9717701639855,psi,,simulated
FI-PT,pressure,5246.957839904,1780039935.858306,1.6579510757864804,,289.4877689466201,psi,,simulated
thrust,thrust,5246.957898718,1780039935.8583648,2.5002047419792106,2.4997952580207894,40.948395842121954,N,,simulated
tank_temp,temperature,5246.966826059,1780039935.8672924,,,21.771080581202444,°C,,simulated
CC-PT,pressure,5246.967907025,1780039935.8683732,1.3596762847514494,,214.91907118786236,psi,,simulated
FI-PT,pressure,5246.96797258,1780039935.8684387,1.6610332323352375,,290.25830808380937,psi,,simulated
thrust,thrust,5246.968119633,1780039935.868586,2.5001952052349097,2.4998047947650903,39.04104698193578,N,,simulated
CC-PT,pressure,5246.978041534,1780039935.8785079,1.355108780277822,,213.77719506945547,psi,,simulated
FI-PT,pressure,5246.978111311,1780039935.8785775,1.6675432524136604,,291.8858131034151,psi,,simulated
thrust,thrust,5246.978165106,1780039935.8786314,2.5001624226763752,2.4998375773236248,32.4845352750458,N,,simulated
CC-PT,pressure,5246.988179765,1780039935.888646,1.3568969198342464,,214.2242299585616,psi,,simulated
FI-PT,pressure,5246.988243245,1780039935.8887093,1.6626616314246214,,290.66540785615535,psi,,simulated
thrust,thrust,5246.988291634,1780039935.8887577,2.500132024303916,2.499867975696084,26.404860783202366,N,,simulated
FM-FM,flow,5246.994084146,1780039935.8945506,1.7647167163749593,,9.044219216015241,gallons_per_minute,,simulated
CC-PT,pressure,5246.998312051,1780039935.8987784,1.3455541545813268,,211.3885386453317,psi,,simulated
FI-PT,pressure,5246.998378884,1780039935.898845,1.668187578700492,,292.04689467512304,psi,,simulated
thrust,thrust,5246.998430013,1780039935.8988962,2.5000903010475994,2.4999096989524006,18.06020951988785,N,,simulated
CC-PT,pressure,5247.008466263,1780039935.9089327,1.3537986700294815,,213.44966750737038,psi,,simulated
FI-PT,pressure,5247.008549225,1780039935.9090152,1.6657354433221152,,291.43386083052883,psi,,simulated
thrust,thrust,5247.008603743,1780039935.9090698,2.500064075000772,2.499935924999228,12.815000154375866,N,,simulated
CC-PT,pressure,5247.018612346,1780039935.9190786,1.3397260117204204,,209.9315029301051,psi,,simulated
FI-PT,pressure,5247.018688289,1780039935.9191544,1.6499211370850964,,287.4802842712741,psi,,simulated
thrust,thrust,5247.018746863,1780039935.919213,2.5000247359305305,2.4999752640694695,4.9471861061078926,N,,simulated
CC-PT,pressure,5247.028757151,1780039935.9292238,1.35042862301214,,212.60715575303502,psi,,simulated
FI-PT,pressure,5247.028824576,1780039935.9292908,1.6618790223454263,,290.4697555863566,psi,,simulated
thrust,thrust,5247.028873649,1780039935.92934,2.5000116229071168,2.4999883770928832,2.3245814233519013,N,,simulated
FM-FM,flow,5247.03423789,1780039935.934704,1.7626687005363344,,9.025019067528133,gallons_per_minute,,simulated
CC-PT,pressure,5247.038891845,1780039935.9393582,1.3501133144036905,,212.52832860092263,psi,,simulated
FI-PT,pressure,5247.038963529,1780039935.9394295,1.6617568328090706,,290.43920820226765,psi,,simulated
thrust,thrust,5247.039017824,1780039935.939484,2.4999722838368754,2.5000277161631246,5.543232624916072,N,,simulated
CC-PT,pressure,5247.049030761,1780039935.949497,1.339894692885243,,209.97367322131078,psi,,simulated
FI-PT,pressure,5247.049094926,1780039935.949561,1.651830870131358,,287.9577175328395,psi,,simulated
thrust,thrust,5247.049143055,1780039935.9496093,2.4999198317432203,2.5000801682567797,16.033651355940037,N,,simulated
CC-PT,pressure,5247.059190584,1780039935.9596574,1.3506879032478216,,212.6719758119554,psi,,simulated
FI-PT,pressure,5247.059298156,1780039935.9597645,1.6664310296095644,,291.6077574023911,psi,,simulated
thrust,thrust,5247.059359156,1780039935.9598255,2.499901950347656,2.500098049652344,19.609930468789116,N,,simulated
tank_temp,temperature,5247.066992847,1780039935.9674594,,,21.734147371455247,°C,,simulated
CC-PT,pressure,5247.069358555,1780039935.9698248,1.3517572107025635,,212.93930267564087,psi,,simulated
FI-PT,pressure,5247.069422776,1780039935.969889,1.6613568855949503,,290.3392213987376,psi,,simulated
thrust,thrust,5247.069471868,1780039935.9699383,2.4998882412777235,2.5001117587222765,22.351744455306743,N,,simulated
FM-FM,flow,5247.074386912,1780039935.974853,1.7970069404848743,,9.346940067045695,gallons_per_minute,,simulated
CC-PT,pressure,5247.079490564,1780039935.979957,1.34305195129537,,210.7629878238425,psi,,simulated
FI-PT,pressure,5247.079558285,1780039935.9800246,1.6585632155612964,,289.6408038903241,psi,,simulated
thrust,thrust,5247.079610136,1780039935.9800763,2.4998345970910307,2.5001654029089693,33.08058179385398,N,,simulated
CC-PT,pressure,5247.089625128,1780039935.9900916,1.327154198545718,,206.7885496364295,psi,,simulated
FI-PT,pressure,5247.089685997,1780039935.9901521,1.6646357374949141,,291.1589343737285,psi,,simulated
thrust,thrust,5247.089734349,1780039935.9902005,2.499802410579015,2.500197589420985,39.51788419698232,N,,simulated
CC-PT,pressure,5247.099754488,1780039936.0002208,1.3358958167905588,,208.9739541976397,psi,,simulated
FI-PT,pressure,5247.099820247,1780039936.0002866,1.6672261556656545,,291.8065389164136,psi,,simulated
thrust,thrust,5247.09987095,1780039936.0003371,2.4997726082530747,2.5002273917469253,45.47834938506412,N,,simulated
CC-PT,pressure,5247.109889923,1780039936.0103564,1.3444258385212229,,211.10645963030572,psi,,simulated
FI-PT,pressure,5247.109955181,1780039936.0104215,1.6657193500661074,,291.42983751652685,psi,,simulated
thrust,thrust,5247.110003014,1780039936.0104692,2.4997457861597283,2.5002542138402717,50.84276805433774,N,,simulated
FM-FM,flow,5247.114541396,1780039936.0150077,1.7333479801831222,,8.750137314216769,gallons_per_minute,,simulated
CC-PT,pressure,5247.12004758,1780039936.0205138,1.3271500262200864,,206.7875065550216,psi,,simulated
FI-PT,pressure,5247.120116708,1780039936.020583,1.658163864393695,,289.5409660984237,psi,,simulated
thrust,thrust,5247.120170078,1780039936.020636,2.499721348252457,2.500278651747543,55.730349508564814,N,,simulated
CC-PT,pressure,5247.130184699,1780039936.030651,1.3353176516673149,,208.82941291682872,psi,,simulated
FI-PT,pressure,5247.130246606,1780039936.0307128,1.6610296560561246,,290.25741401403116,psi,,simulated
thrust,thrust,5247.130293327,1780039936.0307593,2.4996885656939227,2.5003114343060773,62.28686121545479,N,,simulated
CC-PT,pressure,5247.140314912,1780039936.0407813,1.3372637435512236,,209.3159358878059,psi,,simulated
FI-PT,pressure,5247.140383318,1780039936.0408494,1.675889095770013,,293.97227394250325,psi,,simulated
thrust,thrust,5247.140436151,1780039936.0409024,2.4996611475540575,2.5003388524459425,67.77048918849005,N,,simulated
CC-PT,pressure,5247.151951455,1780039936.0524182,1.3353873891100154,,208.84684727750385,psi,,simulated
FI-PT,pressure,5247.152083176,1780039936.0525496,1.6533454243356496,,288.3363560839124,psi,,simulated
thrust,thrust,5247.152140953,1780039936.0526073,2.49962002034426,2.50037997965574,75.99593114804293,N,,simulated
FM-FM,flow,5247.154704714,1780039936.0551713,1.8046184545300548,,9.418298011219262,gallons_per_minute,,simulated
CC-PT,pressure,5247.162103093,1780039936.0625694,1.3387878344998163,,209.69695862495408,psi,,simulated
FI-PT,pressure,5247.162177296,1780039936.0626435,1.6614981486199079,,290.37453715497696,psi,,simulated
thrust,thrust,5247.162233795,1780039936.0627,2.4996027349952143,2.5003972650047857,79.45300095713037,N,,simulated
tank_temp,temperature,5247.167164487,1780039936.0676308,,,21.53578308999585,°C,,simulated
CC-PT,pressure,5247.172247454,1780039936.0727136,1.3461019213321115,,211.52548033302787,psi,,simulated
FI-PT,pressure,5247.172312971,1780039936.0727792,1.6612048937326542,,290.30122343316356,psi,,simulated
thrust,thrust,5247.172361915,1780039936.072828,2.4995812773205373,2.5004187226794627,83.74453589254927,N,,simulated
CC-PT,pressure,5247.182379,1780039936.0828452,1.3233424810579397,,205.83562026448493,psi,,simulated
FI-PT,pressure,5247.182447202,1780039936.0829134,1.6699584329078716,,292.4896082269679,psi,,simulated
thrust,thrust,5247.182499739,1780039936.082966,2.4995300173199198,2.5004699826800802,93.99653601604996,N,,simulated
CC-PT,pressure,5247.192519323,1780039936.0929859,1.3266606720281449,,206.66516800703621,psi,,simulated
FI-PT,pressure,5247.1925831,1780039936.0930493,1.664580305168665,,291.14507629216627,psi,,simulated
thrust,thrust,5247.192630766,1780039936.093097,2.499513924063912,2.500486075936088,97.21518721761413,N,,simulated
FM-FM,flow,5247.194871643,1780039936.0953379,1.740262119801297,,8.814957373137158,gallons_per_minute,,simulated
CC-PT,pressure,5247.202651295,1780039936.1031175,1.3284744415848782,,207.11861039621954,psi,,simulated
FI-PT,pressure,5247.202719738,1780039936.103186,1.6621758535117928,,290.5439633779482,psi,,simulated
thrust,thrust,5247.202772497,1780039936.1032386,2.4994865059240468,2.5005134940759532,102.69881519064938,N,,simulated
CC-PT,pressure,5247.212801322,1780039936.1132677,1.3332177797815536,,208.3044449453884,psi,,simulated
FI-PT,pressure,5247.212880469,1780039936.1133468,1.6590162109155906,,289.75405272889765,psi,,simulated
thrust,thrust,5247.212933042,1780039936.1133993,2.499457895691144,2.500542104308856,108.42086177120791,N,,simulated
CC-PT,pressure,5247.222953163,1780039936.1234193,1.3500501334726969,,212.51253336817422,psi,,simulated
FI-PT,pressure,5247.223028755,1780039936.1234949,1.6681851945144168,,292.04629862860423,psi,,simulated
thrust,thrust,5247.223084217,1780039936.1235502,2.499429285458241,2.500570714541759,114.14290835176644,N,,simulated
CC-PT,pressure,5247.233106783,1780039936.133573,1.3296665346224945,,207.41663365562363,psi,,simulated
FI-PT,pressure,5247.23318206,1780039936.1336484,1.6611131025687578,,290.27827564218944,psi,,simulated
thrust,thrust,5247.233233522,1780039936.1336997,2.499408423830083,2.500591576169917,118.3152339834237,N,,simulated
FM-FM,flow,5247.235020164,1780039936.1354864,1.7474790510510265,,8.882616103603372,gallons_per_minute,,simulated
CC-PT,pressure,5247.243245532,1780039936.1437118,1.3338340918820013,,208.45852297050033,psi,,simulated
FI-PT,pressure,5247.243315531,1780039936.1437817,1.6600676369747682,,290.01690924369206,psi,,simulated
thrust,thrust,5247.243369494,1780039936.1438355,2.499376833364586,2.500623166635414,124.6333270827904,N,,simulated
CC-PT,pressure,5247.253411744,1780039936.1538785,1.3337458769972177,,208.43646924930442,psi,,simulated
FI-PT,pressure,5247.253508743,1780039936.153975,1.6616149737375943,,290.40374343439856,psi,,simulated
thrust,thrust,5247.253564872,1780039936.154031,2.4993476270851644,2.5006523729148356,130.47458296711056,N,,simulated
CC-PT,pressure,5247.263568012,1780039936.1640344,1.3204188728831856,,205.1047182207964,psi,,simulated
FI-PT,pressure,5247.263643418,1780039936.1641095,1.6646869974955316,,291.1717493738829,psi,,simulated
thrust,thrust,5247.263697195,1780039936.1641634,2.4993225931313745,2.5006774068686255,135.48137372509927,N,,simulated
tank_temp,temperature,5247.267332386,1780039936.1677988,,,21.687850812757954,°C,,simulated
CC-PT,pressure,5247.273712595,1780039936.1741788,1.3256885201559687,,206.42213003899218,psi,,simulated
FI-PT,pressure,5247.273778946,1780039936.174245,1.6607453418666531,,290.1863354666633,psi,,simulated
thrust,thrust,5247.273827426,1780039936.1742935,2.4993136524335924,2.5006863475664076,137.2695132815238,N,,simulated
FM-FM,flow,5247.27517576,1780039936.175642,1.7354347390454696,,8.769700678551276,gallons_per_minute,,simulated
CC-PT,pressure,5247.283847177,1780039936.1843133,1.3219840910415759,,205.49602276039397,psi,,simulated
FI-PT,pressure,5247.283915084,1780039936.1843812,1.6620250537425343,,290.50626343563357,psi,,simulated
thrust,thrust,5247.283967472,1780039936.1844337,2.4992790817355015,2.5007209182644985,144.1836528996987,N,,simulated
CC-PT,pressure,5247.293985001,1780039936.194451,1.3228066352375312,,205.7016588093828,psi,,simulated
FI-PT,pressure,5247.294046815,1780039936.1945128,1.6652144986646769,,291.30362466616924,psi,,simulated
thrust,thrust,5247.294092759,1780039936.1945589,2.4992445110374106,2.5007554889625894,151.0977925178736,N,,simulated
CC-PT,pressure,5247.304118898,1780039936.2045853,1.3292588388036297,,207.31470970090743,psi,,simulated
FI-PT,pressure,5247.30418612,1780039936.2046523,1.6560651846009713,,289.01629615024285,psi,,simulated
thrust,thrust,5247.304238397,1780039936.2047045,2.499236762432666,2.500763237567334,152.64751346677485,N,,simulated
CC-PT,pressure,5247.31425337,1780039936.2147195,1.320103564274736,,205.02589106868402,psi,,simulated
FI-PT,pressure,5247.314315388,1780039936.2147818,1.658937532775108,,289.734383193777,psi,,simulated
thrust,thrust,5247.314362943,1780039936.214829,2.499215900804508,2.500784099195492,156.8198390984321,N,,simulated
FM-FM,flow,5247.315324022,1780039936.2157903,1.7401184725902643,,8.813610680533726,gallons_per_minute,,simulated
CC-PT,pressure,5247.32438699,1780039936.2248535,1.3266559036559944,,206.6639759139986,psi,,simulated
FI-PT,pressure,5247.324458156,1780039936.2249243,1.6607596469831045,,290.18991174577616,psi,,simulated
thrust,thrust,5247.324510599,1780039936.2249768,2.499209344292801,2.500790655707199,158.1311414398101,N,,simulated
CC-PT,pressure,5247.334526739,1780039936.234993,1.32004157543678,,205.010393859195,psi,,simulated
FI-PT,pressure,5247.334589924,1780039936.2350562,1.6644068556316918,,291.10171390792294,psi,,simulated
thrust,thrust,5247.334638534,1780039936.2351048,2.4991920589437555,2.5008079410562445,161.58821124889755,N,,simulated
CC-PT,pressure,5247.344661341,1780039936.2451277,1.3186861656530102,,204.67154141325256,psi,,simulated
FI-PT,pressure,5247.344728747,1780039936.245195,1.6636302070176847,,290.9075517544212,psi,,simulated
thrust,thrust,5247.34478032,1780039936.2452464,2.499153911966552,2.500846088033448,169.21760668964225,N,,simulated
CC-PT,pressure,5247.354826534,1780039936.2552934,1.3122715130175964,,203.0678782543991,psi,,simulated
FI-PT,pressure,5247.354923514,1780039936.2553897,1.6573538371746346,,289.3384592936587,psi,,simulated
thrust,thrust,5247.354980421,1780039936.2554464,2.499159276385221,2.500840723614779,168.14472295578753,N,,simulated
FM-FM,flow,5247.355476729,1780039936.255943,1.7424049070364125,,8.835046003466365,gallons_per_minute,,simulated
CC-PT,pressure,5247.364982116,1780039936.265448,1.3161374707385862,,204.03436768464655,psi,,simulated
FI-PT,pressure,5247.365056004,1780039936.2655222,1.654021341087978,,288.5053352719945,psi,,simulated
thrust,thrust,5247.365110726,1780039936.265577,2.499134242431431,2.500865757568569,173.15151371377624,N,,simulated
tank_temp,temperature,5247.367503434,1780039936.2679698,,,21.5553767646505,°C,,simulated
CC-PT,pressure,5247.375124847,1780039936.2755911,1.3052173024675016,,201.3043256168754,psi,,simulated
FI-PT,pressure,5247.375188532,1780039936.2756546,1.6579445192747735,,289.48612981869337,psi,,simulated
thrust,thrust,5247.375236586,1780039936.2757027,2.4991306661523183,2.5008693338476817,173.86676953634606,N,,simulated
CC-PT,pressure,5247.385257504,1780039936.2857237,1.3155330795685147,,203.88326989212868,psi,,simulated
FI-PT,pressure,5247.385325022,1780039936.2857912,1.6571636983351348,,289.2909245837837,psi,,simulated
thrust,thrust,5247.385377095,1780039936.2858431,2.4990960954542274,2.5009039045457726,180.78090915452094,N,,simulated
CC-PT,pressure,5247.395393957,1780039936.2958603,1.32915870298847,,207.28967574711749,psi,,simulated
FI-PT,pressure,5247.395454901,1780039936.295921,1.6654892761098474,,291.37231902746186,psi,,simulated
thrust,thrust,5247.395502067,1780039936.2959683,2.499094307314671,2.500905692685329,181.13853706580585,N,,simulated
FM-FM,flow,5247.395552862,1780039936.2960188,1.7757602662754377,,9.147752496332227,gallons_per_minute,,simulated
CC-PT,pressure,5247.405523614,1780039936.30599,1.3242431073478589,,206.06077683696472,psi,,simulated
FI-PT,pressure,5247.405589447,1780039936.3060558,1.6639413433005026,,290.9853358251257,psi,,simulated
thrust,thrust,5247.405641687,1780039936.306108,2.499082386384295,2.500917613615705,183.52272314103857,N,,simulated
CC-PT,pressure,5247.415655049,1780039936.3161213,1.313530959311838,,203.3827398279595,psi,,simulated
FI-PT,pressure,5247.415716363,1780039936.3161826,1.660487849770528,,290.121962442632,psi,,simulated
thrust,thrust,5247.415763344,1780039936.3162296,2.499078810105182,2.500921189894818,184.23797896360838,N,,simulated
CC-PT,pressure,5247.425785039,1780039936.3262513,1.3069827922562114,,201.74569806405285,psi,,simulated
FI-PT,pressure,5247.42585289,1780039936.3263192,1.653617221548226,,288.4043053870565,psi,,simulated
thrust,thrust,5247.425906648,1780039936.3263729,2.4990406631279782,2.5009593368720218,191.8673744043531,N,,simulated
FM-FM,flow,5247.435701477,1780039936.336168,1.7518444957547779,,8.92354214770104,gallons_per_minute,,simulated
CC-PT,pressure,5247.435958714,1780039936.336425,1.3091440569334098,,202.28601423335246,psi,,simulated
FI-PT,pressure,5247.436048546,1780039936.3365147,1.6522367778106664,,288.0591944526666,psi,,simulated
thrust,thrust,5247.436099601,1780039936.3365657,2.4990430473140535,2.5009569526859465,191.39053718930654,N,,simulated
CC-PT,pressure,5247.446090815,1780039936.3465571,1.3079823622682527,,201.99559056706318,psi,,simulated
FI-PT,pressure,5247.446159925,1780039936.346626,1.6607936216346766,,290.19840540866915,psi,,simulated
thrust,thrust,5247.446212388,1780039936.3466785,2.4990358947558278,2.5009641052441722,192.82104883444617,N,,simulated
CC-PT,pressure,5247.456257157,1780039936.356724,1.315429367474242,,203.85734186856052,psi,,simulated
FI-PT,pressure,5247.456352137,1780039936.3568184,1.6637088851581674,,290.9272212895419,psi,,simulated
thrust,thrust,5247.456407636,1780039936.3568738,2.4990245698719704,2.5009754301280296,195.08602560591726,N,,simulated
CC-PT,pressure,5247.466411147,1780039936.3668776,1.3043351536196655,,201.08378840491636,psi,,simulated
FI-PT,pressure,5247.466487368,1780039936.3669534,1.6622896983968851,,290.5724245992213,psi,,simulated
thrust,thrust,5247.466542997,1780039936.367009,2.4990114568485566,2.5009885431514434,197.70863028867325,N,,simulated
tank_temp,temperature,5247.467666352,1780039936.3681326,,,21.68420951038854,°C,,simulated
FM-FM,flow,5247.475850628,1780039936.3763173,1.780277702841485,,9.19010346413892,gallons_per_minute,,simulated
CC-PT,pressure,5247.476551989,1780039936.3770185,1.316629209116603,,204.15730227915074,psi,,simulated
FI-PT,pressure,5247.476614469,1780039936.3770807,1.658502418816378,,289.6256047040945,psi,,simulated
thrust,thrust,5247.476662487,1780039936.3771286,2.4990114568485566,2.5009885431514434,197.70863028867325,N,,simulated
CC-PT,pressure,5247.486683257,1780039936.3871496,1.3054634696797693,,201.36586741994233,psi,,simulated
FI-PT,pressure,5247.48674983,1780039936.387216,1.6634382800386285,,290.85957000965715,psi,,simulated
thrust,thrust,5247.486801625,1780039936.3872678,2.499009668709,2.500990331291,198.06625819995816,N,,simulated
CC-PT,pressure,5247.496821099,1780039936.3972874,1.3091202150726575,,202.28005376816438,psi,,simulated
FI-PT,pressure,5247.496881783,1780039936.397348,1.6481860456688457,,287.04651141721143,psi,,simulated
thrust,thrust,5247.496928208,1780039936.3973944,2.4990239738254516,2.5009760261745484,195.2052349096789,N,,simulated
CC-PT,pressure,5247.506959607,1780039936.407426,1.296840464692171,,199.21011617304273,psi,,simulated
FI-PT,pressure,5247.507030754,1780039936.407497,1.6668881972894902,,291.7220493223726,psi,,simulated
thrust,thrust,5247.507082883,1780039936.407549,2.4990031121972933,2.5009968878027067,199.37756054133615,N,,simulated
FM-FM,flow,5247.516037093,1780039936.416504,1.7648228126553072,,9.045213868643502,gallons_per_minute,,simulated
CC-PT,pressure,5247.517099023,1780039936.417565,1.3010497452079948,,200.2624363019987,psi,,simulated
FI-PT,pressure,5247.51716143,1780039936.4176276,1.669026812198974,,292.2567030497435,psi,,simulated
thrust,thrust,5247.517208262,1780039936.4176745,2.499010860802038,2.500989139197962,197.82783959243488,N,,simulated
CC-PT,pressure,5247.527230495,1780039936.4276967,1.3023747566193054,,200.59368915482634,psi,,simulated
FI-PT,pressure,5247.527299253,1780039936.4277656,1.6610463453586513,,290.2615863396628,psi,,simulated
thrust,thrust,5247.527352678,1780039936.427819,2.49899476754603,2.50100523245397,201.04649079399906,N,,simulated
CC-PT,pressure,5247.537367541,1780039936.437834,1.2950499409496712,,198.7624852374178,psi,,simulated
FI-PT,pressure,5247.537430966,1780039936.4378972,1.661441524200621,,290.3603810501553,psi,,simulated
thrust,thrust,5247.537477854,1780039936.4379442,2.4990025161507745,2.5009974838492255,199.4967698450978,N,,simulated
CC-PT,pressure,5247.547498846,1780039936.4479651,1.3011778952095385,,200.29447380238463,psi,,simulated
FI-PT,pressure,5247.547565678,1780039936.4480317,1.6587581227729467,,289.6895306932367,psi,,simulated
thrust,thrust,5247.547616677,1780039936.448083,2.499001324057737,2.500998675942263,199.73518845262106,N,,simulated
FM-FM,flow,5247.556223559,1780039936.4566908,1.7188777588460158,,8.614478989181396,gallons_per_minute,,simulated
CC-PT,pressure,5247.557639188,1780039936.4581053,1.299054181463025,,199.76354536575624,psi,,simulated
FI-PT,pressure,5247.557707538,1780039936.4581738,1.6653766233177927,,291.3441558294482,psi,,simulated
thrust,thrust,5247.557757945,1780039936.458224,2.499004304290331,2.500995695709669,199.13914193381288,N,,simulated
CC-PT,pressure,5247.567775918,1780039936.4682422,1.2907947648518996,,197.6986912129749,psi,,simulated
FI-PT,pressure,5247.567845603,1780039936.4683118,1.654525000396371,,288.63125009909277,psi,,simulated
thrust,thrust,5247.567899232,1780039936.4683654,2.4989929794064736,2.5010070205935264,201.40411870528396,N,,simulated
tank_temp,temperature,5247.567961675,1780039936.4684281,,,21.67293881257835,°C,,simulated
CC-PT,pressure,5247.577916168,1780039936.4783826,1.2896432029775622,,197.41080074439054,psi,,simulated
FI-PT,pressure,5247.577980685,1780039936.478447,1.6565587111185445,,289.13967777963614,psi,,simulated
thrust,thrust,5247.578028037,1780039936.4784942,2.4990114568485566,2.5009885431514434,197.70863028867325,N,,simulated
CC-PT,pressure,5247.588048547,1780039936.488515,1.311595000218749,,202.89875005468727,psi,,simulated
FI-PT,pressure,5247.588116213,1780039936.4885824,1.6624190404914665,,290.60476012286665,psi,,simulated
thrust,thrust,5247.588167749,1780039936.4886339,2.499041855221016,2.500958144778984,191.6289557968298,N,,simulated
FM-FM,flow,5247.596403395,1780039936.4968696,1.7433365277453097,,8.843779947612276,gallons_per_minute,,simulated
CC-PT,pressure,5247.598185907,1780039936.4986522,1.3004662156660816,,200.1165539165204,psi,,simulated
FI-PT,pressure,5247.59824824,1780039936.4987144,1.6514946998947502,,287.87367497368757,psi,,simulated
thrust,thrust,5247.598294202,1780039936.4987605,2.499022781732414,2.500977218267586,195.44365351720216,N,,simulated
CC-PT,pressure,5247.608316472,1780039936.5087826,1.2869067534097138,,196.72668835242845,psi,,simulated
FI-PT,pressure,5247.608383063,1780039936.5088491,1.6630037621264173,,290.75094053160433,psi,,simulated
thrust,thrust,5247.6084346,1780039936.508901,2.4990174173137447,2.5009825826862553,196.5165372510569,N,,simulated
CC-PT,pressure,5247.618450332,1780039936.5189166,1.2917913546313469,,197.9478386578367,psi,,simulated
FI-PT,pressure,5247.618512961,1780039936.518979,1.662808854914767,,290.7022137286918,psi,,simulated
thrust,thrust,5247.618560479,1780039936.5190268,2.4990609287096177,2.5009390712903823,187.81425807645746,N,,simulated
CC-PT,pressure,5247.628581526,1780039936.5290477,1.2899281132135525,,197.48202830338812,psi,,simulated
FI-PT,pressure,5247.628647118,1780039936.5291133,1.6600050520902934,,290.00126302257337,psi,,simulated
thrust,thrust,5247.628696728,1780039936.5291626,2.4990519880118356,2.5009480119881644,189.602397632882,N,,simulated
FM-FM,flow,5247.636552398,1780039936.5370185,1.727108565224238,,8.69164279897723,gallons_per_minute,,simulated
CC-PT,pressure,5247.638715924,1780039936.5391822,1.2877722129550233,,196.94305323875582,psi,,simulated
FI-PT,pressure,5247.63877609,1780039936.5392423,1.6571160146136301,,289.2790036534075,psi,,simulated
thrust,thrust,5247.638822441,1780039936.5392885,2.4990615247561365,2.5009384752438635,187.69504877269583,N,,simulated
CC-PT,pressure,5247.648845618,1780039936.549312,1.2799634075121173,,194.99085187802933,psi,,simulated
FI-PT,pressure,5247.648913728,1780039936.54938,1.6705920303573647,,292.64800758934115,psi,,simulated
thrust,thrust,5247.648965949,1780039936.549432,2.499054372197911,2.500945627802089,189.12556041783546,N,,simulated
CC-PT,pressure,5247.659010052,1780039936.5594769,1.2906338322918214,,197.65845807295534,psi,,simulated
FI-PT,pressure,5247.659104347,1780039936.5595706,1.656917531122867,,289.2293827807168,psi,,simulated
thrust,thrust,5247.659158365,1780039936.5596244,2.499078214058663,2.500921785941337,184.35718826737002,N,,simulated
tank_temp,temperature,5247.668124982,1780039936.5685914,,,21.61901285844034,°C,,simulated
CC-PT,pressure,5247.669165394,1780039936.5696318,1.2959428186348458,,198.98570465871146,psi,,simulated
FI-PT,pressure,5247.669234893,1780039936.5697012,1.6610809160567421,,290.27022901418553,psi,,simulated
thrust,thrust,5247.669289633,1780039936.5697558,2.4990919231285957,2.5009080768714043,181.6153742808524,N,,simulated
FM-FM,flow,5247.67670442,1780039936.5771706,1.728261319191613,,8.70244986742137,gallons_per_minute,,simulated
CC-PT,pressure,5247.679303087,1780039936.5797694,1.282670650800544,,195.66766270013602,psi,,simulated
FI-PT,pressure,5247.679367161,1780039936.5798333,1.6650142270343573,,291.25355675858935,psi,,simulated
thrust,thrust,5247.679415067,1780039936.5798812,2.499106824291566,2.500893175708434,178.6351416868115,N,,simulated
CC-PT,pressure,5247.689433022,1780039936.5898993,1.2863327606121016,,196.58319015302538,psi,,simulated
FI-PT,pressure,5247.68950054,1780039936.5899668,1.6601171088358293,,290.02927720895735,psi,,simulated
thrust,thrust,5247.689553372,1780039936.5900197,2.499113380803273,2.500886619196727,177.3238393454335,N,,simulated
CC-PT,pressure,5247.699567809,1780039936.600034,1.2810750342696946,,195.26875856742365,psi,,simulated
FI-PT,pressure,5247.69962816,1780039936.6000946,1.6665174563547915,,291.6293640886979,psi,,simulated
thrust,thrust,5247.69967464,1780039936.6001408,2.4991449712687697,2.5008550287312303,171.0057462460668,N,,simulated
CC-PT,pressure,5247.709706854,1780039936.6101732,1.2806953526372138,,195.17383815930344,psi,,simulated
FI-PT,pressure,5247.709786316,1780039936.6102526,1.6602685046516066,,290.0671261629017,psi,,simulated
thrust,thrust,5247.709839315,1780039936.6103055,2.4991425870826944,2.5008574129173056,171.48258346111334,N,,simulated
FM-FM,flow,5247.716856497,1780039936.6173227,1.7373271867426856,,8.787442375712676,gallons_per_minute,,simulated
CC-PT,pressure,5247.719856974,1780039936.6203234,1.28173247357994,,195.433118394985,psi,,simulated
FI-PT,pressure,5247.719922825,1780039936.6203892,1.6618212058331019,,290.45530145827547,psi,,simulated
thrust,thrust,5247.719970269,1780039936.6204364,2.499183714292492,2.500816285707508,163.25714150156045,N,,simulated
CC-PT,pressure,5247.729992779,1780039936.630459,1.2792785500620065,,194.81963751550163,psi,,simulated
FI-PT,pressure,5247.73006363,1780039936.6305299,1.6602720809307194,,290.0680202326799,psi,,simulated
thrust,thrust,5247.730117759,1780039936.630584,2.499190866850718,2.500809133149282,161.82662985642082,N,,simulated
CC-PT,pressure,5247.740134176,1780039936.6406007,1.2849600654792863,,196.24001636982157,psi,,simulated
FI-PT,pressure,5247.74019699,1780039936.6406631,1.6642977791187499,,291.0744447796875,psi,,simulated
thrust,thrust,5247.740243934,1780039936.64071,2.499205768013688,2.500794231986312,158.84639726237992,N,,simulated
CC-PT,pressure,5247.751745165,1780039936.652212,1.2747551530307712,,193.6887882576928,psi,,simulated
FI-PT,pressure,5247.751836571,1780039936.6523027,1.6565092392574834,,289.12730981437085,psi,,simulated
thrust,thrust,5247.751896292,1780039936.6523626,2.499218284990583,2.500781715009417,156.34300188338557,N,,simulated
FM-FM,flow,5247.757044981,1780039936.6575117,1.7398544239824323,,8.8111352248353,gallons_per_minute,,simulated
CC-PT,pressure,5247.761901543,1780039936.6623678,1.2818278410229493,,195.45696025573733,psi,,simulated
FI-PT,pressure,5247.761972228,1780039936.6624384,1.6657682258806497,,291.4420564701624,psi,,simulated
thrust,thrust,5247.762021801,1780039936.662488,2.4992576240608244,2.5007423759391756,148.4751878351176,N,,simulated
tank_temp,temperature,5247.768302196,1780039936.6687684,,,21.505612298934746,°C,,simulated
CC-PT,pressure,5247.772041867,1780039936.6725082,1.2773014637591198,,194.32536593977994,psi,,simulated
FI-PT,pressure,5247.772114403,1780039936.6725807,1.6666634877518995,,291.6658719379749,psi,,simulated
thrust,thrust,5247.772168161,1780039936.6726344,2.4992790817355015,2.5007209182644985,144.1836528996987,N,,simulated
CC-PT,pressure,5247.782182135,1780039936.6826484,1.2713821257808358,,192.84553144520893,psi,,simulated
FI-PT,pressure,5247.782245356,1780039936.6827116,1.6542466466720875,,288.5616616680219,psi,,simulated
thrust,thrust,5247.782292133,1780039936.6827583,2.499283850107652,2.500716149892348,143.2299784696056,N,,simulated
CC-PT,pressure,5247.792314903,1780039936.692781,1.2774743172495742,,194.36857931239354,psi,,simulated
FI-PT,pressure,5247.792381068,1780039936.6928473,1.6515674175700448,,287.8918543925112,psi,,simulated
thrust,thrust,5247.792432771,1780039936.692899,2.4993374942943447,2.5006625057056553,132.50114113105838,N,,simulated
FM-FM,flow,5247.797206335,1780039936.6976724,1.7384048388486908,,8.797545364206474,gallons_per_minute,,simulated
CC-PT,pressure,5247.8024493,1780039936.7029157,1.2664391120003595,,191.60977800008988,psi,,simulated
FI-PT,pressure,5247.802510411,1780039936.7029765,1.6526242080478917,,288.1560520119729,psi,,simulated
thrust,thrust,5247.802558151,1780039936.7030244,2.499342262666495,2.500657737333505,131.5474667009653,N,,simulated
CC-PT,pressure,5247.812581587,1780039936.7130477,1.2681479773697826,,192.03699434244564,psi,,simulated
FI-PT,pressure,5247.812648271,1780039936.7131143,1.6558464355285687,,288.9616088821422,psi,,simulated
thrust,thrust,5247.812698918,1780039936.713165,2.4993541835968713,2.5006458164031287,129.16328062573257,N,,simulated
CC-PT,pressure,5247.82271517,1780039936.7231812,1.277673992833375,,194.41849820834372,psi,,simulated
FI-PT,pressure,5247.822777224,1780039936.7232432,1.6648109751714437,,291.20274379286093,psi,,simulated
thrust,thrust,5247.822825057,1780039936.7232912,2.4994060396440076,2.5005939603559924,118.79207119847024,N,,simulated
CC-PT,pressure,5247.832845845,1780039936.7333124,1.2739796965098018,,193.49492412745045,psi,,simulated
FI-PT,pressure,5247.832913714,1780039936.7333798,1.6611131025687578,,290.27827564218944,psi,,simulated
thrust,thrust,5247.832965547,1780039936.7334318,2.4994096159231205,2.5005903840768795,118.07681537590042,N,,simulated
FM-FM,flow,5247.83735545,1780039936.7378216,1.6806127644315678,,8.255744666545947,gallons_per_minute,,simulated
CC-PT,pressure,5247.842983242,1780039936.7434497,1.275287422572067,,193.82185564301673,psi,,simulated
FI-PT,pressure,5247.843047186,1780039936.7435133,1.672063669212302,,293.0159173030755,psi,,simulated
thrust,thrust,5247.84309463,1780039936.7435608,2.4994370340629857,2.5005629659370143,112.59318740286517,N,,simulated
CC-PT,pressure,5247.853227916,1780039936.753695,1.280228648212987,,195.05716205324674,psi,,simulated
FI-PT,pressure,5247.853335563,1780039936.7538018,1.6702886426792913,,292.57216066982284,psi,,simulated
thrust,thrust,5247.853396081,1780039936.7538624,2.4994590877841816,2.5005409122158184,108.18244316368464,N,,simulated
CC-PT,pressure,5247.863396795,1780039936.763863,1.269087942729943,,192.27198568248576,psi,,simulated
FI-PT,pressure,5247.863464368,1780039936.7639306,1.6516860308272876,,287.9215077068219,psi,,simulated
thrust,thrust,5247.863514497,1780039936.7639809,2.499491274296197,2.500508725703803,101.7451407605563,N,,simulated
tank_temp,temperature,5247.868468336,1780039936.7689347,,,21.507519647794897,°C,,simulated
CC-PT,pressure,5247.873533618,1780039936.774,1.2638129310384907,,190.95323275962267,psi,,simulated
FI-PT,pressure,5247.873601617,1780039936.7740679,1.6585971902128684,,289.64929755321714,psi,,simulated
thrust,thrust,5247.873654913,1780039936.7741213,2.4995252489477693,2.5004747510522307,94.95021044614305,N,,simulated
FM-FM,flow,5247.877504101,1780039936.77797,1.7199667358358783,,8.624688148461358,gallons_per_minute,,simulated
CC-PT,pressure,5247.883668534,1780039936.7841349,1.2703944766991706,,192.59861917479265,psi,,simulated
FI-PT,pressure,5247.88373183,1780039936.784198,1.6591771434756688,,289.7942858689172,psi,,simulated
thrust,thrust,5247.883781551,1780039936.7842479,2.4995461105759276,2.5004538894240724,90.77788481448579,N,,simulated
CC-PT,pressure,5247.893799395,1780039936.7942655,1.2729449597531508,,193.2362399382877,psi,,simulated
FI-PT,pressure,5247.893866116,1780039936.7943325,1.670677861056073,,292.66946526401824,psi,,simulated
thrust,thrust,5247.893918116,1780039936.7943845,2.499587833832244,2.500412166167756,82.43323355117127,N,,simulated
CC-PT,pressure,5247.90393357,1780039936.8044,1.2635125235930114,,190.87813089825283,psi,,simulated
FI-PT,pressure,5247.903996014,1780039936.8044624,1.6658033926252593,,291.45084815631486,psi,,simulated
thrust,thrust,5247.904127364,1780039936.8045936,2.4996045231347708,2.5003954768652292,79.09537304584546,N,,simulated
CC-PT,pressure,5247.914065357,1780039936.8145318,1.2536372248693972,,188.4093062173493,psi,,simulated
FI-PT,pressure,5247.91413356,1780039936.8145998,1.6667224963572616,,291.6806240893154,psi,,simulated
thrust,thrust,5247.914188207,1780039936.8146544,2.4996426701119745,2.5003573298880255,71.46597760510076,N,,simulated
FM-FM,flow,5247.917657141,1780039936.8181236,1.710502709210242,,8.535962898846018,gallons_per_minute,,simulated
CC-PT,pressure,5247.924203736,1780039936.8246703,1.267208012009622,,191.8020030024055,psi,,simulated
FI-PT,pressure,5247.924267698,1780039936.824734,1.6563465185578488,,289.0866296394622,psi,,simulated
thrust,thrust,5247.924315901,1780039936.8247821,2.4996516108097566,2.5003483891902434,69.67783804867622,N,,simulated
CC-PT,pressure,5247.934335559,1780039936.834802,1.2681730113235725,,192.04325283089312,psi,,simulated
FI-PT,pressure,5247.934404503,1780039936.8348708,1.6734673587640954,,293.3668396910238,psi,,simulated
thrust,thrust,5247.934457354,1780039936.8349235,2.4996986984847425,2.5003013015152575,60.26030305150698,N,,simulated
CC-PT,pressure,5247.944518123,1780039936.8449852,1.2633933142892497,,190.84832857231243,psi,,simulated
FI-PT,pressure,5247.944630714,1780039936.845097,1.6547288483058034,,288.68221207645087,psi,,simulated
thrust,thrust,5247.944681547,1780039936.8451476,2.499733865229352,2.500266134770648,53.22695412957046,N,,simulated
CC-PT,pressure,5247.954713835,1780039936.8551807,1.2474663552601761,,186.86658881504403,psi,,simulated
FI-PT,pressure,5247.954821759,1780039936.855288,1.6615893437372855,,290.3973359343214,psi,,simulated
thrust,thrust,5247.954881906,1780039936.8553479,2.499772012206556,2.500227987793444,45.59755868882576,N,,simulated
FM-FM,flow,5247.957812773,1780039936.8582792,1.7571773239585546,,8.973537412111448,gallons_per_minute,,simulated
CC-PT,pressure,5247.964881898,1780039936.865348,1.2568672009548187,,189.21680023870468,psi,,simulated
FI-PT,pressure,5247.964949009,1780039936.865415,1.6557141132013933,,288.9285283003483,psi,,simulated
thrust,thrust,5247.964998156,1780039936.8654642,2.499793469881233,2.500206530118767,41.30602375340686,N,,simulated
tank_temp,temperature,5247.968639995,1780039936.8691063,,,21.636178998182046,°C,,simulated
CC-PT,pressure,5247.975016648,1780039936.8754828,1.251621395542788,,187.90534888569698,psi,,simulated
FI-PT,pressure,5247.975085406,1780039936.8755517,1.6561754532069508,,289.0438633017377,psi,,simulated
thrust,thrust,5247.975138294,1780039936.8756044,2.4998292326723615,2.5001707673276385,34.153465527708704,N,,simulated
CC-PT,pressure,5247.985154268,1780039936.8856208,1.2531216446306281,,188.28041115765703,psi,,simulated
FI-PT,pressure,5247.985216415,1780039936.8856826,1.6631390646861868,,290.7847661715467,psi,,simulated
thrust,thrust,5247.985262155,1780039936.8857284,2.4998626112774147,2.5001373887225853,27.47774451705709,N,,simulated
CC-PT,pressure,5247.995283684,1780039936.8957498,1.245446949654454,,186.3617374136135,psi,,simulated
FI-PT,pressure,5247.995350405,1780039936.8958168,1.656317908324946,,289.0794770812365,psi,,simulated
thrust,thrust,5247.995401627,1780039936.8958678,2.499882876859054,2.500117123140946,23.424628189161467,N,,simulated
FM-FM,flow,5247.997969739,1780039936.898436,1.709253991753339,,8.52425617268755,gallons_per_minute,,simulated
CC-PT,pressure,5248.005455136,1780039936.905922,1.2536574904510367,,188.41437261275917,psi,,simulated
FI-PT,pressure,5248.005544394,1780039936.9060106,1.6658892233239677,,291.47230583099196,psi,,simulated
thrust,thrust,5248.005595079,1780039936.9060614,2.4999281763944836,2.5000718236055164,14.364721103277134,N,,simulated
CC-PT,pressure,5248.015647292,1780039936.9161148,1.2497408687759481,,187.43521719398703,psi,,simulated
FI-PT,pressure,5248.015777365,1780039936.9162438,1.6649629670337398,,291.240741758435,psi,,simulated
thrust,thrust,5248.015836216,1780039936.9163024,2.499957978720424,2.500042021279576,8.404255915195336,N,,simulated
CC-PT,pressure,5248.025822856,1780039936.9262893,1.2595827888945088,,189.8956972236272,psi,,simulated
FI-PT,pressure,5248.02588804,1780039936.9263542,1.66226228025702,,290.565570064255,psi,,simulated
thrust,thrust,5248.025936762,1780039936.9264028,2.4999818205811764,2.5000181794188236,3.635883764729897,N,,simulated
CC-PT,pressure,5248.035956106,1780039936.9364223,1.2472595271181497,,186.81488177953742,psi,,simulated
FI-PT,pressure,5248.036091085,1780039936.9365573,1.665829022625568,,291.457255656392,psi,,simulated
thrust,thrust,5248.036174454,1780039936.9366407,2.5000068545349663,2.4999931454650337,1.3709069932588136,N,,simulated
FM-FM,flow,5248.038121242,1780039936.9385874,1.710729802933908,,8.538091902505386,gallons_per_minute,,simulated
CC-PT,pressure,5248.046096392,1780039936.9465625,1.2326236048488146,,183.15590121220364,psi,,simulated
FI-PT,pressure,5248.046160687,1780039936.946627,1.6688396535920682,,292.2099133980171,psi,,simulated
thrust,thrust,5248.046251242,1780039936.9467175,2.5000628829077343,2.4999371170922657,12.576581546852594,N,,simulated
CC-PT,pressure,5248.056261567,1780039936.9567282,1.2455429131439821,,186.38572828599553,psi,,simulated
FI-PT,pressure,5248.056369954,1780039936.956836,1.668712695683562,,292.1781739208905,psi,,simulated
thrust,thrust,5248.056430453,1780039936.9568965,2.5000932812801935,2.4999067187198065,18.65625603869603,N,,simulated
CC-PT,pressure,5248.066431149,1780039936.9668975,1.235667614420368,,183.916903605092,psi,,simulated
FI-PT,pressure,5248.066497648,1780039936.9669638,1.6554220504071773,,288.8555126017943,psi,,simulated
thrust,thrust,5248.066547036,1780039936.9670131,2.500115931047908,2.499884068952092,23.186209581638195,N,,simulated
tank_temp,temperature,5248.068802746,1780039936.9692693,,,21.44492392611064,°C,,simulated
CC-PT,pressure,5248.076568269,1780039936.9770346,1.2426413586904237,,185.66033967260591,psi,,simulated
FI-PT,pressure,5248.076638212,1780039936.9771044,1.666255195886516,,291.563798971629,psi,,simulated
thrust,thrust,5248.076690989,1780039936.977157,2.500156462211187,2.499843537788813,31.29244223742944,N,,simulated
FM-FM,flow,5248.07827856,1780039936.978745,1.7085619817450024,,8.517768578859396,gallons_per_minute,,simulated
CC-PT,pressure,5248.086703981,1780039936.9871702,1.2533505264938505,,188.3376316234626,psi,,simulated
FI-PT,pressure,5248.086767888,1780039936.987234,1.667780478928146,,291.9451197320365,psi,,simulated
thrust,thrust,5248.086815313,1780039936.9872813,2.500191032909278,2.499808967090722,38.20658185560433,N,,simulated
CC-PT,pressure,5248.096838138,1780039936.9973042,1.2475390729354707,,186.88476823386767,psi,,simulated
FI-PT,pressure,5248.096905878,1780039936.9973722,1.660257775814268,,290.06444395356704,psi,,simulated
thrust,thrust,5248.096957581,1780039936.9974236,2.500207126165286,2.499792873834714,41.4252330571685,N,,simulated
CC-PT,pressure,5248.106974832,1780039937.007441,1.2413854886752949,,185.3463721688237,psi,,simulated
FI-PT,pressure,5248.107036313,1780039937.0075023,1.6602810216285016,,290.0702554071254,psi,,simulated
thrust,thrust,5248.107081923,1780039937.007548,2.5002446770959708,2.4997553229040292,48.935419194151564,N,,simulated
CC-PT,pressure,5248.117104378,1780039937.0175705,1.2442423396399425,,186.0605849099856,psi,,simulated
FI-PT,pressure,5248.117173136,1780039937.0176394,1.669935187093638,,292.4837967734095,psi,,simulated
thrust,thrust,5248.117224987,1780039937.0176911,2.500275671514949,2.499724328485051,55.134302989756634,N,,simulated
FM-FM,flow,5248.118425711,1780039937.018892,1.7221536305133855,,8.645190286062988,gallons_per_minute,,simulated
CC-PT,pressure,5248.127238701,1780039937.0277047,1.2614251686841451,,190.35629217103627,psi,,simulated
FI-PT,pressure,5248.12730033,1780039937.0277665,1.6667481263575703,,291.6870315893926,psi,,simulated
thrust,thrust,5248.127347218,1780039937.0278134,2.500305473840889,2.499694526159111,61.09476817783843,N,,simulated
CC-PT,pressure,5248.13736858,1780039937.0378351,1.229723242488294,,182.4308106220735,psi,,simulated
FI-PT,pressure,5248.137435561,1780039937.0379019,1.6636683539948884,,290.91708849872214,psi,,simulated
thrust,thrust,5248.137487079,1780039937.0379534,2.5003299117481603,2.4996700882518397,65.9823496320655,N,,simulated
CC-PT,pressure,5248.147502774,1780039937.047969,1.2649603205871964,,191.2400801467991,psi,,simulated
FI-PT,pressure,5248.147562459,1780039937.0480287,1.6715737189738418,,292.89342974346044,psi,,simulated
thrust,thrust,5248.147609014,1780039937.0480752,2.500356137794988,2.499643862205012,71.22755899757749,N,,simulated
CC-PT,pressure,5248.157658875,1780039937.058126,1.2457425887277829,,186.4356471819457,psi,,simulated
FI-PT,pressure,5248.157767059,1780039937.0582333,1.6686608396364258,,292.16520990910647,psi,,simulated
thrust,thrust,5248.157827966,1780039937.0582943,2.5003978610513045,2.4996021389486955,79.572210260892,N,,simulated
FM-FM,flow,5248.158947284,1780039937.0594137,1.6777052495128215,,8.2284867141827,gallons_per_minute,,simulated
CC-PT,pressure,5248.167824939,1780039937.0682914,1.239166407485772,,184.791601871443,psi,,simulated
FI-PT,pressure,5248.167891179,1780039937.0683575,1.6735746471374808,,293.3936617843702,psi,,simulated
thrust,thrust,5248.167941475,1780039937.0684075,2.500421702912057,2.499578297087943,84.34058241135745,N,,simulated
tank_temp,temperature,5248.168976053,1780039937.0694425,,,21.568208020619004,°C,,simulated
CC-PT,pressure,5248.177959948,1780039937.0784264,1.2499345838945608,,187.4836459736402,psi,,simulated
FI-PT,pressure,5248.17803141,1780039937.0784976,1.660944421403935,,290.2361053509838,psi,,simulated
thrust,thrust,5248.178084872,1780039937.078551,2.500464022214892,2.499535977785108,92.8044429784336,N,,simulated
CC-PT,pressure,5248.188115216,1780039937.0885816,1.225947883838163,,181.48697095954074,psi,,simulated
FI-PT,pressure,5248.188178715,1780039937.088645,1.6692759596438358,,292.318989910959,psi,,simulated
thrust,thrust,5248.188227195,1780039937.0886936,2.5004813075639376,2.4995186924360624,96.26151278752104,N,,simulated
CC-PT,pressure,5248.198246946,1780039937.0987132,1.2389464663203318,,184.73661658008294,psi,,simulated
FI-PT,pressure,5248.19831489,1780039937.098781,1.6515745701282705,,287.89364253206764,psi,,simulated
thrust,thrust,5248.198368408,1780039937.0988348,2.50050514942469,2.49949485057531,101.02988493798648,N,,simulated
FM-FM,flow,5248.199102287,1780039937.0995686,1.6964532967154142,,8.404249656707009,gallons_per_minute,,simulated
CC-PT,pressure,5248.208394899,1780039937.1088614,1.248498707830752,,187.12467695768797,psi,,simulated
FI-PT,pressure,5248.208465324,1780039937.1089315,1.6597159695286714,,289.92899238216785,psi,,simulated
thrust,thrust,5248.208514342,1780039937.1089804,2.5005194545411413,2.4994805454588587,103.89090822826574,N,,simulated
CC-PT,pressure,5248.218535815,1780039937.119002,1.2393988656281072,,184.8497164070268,psi,,simulated
FI-PT,pressure,5248.218610407,1780039937.1190765,1.6737057773716186,,293.42644434290463,psi,,simulated
thrust,thrust,5248.218664314,1780039937.1191306,2.5005570054718262,2.4994429945281738,111.40109436524881,N,,simulated
CC-PT,pressure,5248.228678194,1780039937.1291447,1.2359519286098395,,183.98798215245986,psi,,simulated
FI-PT,pressure,5248.228741934,1780039937.129208,1.6579850504380524,,289.4962626095131,psi,,simulated
thrust,thrust,5248.228789748,1780039937.129256,2.5005868077977667,2.4994131922022333,117.36155955333061,N,,simulated
CC-PT,pressure,5248.238824481,1780039937.1392908,1.2399633216814185,,184.99083042035463,psi,,simulated
FI-PT,pressure,5248.238906665,1780039937.1393728,1.6629948214286352,,290.7487053571588,psi,,simulated
thrust,thrust,5248.238965627,1780039937.139432,2.5006088615189626,2.4993911384810374,121.77230379251114,N,,simulated
FM-FM,flow,5248.240065575,1780039937.140532,1.6933890215622214,,8.375522077145824,gallons_per_minute,,simulated
CC-PT,pressure,5248.248971174,1780039937.1494374,1.2324817457773383,,183.12043644433456,psi,,simulated
FI-PT,pressure,5248.249038211,1780039937.1495044,1.6619314744390814,,290.4828686097704,psi,,simulated
thrust,thrust,5248.249088525,1780039937.1495547,2.5006279350075644,2.4993720649924356,125.58700151288349,N,,simulated
CC-PT,pressure,5248.259131794,1780039937.1595986,1.2325490990339636,,183.1372747584909,psi,,simulated
FI-PT,pressure,5248.259240144,1780039937.1597064,1.6669972738024321,,291.74931845060803,psi,,simulated
thrust,thrust,5248.259301514,1780039937.1597679,2.5006315112866773,2.4993684887133227,126.3022573354533,N,,simulated
tank_temp,temperature,5248.269144008,1780039937.1696103,,,21.553122625088452,°C,,simulated
CC-PT,pressure,5248.269247081,1780039937.1697135,1.2217672135552422,,180.44180338881054,psi,,simulated
FI-PT,pressure,5248.26929821,1780039937.1697643,1.6710825766423438,,292.77064416058596,psi,,simulated
thrust,thrust,5248.269388782,1780039937.1698549,2.5006738305895126,2.4993261694104874,134.76611790252946,N,,simulated
CC-PT,pressure,5248.279377182,1780039937.1798434,1.2433607868386252,,185.84019670965628,psi,,simulated
FI-PT,pressure,5248.279447107,1780039937.1799133,1.673968633886413,,293.49215847160326,psi,,simulated
thrust,thrust,5248.279500328,1780039937.1799667,2.500706613148047,2.499293386851953,141.32262960941944,N,,simulated
FM-FM,flow,5248.280219504,1780039937.1806858,1.6925158134121674,,8.36733575073907,gallons_per_minute,,simulated
CC-PT,pressure,5248.289515654,1780039937.189982,1.2365193648957449,,184.1298412239362,psi,,simulated
FI-PT,pressure,5248.289577375,1780039937.1900437,1.6635694102727663,,290.8923525681916,psi,,simulated
thrust,thrust,5248.289625023,1780039937.1900914,2.500743568032213,2.499256431967787,148.71360644264087,N,,simulated
CC-PT,pressure,5248.299645718,1780039937.2001119,1.2333507816017606,,183.33769540044014,psi,,simulated
FI-PT,pressure,5248.299713254,1780039937.2001793,1.6666050751930563,,291.6512687982641,psi,,simulated
thrust,thrust,5248.299765513,1780039937.2002318,2.500738203613544,2.499261796386456,147.64072270878614,N,,simulated
CC-PT,pressure,5248.309781208,1780039937.2102475,1.2364138646619158,,184.10346616547895,psi,,simulated
FI-PT,pressure,5248.309842781,1780039937.210309,1.6699620091869845,,292.4905022967461,psi,,simulated
thrust,thrust,5248.309890262,1780039937.2103565,2.50077515849771,2.49922484150229,155.03169954200757,N,,simulated
CC-PT,pressure,5248.319911754,1780039937.2203782,1.2290354048055894,,182.25885120139733,psi,,simulated
FI-PT,pressure,5248.319979716,1780039937.2204459,1.6717733945576425,,292.9433486394106,psi,,simulated
thrust,thrust,5248.320070252,1780039937.2205365,2.5007775426837853,2.4992224573162147,155.50853675705412,N,,simulated
FM-FM,flow,5248.321174588,1780039937.221641,1.684313021220329,,8.290434573940583,gallons_per_minute,,simulated
CC-PT,pressure,5248.330049003,1780039937.2305152,1.2162382860467775,,179.05957151169437,psi,,simulated
FI-PT,pressure,5248.330113891,1780039937.2305803,1.6632803277111443,,290.8200819277861,psi,,simulated
thrust,thrust,5248.33016228,1780039937.2306283,2.5008180738470642,2.4991819261529358,163.61476941284536,N,,simulated
CC-PT,pressure,5248.34018416,1780039937.2406504,1.2263883622155622,,181.59709055389055,psi,,simulated
FI-PT,pressure,5248.34025377,1780039937.2407198,1.6732056943423386,,293.30142358558464,psi,,simulated
thrust,thrust,5248.340306862,1780039937.2407732,2.50082522640529,2.49917477359471,165.045281057985,N,,simulated
CC-PT,pressure,5248.351945091,1780039937.2524116,1.2308491743623227,,182.71229359058066,psi,,simulated
FI-PT,pressure,5248.352075126,1780039937.2525418,1.6565932818166353,,289.14832045415886,psi,,simulated
thrust,thrust,5248.352133051,1780039937.2525992,2.500847280126486,2.499152719873514,169.45602529716552,N,,simulated
FM-FM,flow,5248.361343147,1780039937.2618098,1.6749425738981456,,8.202586630295114,gallons_per_minute,,simulated
CC-PT,pressure,5248.362097229,1780039937.2625635,1.2248791724299397,,181.21979310748492,psi,,simulated
FI-PT,pressure,5248.362169284,1780039937.2626355,1.6670157512445152,,291.7539378111288,psi,,simulated
thrust,thrust,5248.362224672,1780039937.2626908,2.5008675457081253,2.4991324542918747,173.50914162506115,N,,simulated
tank_temp,temperature,5248.369313667,1780039937.26978,,,21.457408391377303,°C,,simulated
CC-PT,pressure,5248.372239886,1780039937.272706,1.2322206774021003,,183.05516935052506,psi,,simulated
FI-PT,pressure,5248.372303015,1780039937.2727692,1.6572131701961959,,289.303292549049,psi,,simulated
thrust,thrust,5248.372351681,1780039937.2728179,2.5008729101267946,2.4991270898732054,174.58202535891587,N,,simulated
CC-PT,pressure,5248.382370524,1780039937.2828367,1.2237425117185725,,180.93562792964312,psi,,simulated
FI-PT,pressure,5248.382438986,1780039937.282905,1.6628326967755194,,290.70817419387987,psi,,simulated
thrust,thrust,5248.382491226,1780039937.2829576,2.500887811289765,2.499112188710235,177.56225795295677,N,,simulated
CC-PT,pressure,5248.392510774,1780039937.292977,1.228066829212526,,182.0167073031315,psi,,simulated
FI-PT,pressure,5248.392572717,1780039937.2930388,1.6609927011719585,,290.24817529298963,psi,,simulated
thrust,thrust,5248.392620068,1780039937.2930865,2.500917613615705,2.499082386384295,183.52272314103857,N,,simulated
FM-FM,flow,5248.401512446,1780039937.3019786,1.6852374893710005,,8.299101462853129,gallons_per_minute,,simulated
CC-PT,pressure,5248.402641356,1780039937.3031075,1.2434561542816345,,185.8640385704086,psi,,simulated
FI-PT,pressure,5248.402711244,1780039937.3031774,1.6764940829866033,,294.1235207466508,psi,,simulated
thrust,thrust,5248.402762521,1780039937.3032286,2.5009068847783666,2.4990931152216334,181.37695567332912,N,,simulated
CC-PT,pressure,5248.412778958,1780039937.3132453,1.2364526076856384,,184.11315192140958,psi,,simulated
FI-PT,pressure,5248.412840457,1780039937.3133066,1.676032146934527,,294.00803673363174,psi,,simulated
thrust,thrust,5248.412887901,1780039937.313354,2.5009235740808933,2.4990764259191067,184.71481617865493,N,,simulated
CC-PT,pressure,5248.422907522,1780039937.3233738,1.231625226929811,,182.90630673245272,psi,,simulated
FI-PT,pressure,5248.422975243,1780039937.3234415,1.6708030308250228,,292.7007577062557,psi,,simulated
thrust,thrust,5248.423027557,1780039937.3234937,2.5009509922207585,2.4990490077792415,190.19844415169018,N,,simulated
CC-PT,pressure,5248.433040216,1780039937.3335066,1.2274016412975362,,181.85041032438403,psi,,simulated
FI-PT,pressure,5248.433103141,1780039937.3335693,1.6672404607821059,,291.81011519552646,psi,,simulated
thrust,thrust,5248.433151029,1780039937.3336172,2.5009605289650594,2.4990394710349406,192.10579301187636,N,,simulated
FM-FM,flow,5248.441657301,1780039937.3421235,1.651877361759825,,7.986350266498359,gallons_per_minute,,simulated
CC-PT,pressure,5248.443170725,1780039937.343637,1.2274165424605064,,181.85413561512658,psi,,simulated
FI-PT,pressure,5248.443239057,1780039937.3437054,1.6546853369099304,,288.6713342274826,psi,,simulated
thrust,thrust,5248.443292593,1780039937.3437588,2.50095516454639,2.49904483545361,191.03290927802163,N,,simulated
CC-PT,pressure,5248.453336288,1780039937.3538032,1.2330616990401386,,183.26542476003465,psi,,simulated
FI-PT,pressure,5248.453431121,1780039937.3538973,1.6563566513486685,,289.0891628371671,psi,,simulated
thrust,thrust,5248.453485527,1780039937.3539517,2.5009635091976534,2.4990364908023466,192.70183953068454,N,,simulated
CC-PT,pressure,5248.463490538,1780039937.3639567,1.2257601291847384,,181.4400322961846,psi,,simulated
FI-PT,pressure,5248.463565963,1780039937.3640323,1.6678061089284548,,291.95152723211373,psi,,simulated
thrust,thrust,5248.463620295,1780039937.3640866,2.5009790064071424,2.4990209935928576,195.80128142848707,N,,simulated
tank_temp,temperature,5248.469476344,1780039937.3699427,,,21.707791278114446,°C,,simulated
CC-PT,pressure,5248.473633454,1780039937.3740997,1.2244148521917881,,181.10371304794702,psi,,simulated
FI-PT,pressure,5248.47369699,1780039937.3741632,1.6712071503647747,,292.80178759119366,psi,,simulated
thrust,thrust,5248.473745693,1780039937.3742118,2.501002252221376,2.498997747778624,200.45044427519088,N,,simulated
FM-FM,flow,5248.481808749,1780039937.382275,1.7118128194585824,,8.548245182424209,gallons_per_minute,,simulated
CC-PT,pressure,5248.483766351,1780039937.3842328,1.2298543727224318,,182.46359318060794,psi,,simulated
FI-PT,pressure,5248.483835369,1780039937.3843017,1.670053800350881,,292.51345008772023,psi,,simulated
thrust,thrust,5248.483888609,1780039937.3843548,2.5010034443144136,2.4989965556855864,200.68886288271415,N,,simulated
CC-PT,pressure,5248.493903953,1780039937.3943703,1.2177570125767008,,179.43925314417518,psi,,simulated
FI-PT,pressure,5248.493965563,1780039937.3944318,1.6627546146815555,,290.6886536703889,psi,,simulated
thrust,thrust,5248.494012655,1780039937.3944788,2.500990331291,2.499009668709,198.06625819995816,N,,simulated
CC-PT,pressure,5248.504064887,1780039937.4045312,1.2232889203177595,,180.82223007943986,psi,,simulated
FI-PT,pressure,5248.504133886,1780039937.4046001,1.6626175239822296,,290.6543809955574,psi,,simulated
thrust,thrust,5248.504187589,1780039937.4046538,2.5009909273375186,2.4990090726624814,198.1854675037198,N,,simulated
CC-PT,pressure,5248.514203451,1780039937.4146698,1.2364675088486086,,184.11687721215213,psi,,simulated
FI-PT,pressure,5248.514265932,1780039937.414732,1.6706540191953207,,292.66350479883016,psi,,simulated
thrust,thrust,5248.514312635,1780039937.414779,2.5009974838492255,2.4990025161507745,199.4967698450978,N,,simulated
FM-FM,flow,5248.521960233,1780039937.4224265,1.6736402122545497,,8.190376989886403,gallons_per_minute,,simulated
CC-PT,pressure,5248.52433596,1780039937.4248023,1.2213160063405044,,180.3290015851261,psi,,simulated
FI-PT,pressure,5248.524403107,1780039937.4248693,1.6811825849035484,,295.2956462258871,psi,,simulated
thrust,thrust,5248.524454514,1780039937.4249208,2.5009825826862553,2.4990174173137447,196.5165372510569,N,,simulated
CC-PT,pressure,5248.534470061,1780039937.4349363,1.2193293832933167,,179.83234582332918,psi,,simulated
FI-PT,pressure,5248.534532171,1780039937.4349985,1.672082742700904,,293.020685675226,psi,,simulated
thrust,thrust,5248.534577393,1780039937.4350436,2.501002252221376,2.498997747778624,200.45044427519088,N,,simulated
CC-PT,pressure,5248.544604662,1780039937.4450707,1.207517529430095,,176.87938235752375,psi,,simulated
FI-PT,pressure,5248.544671402,1780039937.4451377,1.667631467298444,,291.907866824611,psi,,simulated
thrust,thrust,5248.544723142,1780039937.4451895,2.5009945036166314,2.4990054963833686,198.9007233262896,N,,simulated
CC-PT,pressure,5248.554767504,1780039937.4552343,1.2182332537452285,,179.55831343630712,psi,,simulated
FI-PT,pressure,5248.554861706,1780039937.4553277,1.6673465570624537,,291.8366392656134,psi,,simulated
thrust,thrust,5248.554915965,1780039937.455382,2.5010070205935264,2.4989929794064736,201.40411870528396,N,,simulated
FM-FM,flow,5248.562118273,1780039937.4625847,1.6315843619804815,,7.796103393567014,gallons_per_minute,,simulated
CC-PT,pressure,5248.564921494,1780039937.4653878,1.2318886794911241,,182.97216987278102,psi,,simulated
FI-PT,pressure,5248.564995734,1780039937.465462,1.6708173359414742,,292.7043339853685,psi,,simulated
thrust,thrust,5248.56504927,1780039937.4655156,2.5009855629188493,2.4990144370811507,197.11258376986507,N,,simulated
tank_temp,temperature,5248.569644707,1780039937.470111,,,21.458101972780984,°C,,simulated
CC-PT,pressure,5248.575063058,1780039937.4755294,1.2254579335997025,,181.3644833999256,psi,,simulated
FI-PT,pressure,5248.575126928,1780039937.4755933,1.6701753938407178,,292.54384846017945,psi,,simulated
thrust,thrust,5248.575175538,1780039937.4756415,2.500992715477075,2.499007284522925,198.5430954150047,N,,simulated
CC-PT,pressure,5248.585193752,1780039937.4856598,1.2277694019996408,,181.9423504999102,psi,,simulated
FI-PT,pressure,5248.585262881,1780039937.485729,1.6599049162751336,,289.9762290687834,psi,,simulated
thrust,thrust,5248.585315287,1780039937.4857814,2.5009790064071424,2.4990209935928576,195.80128142848707,N,,simulated
CC-PT,pressure,5248.595331872,1780039937.495798,1.2146688955627556,,178.6672238906889,psi,,simulated
FI-PT,pressure,5248.595395371,1780039937.4958615,1.6778894278871332,,294.4723569717833,psi,,simulated
thrust,thrust,5248.595442778,1780039937.495909,2.500973641988473,2.499026358011527,194.72839769463235,N,,simulated
FM-FM,flow,5248.602269943,1780039937.502736,1.6613169504781902,,8.074846410733032,gallons_per_minute,,simulated
CC-PT,pressure,5248.605461714,1780039937.505928,1.2270702394330788,,181.7675598582697,psi,,simulated
FI-PT,pressure,5248.605530028,1780039937.5059962,1.6715260352523371,,292.8815088130843,psi,,simulated
thrust,thrust,5248.605581786,1780039937.506048,2.5009885431514434,2.4990114568485566,197.70863028867325,N,,simulated
CC-PT,pressure,5248.615595963,1780039937.5160623,1.227933314792313,,181.98332869807825,psi,,simulated
FI-PT,pressure,5248.61565824,1780039937.5161245,1.6722931471220432,,293.0732867805108,psi,,simulated
thrust,thrust,5248.61570524,1780039937.5161715,2.50095516454639,2.49904483545361,191.03290927802163,N,,simulated
CC-PT,pressure,5248.625725583,1780039937.526192,1.222896125661865,,180.72403141546621,psi,,simulated
FI-PT,pressure,5248.62579373,1780039937.52626,1.6664119561209625,,291.6029890302406,psi,,simulated
thrust,thrust,5248.625846952,1780039937.5263133,2.5009539724533525,2.4990460275466475,190.79449067049836,N,,simulated
CC-PT,pressure,5248.635860277,1780039937.5363266,1.2152166623135403,,178.80416557838507,psi,,simulated
FI-PT,pressure,5248.635922832,1780039937.536389,1.6759212822820286,,293.98032057050716,psi,,simulated
thrust,thrust,5248.635969535,1780039937.5364356,2.500948608034683,2.499051391965317,189.72160693664364,N,,simulated
FM-FM,flow,5248.642422613,1780039937.542889,1.684595547270244,,8.293083255658537,gallons_per_minute,,simulated
CC-PT,pressure,5248.645991249,1780039937.5464575,1.2171436807088472,,179.28592017721178,psi,,simulated
FI-PT,pressure,5248.646060655,1780039937.546527,1.6755135864631638,,293.87839661579096,psi,,simulated
thrust,thrust,5248.646112636,1780039937.546579,2.500952184313796,2.499047815686204,190.43686275921345,N,,simulated
CC-PT,pressure,5248.656158701,1780039937.5566254,1.2186934016577484,,179.6733504144371,psi,,simulated
FI-PT,pressure,5248.656254793,1780039937.5567212,1.6652550298279558,,291.313757456989,psi,,simulated
thrust,thrust,5248.656310699,1780039937.556777,2.500924766173931,2.499075233826069,184.9532347861782,N,,simulated
CC-PT,pressure,5248.666312747,1780039937.5667791,1.21662214000489,,179.1555350012225,psi,,simulated
FI-PT,pressure,5248.666388468,1780039937.5668547,1.6759337992589236,,293.9834498147309,psi,,simulated
thrust,thrust,5248.66644356,1780039937.5669098,2.50090509663881,2.49909490336119,181.0193277620442,N,,simulated
tank_temp,temperature,5248.669806625,1780039937.570273,,,21.64831667274687,°C,,simulated
CC-PT,pressure,5248.676458774,1780039937.576925,1.2307478464541253,,182.6869616135313,psi,,simulated
FI-PT,pressure,5248.676522051,1780039937.5769882,1.6656680900654899,,291.41702251637247,psi,,simulated
thrust,thrust,5248.67656981,1780039937.5770361,2.5008979440805845,2.4991020559194155,179.58881611690458,N,,simulated
FM-FM,flow,5248.682573301,1780039937.5830398,1.656733948795074,,8.031880769953819,gallons_per_minute,,simulated
CC-PT,pressure,5248.686589635,1780039937.587056,1.2140144364851042,,178.50360912127604,psi,,simulated
FI-PT,pressure,5248.686658115,1780039937.5871246,1.6590424369624182,,289.76060924060454,psi,,simulated
thrust,thrust,5248.686710855,1780039937.587177,2.5008979440805845,2.4991020559194155,179.58881611690458,N,,simulated
CC-PT,pressure,5248.696728736,1780039937.597195,1.2208677793583607,,180.21694483959016,psi,,simulated
FI-PT,pressure,5248.696791161,1780039937.5972574,1.675304970181581,,293.82624254539525,psi,,simulated
thrust,thrust,5248.69683779,1780039937.597304,2.500871121987238,2.499128878012762,174.22439744763096,N,,simulated
CC-PT,pressure,5248.706858763,1780039937.607325,1.2245006828904965,,181.12517072262412,psi,,simulated
FI-PT,pressure,5248.706926151,1780039937.6073923,1.6644968586560318,,291.124214664008,psi,,simulated
thrust,thrust,5248.706977391,1780039937.6074438,2.500855624777749,2.499144375222251,171.12495554982843,N,,simulated
CC-PT,pressure,5248.717005901,1780039937.6174722,1.2243039875392898,,181.07599688482244,psi,,simulated
FI-PT,pressure,5248.717077734,1780039937.617544,1.66730841008525,,291.8271025213125,psi,,simulated
thrust,thrust,5248.717125159,1780039937.6175914,2.5008538366381927,2.4991461633618073,170.76732763854352,N,,simulated
FM-FM,flow,5248.722738896,1780039937.6232054,1.6545112913264384,,8.01104335618536,gallons_per_minute,,simulated
CC-PT,pressure,5248.727146743,1780039937.6276128,1.2158633727864472,,178.9658431966118,psi,,simulated
FI-PT,pressure,5248.727223038,1780039937.6276891,1.6651864844782929,,291.2966211195732,psi,,simulated
thrust,thrust,5248.72727739,1780039937.6277435,2.5008055568701693,2.4991944431298307,161.111374033851,N,,simulated
CC-PT,pressure,5248.737289567,1780039937.6377559,1.2195499205052758,,179.88748012631893,psi,,simulated
FI-PT,pressure,5248.737353344,1780039937.6378198,1.6705294454728898,,292.63236136822246,psi,,simulated
thrust,thrust,5248.737401991,1780039937.6378684,2.500806152916688,2.499193847083312,161.23058333761264,N,,simulated
CC-PT,pressure,5248.747421335,1780039937.6478877,1.2221683528624,,180.54208821560002,psi,,simulated
FI-PT,pressure,5248.747489445,1780039937.6479557,1.6689946256869583,,292.2486564217396,psi,,simulated
thrust,thrust,5248.747542666,1780039937.648009,2.5007674098929655,2.4992325901070345,153.4819785931063,N,,simulated
CC-PT,pressure,5248.757587158,1780039937.6580539,1.214515115560903,,178.62877889022576,psi,,simulated
FI-PT,pressure,5248.757682138,1780039937.6581483,1.6722842064242611,,293.0710516060653,psi,,simulated
thrust,thrust,5248.757736915,1780039937.6582031,2.5007668138464467,2.4992331861535533,153.36276928934467,N,,simulated
FM-FM,flow,5248.762895677,1780039937.663362,1.6053803688741168,,7.550440958194844,gallons_per_minute,,simulated
CC-PT,pressure,5248.767741055,1780039937.6682074,1.2203814053990132,,180.0953513497533,psi,,simulated
FI-PT,pressure,5248.767810795,1780039937.668277,1.6743280499372544,,293.58201248431357,psi,,simulated
thrust,thrust,5248.767864516,1780039937.6683307,2.5007387996600627,2.4992612003399373,147.75993201254778,N,,simulated
tank_temp,temperature,5248.769972191,1780039937.6704383,,,21.21448150472993,°C,,simulated
CC-PT,pressure,5248.777878101,1780039937.6783445,1.2251384526656213,,181.2846131664053,psi,,simulated
FI-PT,pressure,5248.77794097,1780039937.6784072,1.6814609386278319,,295.36523465695797,psi,,simulated
thrust,thrust,5248.777989007,1780039937.6784554,2.5007179380319045,2.4992820619680955,143.58760638089052,N,,simulated
CC-PT,pressure,5248.788030961,1780039937.688497,1.225863841279011,,181.46596031975275,psi,,simulated
FI-PT,pressure,5248.788101886,1780039937.688568,1.674599847149831,,293.6499617874577,psi,,simulated
thrust,thrust,5248.788155163,1780039937.6886213,2.500691711985077,2.499308288014923,138.34239701537854,N,,simulated
CC-PT,pressure,5248.79817034,1780039937.6986365,1.2084241161852023,,177.10602904630056,psi,,simulated
FI-PT,pressure,5248.798231747,1780039937.698698,1.6750939697139229,,293.7734924284807,psi,,simulated
thrust,thrust,5248.798278857,1780039937.698745,2.5006678701243246,2.4993321298756754,133.5740248649131,N,,simulated
FM-FM,flow,5248.803057384,1780039937.7035236,1.6818090297948158,,8.266959654326397,gallons_per_minute,,simulated
CC-PT,pressure,5248.808299664,1780039937.708766,1.221068647035199,,180.26716175879974,psi,,simulated
FI-PT,pressure,5248.808368366,1780039937.7088346,1.675168475528774,,293.79211888219345,psi,,simulated
thrust,thrust,5248.808421218,1780039937.7088873,2.500613033844594,2.499386966155406,122.60676891884259,N,,simulated
CC-PT,pressure,5248.81843582,1780039937.718902,1.219834830741266,,179.9587076853165,psi,,simulated
FI-PT,pressure,5248.818496079,1780039937.7189622,1.6772868248566182,,294.3217062141545,psi,,simulated
thrust,thrust,5248.818542097,1780039937.7190082,2.500604689193331,2.499395310806669,120.93783866617969,N,,simulated
CC-PT,pressure,5248.828608162,1780039937.7290745,1.220328953305358,,180.0822383263395,psi,,simulated
FI-PT,pressure,5248.828681383,1780039937.7291477,1.6779967162605187,,294.4991790651297,psi,,simulated
thrust,thrust,5248.828733345,1780039937.7291996,2.5006118417515566,2.4993881582484434,122.36835031131932,N,,simulated
CC-PT,pressure,5248.838747374,1780039937.7392135,1.2128950611227824,,178.2237652806956,psi,,simulated
FI-PT,pressure,5248.838812003,1780039937.739278,1.674509248078972,,293.627312019743,psi,,simulated
thrust,thrust,5248.838861225,1780039937.7393274,2.5005659461696084,2.4994340538303916,113.18923392167335,N,,simulated
FM-FM,flow,5248.843205443,1780039937.743672,1.6493393956827396,,7.962556834525683,gallons_per_minute,,simulated
CC-PT,pressure,5248.848878976,1780039937.7493453,1.223501708924974,,180.8754272312435,psi,,simulated
FI-PT,pressure,5248.848944678,1780039937.7494109,1.6659977037903908,,291.49942594759773,psi,,simulated
thrust,thrust,5248.848998067,1780039937.7494643,2.5005373359367056,2.4994626640632944,107.46718734111482,N,,simulated
CC-PT,pressure,5248.859040428,1780039937.7595072,1.223579194972419,,180.89479874310476,psi,,simulated
FI-PT,pressure,5248.859133853,1780039937.7596002,1.6674133142725602,,291.85332856814006,psi,,simulated
thrust,thrust,5248.859189852,1780039937.759656,2.500517070355066,2.499482929644934,103.4140710132192,N,,simulated
CC-PT,pressure,5248.869193974,1780039937.7696602,1.2192954086417447,,179.82385216043616,psi,,simulated
FI-PT,pressure,5248.869268843,1780039937.769735,1.675068935760133,,293.76723394003324,psi,,simulated
thrust,thrust,5248.869325083,1780039937.7697911,2.500492632447795,2.499507367552205,98.52648955899213,N,,simulated
tank_temp,temperature,5248.87013548,1780039937.7706017,,,21.173733597262316,°C,,simulated
CC-PT,pressure,5248.87933639,1780039937.7798026,1.22660949547404,,181.65237386851,psi,,simulated
FI-PT,pressure,5248.879401833,1780039937.779868,1.671641072230467,,292.91026805761675,psi,,simulated
thrust,thrust,5248.879450666,1780039937.7799168,2.5004574657031853,2.4995425342968147,91.4931406370556,N,,simulated
FM-FM,flow,5248.883358723,1780039937.7838252,1.6025318625607325,,7.523736211506867,gallons_per_minute,,simulated
CC-PT,pressure,5248.889469843,1780039937.789936,1.2068952568644593,,176.72381421611482,psi,,simulated
FI-PT,pressure,5248.889540064,1780039937.7900062,1.6712745036214,,292.81862590535,psi,,simulated
thrust,thrust,5248.889593619,1780039937.7900598,2.500437200121546,2.499562799878454,87.44002430915998,N,,simulated
CC-PT,pressure,5248.899608537,1780039937.8000748,1.223483231482891,,180.87080787072273,psi,,simulated
FI-PT,pressure,5248.899669462,1780039937.8001356,1.6708048189645792,,292.7012047411448,psi,,simulated
thrust,thrust,5248.899716072,1780039937.8001823,2.5004038215164925,2.4995961784835075,80.76430329850837,N,,simulated
CC-PT,pressure,5248.909737509,1780039937.8102036,1.2298656976062892,,182.46642440157228,psi,,simulated
FI-PT,pressure,5248.909803823,1780039937.81027,1.6698082291851315,,292.4520572962829,psi,,simulated
thrust,thrust,5248.909855414,1780039937.8103216,2.5003626943066948,2.4996373056933052,72.53886133895548,N,,simulated
CC-PT,pressure,5248.919871703,1780039937.8203378,1.2246151238221077,,181.1537809555269,psi,,simulated
FI-PT,pressure,5248.919933276,1780039937.8203993,1.680873236760287,,295.21830919007175,psi,,simulated
thrust,thrust,5248.919980701,1780039937.820447,2.500340640585499,2.499659359414501,68.12811709977495,N,,simulated
FM-FM,flow,5248.923510227,1780039937.8239765,1.6319509305895485,,7.7995399742770175,gallons_per_minute,,simulated
CC-PT,pressure,5248.930002767,1780039937.8304691,1.2248523503365933,,181.21308758414833,psi,,simulated
FI-PT,pressure,5248.930069247,1780039937.8305354,1.6791989420889548,,294.7997355222387,psi,,simulated
thrust,thrust,5248.930120154,1780039937.8305864,2.500318586864303,2.499681413135697,63.71737286059442,N,,simulated
CC-PT,pressure,5248.94013972,1780039937.840606,1.2171395083832155,,179.28487709580386,psi,,simulated
FI-PT,pressure,5248.940201497,1780039937.8406677,1.6670914491524038,,291.77286228810095,psi,,simulated
thrust,thrust,5248.94024783,1780039937.840714,2.5002697110497607,2.4997302889502393,53.942209952140274,N,,simulated
CC-PT,pressure,5248.952175277,1780039937.8526423,1.221888807045079,,180.47220176126976,psi,,simulated
FI-PT,pressure,5248.952282701,1780039937.8527489,1.6760750622838811,,294.0187655709703,psi,,simulated
thrust,thrust,5248.952344978,1780039937.8528113,2.5002422929098955,2.4997577070901045,48.45858197910502,N,,simulated
CC-PT,pressure,5248.962358192,1780039937.862825,1.2263382943079824,,181.58457357699558,psi,,simulated
FI-PT,pressure,5248.962443765,1780039937.86291,1.6750325769224856,,293.7581442306214,psi,,simulated
thrust,thrust,5248.962496449,1780039937.8629627,2.500202953839654,2.499797046160346,40.590767930837046,N,,simulated
FM-FM,flow,5248.963669544,1780039937.864136,1.6697522008123635,,8.153926882615908,gallons_per_minute,,simulated
tank_temp,temperature,5248.970304972,1780039937.8707714,,,21.478215833488424,°C,,simulated
CC-PT,pressure,5248.972505404,1780039937.8729715,1.221276667270263,,180.31916681756576,psi,,simulated
FI-PT,pressure,5248.972578848,1780039937.873045,1.6725679245672138,,293.14198114180346,psi,,simulated
thrust,thrust,5248.972634754,1780039937.8731008,2.5001767277928266,2.4998232722071734,35.345558565325064,N,,simulated
CC-PT,pressure,5248.982644913,1780039937.8831112,1.2257750303477086,,181.44375758692715,psi,,simulated
FI-PT,pressure,5248.982709097,1780039937.8831754,1.6818203546786732,,295.45508866966827,psi,,simulated
thrust,thrust,5248.982757374,1780039937.8832235,2.500132620350435,2.499867379649565,26.524070086964002,N,,simulated
CC-PT,pressure,5248.992774588,1780039937.893241,1.2185288928185574,,179.63222320463933,psi,,simulated
FI-PT,pressure,5248.992841291,1780039937.8933077,1.6776581618378357,,294.4145404594589,psi,,simulated
thrust,thrust,5248.992893827,1780039937.8933601,2.500117123140946,2.499882876859054,23.424628189161467,N,,simulated
CC-PT,pressure,5249.002909727,1780039937.903376,1.22166826983312,,180.41706745828,psi,,simulated
FI-PT,pressure,5249.002971022,1780039937.9034374,1.6763873906597366,,294.09684766493416,psi,,simulated
thrust,thrust,5249.003018855,1780039937.9034848,2.5000783801172233,2.4999216198827767,15.67602344465513,N,,simulated
FM-FM,flow,5249.003818918,1780039937.9042852,1.6434284023557189,,7.907141272084864,gallons_per_minute,,simulated
CC-PT,pressure,5249.013038069,1780039937.9135044,1.2277121815338352,,181.9280453834588,psi,,simulated
FI-PT,pressure,5249.01310579,1780039937.913572,1.6710050905948988,,292.7512726487247,psi,,simulated
thrust,thrust,5249.013159345,1780039937.9136257,2.500063478954253,2.499936521045747,12.69579085061423,N,,simulated
CC-PT,pressure,5249.023171596,1780039937.923638,1.2244541912620295,,181.11354781550736,psi,,simulated
FI-PT,pressure,5249.023234262,1780039937.9237006,1.6820557930536024,,295.5139482634006,psi,,simulated
thrust,thrust,5249.023281243,1780039937.9237475,2.500017583372305,2.499982416627695,3.516674460968261,N,,simulated
CC-PT,pressure,5249.033302512,1780039937.9337687,1.2267006905914177,,181.67517264785442,psi,,simulated
FI-PT,pressure,5249.033371085,1780039937.9338374,1.678045592075061,,294.51139801876525,psi,,simulated
thrust,thrust,5249.033424696,1780039937.9338908,2.5000092387210415,2.4999907612789585,1.8477442083053575,N,,simulated
CC-PT,pressure,5249.043438854,1780039937.943905,1.2187154553789443,,179.67886384473607,psi,,simulated
FI-PT,pressure,5249.043502909,1780039937.943969,1.6784628246382267,,294.6157061595567,psi,,simulated
thrust,thrust,5249.043550353,1780039937.9440167,2.4999687075577626,2.5000312924422374,6.258488447485888,N,,simulated
FM-FM,flow,5249.044657004,1780039937.9451234,1.599793028806809,,7.498059645063833,gallons_per_minute,,simulated
CC-PT,pressure,5249.053597733,1780039937.9540644,1.2353916448821598,,183.84791122053994,psi,,simulated
FI-PT,pressure,5249.053735805,1780039937.9542022,1.672837933640234,,293.20948341005845,psi,,simulated
thrust,thrust,5249.053798786,1780039937.954265,2.499918043603664,2.500081956396336,16.391279267224945,N,,simulated
CC-PT,pressure,5249.063795741,1780039937.9642618,1.2154240865020856,,178.85602162552138,psi,,simulated
FI-PT,pressure,5249.063861981,1780039937.9643283,1.6861446721726265,,296.53616804315664,psi,,simulated
thrust,thrust,5249.063910887,1780039937.9643772,2.499913871278032,2.500086128721968,17.225744393556397,N,,simulated
tank_temp,temperature,5249.070466593,1780039937.970933,,,21.42533025145599,°C,,simulated
CC-PT,pressure,5249.073928935,1780039937.974395,1.225721386161016,,181.43034654025396,psi,,simulated
FI-PT,pressure,5249.074005897,1780039937.9744723,1.6588385890529858,,289.70964726324644,psi,,simulated
thrust,thrust,5249.074065525,1780039937.974532,2.4998632073239335,2.5001367926760665,27.358535213295454,N,,simulated
CC-PT,pressure,5249.084077277,1780039937.9845436,1.2334556857890708,,183.3639214472677,psi,,simulated
FI-PT,pressure,5249.084140646,1780039937.984607,1.6692717873182041,,292.31794682955103,psi,,simulated
thrust,thrust,5249.084188756,1780039937.984655,2.4998345970910307,2.5001654029089693,33.08058179385398,N,,simulated
FM-FM,flow,5249.084802841,1780039937.9852693,1.6167070408710291,,7.6566285081658965,gallons_per_minute,,simulated
CC-PT,pressure,5249.094207859,1780039937.9946742,1.2319691457711632,,182.9922864427908,psi,,simulated
FI-PT,pressure,5249.094275433,1780039937.9947417,1.6678514084638842,,291.9628521159711,psi,,simulated
thrust,thrust,5249.094326821,1780039937.994793,2.499786913369526,2.500213086630474,42.61732609478486,N,,simulated
CC-PT,pressure,5249.10434659,1780039938.0048127,1.221177127501622,,180.29428187540552,psi,,simulated
FI-PT,pressure,5249.104409849,1780039938.0048761,1.6702886426792913,,292.57216066982284,psi,,simulated
thrust,thrust,5249.104457866,1780039938.004924,2.4997672438344054,2.5002327561655946,46.551233118918844,N,,simulated
CC-PT,pressure,5249.114476192,1780039938.0149424,1.2292005096912992,,182.3001274228248,psi,,simulated
FI-PT,pressure,5249.11454282,1780039938.015009,1.6720779743287535,,293.0194935821884,psi,,simulated
thrust,thrust,5249.114595227,1780039938.0150616,2.499730884996758,2.500269115003242,53.82300064837864,N,,simulated
CC-PT,pressure,5249.124609478,1780039938.0250757,1.2313319720425573,,182.8329930106393,psi,,simulated
FI-PT,pressure,5249.124671922,1780039938.0251381,1.675417026927117,,293.85425673177923,psi,,simulated
thrust,thrust,5249.124720125,1780039938.0251863,2.499693930112592,2.500306069887408,61.21397748160007,N,,simulated
FM-FM,flow,5249.125822054,1780039938.0262883,1.6307385719702925,,7.7881741122214905,gallons_per_minute,,simulated
CC-PT,pressure,5249.13474145,1780039938.0352077,1.2328697720610824,,183.2174430152706,psi,,simulated
FI-PT,pressure,5249.134812041,1780039938.0352783,1.6766770692678774,,294.16926731696935,psi,,simulated
thrust,thrust,5249.134865393,1780039938.0353315,2.499665915926208,2.500334084073792,66.81681475839696,N,,simulated
CC-PT,pressure,5249.144877218,1780039938.0453434,1.2278760943265075,,181.96902358162686,psi,,simulated
FI-PT,pressure,5249.144940884,1780039938.045407,1.6800554609364822,,295.01386523412054,psi,,simulated
thrust,thrust,5249.144988531,1780039938.0454545,2.499659359414501,2.500340640585499,68.12811709977495,N,,simulated
CC-PT,pressure,5249.15503843,1780039938.055505,1.2359262986095307,,183.98157465238268,psi,,simulated
FI-PT,pressure,5249.155146688,1780039938.055613,1.6872199400925565,,296.8049850231391,psi,,simulated
thrust,thrust,5249.155207131,1780039938.0556734,2.4996110796464777,2.5003889203535223,77.78407070446747,N,,simulated
CC-PT,pressure,5249.16520492,1780039938.0656712,1.2213052775031659,,180.32631937579146,psi,,simulated
FI-PT,pressure,5249.165271622,1780039938.0657377,1.6827090600382162,,295.67726500955405,psi,,simulated
thrust,thrust,5249.165322511,1780039938.0657887,2.4995872377857253,2.5004127622142747,82.5524428549329,N,,simulated
FM-FM,flow,5249.165971872,1780039938.0664384,1.666761835427503,,8.12589220713284,gallons_per_minute,,simulated
tank_temp,temperature,5249.170634549,1780039938.071101,,,21.311929691950397,°C,,simulated
CC-PT,pressure,5249.17533828,1780039938.0758047,1.2291939531795923,,182.29848829489808,psi,,simulated
FI-PT,pressure,5249.175407872,1780039938.075874,1.6802855348927421,,295.07138372318553,psi,,simulated
thrust,thrust,5249.175462408,1780039938.0759287,2.499550878948078,2.500449121051922,89.8242103843927,N,,simulated
CC-PT,pressure,5249.185475844,1780039938.085942,1.220581080982814,,180.14527024570347,psi,,simulated
FI-PT,pressure,5249.185540103,1780039938.0860062,1.6788490627824144,,294.7122656956036,psi,,simulated
thrust,thrust,5249.185587991,1780039938.086054,2.499525844994288,2.500474155005712,94.83100114238141,N,,simulated
CC-PT,pressure,5249.195605816,1780039938.096072,1.2335635702089751,,183.39089255224377,psi,,simulated
FI-PT,pressure,5249.195673889,1780039938.0961401,1.6822483160791775,,295.56207901979434,psi,,simulated
thrust,thrust,5249.19572624,1780039938.0961926,2.4994972347613853,2.5005027652386147,100.55304772293994,N,,simulated
CC-PT,pressure,5249.205740843,1780039938.1062071,1.219915893067824,,179.978973266956,psi,,simulated
FI-PT,pressure,5249.205802602,1780039938.1062686,1.6850396019267562,,296.25990048168904,psi,,simulated
thrust,thrust,5249.20584962,1780039938.1063159,2.499473392900633,2.500526607099367,105.32141987340538,N,,simulated
FM-FM,flow,5249.206939364,1780039938.1074057,1.6242810039855247,,7.727634412364292,gallons_per_minute,,simulated
CC-PT,pressure,5249.215883889,1780039938.1163504,1.2350721639480786,,183.76804098701965,psi,,simulated
FI-PT,pressure,5249.215969629,1780039938.116436,1.676032146934527,,294.00803673363174,psi,,simulated
thrust,thrust,5249.216063498,1780039938.1165297,2.499448358946843,2.500551641053157,110.32821063139409,N,,simulated
CC-PT,pressure,5249.226038712,1780039938.126505,1.2336368839307885,,183.40922098269712,psi,,simulated
FI-PT,pressure,5249.226109082,1780039938.1265755,1.6911383499072017,,297.7845874768004,psi,,simulated
thrust,thrust,5249.226158581,1780039938.1266248,2.49942988150476,2.50057011849524,114.0236990480048,N,,simulated
CC-PT,pressure,5249.236188665,1780039938.1366549,1.228651550847477,,182.16288771186922,psi,,simulated
FI-PT,pressure,5249.236262572,1780039938.1367288,1.6807915783872103,,295.19789459680254,psi,,simulated
thrust,thrust,5249.236315719,1780039938.136782,2.499395310806669,2.500604689193331,120.93783866617969,N,,simulated
CC-PT,pressure,5249.246329878,1780039938.146796,1.2332107106698407,,183.30267766746016,psi,,simulated
FI-PT,pressure,5249.246393247,1780039938.1468594,1.6862233503131092,,296.5558375782773,psi,,simulated
thrust,thrust,5249.246440709,1780039938.1469069,2.4993696808063603,2.5006303191936397,126.06383872793003,N,,simulated
FM-FM,flow,5249.247087756,1780039938.1475542,1.6317160882611381,,7.79733832744817,gallons_per_minute,,simulated
CC-PT,pressure,5249.25649446,1780039938.1569612,1.227082160363455,,181.77054009086373,psi,,simulated
FI-PT,pressure,5249.25660344,1780039938.15707,1.6666378577515908,,291.6594644378977,psi,,simulated
thrust,thrust,5249.256666198,1780039938.1571324,2.4993380903408635,2.5006619096591365,132.38193182729674,N,,simulated
CC-PT,pressure,5249.26666219,1780039938.1671286,1.233057526714507,,183.26438167862673,psi,,simulated
FI-PT,pressure,5249.266729264,1780039938.1671953,1.6826929667822084,,295.67324169555206,psi,,simulated
thrust,thrust,5249.266779041,1780039938.1672454,2.4993279575500438,2.5006720424499562,134.40848999124455,N,,simulated
tank_temp,temperature,5249.270798208,1780039938.1712644,,,21.31903890133833,°C,,simulated
CC-PT,pressure,5249.276796458,1780039938.1772628,1.236876396760511,,184.21909919012774,psi,,simulated
FI-PT,pressure,5249.276866439,1780039938.1773326,1.6794236516265455,,294.8559129066364,psi,,simulated
thrust,thrust,5249.276920049,1780039938.1773863,2.4993035196427726,2.5006964803572274,139.29607144547163,N,,simulated
CC-PT,pressure,5249.286933078,1780039938.1873994,1.2375171467682298,,184.37928669205743,psi,,simulated
FI-PT,pressure,5249.286994429,1780039938.1874607,1.6901715624536948,,297.5428906134237,psi,,simulated
thrust,thrust,5249.287041929,1780039938.187508,2.4992737173168322,2.5007262826831678,145.25653663355342,N,,simulated
FM-FM,flow,5249.288171265,1780039938.1886377,1.6057952172512073,,7.554330161730068,gallons_per_minute,,simulated
CC-PT,pressure,5249.297063365,1780039938.1975296,1.247482448516184,,186.87061212904598,psi,,simulated
FI-PT,pressure,5249.297132401,1780039938.1975987,1.6883077249893814,,297.0769312473453,psi,,simulated
thrust,thrust,5249.2971879,1780039938.197654,2.4992379545257037,2.5007620454742963,152.40909485925158,N,,simulated
CC-PT,pressure,5249.307200262,1780039938.2076664,1.2377507970036026,,184.43769925090064,psi,,simulated
FI-PT,pressure,5249.30726178,1780039938.207728,1.6843714337791722,,296.092858444793,psi,,simulated
thrust,thrust,5249.307309372,1780039938.2077756,2.4992331861535533,2.5007668138464467,153.36276928934467,N,,simulated
CC-PT,pressure,5249.31732953,1780039938.2177958,1.2509043515806617,,187.72608789516542,psi,,simulated
FI-PT,pressure,5249.317395863,1780039938.2178621,1.6864534242693692,,296.6133560673423,psi,,simulated
thrust,thrust,5249.317446899,1780039938.2179132,2.499193847083312,2.500806152916688,161.23058333761264,N,,simulated
CC-PT,pressure,5249.327463743,1780039938.22793,1.2457306677974067,,186.43266694935167,psi,,simulated
FI-PT,pressure,5249.327525983,1780039938.2279923,1.6810586072276363,,295.26465180690906,psi,,simulated
thrust,thrust,5249.327572778,1780039938.228039,2.499209344292801,2.500790655707199,158.1311414398101,N,,simulated
FM-FM,flow,5249.328323379,1780039938.2287896,1.6105921996345756,,7.599301871574145,gallons_per_minute,,simulated
CC-PT,pressure,5249.337593437,1780039938.2380598,1.2487347422522,,187.18368556304998,psi,,simulated
FI-PT,pressure,5249.337659288,1780039938.2381256,1.677722534861867,,294.43063371546674,psi,,simulated
thrust,thrust,5249.33770962,1780039938.2381756,2.4991765617342665,2.5008234382657335,164.6876531467001,N,,simulated
CC-PT,pressure,5249.347725483,1780039938.2481918,1.2385113523616018,,184.62783809040045,psi,,simulated
FI-PT,pressure,5249.347788482,1780039938.2482548,1.6902347433846885,,297.5586858461721,psi,,simulated
thrust,thrust,5249.347834944,1780039938.248301,2.4991711973155972,2.5008288026844028,165.7605368805548,N,,simulated
CC-PT,pressure,5249.357884435,1780039938.2583513,1.2356044334893743,,183.90110837234357,psi,,simulated
FI-PT,pressure,5249.357991638,1780039938.258458,1.6764058681018197,,294.1014670254549,psi,,simulated
thrust,thrust,5249.358052526,1780039938.2585187,2.4991396068501004,2.5008603931498996,172.07862997992152,N,,simulated
CC-PT,pressure,5249.36805437,1780039938.2685206,1.2423540642683581,,185.58851606708953,psi,,simulated
FI-PT,pressure,5249.368120091,1780039938.2685862,1.6806956148976822,,295.17390372442054,psi,,simulated
thrust,thrust,5249.368168868,1780039938.2686348,2.499134242431431,2.500865757568569,173.15151371377624,N,,simulated
FM-FM,flow,5249.369237335,1780039938.2697039,1.5848435860685808,,7.357908619392944,gallons_per_minute,,simulated
tank_temp,temperature,5249.370969885,1780039938.271436,,,21.11512596864937,°C,,simulated
CC-PT,pressure,5249.378190378,1780039938.2786565,1.2368591114114655,,184.21477785286638,psi,,simulated
FI-PT,pressure,5249.378265359,1780039938.2787316,1.677088341365855,,294.27208534146376,psi,,simulated
thrust,thrust,5249.378320747,1780039938.278787,2.4991270898732054,2.5008729101267946,174.58202535891587,N,,simulated
CC-PT,pressure,5249.388337479,1780039938.2888038,1.2451554829067568,,186.2888707266892,psi,,simulated
FI-PT,pressure,5249.388400571,1780039938.2888668,1.678635678128681,,294.6589195321703,psi,,simulated
thrust,thrust,5249.388448182,1780039938.2889144,2.4991044401054907,2.5008955598945093,179.11197890185804,N,,simulated
CC-PT,pressure,5249.398467766,1780039938.298934,1.2352992576717445,,183.82481441793612,psi,,simulated
FI-PT,pressure,5249.398536006,1780039938.2990022,1.6820814230539112,,295.52035576347777,psi,,simulated
thrust,thrust,5249.398588375,1780039938.2990546,2.4990734456865127,2.5009265543134873,185.3108626974631,N,,simulated
CC-PT,pressure,5249.408606478,1780039938.3090727,1.2495543062155612,,187.3885765538903,psi,,simulated
FI-PT,pressure,5249.408668848,1780039938.3091352,1.6897930729142516,,297.4482682285629,psi,,simulated
thrust,thrust,5249.408716458,1780039938.3091826,2.4990561603374672,2.5009438396625328,188.76793250655055,N,,simulated
FM-FM,flow,5249.409389356,1780039938.3098557,1.5750523299041188,,7.266115592851113,gallons_per_minute,,simulated
CC-PT,pressure,5249.418737117,1780039938.3192034,1.2471695240938097,,186.7923810234524,psi,,simulated
FI-PT,pressure,5249.418803986,1780039938.3192701,1.6791959618563608,,294.7989904640902,psi,,simulated
thrust,thrust,5249.418854911,1780039938.3193212,2.499054372197911,2.500945627802089,189.12556041783546,N,,simulated
CC-PT,pressure,5249.428871718,1780039938.329338,1.2429656079966553,,185.74140199916383,psi,,simulated
FI-PT,pressure,5249.428932847,1780039938.329399,1.6896488296567,,297.412207414175,psi,,simulated
thrust,thrust,5249.428978939,1780039938.3294451,2.499050795918798,2.500949204081202,189.84081624040527,N,,simulated
CC-PT,pressure,5249.43900069,1780039938.339467,1.2460984284995114,,186.52460712487783,psi,,simulated
FI-PT,pressure,5249.439066078,1780039938.3395324,1.6743429511002246,,293.58573777505615,psi,,simulated
thrust,thrust,5249.439117651,1780039938.3395836,2.4990281461510833,2.5009718538489167,194.37076978334744,N,,simulated
CC-PT,pressure,5249.449133328,1780039938.3495996,1.2507779897186744,,187.6944974296686,psi,,simulated
FI-PT,pressure,5249.449195864,1780039938.3496623,1.6807355500144423,,295.18388750361055,psi,,simulated
thrust,thrust,5249.44924353,1780039938.3497095,2.4990120528950754,2.5009879471049246,197.5894209849116,N,,simulated
FM-FM,flow,5249.450323071,1780039938.3507893,1.5710164989252684,,7.22827967742439,gallons_per_minute,,simulated
CC-PT,pressure,5249.459293207,1780039938.35976,1.2587292502795755,,189.68231256989387,psi,,simulated
FI-PT,pressure,5249.459398465,1780039938.359865,1.6807665444334203,,295.19163610835506,psi,,simulated
thrust,thrust,5249.459458853,1780039938.359925,2.4990174173137447,2.5009825826862553,196.5165372510569,N,,simulated
CC-PT,pressure,5249.469458845,1780039938.369925,1.2515135111228837,,187.8783777807209,psi,,simulated
FI-PT,pressure,5249.469524233,1780039938.3699903,1.6901936161748907,,297.54840404372266,psi,,simulated
thrust,thrust,5249.469573269,1780039938.3700392,2.4990150331276695,2.5009849668723305,196.99337446610343,N,,simulated
tank_temp,temperature,5249.471134248,1780039938.3716006,,,21.223324667627182,°C,,simulated
CC-PT,pressure,5249.479593335,1780039938.3800597,1.246755271763238,,186.68881794080949,psi,,simulated
FI-PT,pressure,5249.479661908,1780039938.380128,1.6943707101786984,,298.5926775446746,psi,,simulated
thrust,thrust,5249.479715463,1780039938.3801818,2.4989929794064736,2.5010070205935264,201.40411870528396,N,,simulated
CC-PT,pressure,5249.489729899,1780039938.3901963,1.2496156990069984,,187.4039247517496,psi,,simulated
FI-PT,pressure,5249.489792139,1780039938.390258,1.6728176680585944,,293.2044170146486,psi,,simulated
thrust,thrust,5249.489839601,1780039938.3903058,2.4990049003368497,2.5009950996631503,199.01993263005124,N,,simulated
FM-FM,flow,5249.490470574,1780039938.390937,1.5845682125768914,,7.355326992908356,gallons_per_minute,,simulated
CC-PT,pressure,5249.49986063,1780039938.4003267,1.2443746619671179,,186.09366549177946,psi,,simulated
FI-PT,pressure,5249.499927166,1780039938.4003935,1.6873576268384012,,296.83940670960027,psi,,simulated
thrust,thrust,5249.499979758,1780039938.400446,2.499010264755519,2.500989735244481,197.94704889619652,N,,simulated
CC-PT,pressure,5249.509996417,1780039938.4104626,1.2535513941706888,,188.3878485426722,psi,,simulated
FI-PT,pressure,5249.510058638,1780039938.4105248,1.69687052927858,,299.21763231964496,psi,,simulated
thrust,thrust,5249.510104786,1780039938.410571,2.4989894031273607,2.5010105968726393,202.11937452785378,N,,simulated
CC-PT,pressure,5249.520129092,1780039938.4205954,1.2539632623151853,,188.49081557879632,psi,,simulated
FI-PT,pressure,5249.520195721,1780039938.420662,1.6875543221896079,,296.88858054740194,psi,,simulated
thrust,thrust,5249.520249035,1780039938.4207153,2.4990001319646993,2.5009998680353007,199.97360706014433,N,,simulated
CC-PT,pressure,5249.530263119,1780039938.4307292,1.2430079272994907,,185.75198182487267,psi,,simulated
FI-PT,pressure,5249.530326044,1780039938.430792,1.6975112792862987,,299.3778198215747,psi,,simulated
thrust,thrust,5249.530373192,1780039938.4308393,2.498997747778624,2.501002252221376,200.45044427519088,N,,simulated
FM-FM,flow,5249.531467788,1780039938.4319339,1.621092155109901,,7.697738954155319,gallons_per_minute,,simulated
CC-PT,pressure,5249.540396147,1780039938.4408624,1.2594290088926563,,189.85725222316407,psi,,simulated
FI-PT,pressure,5249.540468997,1780039938.4409351,1.6948201292538798,,298.7050323134699,psi,,simulated
thrust,thrust,5249.540522719,1780039938.440989,2.499001324057737,2.500998675942263,199.73518845262106,N,,simulated
CC-PT,pressure,5249.551766064,1780039938.4522324,1.2610770775171611,,190.26926937929028,psi,,simulated
FI-PT,pressure,5249.551845285,1780039938.4523115,1.6898747312873283,,297.4686828218321,psi,,simulated
thrust,thrust,5249.551898285,1780039938.4523644,2.499003708243812,2.500996291756188,199.25835123757452,N,,simulated
CC-PT,pressure,5249.561925276,1780039938.462392,1.2546344106953633,,188.65860267384082,psi,,simulated
FI-PT,pressure,5249.562022738,1780039938.462489,1.6799881076798568,,294.9970269199642,psi,,simulated
thrust,thrust,5249.56208083,1780039938.4625468,2.498994171499511,2.501005828500489,201.1657000977607,N,,simulated
tank_temp,temperature,5249.571305055,1780039938.4717712,,,21.163503271557705,°C,,simulated
FM-FM,flow,5249.571618495,1780039938.4720848,1.5903826463678652,,7.4098373096987356,gallons_per_minute,,simulated
CC-PT,pressure,5249.572084692,1780039938.4725509,1.2564148016470433,,189.10370041176083,psi,,simulated
FI-PT,pressure,5249.57214908,1780039938.4726155,1.6846915107597722,,296.17287768994305,psi,,simulated
thrust,thrust,5249.572198117,1780039938.4726644,2.4990120528950754,2.5009879471049246,197.5894209849116,N,,simulated
CC-PT,pressure,5249.582216349,1780039938.4826827,1.2626637533502285,,190.66593833755712,psi,,simulated
FI-PT,pressure,5249.582283885,1780039938.4827502,1.6981609699917997,,299.5402424979499,psi,,simulated
thrust,thrust,5249.58233631,1780039938.4828024,2.499031722430196,2.500968277569804,193.65551396077763,N,,simulated
CC-PT,pressure,5249.592351728,1780039938.4928179,1.2653203326845566,,191.33008317113914,psi,,simulated
FI-PT,pressure,5249.592414561,1780039938.4928806,1.6838212828423123,,295.95532071057806,psi,,simulated
thrust,thrust,5249.592461282,1780039938.4929276,2.4990209935928576,2.5009790064071424,195.80128142848707,N,,simulated
CC-PT,pressure,5249.602480367,1780039938.5029466,1.2487055359727783,,187.17638399319458,psi,,simulated
FI-PT,pressure,5249.602548606,1780039938.5030148,1.6828968146916408,,295.72420367291016,psi,,simulated
thrust,thrust,5249.602600309,1780039938.5030665,2.499010264755519,2.500989735244481,197.94704889619652,N,,simulated
FM-FM,flow,5249.611773165,1780039938.5122395,1.613882972464916,,7.630152866858586,gallons_per_minute,,simulated
CC-PT,pressure,5249.612725411,1780039938.5131917,1.2714172925254454,,192.85432313136135,psi,,simulated
FI-PT,pressure,5249.612779855,1780039938.513246,1.6869189366005584,,296.72973415013956,psi,,simulated
thrust,thrust,5249.612827021,1780039938.513293,2.499028742197602,2.500971257802398,194.2515604795858,N,,simulated
CC-PT,pressure,5249.622857808,1780039938.5233243,1.2516827883342252,,187.9206970835563,psi,,simulated
FI-PT,pressure,5249.622927678,1780039938.5233939,1.6974659797508693,,299.36649493771733,psi,,simulated
thrust,thrust,5249.622979455,1780039938.5234456,2.4990591405700613,2.5009408594299387,188.17188598774237,N,,simulated
CC-PT,pressure,5249.632993817,1780039938.53346,1.2616343810122468,,190.4085952530617,psi,,simulated
FI-PT,pressure,5249.633056298,1780039938.5335224,1.6907598603677585,,297.6899650919396,psi,,simulated
thrust,thrust,5249.633104871,1780039938.533571,2.4990484117327227,2.5009515882672773,190.31765345545182,N,,simulated
CC-PT,pressure,5249.643122826,1780039938.543589,1.2672109922422161,,191.80274806055402,psi,,simulated
FI-PT,pressure,5249.643190362,1780039938.5436563,1.681242785601948,,295.310696400487,psi,,simulated
thrust,thrust,5249.643243454,1780039938.5437098,2.4990621208026553,2.5009378791973447,187.5758394689342,N,,simulated
FM-FM,flow,5249.651992593,1780039938.5524592,1.6018261434824637,,7.517120095148096,gallons_per_minute,,simulated
CC-PT,pressure,5249.653349259,1780039938.5538158,1.2686480603990626,,192.16201509976565,psi,,simulated
FI-PT,pressure,5249.653433629,1780039938.5538998,1.686861120088234,,296.7152800220585,psi,,simulated
thrust,thrust,5249.653484591,1780039938.5539508,2.49905973661658,2.50094026338342,188.05267668398074,N,,simulated
CC-PT,pressure,5249.663498934,1780039938.563965,1.263324172893068,,190.831043223267,psi,,simulated
FI-PT,pressure,5249.663573841,1780039938.56404,1.6949268215807465,,298.7317053951866,psi,,simulated
thrust,thrust,5249.66362784,1780039938.564094,2.4990698694074,2.5009301305926,186.02611852003292,N,,simulated
tank_temp,temperature,5249.671468269,1780039938.5719345,,,21.22505862113644,°C,,simulated
CC-PT,pressure,5249.673639591,1780039938.5741057,1.2540675704559767,,188.51689261399417,psi,,simulated
FI-PT,pressure,5249.67370085,1780039938.574167,1.6980149385946917,,299.5037346486729,psi,,simulated
thrust,thrust,5249.673747905,1780039938.5742142,2.499097287547265,2.500902712452735,180.54249054699767,N,,simulated
CC-PT,pressure,5249.683769619,1780039938.5842357,1.268171819230535,,192.04295480763372,psi,,simulated
FI-PT,pressure,5249.683836155,1780039938.5843024,1.7005207181597612,,300.1301795399403,psi,,simulated
thrust,thrust,5249.683888061,1780039938.5843544,2.499116361035867,2.500883638964133,176.72779282662532,N,,simulated
FM-FM,flow,5249.692206354,1780039938.5926728,1.5856565935202351,,7.365530564252204,gallons_per_minute,,simulated
CC-PT,pressure,5249.69390485,1780039938.594371,1.2729533044044141,,193.23832610110352,psi,,simulated
FI-PT,pressure,5249.693966182,1780039938.5944326,1.6946925752988549,,298.6731438247137,psi,,simulated
thrust,thrust,5249.694013015,1780039938.5944793,2.499121725454536,2.500878274545464,175.6549090927706,N,,simulated
CC-PT,pressure,5249.704058988,1780039938.604525,1.2617774321767607,,190.44435804419018,psi,,simulated
FI-PT,pressure,5249.704126339,1780039938.6045923,1.6946687334381025,,298.6671833595256,psi,,simulated
thrust,thrust,5249.704178338,1780039938.6046445,2.4991479515013637,2.5008520484986363,170.4096997272586,N,,simulated
CC-PT,pressure,5249.714205181,1780039938.6146717,1.2701620185568354,,192.54050463920885,psi,,simulated
FI-PT,pressure,5249.714277162,1780039938.6147432,1.6863199098491561,,296.57997746228904,psi,,simulated
thrust,thrust,5249.714325569,1780039938.6147919,2.4991574882456646,2.5008425117543354,168.50235086707244,N,,simulated
CC-PT,pressure,5249.724349542,1780039938.624816,1.2650682050071007,,191.26705125177517,psi,,simulated
FI-PT,pressure,5249.724424448,1780039938.6248906,1.6889949666255673,,297.2487416563918,psi,,simulated
thrust,thrust,5249.724478133,1780039938.6249444,2.4991586803387023,2.5008413196612977,168.26393225954916,N,,simulated
FM-FM,flow,5249.732363154,1780039938.6328294,1.5686972819205858,,7.20653701800549,gallons_per_minute,,simulated
CC-PT,pressure,5249.734488902,1780039938.6349552,1.2717546548550909,,192.9386637137727,psi,,simulated
FI-PT,pressure,5249.734550272,1780039938.6350164,1.684446535640542,,296.1116339101355,psi,,simulated
thrust,thrust,5249.734598456,1780039938.6350646,2.4991950391763496,2.5008049608236504,160.99216473008937,N,,simulated
CC-PT,pressure,5249.744621559,1780039938.6450877,1.276716742124169,,194.17918553104224,psi,,simulated
FI-PT,pressure,5249.74469091,1780039938.645157,1.692016922475925,,298.00423061898124,psi,,simulated
thrust,thrust,5249.744743798,1780039938.64521,2.4992230533627335,2.5007769466372665,155.38932745329248,N,,simulated
CC-PT,pressure,5249.754787771,1780039938.6552548,1.2605239463477071,,190.13098658692678,psi,,simulated
FI-PT,pressure,5249.754884529,1780039938.6553507,1.695555650658089,,298.88891266452225,psi,,simulated
thrust,thrust,5249.754940139,1780039938.6554062,2.4992600082468996,2.5007399917531004,147.99835062007105,N,,simulated
CC-PT,pressure,5249.764948613,1780039938.6654148,1.2688733659831721,,192.21834149579303,psi,,simulated
FI-PT,pressure,5249.765027038,1780039938.6654932,1.6936560504026474,,298.41401260066186,psi,,simulated
thrust,thrust,5249.765084852,1780039938.6655512,2.4992445110374106,2.5007554889625894,151.0977925178736,N,,simulated
tank_temp,temperature,5249.771639354,1780039938.6721058,,,21.3160911803726,°C,,simulated
FM-FM,flow,5249.772520268,1780039938.6729865,1.6228183058283694,,7.7139216171409615,gallons_per_minute,,simulated
CC-PT,pressure,5249.775092344,1780039938.6755586,1.2817724086967002,,195.44310217417504,psi,,simulated
FI-PT,pressure,5249.775156565,1780039938.6756227,1.6879912242878943,,296.99780607197357,psi,,simulated
thrust,thrust,5249.775206083,1780039938.6756723,2.499283850107652,2.500716149892348,143.2299784696056,N,,simulated
CC-PT,pressure,5249.785224964,1780039938.685691,1.2700159871597274,,192.50399678993185,psi,,simulated
FI-PT,pressure,5249.785293444,1780039938.6857595,1.697302066958197,,299.32551673954924,psi,,simulated
thrust,thrust,5249.78534648,1780039938.6858127,2.4993064998753667,2.5006935001246333,138.70002492666345,N,,simulated
CC-PT,pressure,5249.795361361,1780039938.6958277,1.282139573352286,,195.5348933380715,psi,,simulated
FI-PT,pressure,5249.795422731,1780039938.695889,1.6996308207071806,,299.90770517679516,psi,,simulated
thrust,thrust,5249.795469693,1780039938.6959357,2.499330937782638,2.500669062217362,133.81244347243637,N,,simulated
CC-PT,pressure,5249.805489722,1780039938.7059557,1.275364908619512,,193.841227154878,psi,,simulated
FI-PT,pressure,5249.805556962,1780039938.7060232,1.7017968537565296,,300.4492134391324,psi,,simulated
thrust,thrust,5249.805608331,1780039938.7060747,2.499351799410796,2.500648200589204,129.6401178407791,N,,simulated
FM-FM,flow,5249.812674734,1780039938.713141,1.5981807229734328,,7.482944277875932,gallons_per_minute,,simulated
CC-PT,pressure,5249.815624564,1780039938.716091,1.2720514860214573,,193.01287150536433,psi,,simulated
FI-PT,pressure,5249.815685193,1780039938.7161512,1.6817100860726937,,295.4275215181734,psi,,simulated
thrust,thrust,5249.815731914,1780039938.7161982,2.499389946388,2.500610053612,122.01072240003441,N,,simulated
CC-PT,pressure,5249.825755036,1780039938.7262213,1.275097879779086,,193.77446994477148,psi,,simulated
FI-PT,pressure,5249.825823127,1780039938.7262895,1.6804053402430226,,295.1013350607556,psi,,simulated
thrust,thrust,5249.825873941,1780039938.72634,2.4994120001091957,2.5005879998908043,117.59997816085388,N,,simulated
CC-PT,pressure,5249.835889933,1780039938.736356,1.2717093553196614,,192.92733882991536,psi,,simulated
FI-PT,pressure,5249.83595134,1780039938.7364175,1.6886170731326429,,297.1542682831607,psi,,simulated
thrust,thrust,5249.835997858,1780039938.736464,2.4994191526674214,2.5005808473325786,116.16946651571425,N,,simulated
CC-PT,pressure,5249.846022497,1780039938.7464888,1.2838287691865884,,195.9571922966471,psi,,simulated
FI-PT,pressure,5249.846092626,1780039938.7465587,1.6986139653460939,,299.6534913365235,psi,,simulated
thrust,thrust,5249.846144718,1780039938.7466109,2.4994441866212114,2.5005558133787886,111.16267575772554,N,,simulated
FM-FM,flow,5249.852852385,1780039938.7533193,1.597754549712485,,7.478948903554546,gallons_per_minute,,simulated
CC-PT,pressure,5249.856173006,1780039938.7566395,1.2794430589011978,,194.86076472529945,psi,,simulated
FI-PT,pressure,5249.85624632,1780039938.7567124,1.7018189074777255,,300.45472686943134,psi,,simulated
thrust,thrust,5249.856299523,1780039938.7567656,2.499479353365821,2.500520646634179,104.12932683578902,N,,simulated
CC-PT,pressure,5249.866311755,1780039938.7667782,1.285184775016877,,196.29619375421925,psi,,simulated
FI-PT,pressure,5249.866385958,1780039938.7668521,1.7002709746683806,,300.06774366709516,psi,,simulated
thrust,thrust,5249.866440846,1780039938.7669072,2.499492466389235,2.500507533610765,101.50672215303302,N,,simulated
tank_temp,temperature,5249.871803735,1780039938.77227,,,21.21292094657162,°C,,simulated
CC-PT,pressure,5249.87645569,1780039938.7769217,1.2917240013747215,,197.93100034368038,psi,,simulated
FI-PT,pressure,5249.876519022,1780039938.7769854,1.6963805790401196,,299.0951447600299,psi,,simulated
thrust,thrust,5249.876566225,1780039938.7770324,2.499535977785108,2.500464022214892,92.8044429784336,N,,simulated
CC-PT,pressure,5249.886585476,1780039938.7870517,1.2747974723336066,,193.69936808340165,psi,,simulated
FI-PT,pressure,5249.886653827,1780039938.78712,1.6979028818491557,,299.4757204622889,psi,,simulated
thrust,thrust,5249.886707623,1780039938.787174,2.4995711445297175,2.5004288554702825,85.77109405649708,N,,simulated
FM-FM,flow,5249.893021851,1780039938.793488,1.6218837048868782,,7.705159733314481,gallons_per_minute,,simulated
CC-PT,pressure,5249.89672317,1780039938.7971895,1.2860162599106144,,196.5040649776536,psi,,simulated
FI-PT,pressure,5249.896784614,1780039938.7972507,1.6951872939094657,,298.7968234773664,psi,,simulated
thrust,thrust,5249.896832521,1780039938.7972987,2.4995866417392065,2.5004133582607935,82.67165215869454,N,,simulated
CC-PT,pressure,5249.906851957,1780039938.8073182,1.2748815148927586,,193.72037872318964,psi,,simulated
FI-PT,pressure,5249.906921345,1780039938.8073876,1.6928645006256702,,298.21612515641755,psi,,simulated
thrust,thrust,5249.906973381,1780039938.8074396,2.499618828251222,2.500381171748778,76.2343497555662,N,,simulated
CC-PT,pressure,5249.916987484,1780039938.8174539,1.2872858389956758,,196.82145974891895,psi,,simulated
FI-PT,pressure,5249.917050224,1780039938.8175166,1.691255771071407,,297.8139427678517,psi,,simulated
thrust,thrust,5249.917100112,1780039938.8175664,2.499644458251531,2.500355541748469,71.10834969381585,N,,simulated
CC-PT,pressure,5249.927117474,1780039938.8275838,1.2909288753186314,,197.73221882965785,psi,,simulated
FI-PT,pressure,5249.927185122,1780039938.8276513,1.7164309878863082,,304.10774697157706,psi,,simulated
thrust,thrust,5249.927236806,1780039938.827703,2.4996826052287346,2.5003173947712654,63.47895425307115,N,,simulated
FM-FM,flow,5249.933173428,1780039938.8336396,1.5981157539028827,,7.482335192839525,gallons_per_minute,,simulated
CC-PT,pressure,5249.937252779,1780039938.837719,1.2836881022081497,,195.9220255520374,psi,,simulated
FI-PT,pressure,5249.937315945,1780039938.837782,1.6961862678749882,,299.046566968747,psi,,simulated
thrust,thrust,5249.937362889,1780039938.8378289,2.4997165798803067,2.5002834201196933,56.6840239386579,N,,simulated
CC-PT,pressure,5249.947419825,1780039938.8478868,1.2948729151335852,,198.71822878339628,psi,,simulated
FI-PT,pressure,5249.94753899,1780039938.848005,1.7012717367734596,,300.31793419336486,psi,,simulated
thrust,thrust,5249.947592452,1780039938.8480587,2.4997326731363145,2.5002673268636855,53.46537273709373,N,,simulated
CC-PT,pressure,5249.957619036,1780039938.8580859,1.2866957529420557,,196.67393823551393,psi,,simulated
FI-PT,pressure,5249.95771622,1780039938.8581824,1.7014582993338465,,300.36457483346163,psi,,simulated
thrust,thrust,5249.957769645,1780039938.8582358,2.4997827410438944,2.5002172589561056,43.45179122111631,N,,simulated
CC-PT,pressure,5249.967775822,1780039938.8682423,1.2902791846131305,,197.56979615328262,psi,,simulated
FI-PT,pressure,5249.967852544,1780039938.8683188,1.7038013581992815,,300.95033954982034,psi,,simulated
thrust,thrust,5249.967907135,1780039938.8683732,2.4997952580207894,2.5002047419792106,40.948395842121954,N,,simulated
tank_temp,temperature,5249.971972931,1780039938.8724394,,,21.22453843508365,°C,,simulated
FM-FM,flow,5249.973324542,1780039938.873791,1.5677447995835303,,7.197607496095595,gallons_per_minute,,simulated
CC-PT,pressure,5249.977919072,1780039938.8783853,1.3001437544994063,,200.03593862485158,psi,,simulated
FI-PT,pressure,5249.9779827,1780039938.878449,1.6984047530179922,,299.601188254498,psi,,simulated
thrust,thrust,5249.978029811,1780039938.878496,2.499836981277106,2.500163018722894,32.60374457880744,N,,simulated
CC-PT,pressure,5249.988053988,1780039938.8885202,1.2874247178345581,,196.85617945863953,psi,,simulated
FI-PT,pressure,5249.988122931,1780039938.8885891,1.70454224402216,,301.13556100554,psi,,simulated
thrust,thrust,5249.988175708,1780039938.8886418,2.499870359882159,2.500129640117841,25.928023568155822,N,,simulated
CC-PT,pressure,5249.998189737,1780039938.898656,1.2991799472784935,,199.79498681962338,psi,,simulated
FI-PT,pressure,5249.998251773,1780039938.8987179,1.711183394334721,,302.79584858368025,psi,,simulated
thrust,thrust,5249.998298162,1780039938.8987644,2.499889433370761,2.500110566629239,22.11332584778347,N,,simulated
CC-PT,pressure,5250.008321876,1780039938.9087882,1.3070203431868963,,201.75508579672407,psi,,simulated
FI-PT,pressure,5250.008389486,1780039938.9088554,1.695642673449835,,298.91066836245875,psi,,simulated
thrust,thrust,5250.008441355,1780039938.9089074,2.499927580347965,2.500072419652035,14.48393040703877,N,,simulated
FM-FM,flow,5250.013480286,1780039938.9139466,1.568476148662108,,7.204463893707261,gallons_per_minute,,simulated
CC-PT,pressure,5250.018456718,1780039938.918923,1.3019760014982227,,200.49400037455567,psi,,simulated
FI-PT,pressure,5250.018518254,1780039938.9189844,1.6962530250850947,,299.06325627127364,psi,,simulated
thrust,thrust,5250.018565346,1780039938.9190316,2.499952018255236,2.500047981744764,9.596348952811695,N,,simulated
CC-PT,pressure,5250.028590412,1780039938.9290564,1.3063885338769596,,201.5971334692399,psi,,simulated
FI-PT,pressure,5250.028658633,1780039938.9291248,1.6939981811044433,,298.49954527611084,psi,,simulated
thrust,thrust,5250.028712169,1780039938.9291785,2.500004470348891,2.499995529651109,0.8940697782122697,N,,simulated
CC-PT,pressure,5250.038725772,1780039938.9391923,1.2995721458878693,,199.89303647196732,psi,,simulated
FI-PT,pressure,5250.038789197,1780039938.9392552,1.6980989811538436,,299.5247452884609,psi,,simulated
thrust,thrust,5250.038836548,1780039938.9393027,2.5000247359305305,2.4999752640694695,4.9471861061078926,N,,simulated
CC-PT,pressure,5250.048859336,1780039938.9493256,1.3055612213088539,,201.39030532721347,psi,,simulated
FI-PT,pressure,5250.048927317,1780039938.9493937,1.693135701791728,,298.28392544793195,psi,,simulated
thrust,thrust,5250.048979761,1780039938.949446,2.5000438094191324,2.4999561905808676,8.761883826480243,N,,simulated
FM-FM,flow,5250.053686381,1780039938.9541535,1.569613405419994,,7.215125675812442,gallons_per_minute,,simulated
CC-PT,pressure,5250.05900016,1780039938.9594665,1.3046123152509113,,201.1530788127278,psi,,simulated
FI-PT,pressure,5250.059071603,1780039938.959538,1.7027165535350506,,300.6791383837626,psi,,simulated
thrust,thrust,5250.059121714,1780039938.9595878,2.500097453605825,2.499902546394175,19.49072116502748,N,,simulated
CC-PT,pressure,5250.069137854,1780039938.969604,1.3076265224965242,,201.90663062413105,psi,,simulated
FI-PT,pressure,5250.069207279,1780039938.9696734,1.7049940472834166,,301.24851182085416,psi,,simulated
thrust,thrust,5250.06926113,1780039938.9697273,2.5001177191874646,2.4998822808125354,23.543837492923103,N,,simulated
tank_temp,temperature,5250.072159683,1780039938.9726262,,,21.097266247503978,°C,,simulated
CC-PT,pressure,5250.079273362,1780039938.9797397,1.3077528843585116,,201.9382210896279,psi,,simulated
FI-PT,pressure,5250.079335695,1780039938.979802,1.7085059533722344,,302.1264883430586,psi,,simulated
thrust,thrust,5250.079382472,1780039938.9798486,2.5001713633741574,2.4998286366258426,34.27267483147034,N,,simulated
CC-PT,pressure,5250.08940239,1780039938.9898689,1.3060541517799082,,201.51353794497706,psi,,simulated
FI-PT,pressure,5250.089469407,1780039938.9899356,1.70921346059006,,302.30336514751497,psi,,simulated
thrust,thrust,5250.089520962,1780039938.9899871,2.5001832843045335,2.4998167156954665,36.65686090670306,N,,simulated
FM-FM,flow,5250.093864699,1780039938.994331,1.6033627514079511,,7.531525794449541,gallons_per_minute,,simulated
CC-PT,pressure,5250.099537121,1780039939.0000033,1.3067300685322367,,201.68251713305918,psi,,simulated
FI-PT,pressure,5250.099600027,1780039939.0000663,1.6995163797755695,,299.87909494389237,psi,,simulated
thrust,thrust,5250.099647675,1780039939.000114,2.500222027328256,2.499777972671744,44.4054656512094,N,,simulated
CC-PT,pressure,5250.109666055,1780039939.0101323,1.3179691216908838,,204.49228042272094,psi,,simulated
FI-PT,pressure,5250.109734258,1780039939.0102005,1.7031457070285925,,300.7864267571481,psi,,simulated
thrust,thrust,5250.109786646,1780039939.0102527,2.5002357363981886,2.4997642636018114,47.147279637727024,N,,simulated
CC-PT,pressure,5250.11980186,1780039939.0202682,1.2988819240190894,,199.72048100477235,psi,,simulated
FI-PT,pressure,5250.119864434,1780039939.0203304,1.697504126728073,,299.37603168201827,psi,,simulated
thrust,thrust,5250.119910692,1780039939.020377,2.50027507546843,2.49972492453157,55.015093685995,N,,simulated
CC-PT,pressure,5250.129931314,1780039939.0303974,1.3115044011478902,,202.87610028697256,psi,,simulated
FI-PT,pressure,5250.129997405,1780039939.0304635,1.7028977516767683,,300.72443791919204,psi,,simulated
thrust,thrust,5250.130048257,1780039939.0305145,2.500306069887408,2.499693930112592,61.21397748160007,N,,simulated
FM-FM,flow,5250.134013202,1780039939.0344794,1.5307338870446547,,6.850630191043638,gallons_per_minute,,simulated
CC-PT,pressure,5250.140067952,1780039939.0405343,1.3144435065321334,,203.61087663303334,psi,,simulated
FI-PT,pressure,5250.140130525,1780039939.0405967,1.7033298854029042,,300.83247135072605,psi,,simulated
thrust,thrust,5250.140178895,1780039939.0406451,2.500346601050687,2.499653398949313,69.32021013739131,N,,simulated
CC-PT,pressure,5250.151943252,1780039939.05241,1.3177658698279702,,204.44146745699254,psi,,simulated
FI-PT,pressure,5250.152084676,1780039939.052551,1.7060669310172714,,301.51673275431784,psi,,simulated
thrust,thrust,5250.152147378,1780039939.0526137,2.5003859401209283,2.4996140598790717,77.18802418565929,N,,simulated
CC-PT,pressure,5250.162114408,1780039939.0625813,1.3120229616192534,,203.00574040481334,psi,,simulated
FI-PT,pressure,5250.162192907,1780039939.062659,1.7029662970264312,,300.7415742566078,psi,,simulated
thrust,thrust,5250.162245073,1780039939.0627112,2.5004032254699737,2.4995967745300263,80.64509399474673,N,,simulated
CC-PT,pressure,5250.172256491,1780039939.0727227,1.3145436423472932,,203.6359105868233,psi,,simulated
FI-PT,pressure,5250.172328564,1780039939.0727947,1.6971947785848116,,299.2986946462029,psi,,simulated
thrust,thrust,5250.172383582,1780039939.0728498,2.50043004756332,2.49956995243668,86.00951266402035,N,,simulated
tank_temp,temperature,5250.172447321,1780039939.0729134,,,21.10298829408455,°C,,simulated
FM-FM,flow,5250.174166557,1780039939.074633,1.511016072155961,,6.6657756764621325,gallons_per_minute,,simulated
CC-PT,pressure,5250.182395148,1780039939.0828617,1.3144923823466756,,203.6230955866689,psi,,simulated
FI-PT,pressure,5250.182457887,1780039939.0829241,1.7098166596670938,,302.45416491677344,psi,,simulated
thrust,thrust,5250.182504813,1780039939.082971,2.5004509091914784,2.4995490908085216,90.18183829567761,N,,simulated
CC-PT,pressure,5250.192528897,1780039939.0929952,1.3173307558692402,,204.33268896731005,psi,,simulated
FI-PT,pressure,5250.192596581,1780039939.0930626,1.7032762412162115,,300.81906030405287,psi,,simulated
thrust,thrust,5250.192648803,1780039939.093115,2.5004813075639376,2.4995186924360624,96.26151278752104,N,,simulated
CC-PT,pressure,5250.202662758,1780039939.1031291,1.3171716114487184,,204.2929028621796,psi,,simulated
FI-PT,pressure,5250.202724016,1780039939.1031902,1.6960473890361059,,299.01184725902647,psi,,simulated
thrust,thrust,5250.202771997,1780039939.103238,2.500514090122472,2.499485909877528,102.81802449441102,N,,simulated
CC-PT,pressure,5250.21280147,1780039939.1132677,1.307478106913341,,201.86952672833525,psi,,simulated
FI-PT,pressure,5250.212880858,1780039939.113347,1.6943516366900966,,298.5879091725241,psi,,simulated
thrust,thrust,5250.21293482,1780039939.1134012,2.5005528331461946,2.4994471668538054,110.56662923891736,N,,simulated
FM-FM,flow,5250.214317968,1780039939.1147842,1.5372254296809948,,6.911488403259327,gallons_per_minute,,simulated
CC-PT,pressure,5250.222952423,1780039939.1234186,1.3106001985788582,,202.65004964471456,psi,,simulated
FI-PT,pressure,5250.223018755,1780039939.1234848,1.7089261661679942,,302.2315415419985,psi,,simulated
thrust,thrust,5250.22306781,1780039939.123534,2.500586211751248,2.499413788248752,117.24235024956897,N,,simulated
CC-PT,pressure,5250.233098524,1780039939.133565,1.3227374938413494,,205.68437346033735,psi,,simulated
FI-PT,pressure,5250.233179134,1780039939.1336453,1.694437467388805,,298.6093668472012,psi,,simulated
thrust,thrust,5250.233237263,1780039939.1337035,2.500592172216436,2.499407827783564,118.43444328718533,N,,simulated
CC-PT,pressure,5250.243245977,1780039939.1437123,1.316681661210258,,204.17041530256452,psi,,simulated
FI-PT,pressure,5250.243312161,1780039939.1437783,1.709383929894439,,302.34598247360975,psi,,simulated
thrust,thrust,5250.24336142,1780039939.1438277,2.500613629891113,2.499386370108887,122.72597822260423,N,,simulated
CC-PT,pressure,5250.253407189,1780039939.153874,1.3248016029359821,,206.20040073399554,psi,,simulated
FI-PT,pressure,5250.253513354,1780039939.1539795,1.7146529811207034,,303.66324528017583,psi,,simulated
thrust,thrust,5250.253609575,1780039939.1540759,2.500635683612309,2.499364316387691,127.13672246178476,N,,simulated
FM-FM,flow,5250.254745912,1780039939.1552124,1.5453519279184256,,6.98767432423524,gallons_per_minute,,simulated
CC-PT,pressure,5250.263570975,1780039939.1640375,1.317766465874489,,204.44161646862224,psi,,simulated
FI-PT,pressure,5250.263636474,1780039939.1641026,1.709048951750869,,302.2622379377172,psi,,simulated
thrust,thrust,5250.26368677,1780039939.164153,2.5006768108221067,2.4993231891778933,135.36216442133764,N,,simulated
tank_temp,temperature,5250.272610203,1780039939.1730764,,,21.136973782866015,°C,,simulated
CC-PT,pressure,5250.273706317,1780039939.1741726,1.3184304616964415,,204.60761542411038,psi,,simulated
FI-PT,pressure,5250.273776002,1780039939.1742423,1.7109694136344689,,302.7423534086172,psi,,simulated
thrust,thrust,5250.273829816,1780039939.1742961,2.5007060171015283,2.4992939828984717,141.2034203056578,N,,simulated
CC-PT,pressure,5250.283844215,1780039939.1843104,1.3251079708466496,,206.2769927116624,psi,,simulated
FI-PT,pressure,5250.28390727,1780039939.1843736,1.7097659957129951,,302.4414989282488,psi,,simulated
thrust,thrust,5250.283955139,1780039939.1844213,2.5007215143110173,2.4992784856889827,144.30286220346034,N,,simulated
CC-PT,pressure,5250.293977279,1780039939.1944435,1.321219363357945,,205.30484083948625,psi,,simulated
FI-PT,pressure,5250.294045963,1780039939.1945121,1.7030419949343198,,300.76049873357994,psi,,simulated
thrust,thrust,5250.294099055,1780039939.1945653,2.500753104776514,2.499246895223486,150.62095530282704,N,,simulated
FM-FM,flow,5250.294899155,1780039939.1953654,1.5302737391321348,,6.846316304363763,gallons_per_minute,,simulated
CC-PT,pressure,5250.304116103,1780039939.2045825,1.3332988421081116,,208.3247105270279,psi,,simulated
FI-PT,pressure,5250.304176769,1780039939.204643,1.7081823001125216,,302.0455750281304,psi,,simulated
thrust,thrust,5250.304223749,1780039939.20469,2.5007584691951834,2.4992415308048166,151.69383903668177,N,,simulated
CC-PT,pressure,5250.314243445,1780039939.2147098,1.3298459446246558,,207.46148615616394,psi,,simulated
FI-PT,pressure,5250.31430924,1780039939.2147753,1.6959609622908787,,298.99024057271964,psi,,simulated
thrust,thrust,5250.314360128,1780039939.2148263,2.5007739664046724,2.4992260335953276,154.7932809344843,N,,simulated
CC-PT,pressure,5250.324380954,1780039939.2248473,1.3198204421783022,,204.95511054457555,psi,,simulated
FI-PT,pressure,5250.324442749,1780039939.224909,1.7110629929379217,,302.76574823448044,psi,,simulated
thrust,thrust,5250.324490619,1780039939.224957,2.500799596404981,2.499200403595019,159.91928099623465,N,,simulated
CC-PT,pressure,5250.334510166,1780039939.2349765,1.3299985325334707,,207.49963313336767,psi,,simulated
FI-PT,pressure,5250.33457811,1780039939.2350442,1.7114468468960342,,302.86171172400856,psi,,simulated
thrust,thrust,5250.334629813,1780039939.235096,2.5008043647771316,2.4991956352228684,160.87295542632774,N,,simulated
FM-FM,flow,5250.335713872,1780039939.2361803,1.5604146194952273,,7.128887057767755,gallons_per_minute,,simulated
CC-PT,pressure,5250.344648397,1780039939.2451146,1.3298155462521966,,207.45388656304914,psi,,simulated
FI-PT,pressure,5250.344711933,1780039939.2451782,1.708752716631021,,302.18817915775526,psi,,simulated
thrust,thrust,5250.344759007,1780039939.2452252,2.5008323789635156,2.4991676210364844,166.47579270312463,N,,simulated
CC-PT,pressure,5250.354805683,1780039939.2552724,1.3262797983026264,,206.5699495756566,psi,,simulated
FI-PT,pressure,5250.354912885,1780039939.2553792,1.7145945685618602,,303.64864214046503,psi,,simulated
thrust,thrust,5250.354974533,1780039939.2554407,2.500846088033448,2.499153911966552,169.21760668964225,N,,simulated
CC-PT,pressure,5250.364970803,1780039939.2654371,1.3315941490643202,,207.89853726608004,psi,,simulated
FI-PT,pressure,5250.365038154,1780039939.2655044,1.7073585638235287,,301.83964095588215,psi,,simulated
thrust,thrust,5250.365088134,1780039939.2655544,2.5008490682660423,2.4991509317339577,169.81365320845043,N,,simulated
tank_temp,temperature,5250.372780029,1780039939.2732463,,,21.07663220074375,°C,,simulated
CC-PT,pressure,5250.375105478,1780039939.2755718,1.3371028109911454,,209.27570274778634,psi,,simulated
FI-PT,pressure,5250.375174903,1780039939.2756412,1.698414885808812,,299.603721452203,psi,,simulated
thrust,thrust,5250.375228847,1780039939.275695,2.500883638964133,2.499116361035867,176.72779282662532,N,,simulated
FM-FM,flow,5250.375861894,1780039939.276328,1.5511711300815498,,7.04222934451453,gallons_per_minute,,simulated
CC-PT,pressure,5250.38524269,1780039939.2857091,1.3476099190246962,,211.90247975617405,psi,,simulated
FI-PT,pressure,5250.385305319,1780039939.2857716,1.7173190971993324,,304.3297742998331,psi,,simulated
thrust,thrust,5250.385353226,1780039939.2858193,2.500903308499254,2.499096691500746,180.6616998507593,N,,simulated
CC-PT,pressure,5250.39537394,1780039939.2958403,1.3367231293586646,,209.18078233966614,psi,,simulated
FI-PT,pressure,5250.39543968,1780039939.2959058,1.709704602921558,,302.42615073038945,psi,,simulated
thrust,thrust,5250.395491753,1780039939.295958,2.500924170127412,2.499075829872588,184.83402548241656,N,,simulated
CC-PT,pressure,5250.405511745,1780039939.305978,1.3399966168399593,,209.99915420998983,psi,,simulated
FI-PT,pressure,5250.405576226,1780039939.3060424,1.705697978222129,,301.42449455553225,psi,,simulated
thrust,thrust,5250.405624373,1780039939.3060906,2.5009223819878557,2.4990776180121443,184.47639757113166,N,,simulated
CC-PT,pressure,5250.415645402,1780039939.3161116,1.3410832096437466,,210.27080241093665,psi,,simulated
FI-PT,pressure,5250.415712864,1780039939.316179,1.7065097935807458,,301.62744839518643,psi,,simulated
thrust,thrust,5250.415765863,1780039939.3162322,2.500946819895127,2.499053180104873,189.36397902535873,N,,simulated
FM-FM,flow,5250.416898644,1780039939.317365,1.5352680129132288,,6.89313762106152,gallons_per_minute,,simulated
CC-PT,pressure,5250.425798614,1780039939.326265,1.346106689704262,,211.5266724260655,psi,,simulated
FI-PT,pressure,5250.425883057,1780039939.3263493,1.707664931734196,,301.916232933549,psi,,simulated
thrust,thrust,5250.42593676,1780039939.3264031,2.5009378791973447,2.4990621208026553,187.5758394689342,N,,simulated
CC-PT,pressure,5250.43594616,1780039939.3364124,1.3336368004842758,,208.40920012106895,psi,,simulated
FI-PT,pressure,5250.436053214,1780039939.3365195,1.7113270415457538,,302.8317603864384,psi,,simulated
thrust,thrust,5250.43611175,1780039939.3365781,2.500967681523285,2.499032318476715,193.536304657016,N,,simulated
CC-PT,pressure,5250.446089539,1780039939.346556,1.3353617591097067,,208.84043977742667,psi,,simulated
FI-PT,pressure,5250.446153852,1780039939.3466198,1.7027910593499016,,300.6977648374754,psi,,simulated
thrust,thrust,5250.446202185,1780039939.3466685,2.5009575487324653,2.4990424512675347,191.50974649306818,N,,simulated
CC-PT,pressure,5250.456250232,1780039939.3567173,1.3286538515870394,,207.16346289675985,psi,,simulated
FI-PT,pressure,5250.456355768,1780039939.356822,1.7112501515448275,,302.8125378862069,psi,,simulated
thrust,thrust,5250.45641723,1780039939.3568835,2.500971257802398,2.499028742197602,194.2515604795858,N,,simulated
FM-FM,flow,5250.457050129,1780039939.3575163,1.535385434077434,,6.894238444475944,gallons_per_minute,,simulated
CC-PT,pressure,5250.466412981,1780039939.3668792,1.3343222539809052,,208.5805634952263,psi,,simulated
FI-PT,pressure,5250.46647648,1780039939.3669426,1.708737219421532,,302.184304855383,psi,,simulated
thrust,thrust,5250.466525406,1780039939.3669915,2.5009658933837287,2.4990341066162713,193.17867674573108,N,,simulated
tank_temp,temperature,5250.47294304,1780039939.3734093,,,21.21032001630773,°C,,simulated
CC-PT,pressure,5250.476544064,1780039939.3770103,1.3509751976698872,,212.7437994174718,psi,,simulated
FI-PT,pressure,5250.476612119,1780039939.3770783,1.7149790185664915,,303.7447546416229,psi,,simulated
thrust,thrust,5250.476665081,1780039939.3771312,2.501001656174857,2.498998343825143,200.33123497142924,N,,simulated
CC-PT,pressure,5250.486679962,1780039939.3871462,1.3334544102495205,,208.36360256238012,psi,,simulated
FI-PT,pressure,5250.486742276,1780039939.3872085,1.7094286333833497,,302.35715834583743,psi,,simulated
thrust,thrust,5250.486789997,1780039939.3872564,2.500986158965368,2.499013841034632,197.2317930736267,N,,simulated
CC-PT,pressure,5250.496810007,1780039939.3972762,1.356364054246432,,214.09101356160798,psi,,simulated
FI-PT,pressure,5250.496876655,1780039939.3973427,1.7153676408967544,,303.8419102241886,psi,,simulated
thrust,thrust,5250.496929932,1780039939.3973963,2.501004636407451,2.498995363592549,200.92728149023742,N,,simulated
FM-FM,flow,5250.498026972,1780039939.3984933,1.5727539745275945,,7.2445685111961975,gallons_per_minute,,simulated
CC-PT,pressure,5250.506945294,1780039939.4074118,1.3494123636975721,,212.35309092439303,psi,,simulated
FI-PT,pressure,5250.507008052,1780039939.4074743,1.7065658219535138,,301.6414554883784,psi,,simulated
thrust,thrust,5250.507055163,1780039939.4075212,2.500995695709669,2.499004304290331,199.13914193381288,N,,simulated
CC-PT,pressure,5250.517074432,1780039939.4175406,1.35447458678181,,213.6186466954525,psi,,simulated
FI-PT,pressure,5250.517140802,1780039939.4176068,1.714182104370845,,303.5455260927112,psi,,simulated
thrust,thrust,5250.51719282,1780039939.417659,2.5010010601283383,2.4989989398716617,200.2120256676676,N,,simulated
CC-PT,pressure,5250.527215793,1780039939.4276822,1.3485027967098708,,212.1256991774677,psi,,simulated
FI-PT,pressure,5250.527283329,1780039939.4277496,1.7105110538615054,,302.62776346537635,psi,,simulated
thrust,thrust,5250.527329514,1780039939.4277956,2.5010064245470076,2.4989935754529924,201.28490940152233,N,,simulated
CC-PT,pressure,5250.537357135,1780039939.4378238,1.3540603344512383,,213.51508361280958,psi,,simulated
FI-PT,pressure,5250.537438893,1780039939.437905,1.718902196753287,,304.72554918832174,psi,,simulated
thrust,thrust,5250.537493096,1780039939.4379594,2.5009873510584057,2.4990126489415943,197.47021168114998,N,,simulated
FM-FM,flow,5250.538178401,1780039939.4386446,1.572538205687786,,7.242545678322992,gallons_per_minute,,simulated
CC-PT,pressure,5250.547501958,1780039939.4479682,1.345459979231355,,211.36499480783877,psi,,simulated
FI-PT,pressure,5250.547564828,1780039939.448031,1.7150171655436952,,303.7542913859238,psi,,simulated
thrust,thrust,5250.547612123,1780039939.4480784,2.501001656174857,2.498998343825143,200.33123497142924,N,,simulated
CC-PT,pressure,5250.557659782,1780039939.4581265,1.344543855731947,,211.13596393298673,psi,,simulated
FI-PT,pressure,5250.557765428,1780039939.458232,1.719107236755757,,304.77680918893924,psi,,simulated
thrust,thrust,5250.55782389,1780039939.45829,2.500992119430556,2.499007880569444,198.42388611124306,N,,simulated
CC-PT,pressure,5250.56782316,1780039939.4682896,1.3526703539693776,,213.1675884923444,psi,,simulated
FI-PT,pressure,5250.567888845,1780039939.4683552,1.7104234350232406,,302.6058587558101,psi,,simulated
thrust,thrust,5250.567938066,1780039939.4684043,2.5009825826862553,2.4990174173137447,196.5165372510569,N,,simulated
tank_temp,temperature,5250.57311281,1780039939.4735792,,,20.97502252510114,°C,,simulated
CC-PT,pressure,5250.57795778,1780039939.478424,1.3626785710666862,,215.66964276667156,psi,,simulated
FI-PT,pressure,5250.578028242,1780039939.4784944,1.7099144112961784,,302.4786028240446,psi,,simulated
thrust,thrust,5250.578082778,1780039939.478549,2.500998675942263,2.499001324057737,199.73518845262106,N,,simulated
FM-FM,flow,5250.579195652,1780039939.479662,1.5649189430378607,,7.171115090979943,gallons_per_minute,,simulated
CC-PT,pressure,5250.588097752,1780039939.488564,1.3447429352692288,,211.1857338173072,psi,,simulated
FI-PT,pressure,5250.588162029,1780039939.4886281,1.7135747329681794,,303.39368324204486,psi,,simulated
thrust,thrust,5250.588209732,1780039939.4886758,2.5009813905932177,2.4990186094067823,196.27811864353362,N,,simulated
CC-PT,pressure,5250.598229001,1780039939.4986951,1.3454420978357908,,211.3605244589477,psi,,simulated
FI-PT,pressure,5250.598296741,1780039939.498763,1.70785805080629,,301.96451270157246,psi,,simulated
thrust,thrust,5250.598348944,1780039939.4988153,2.500989139197962,2.499010860802038,197.82783959243488,N,,simulated
CC-PT,pressure,5250.60836414,1780039939.5088305,1.346703332269589,,211.67583306739724,psi,,simulated
FI-PT,pressure,5250.608426842,1780039939.508893,1.7126055613285973,,303.15139033214933,psi,,simulated
thrust,thrust,5250.608473805,1780039939.50894,2.500970661755879,2.499029338244121,194.13235117582417,N,,simulated
CC-PT,pressure,5250.618491889,1780039939.518958,1.3521863641961054,,213.04659104902635,psi,,simulated
FI-PT,pressure,5250.618559185,1780039939.5190253,1.7219742205112243,,305.4935551278061,psi,,simulated
thrust,thrust,5250.618611517,1780039939.5190775,2.5009575487324653,2.4990424512675347,191.50974649306818,N,,simulated
FM-FM,flow,5250.619344118,1780039939.5198102,1.5176321885147321,,6.727801767325613,gallons_per_minute,,simulated
CC-PT,pressure,5250.628626731,1780039939.529093,1.3574446865850316,,214.3611716462579,psi,,simulated
FI-PT,pressure,5250.628688971,1780039939.529155,1.7083104501140653,,302.07761252851634,psi,,simulated
thrust,thrust,5250.62873647,1780039939.5292027,2.500946223848608,2.499053776151392,189.2447697215971,N,,simulated
CC-PT,pressure,5250.638755833,1780039939.539222,1.3641126589909387,,216.02816474773468,psi,,simulated
FI-PT,pressure,5250.638822795,1780039939.539289,1.7115577115485325,,302.88942788713314,psi,,simulated
thrust,thrust,5250.638874683,1780039939.539341,2.5009420515229763,2.4990579484770237,188.41030459526564,N,,simulated
CC-PT,pressure,5250.648889101,1780039939.5493553,1.354987186787985,,213.74679669699626,psi,,simulated
FI-PT,pressure,5250.648952044,1780039939.5494182,1.715642418341925,,303.9106045854812,psi,,simulated
thrust,thrust,5250.648999395,1780039939.5494657,2.500924170127412,2.499075829872588,184.83402548241656,N,,simulated
CC-PT,pressure,5250.659045479,1780039939.5595126,1.3543476288733038,,213.58690721832596,psi,,simulated
FI-PT,pressure,5250.659150034,1780039939.5596163,1.7251267105492007,,306.28167763730016,psi,,simulated
thrust,thrust,5250.659209385,1780039939.5596757,2.500927746406525,2.499072253593475,185.54928130498638,N,,simulated
FM-FM,flow,5250.660357017,1780039939.5608234,1.5500791728590932,,7.031992245553999,gallons_per_minute,,simulated
CC-PT,pressure,5250.669208117,1780039939.5696745,1.3738735167829415,,218.46837919573537,psi,,simulated
FI-PT,pressure,5250.669271431,1780039939.5697377,1.7283286724482383,,307.08216811205955,psi,,simulated
thrust,thrust,5250.669319134,1780039939.5697854,2.500899732220141,2.499100267779859,179.9464440281895,N,,simulated
tank_temp,temperature,5250.673275265,1780039939.5737417,,,21.23026048166422,°C,,simulated
CC-PT,pressure,5250.679340126,1780039939.5798066,1.354116958870525,,213.52923971763127,psi,,simulated
FI-PT,pressure,5250.679409347,1780039939.5798755,1.712590660165627,,303.14766504140675,psi,,simulated
thrust,thrust,5250.679461384,1780039939.5799274,2.50090509663881,2.49909490336119,181.0193277620442,N,,simulated
CC-PT,pressure,5250.689475802,1780039939.589942,1.3555748886555299,,213.89372216388247,psi,,simulated
FI-PT,pressure,5250.689538634,1780039939.5900047,1.713355387849258,,303.3388469623145,psi,,simulated
thrust,thrust,5250.689585948,1780039939.5900521,2.5008729101267946,2.4991270898732054,174.58202535891587,N,,simulated
CC-PT,pressure,5250.699606218,1780039939.6000724,1.3615746929138535,,215.39367322846337,psi,,simulated
FI-PT,pressure,5250.699673383,1780039939.6001396,1.7179050109273208,,304.4762527318302,psi,,simulated
thrust,thrust,5250.699726512,1780039939.6001928,2.5008603931498996,2.4991396068501004,172.07862997992152,N,,simulated
FM-FM,flow,5250.700508446,1780039939.6009746,1.4970208998943448,,6.534570936509482,gallons_per_minute,,simulated
CC-PT,pressure,5250.709740541,1780039939.6102066,1.358860297067201,,214.71507426680026,psi,,simulated
FI-PT,pressure,5250.709801503,1780039939.6102676,1.7126884117947117,,303.1721029486779,psi,,simulated
thrust,thrust,5250.709849243,1780039939.6103156,2.500837743382185,2.499162256617815,167.54867643697935,N,,simulated
CC-PT,pressure,5250.719884957,1780039939.6203513,1.3621772959443685,,215.54432398609214,psi,,simulated
FI-PT,pressure,5250.719973345,1780039939.6204395,1.7050262337954323,,301.2565584488581,psi,,simulated
thrust,thrust,5250.720068862,1780039939.6205351,2.5008490682660423,2.4991509317339577,169.81365320845043,N,,simulated
CC-PT,pressure,5250.730042558,1780039939.630509,1.358316702642048,,214.579175660512,psi,,simulated
FI-PT,pressure,5250.730116928,1780039939.630583,1.7205377484008966,,305.13443710022415,psi,,simulated
thrust,thrust,5250.730168871,1780039939.630635,2.500788271521124,2.499211728478876,157.65430422476356,N,,simulated
CC-PT,pressure,5250.740187234,1780039939.6406536,1.3659186799429275,,216.47966998573187,psi,,simulated
FI-PT,pressure,5250.740257325,1780039939.6407237,1.719492282806907,,304.87307070172676,psi,,simulated
thrust,thrust,5250.740311343,1780039939.6407776,2.500797212218906,2.499202787781094,159.4424437811881,N,,simulated
FM-FM,flow,5250.741415569,1780039939.641882,1.4805747843473893,,6.380388603256774,gallons_per_minute,,simulated
CC-PT,pressure,5250.752523175,1780039939.6529899,1.365975900408733,,216.49397510218327,psi,,simulated
FI-PT,pressure,5250.752626303,1780039939.6530926,1.7192371748968571,,304.8092937242143,psi,,simulated
thrust,thrust,5250.752690858,1780039939.6531572,2.500775754544229,2.499224245455771,155.1509088457692,N,,simulated
CC-PT,pressure,5250.762706498,1780039939.6631734,1.3618923857083782,,215.47309642709456,psi,,simulated
FI-PT,pressure,5250.762812348,1780039939.6632786,1.721030678871951,,305.2576697179877,psi,,simulated
thrust,thrust,5250.762878495,1780039939.6633446,2.5007548929160706,2.4992451070839294,150.97858321411195,N,,simulated
CC-PT,pressure,5250.772875821,1780039939.6733422,1.3562937207572126,,214.07343018930314,psi,,simulated
FI-PT,pressure,5250.772952024,1780039939.6734183,1.719119157686133,,304.7797894215333,psi,,simulated
thrust,thrust,5250.773008819,1780039939.673475,2.5007399917531004,2.4992600082468996,147.99835062007105,N,,simulated
tank_temp,temperature,5250.77345472,1780039939.673921,,,20.921443361664963,°C,,simulated
FM-FM,flow,5250.781577146,1780039939.6820436,1.5549119180335902,,7.077299231564907,gallons_per_minute,,simulated
CC-PT,pressure,5250.783021848,1780039939.6834884,1.3617988064049253,,215.44970160123134,psi,,simulated
FI-PT,pressure,5250.783101773,1780039939.6835682,1.7145033734444826,,303.62584336112064,psi,,simulated
thrust,thrust,5250.783162142,1780039939.6836283,2.5007143617527916,2.4992856382472084,142.8723505583207,N,,simulated
CC-PT,pressure,5250.793171782,1780039939.693638,1.3671745499580563,,216.79363748951408,psi,,simulated
FI-PT,pressure,5250.793245615,1780039939.6937118,1.7222054865605219,,305.55137164013047,psi,,simulated
thrust,thrust,5250.793304188,1780039939.6937704,2.500660717566099,2.499339282433901,132.14351321977347,N,,simulated
CC-PT,pressure,5250.803315939,1780039939.7037823,1.3751574009844543,,218.78935024611357,psi,,simulated
FI-PT,pressure,5250.803395901,1780039939.7038622,1.718492116748347,,304.62302918708673,psi,,simulated
thrust,thrust,5250.803456567,1780039939.703923,2.500654161054392,2.499345838945608,130.83221087839547,N,,simulated
CC-PT,pressure,5250.813466355,1780039939.7139328,1.3619323208251384,,215.4830802062846,psi,,simulated
FI-PT,pressure,5250.813536743,1780039939.7140028,1.7199029588583659,,304.97573971459144,psi,,simulated
thrust,thrust,5250.813590557,1780039939.7140567,2.5006189943097823,2.4993810056902177,123.79886195645895,N,,simulated
FM-FM,flow,5250.821744704,1780039939.7222111,1.535400931286923,,6.894383730814903,gallons_per_minute,,simulated
CC-PT,pressure,5250.823612938,1780039939.7240796,1.362924738278954,,215.7311845697385,psi,,simulated
FI-PT,pressure,5250.823697918,1780039939.7241642,1.7126389399336506,,303.15973498341265,psi,,simulated
thrust,thrust,5250.823760899,1780039939.7242274,2.500601112914218,2.499398887085782,120.22258284360987,N,,simulated
CC-PT,pressure,5250.833769131,1780039939.7342358,1.357638997750163,,214.40974943754077,psi,,simulated
FI-PT,pressure,5250.833841297,1780039939.7343075,1.7198826932767264,,304.97067331918157,psi,,simulated
thrust,thrust,5250.833895407,1780039939.7343616,2.5005754829139093,2.4994245170860907,115.09658278185952,N,,simulated
CC-PT,pressure,5250.843912362,1780039939.7443788,1.3687367878838526,,217.18419697096314,psi,,simulated
FI-PT,pressure,5250.843991824,1780039939.7444582,1.719284262571843,,304.8210656429607,psi,,simulated
thrust,thrust,5250.844166637,1780039939.7446327,2.500561177797458,2.499438822202542,112.23555949158026,N,,simulated
CC-PT,pressure,5250.854086019,1780039939.7545526,1.3659228522685591,,216.4807130671398,psi,,simulated
FI-PT,pressure,5250.85418511,1780039939.7546513,1.7147113936795466,,303.67784841988663,psi,,simulated
thrust,thrust,5250.854239183,1780039939.7547054,2.500532567564555,2.499467432435445,106.51351291102173,N,,simulated
FM-FM,flow,5250.861902041,1780039939.7623684,1.5294303333080213,,6.838409374762699,gallons_per_minute,,simulated
CC-PT,pressure,5250.864245749,1780039939.7647119,1.371010109306587,,217.75252732664674,psi,,simulated
FI-PT,pressure,5250.864317896,1780039939.764784,1.715483869967922,,303.8709674919805,psi,,simulated
thrust,thrust,5250.864372155,1780039939.7648385,2.5004968047734266,2.4995031952265734,99.36095468532358,N,,simulated
tank_temp,temperature,5250.873620861,1780039939.7740872,,,21.10368187548823,°C,,simulated
CC-PT,pressure,5250.874385165,1780039939.7748513,1.3584984968302845,,214.62462420757112,psi,,simulated
FI-PT,pressure,5250.87444885,1780039939.774915,1.7177035472039637,,304.4258868009909,psi,,simulated
thrust,thrust,5250.874496553,1780039939.7749627,2.500461041982298,2.499538958017702,92.20839645962542,N,,simulated
CC-PT,pressure,5250.884520989,1780039939.7849874,1.3701881611571505,,217.54704028928762,psi,,simulated
FI-PT,pressure,5250.884589543,1780039939.7850556,1.7205317879357085,,305.1329469839271,psi,,simulated
thrust,thrust,5250.884643524,1780039939.7851098,2.5004437566332527,2.4995562433667473,88.75132665053798,N,,simulated
CC-PT,pressure,5250.894657794,1780039939.795124,1.363925500384033,,215.98137509600824,psi,,simulated
FI-PT,pressure,5250.894720293,1780039939.7951865,1.716969217892792,,304.242304473198,psi,,simulated
thrust,thrust,5250.894767033,1780039939.795233,2.5004127622142747,2.4995872377857253,82.5524428549329,N,,simulated
FM-FM,flow,5250.902062747,1780039939.8025293,1.5439017467381653,,6.974078875670299,gallons_per_minute,,simulated
CC-PT,pressure,5250.904792228,1780039939.8052585,1.3702060425527147,,217.55151063817868,psi,,simulated
FI-PT,pressure,5250.904861246,1780039939.8053274,1.7143942969315407,,303.59857423288514,psi,,simulated
thrust,thrust,5250.904914153,1780039939.8053803,2.500378191516184,2.499621808483816,75.63830323675802,N,,simulated
CC-PT,pressure,5250.914928626,1780039939.8153949,1.3691963397498537,,217.29908493746342,psi,,simulated
FI-PT,pressure,5250.914989496,1780039939.8154557,1.7215504314363517,,305.3876078590879,psi,,simulated
thrust,thrust,5250.915034921,1780039939.815501,2.500362098260176,2.499637901739824,72.41965203519385,N,,simulated
CC-PT,pressure,5250.925058579,1780039939.8255248,1.3726003614187672,,218.1500903546918,psi,,simulated
FI-PT,pressure,5250.92512756,1780039939.825594,1.7141224997189641,,303.530624929741,psi,,simulated
thrust,thrust,5250.925180466,1780039939.8256466,2.500336468259867,2.499663531740133,67.2936519734435,N,,simulated
CC-PT,pressure,5250.935194255,1780039939.8356605,1.3679517946185822,,216.98794865464555,psi,,simulated
FI-PT,pressure,5250.935257606,1780039939.8357239,1.723457184250019,,305.86429606250476,psi,,simulated
thrust,thrust,5250.935304716,1780039939.8357708,2.500284612212731,2.499715387787269,56.92244254618117,N,,simulated
FM-FM,flow,5250.942240084,1780039939.8427072,1.5475745853870613,,7.008511738003699,gallons_per_minute,,simulated
CC-PT,pressure,5250.945350041,1780039939.8458169,1.374900504934848,,218.725126233712,psi,,simulated
FI-PT,pressure,5250.945454114,1780039939.8459203,1.7166628499821246,,304.1657124955311,psi,,simulated
thrust,thrust,5250.945508779,1780039939.845975,2.50027507546843,2.49972492453157,55.015093685995,N,,simulated
CC-PT,pressure,5250.955538919,1780039939.8560057,1.3651318985381007,,216.28297463452517,psi,,simulated
FI-PT,pressure,5250.955639881,1780039939.856106,1.720797624683097,,305.19940617077424,psi,,simulated
thrust,thrust,5250.955696399,1780039939.8561625,2.5002202391886996,2.4997797608113004,44.04783773992449,N,,simulated
CC-PT,pressure,5250.965700594,1780039939.866167,1.3664223392513204,,216.6055848128301,psi,,simulated
FI-PT,pressure,5250.965777815,1780039939.866244,1.728815046407586,,307.2037616018965,psi,,simulated
thrust,thrust,5250.965832667,1780039939.866299,2.5001952052349097,2.4998047947650903,39.04104698193578,N,,simulated
tank_temp,temperature,5250.973789131,1780039939.8742557,,,20.898555175342743,°C,,simulated
CC-PT,pressure,5250.975845529,1780039939.8763118,1.3738085477123914,,218.45213692809784,psi,,simulated
FI-PT,pressure,5250.97590938,1780039939.8763754,1.709210480357466,,302.3026200893665,psi,,simulated
thrust,thrust,5250.975957712,1780039939.8764238,2.5001528859320743,2.4998471140679257,30.577186414859625,N,,simulated
FM-FM,flow,5250.982418827,1780039939.8828852,1.516429962686296,,6.716530900184025,gallons_per_minute,,simulated
CC-PT,pressure,5250.985978593,1780039939.8864448,1.3761522026243451,,219.03805065608628,psi,,simulated
FI-PT,pressure,5250.986049333,1780039939.8865154,1.7146649020510796,,303.66622551276987,psi,,simulated
thrust,thrust,5250.986103832,1780039939.88657,2.5001403689551793,2.4998596310448207,28.07379103586527,N,,simulated
CC-PT,pressure,5250.996119954,1780039939.8965862,1.3757522554102248,,218.9380638525562,psi,,simulated
FI-PT,pressure,5250.996181749,1780039939.896648,1.719731297460949,,304.93282436523725,psi,,simulated
thrust,thrust,5250.996229026,1780039939.8966954,2.500122487559615,2.499877512440385,24.49751192301619,N,,simulated
CC-PT,pressure,5251.006268221,1780039939.9067347,1.3856448394828844,,221.4112098707211,psi,,simulated
FI-PT,pressure,5251.006355591,1780039939.906822,1.7221607830716112,,305.5401957679028,psi,,simulated
thrust,thrust,5251.006413534,1780039939.9068797,2.5000616908146966,2.4999383091853034,12.338162939329322,N,,simulated
CC-PT,pressure,5251.01641873,1780039939.916885,1.3766206951881284,,219.1551737970321,psi,,simulated
FI-PT,pressure,5251.016485155,1780039939.9169512,1.718041505580128,,304.510376395032,psi,,simulated
thrust,thrust,5251.016536858,1780039939.9170032,2.500035464767869,2.499964535232131,7.09295357381734,N,,simulated
FM-FM,flow,5251.022572386,1780039939.9230387,1.5149034875516283,,6.702220195796515,gallons_per_minute,,simulated
CC-PT,pressure,5251.026551998,1780039939.9270182,1.3779612038089282,,219.49030095223205,psi,,simulated
FI-PT,pressure,5251.02662109,1780039939.9270873,1.7178501746475905,,304.4625436618976,psi,,simulated
thrust,thrust,5251.026674533,1780039939.9271407,2.4999997019767406,2.5000002980232594,0.05960465188081798,N,,simulated
CC-PT,pressure,5251.036688858,1780039939.9371552,1.3786418889334071,,219.66047223335178,psi,,simulated
FI-PT,pressure,5251.036754006,1780039939.93722,1.7199858093244802,,304.99645233112005,psi,,simulated
thrust,thrust,5251.036802653,1780039939.937269,2.4999788403485823,2.5000211596514177,4.231930283538077,N,,simulated
CC-PT,pressure,5251.04682196,1780039939.9472883,1.3641764359684512,,216.0441089921128,psi,,simulated
FI-PT,pressure,5251.046889774,1780039939.947356,1.717876400694418,,304.4691001736045,psi,,simulated
thrust,thrust,5251.046943828,1780039939.94741,2.4999567866273864,2.5000432133726136,8.642674522718607,N,,simulated
CC-PT,pressure,5251.05699182,1780039939.9574587,1.387821005323053,,221.95525133076328,psi,,simulated
FI-PT,pressure,5251.057092319,1780039939.9575586,1.7246462970550414,,306.1615742637603,psi,,simulated
thrust,thrust,5251.057147929,1780039939.9576142,2.4999001622080996,2.5000998377919004,19.967558380074024,N,,simulated
FM-FM,flow,5251.062733648,1780039939.9632,1.520621957853074,,6.755830854872568,gallons_per_minute,,simulated
CC-PT,pressure,5251.067150458,1780039939.9676168,1.3810809112883702,,220.27022782209255,psi,,simulated
FI-PT,pressure,5251.067226549,1780039939.9676929,1.7201622390940474,,305.04055977351186,psi,,simulated
thrust,thrust,5251.067282493,1780039939.9677486,2.49989002941728,2.50010997058272,21.994116544021836,N,,simulated
tank_temp,temperature,5251.073951827,1780039939.9744182,,,21.11859387566789,°C,,simulated
CC-PT,pressure,5251.077294559,1780039939.9777608,1.3740046470170793,,218.50116175426982,psi,,simulated
FI-PT,pressure,5251.077359836,1780039939.977826,1.7235144047158246,,305.87860117895616,psi,,simulated
thrust,thrust,5251.077409132,1780039939.9778752,2.499870359882159,2.500129640117841,25.928023568155822,N,,simulated
CC-PT,pressure,5251.087426605,1780039939.987893,1.3787461970741985,,219.68654926854964,psi,,simulated
FI-PT,pressure,5251.087494511,1780039939.9879606,1.7248918682207903,,306.22296705519756,psi,,simulated
thrust,thrust,5251.087547863,1780039939.988014,2.4998167156954665,2.5001832843045335,36.65686090670306,N,,simulated
CC-PT,pressure,5251.097563391,1780039939.9980295,1.3756193370365306,,218.90483425913266,psi,,simulated
FI-PT,pressure,5251.097625724,1780039939.998092,1.7288692866407975,,307.2173216601994,psi,,simulated
thrust,thrust,5251.097672594,1780039939.9981387,2.4997881054625637,2.5002118945374363,42.378907487261586,N,,simulated
FM-FM,flow,5251.102884892,1780039940.0033512,1.5246089130173819,,6.7932085595379545,gallons_per_minute,,simulated
CC-PT,pressure,5251.107693974,1780039940.0081604,1.3719876255974324,,217.9969063993581,psi,,simulated
FI-PT,pressure,5251.107760844,1780039940.008227,1.7213334705035055,,305.33336762587635,psi,,simulated
thrust,thrust,5251.107813584,1780039940.0082798,2.4997630715087737,2.5002369284912263,47.385698245250296,N,,simulated
CC-PT,pressure,5251.117828057,1780039940.0182943,1.3833011845709307,,220.82529614273267,psi,,simulated
FI-PT,pressure,5251.11788989,1780039940.018356,1.7227443126135245,,305.6860781533811,psi,,simulated
thrust,thrust,5251.117936333,1780039940.0184026,2.4997076391825246,2.5002923608174754,58.47216349508244,N,,simulated
CC-PT,pressure,5251.127956066,1780039940.0284224,1.3804359889550197,,220.10899723875494,psi,,simulated
FI-PT,pressure,5251.128049509,1780039940.0285156,1.7279519710483515,,306.98799276208786,psi,,simulated
thrust,thrust,5251.128105749,1780039940.0285718,2.4996867775543663,2.5003132224456337,62.6444891267397,N,,simulated
CC-PT,pressure,5251.138091667,1780039940.038558,1.3785697673046313,,219.64244182615784,psi,,simulated
FI-PT,pressure,5251.138155333,1780039940.0386214,1.7128690138899105,,303.21725347247764,psi,,simulated
thrust,thrust,5251.138203777,1780039940.03867,2.4996706842983585,2.5003293157016415,65.86314032830387,N,,simulated
FM-FM,flow,5251.143035396,1780039940.0435016,1.5090342174809237,,6.647195788883659,gallons_per_minute,,simulated
CC-PT,pressure,5251.148226009,1780039940.0486922,1.367424293449437,,216.85607336235924,psi,,simulated
FI-PT,pressure,5251.148294082,1780039940.0487604,1.7261775405618596,,306.5443851404649,psi,,simulated
thrust,thrust,5251.148347989,1780039940.048814,2.4996361136002676,2.5003638863997324,72.77727994647876,N,,simulated
CC-PT,pressure,5251.158391221,1780039940.058858,1.3861145241397053,,221.52863103492632,psi,,simulated
FI-PT,pressure,5251.158489609,1780039940.0589557,1.7207028532866064,,305.1757133216516,psi,,simulated
thrust,thrust,5251.158545256,1780039940.0590112,2.499613463832553,2.500386536167447,77.30723348942092,N,,simulated
CC-PT,pressure,5251.168550933,1780039940.0690174,1.387208865548237,,221.80221638705927,psi,,simulated
FI-PT,pressure,5251.168626507,1780039940.0690928,1.7313965238805442,,307.84913097013606,psi,,simulated
thrust,thrust,5251.168682524,1780039940.0691488,2.4995675682506047,2.5004324317493953,86.48634987906689,N,,simulated
tank_temp,temperature,5251.17412119,1780039940.0745873,,,20.945371920092764,°C,,simulated
CC-PT,pressure,5251.17869422,1780039940.0791607,1.3807542777960633,,220.18856944901583,psi,,simulated
FI-PT,pressure,5251.178759182,1780039940.0792253,1.724485960541482,,306.1214901353705,psi,,simulated
thrust,thrust,5251.178807996,1780039940.0792742,2.499547302668965,2.500452697331035,90.53946620696252,N,,simulated
FM-FM,flow,5251.183182954,1780039940.0836494,1.4750553935832256,,6.328644314842739,gallons_per_minute,,simulated
CC-PT,pressure,5251.188825747,1780039940.089292,1.373272105845464,,218.318026461366,psi,,simulated
FI-PT,pressure,5251.188894043,1780039940.0893605,1.721415724923101,,305.35393123077523,psi,,simulated
thrust,thrust,5251.18894682,1780039940.0894132,2.4995127319708743,2.5004872680291257,97.4536058251374,N,,simulated
CC-PT,pressure,5251.198962441,1780039940.0994287,1.3841314773716304,,221.03286934290762,psi,,simulated
FI-PT,pressure,5251.199023681,1780039940.0994897,1.7329772392484235,,308.2443098121059,psi,,simulated
thrust,thrust,5251.199069791,1780039940.099536,2.4994817375518963,2.5005182624481037,103.65248962074247,N,,simulated
CC-PT,pressure,5251.209091968,1780039940.1095583,1.377912327994386,,219.47808199859648,psi,,simulated
FI-PT,pressure,5251.209159282,1780039940.1096253,1.723724213090445,,305.9310532726113,psi,,simulated
thrust,thrust,5251.20921167,1780039940.1096778,2.4994722008075954,2.5005277991924046,105.55983848092865,N,,simulated
CC-PT,pressure,5251.219239884,1780039940.1197062,1.3738985507367314,,218.47463768418285,psi,,simulated
FI-PT,pressure,5251.219319661,1780039940.119786,1.721978392836856,,305.49459820921396,psi,,simulated
thrust,thrust,5251.219373068,1780039940.1198392,2.4994555115050687,2.5005444884949313,108.89769898625445,N,,simulated
FM-FM,flow,5251.223345124,1780039940.1238112,1.5563126273527894,,7.0904308814323995,gallons_per_minute,,simulated
CC-PT,pressure,5251.22938406,1780039940.1298504,1.3915045728092876,,222.8761432023219,psi,,simulated
FI-PT,pressure,5251.229461503,1780039940.1299276,1.7300583994458199,,307.51459986145494,psi,,simulated
thrust,thrust,5251.229517632,1780039940.1299837,2.4994036554579324,2.5005963445420676,119.26890841351678,N,,simulated
CC-PT,pressure,5251.239540809,1780039940.1400073,1.370497509300412,,217.62437732510298,psi,,simulated
FI-PT,pressure,5251.239614456,1780039940.1400807,1.7161091227661518,,304.02728069153795,psi,,simulated
thrust,thrust,5251.239667215,1780039940.1401334,2.4993911384810374,2.5006088615189626,121.77230379251114,N,,simulated
CC-PT,pressure,5251.251775529,1780039940.152242,1.3819553115314618,,220.48882788286545,psi,,simulated
FI-PT,pressure,5251.251864936,1780039940.1523314,1.7267527254525095,,306.68818136312734,psi,,simulated
thrust,thrust,5251.251923157,1780039940.1523893,2.4993637203411723,2.5006362796588277,127.25593176554639,N,,simulated
CC-PT,pressure,5251.261946741,1780039940.1624136,1.3797910666216693,,219.94776665541733,psi,,simulated
FI-PT,pressure,5251.262034648,1780039940.1625009,1.732118336214821,,308.0295840537052,psi,,simulated
thrust,thrust,5251.262087721,1780039940.1625538,2.499346434992127,2.500653565007873,130.71300157463384,N,,simulated
FM-FM,flow,5251.263502868,1780039940.1639693,1.4856799227809814,,6.4282492760717,gallons_per_minute,,simulated
CC-PT,pressure,5251.272094583,1780039940.172561,1.3863869173988006,,221.59672934970015,psi,,simulated
FI-PT,pressure,5251.27216623,1780039940.1726322,1.720716562356539,,305.17914058913476,psi,,simulated
thrust,thrust,5251.272222119,1780039940.1726885,2.499302923596254,2.500697076403746,139.41528074923326,N,,simulated
tank_temp,temperature,5251.274282109,1780039940.1747484,,,20.949186617813126,°C,,simulated
CC-PT,pressure,5251.28223437,1780039940.1827006,1.3694711171950242,,217.36777929875606,psi,,simulated
FI-PT,pressure,5251.282297739,1780039940.182764,1.7339082639108019,,308.4770659777005,psi,,simulated
thrust,thrust,5251.282347387,1780039940.1828136,2.499271929177276,2.500728070822724,145.61416454483833,N,,simulated
CC-PT,pressure,5251.292368749,1780039940.192835,1.3887216316129722,,222.18040790324306,psi,,simulated
FI-PT,pressure,5251.292435989,1780039940.192902,1.7267050417310048,,306.6762604327512,psi,,simulated
thrust,thrust,5251.292489044,1780039940.192955,2.4992695449912006,2.5007304550087994,146.09100175988488,N,,simulated
CC-PT,pressure,5251.302504443,1780039940.2029707,1.3912840355973286,,222.82100889933216,psi,,simulated
FI-PT,pressure,5251.302565257,1780039940.2030313,1.7254175812503791,,306.35439531259476,psi,,simulated
thrust,thrust,5251.302611867,1780039940.203078,2.4992361663861473,2.5007638336138527,152.7667227705365,N,,simulated
FM-FM,flow,5251.303706297,1780039940.2041726,1.487961588854979,,6.449639895515428,gallons_per_minute,,simulated
CC-PT,pressure,5251.312633896,1780039940.2131002,1.3827856043321616,,220.6964010830404,psi,,simulated
FI-PT,pressure,5251.312703636,1780039940.2131696,1.7189665697773182,,304.74164244432956,psi,,simulated
thrust,thrust,5251.312756543,1780039940.2132227,2.4992105363858386,2.5007894636141614,157.89272283228684,N,,simulated
CC-PT,pressure,5251.32277146,1780039940.2232375,1.3828142145650644,,220.7035536412661,psi,,simulated
FI-PT,pressure,5251.322835293,1780039940.2233014,1.7373581811616636,,309.3395452904159,psi,,simulated
thrust,thrust,5251.322883459,1780039940.2233498,2.499200403595019,2.500799596404981,159.91928099623465,N,,simulated
CC-PT,pressure,5251.332901728,1780039940.2333682,1.3906939495437085,,222.67348738592713,psi,,simulated
FI-PT,pressure,5251.332972061,1780039940.2334383,1.7371221467402156,,309.2805366850539,psi,,simulated
thrust,thrust,5251.333024949,1780039940.2334912,2.499184310339011,2.500815689660989,163.13793219779882,N,,simulated
CC-PT,pressure,5251.343037978,1780039940.243504,1.3766302319324293,,219.15755798310732,psi,,simulated
FI-PT,pressure,5251.343100533,1780039940.2435665,1.72734757987828,,306.83689496957,psi,,simulated
thrust,thrust,5251.343150032,1780039940.2436163,2.499168217083003,2.500831782916997,166.356583399363,N,,simulated
FM-FM,flow,5251.343855615,1780039940.2443218,1.5127350703162037,,6.681891284214409,gallons_per_minute,,simulated
CC-PT,pressure,5251.353199449,1780039940.2536664,1.3752778023812535,,218.81945059531338,psi,,simulated
FI-PT,pressure,5251.353305559,1780039940.2537718,1.7317177929541818,,307.92944823854543,psi,,simulated
thrust,thrust,5251.353365465,1780039940.2538316,2.499147355454845,2.500852644545155,170.52890903102025,N,,simulated
CC-PT,pressure,5251.363366846,1780039940.263833,1.3772727700797047,,219.31819251992619,psi,,simulated
FI-PT,pressure,5251.363434475,1780039940.2639008,1.7184503934920303,,304.6125983730076,psi,,simulated
thrust,thrust,5251.363482437,1780039940.2639484,2.499112784756754,2.500887215243246,177.44304864919513,N,,simulated
CC-PT,pressure,5251.373502225,1780039940.2739687,1.3793428396395255,,219.8357099098814,psi,,simulated
FI-PT,pressure,5251.373572928,1780039940.274039,1.7302831089834105,,307.57077724585264,psi,,simulated
thrust,thrust,5251.373626242,1780039940.2740922,2.4990960954542274,2.5009039045457726,180.78090915452094,N,,simulated
tank_temp,temperature,5251.374447657,1780039940.274914,,,20.96132429237795,°C,,simulated
CC-PT,pressure,5251.383642456,1780039940.2841089,1.3854153615731433,,221.35384039328582,psi,,simulated
FI-PT,pressure,5251.383705641,1780039940.2841718,1.732248274355921,,308.06206858898025,psi,,simulated
thrust,thrust,5251.383752751,1780039940.2842188,2.4991074203380848,2.5008925796619152,178.51593238304986,N,,simulated
FM-FM,flow,5251.384870199,1780039940.2853365,1.497959077114949,,6.543366347952645,gallons_per_minute,,simulated
CC-PT,pressure,5251.393774391,1780039940.2942407,1.3877023920658103,,221.92559801645257,psi,,simulated
FI-PT,pressure,5251.393844649,1780039940.2943108,1.725710240091114,,306.4275600227785,psi,,simulated
thrust,thrust,5251.393897556,1780039940.2943637,2.4991026519659343,2.5008973480340657,179.46960681314295,N,,simulated
CC-PT,pressure,5251.403911752,1780039940.304378,1.379512116850867,,219.87802921271677,psi,,simulated
FI-PT,pressure,5251.403973751,1780039940.3044398,1.72659238893895,,306.6480972347375,psi,,simulated
thrust,thrust,5251.404056509,1780039940.3045228,2.499081790337776,2.500918209662224,183.6419324448002,N,,simulated
CC-PT,pressure,5251.414043094,1780039940.3145094,1.3886733518449488,,222.1683379612372,psi,,simulated
FI-PT,pressure,5251.414110111,1780039940.3145764,1.7293437396697688,,307.3359349174422,psi,,simulated
thrust,thrust,5251.414162518,1780039940.3146286,2.499054372197911,2.500945627802089,189.12556041783546,N,,simulated
CC-PT,pressure,5251.424179084,1780039940.3246453,1.3819809415317705,,220.49523538294264,psi,,simulated
FI-PT,pressure,5251.424244602,1780039940.3247106,1.7258771331163802,,306.46928327909507,psi,,simulated
thrust,thrust,5251.424291268,1780039940.3247576,2.499063312895693,2.500936687104307,187.33742086141092,N,,simulated
FM-FM,flow,5251.425020795,1780039940.3254871,1.5096135746972053,,6.652627262786298,gallons_per_minute,,simulated
CC-PT,pressure,5251.4343105,1780039940.3347769,1.3792772745224566,,219.81931863061416,psi,,simulated
FI-PT,pressure,5251.434378666,1780039940.3348448,1.7209114695681893,,305.2278673920473,psi,,simulated
thrust,thrust,5251.434430776,1780039940.3348968,2.49903470266279,2.50096529733721,193.05946744196945,N,,simulated
CC-PT,pressure,5251.444449009,1780039940.3449152,1.3786627505615654,,219.66568764039135,psi,,simulated
FI-PT,pressure,5251.444512341,1780039940.3449783,1.735449044161921,,308.86226104048023,psi,,simulated
thrust,thrust,5251.444559674,1780039940.3450258,2.499047815686204,2.500952184313796,190.43686275921345,N,,simulated
CC-PT,pressure,5251.454607277,1780039940.3550744,1.3758476228532341,,218.96190571330854,psi,,simulated
FI-PT,pressure,5251.454713349,1780039940.3551795,1.7363311930097571,,309.08279825243926,psi,,simulated
thrust,thrust,5251.454771626,1780039940.355238,2.4990299342906397,2.5009700657093603,194.01314187206253,N,,simulated
CC-PT,pressure,5251.464779137,1780039940.3652453,1.3879336581151078,,221.98341452877696,psi,,simulated
FI-PT,pressure,5251.464845525,1780039940.3653119,1.734768359037442,,308.6920897593605,psi,,simulated
thrust,thrust,5251.464895246,1780039940.3653615,2.499028742197602,2.500971257802398,194.2515604795858,N,,simulated
FM-FM,flow,5251.465963231,1780039940.3664298,1.5492673575004765,,7.024381476566967,gallons_per_minute,,simulated
tank_temp,temperature,5251.474611538,1780039940.375078,,,20.80076019742049,°C,,simulated
CC-PT,pressure,5251.474909831,1780039940.3753762,1.3811518408241084,,220.2879602060271,psi,,simulated
FI-PT,pressure,5251.474979459,1780039940.3754458,1.7357625646308141,,308.9406411577035,psi,,simulated
thrust,thrust,5251.475031959,1780039940.3754983,2.4990060924298874,2.5009939075701126,198.78151402252797,N,,simulated
CC-PT,pressure,5251.48504621,1780039940.3855124,1.3711573327967326,,217.78933319918315,psi,,simulated
FI-PT,pressure,5251.485108727,1780039940.3855748,1.7377682611666037,,309.4420652916509,psi,,simulated
thrust,thrust,5251.485155838,1780039940.385622,2.4990156291741883,2.5009843708258117,196.8741651623418,N,,simulated
CC-PT,pressure,5251.495176107,1780039940.3956423,1.379829213598873,,219.95730339971826,psi,,simulated
FI-PT,pressure,5251.495243569,1780039940.3957098,1.7299266731651632,,307.4816682912908,psi,,simulated
thrust,thrust,5251.495295217,1780039940.3957615,2.498985230801729,2.501014769198271,202.95383965418523,N,,simulated
CC-PT,pressure,5251.505310227,1780039940.4057765,1.375692650758344,,218.923162689586,psi,,simulated
FI-PT,pressure,5251.505372023,1780039940.4058383,1.7143853562337585,,303.59633905843964,psi,,simulated
thrust,thrust,5251.505418559,1780039940.4058847,2.4990150331276695,2.5009849668723305,196.99337446610343,N,,simulated
FM-FM,flow,5251.506112031,1780039940.406578,1.5274317893304574,,6.819673024973038,gallons_per_minute,,simulated
CC-PT,pressure,5251.515439218,1780039940.4159055,1.3716538395468998,,217.91345988672495,psi,,simulated
FI-PT,pressure,5251.51550468,1780039940.4159708,1.7322190680764995,,308.0547670191249,psi,,simulated
thrust,thrust,5251.515555623,1780039940.4160218,2.498988211034323,2.501011788965677,202.35779313537705,N,,simulated
CC-PT,pressure,5251.525571171,1780039940.4260375,1.3847841483097254,,221.19603707743136,psi,,simulated
FI-PT,pressure,5251.525632077,1780039940.426098,1.728948560827799,,307.23714020694973,psi,,simulated
thrust,thrust,5251.525677225,1780039940.4261432,2.4989989398716617,2.5010010601283383,200.2120256676676,N,,simulated
CC-PT,pressure,5251.535698513,1780039940.4361649,1.374406382370756,,218.601595592689,psi,,simulated
FI-PT,pressure,5251.535767586,1780039940.4362338,1.7255260617168022,,306.38151542920053,psi,,simulated
thrust,thrust,5251.535820141,1780039940.4362864,2.4990084766159626,2.5009915233840374,198.30467680748143,N,,simulated
CC-PT,pressure,5251.545835151,1780039940.4463015,1.3785858605606391,,219.6464651401598,psi,,simulated
FI-PT,pressure,5251.545896947,1780039940.4463632,1.735486595092606,,308.8716487731515,psi,,simulated
thrust,thrust,5251.545942705,1780039940.446409,2.499010264755519,2.500989735244481,197.94704889619652,N,,simulated
FM-FM,flow,5251.547027246,1780039940.4474936,1.4861883504615248,,6.433015785576794,gallons_per_minute,,simulated
CC-PT,pressure,5251.555995586,1780039940.4564624,1.373331114450826,,218.3327786127065,psi,,simulated
FI-PT,pressure,5251.556142473,1780039940.4566088,1.7267008694053732,,306.6752173513433,psi,,simulated
thrust,thrust,5251.556203287,1780039940.4566693,2.499004304290331,2.500995695709669,199.13914193381288,N,,simulated
CC-PT,pressure,5251.566202149,1780039940.4666686,1.3738574235269336,,218.4643558817334,psi,,simulated
FI-PT,pressure,5251.566267018,1780039940.4667332,1.725790706371153,,306.44767659278824,psi,,simulated
thrust,thrust,5251.566315221,1780039940.4667814,2.498991191266917,2.501008808733083,201.76174661656887,N,,simulated
tank_temp,temperature,5251.574781901,1780039940.4752483,,,20.737297498981548,°C,,simulated
CC-PT,pressure,5251.576338565,1780039940.476805,1.3713057483799158,,217.82643709497896,psi,,simulated
FI-PT,pressure,5251.576408194,1780039940.4768746,1.7471589740704265,,311.7897435176066,psi,,simulated
thrust,thrust,5251.57646236,1780039940.4769285,2.499023377778933,2.500976622221067,195.32444421344053,N,,simulated
CC-PT,pressure,5251.586474574,1780039940.4869409,1.3774223777559256,,219.3555944389814,psi,,simulated
FI-PT,pressure,5251.586538314,1780039940.4870045,1.7307843841057282,,307.69609602643203,psi,,simulated
thrust,thrust,5251.586585702,1780039940.487052,2.4990120528950754,2.5009879471049246,197.5894209849116,N,,simulated
FM-FM,flow,5251.587174323,1780039940.4876409,1.5026469829853752,,6.587315465487892,gallons_per_minute,,simulated
CC-PT,pressure,5251.59660862,1780039940.4970748,1.3703467095311535,,217.58667738278837,psi,,simulated
FI-PT,pressure,5251.596675841,1780039940.497142,1.734224764612289,,308.55619115307223,psi,,simulated
thrust,thrust,5251.596727562,1780039940.4971938,2.499007880569444,2.500992119430556,198.42388611124306,N,,simulated
CC-PT,pressure,5251.606744276,1780039940.5072105,1.379366085453759,,219.84152136343977,psi,,simulated
FI-PT,pressure,5251.606806442,1780039940.5072727,1.736862866504534,,309.2157166261335,psi,,simulated
thrust,thrust,5251.606853664,1780039940.5073197,2.4990436433605723,2.5009563566394277,191.2713278855449,N,,simulated
CC-PT,pressure,5251.616877378,1780039940.5173438,1.3704766476722536,,217.6191619180634,psi,,simulated
FI-PT,pressure,5251.616945636,1780039940.517412,1.737083403716493,,309.27085092912324,psi,,simulated
thrust,thrust,5251.616999098,1780039940.5174654,2.499063312895693,2.500936687104307,187.33742086141092,N,,simulated
CC-PT,pressure,5251.627014072,1780039940.5274804,1.3719476904806722,,217.98692262016806,psi,,simulated
FI-PT,pressure,5251.627076867,1780039940.527543,1.7330702225053576,,308.2675556263394,psi,,simulated
thrust,thrust,5251.627124959,1780039940.5275912,2.4990424512675347,2.5009575487324653,191.50974649306818,N,,simulated
FM-FM,flow,5251.628240462,1780039940.5287068,1.4938976161357898,,6.505290151273028,gallons_per_minute,,simulated
CC-PT,pressure,5251.637145729,1780039940.537612,1.3697095358025475,,217.42738395063688,psi,,simulated
FI-PT,pressure,5251.637216913,1780039940.5376832,1.7368420048763757,,309.21050121909394,psi,,simulated
thrust,thrust,5251.63727032,1780039940.5377364,2.4990674852213246,2.5009325147786754,186.50295573507947,N,,simulated
CC-PT,pressure,5251.647284348,1780039940.5477507,1.3770337554256626,,219.25843885641567,psi,,simulated
FI-PT,pressure,5251.647348274,1780039940.5478144,1.7334040085558902,,308.35100213897255,psi,,simulated
thrust,thrust,5251.647396217,1780039940.5478623,2.4990770219656255,2.5009229780343745,184.5956068748933,N,,simulated
CC-PT,pressure,5251.657444042,1780039940.5579107,1.365528865519627,,216.38221637990674,psi,,simulated
FI-PT,pressure,5251.657546263,1780039940.5580125,1.7314150013226273,,307.8537503306568,psi,,simulated
thrust,thrust,5251.657606188,1780039940.5580726,2.4990835784773324,2.5009164215226676,183.2843045335153,N,,simulated
CC-PT,pressure,5251.667609347,1780039940.5680754,1.3746072500475943,,218.65181251189858,psi,,simulated
FI-PT,pressure,5251.66767492,1780039940.568141,1.7326613345934552,,308.1653336483638,psi,,simulated
thrust,thrust,5251.667724086,1780039940.56819,2.4990984796403026,2.5009015203596974,180.3040719394744,N,,simulated
FM-FM,flow,5251.668392317,1780039940.5688586,1.5218384887979615,,6.767235832480888,gallons_per_minute,,simulated
tank_temp,temperature,5251.674942524,1780039940.575409,,,20.615920753333334,°C,,simulated
CC-PT,pressure,5251.677744726,1780039940.578211,1.368104382527397,,217.02609563184927,psi,,simulated
FI-PT,pressure,5251.677813669,1780039940.57828,1.7380090639602022,,309.50226599005055,psi,,simulated
thrust,thrust,5251.677868002,1780039940.578334,2.499109208477641,2.500890791522359,178.15830447176495,N,,simulated
CC-PT,pressure,5251.687879753,1780039940.5883465,1.3707699025595073,,217.69247563987682,psi,,simulated
FI-PT,pressure,5251.687943919,1780039940.5884101,1.7385610030366185,,309.64025075915464,psi,,simulated
thrust,thrust,5251.687990363,1780039940.5884566,2.499100863826378,2.500899136173622,179.82723472442785,N,,simulated
CC-PT,pressure,5251.698011984,1780039940.5984783,1.370860501630366,,217.71512540759153,psi,,simulated
FI-PT,pressure,5251.698080631,1780039940.598547,1.7371942683689914,,309.2985670922478,psi,,simulated
thrust,thrust,5251.698133168,1780039940.5985994,2.499128878012762,2.500871121987238,174.22439744763096,N,,simulated
CC-PT,pressure,5251.708147715,1780039940.6086142,1.3771583291480936,,219.2895822870234,psi,,simulated
FI-PT,pressure,5251.708210214,1780039940.6086764,1.7257966668363411,,306.44916670908526,psi,,simulated
thrust,thrust,5251.708257288,1780039940.6087234,2.4991479515013637,2.5008520484986363,170.4096997272586,N,,simulated
FM-FM,flow,5251.709366198,1780039940.6098325,1.4751400321888963,,6.3294378017709025,gallons_per_minute,,simulated
CC-PT,pressure,5251.71829015,1780039940.6187563,1.3715733732668607,,217.89334331671517,psi,,simulated
FI-PT,pressure,5251.718372685,1780039940.6188388,1.7335744778602693,,308.39361946506733,psi,,simulated
thrust,thrust,5251.718427463,1780039940.6188936,2.4991616605712963,2.5008383394287037,167.66788574074099,N,,simulated
CC-PT,pressure,5251.728443547,1780039940.6289098,1.361302895701277,,215.32572392531924,psi,,simulated
FI-PT,pressure,5251.728513324,1780039940.6289794,1.7380060837276081,,309.501520931902,psi,,simulated
thrust,thrust,5251.728562379,1780039940.6290286,2.4991890787111615,2.5008109212888385,162.18425776770573,N,,simulated
CC-PT,pressure,5251.738582648,1780039940.639049,1.3684423409035613,,217.11058522589033,psi,,simulated
FI-PT,pressure,5251.738655462,1780039940.6391218,1.7328163066883453,,308.20407667208633,psi,,simulated
thrust,thrust,5251.738709424,1780039940.6391757,2.4992069601067257,2.5007930398932743,158.60797865485665,N,,simulated
CC-PT,pressure,5251.74872412,1780039940.6491904,1.3683517418327025,,217.08793545817562,psi,,simulated
FI-PT,pressure,5251.748788619,1780039940.6492548,1.7381580755899042,,309.53951889747606,psi,,simulated
thrust,thrust,5251.748837637,1780039940.649304,2.499233782200072,2.500766217799928,153.24355998558303,N,,simulated
FM-FM,flow,5251.749513331,1780039940.6499796,1.473608192635559,,6.315076805958365,gallons_per_minute,,simulated
CC-PT,pressure,5251.75888385,1780039940.6593502,1.3692315064944633,,217.30787662361584,psi,,simulated
FI-PT,pressure,5251.758989534,1780039940.6594558,1.7360593957971806,,309.01484894929513,psi,,simulated
thrust,thrust,5251.7590512,1780039940.6595175,2.4992701410377194,2.5007298589622806,145.97179245612324,N,,simulated
CC-PT,pressure,5251.769049637,1780039940.6695158,1.3702584946463698,,217.56462366159246,psi,,simulated
FI-PT,pressure,5251.769116765,1780039940.669583,1.742518155874986,,310.6295389687465,psi,,simulated
thrust,thrust,5251.769166376,1780039940.6696324,2.499261796386456,2.500738203613544,147.64072270878614,N,,simulated
tank_temp,temperature,5251.775110516,1780039940.675577,,,20.917455268593713,°C,,simulated
CC-PT,pressure,5251.779183534,1780039940.6796498,1.356631083086858,,214.1577707717145,psi,,simulated
FI-PT,pressure,5251.779251922,1780039940.6797183,1.7220928337684671,,305.52320844211675,psi,,simulated
thrust,thrust,5251.779305533,1780039940.6797717,2.499298751270622,2.500701248729378,140.2497458755647,N,,simulated
CC-PT,pressure,5251.789318876,1780039940.689785,1.3606275749954673,,215.15689374886682,psi,,simulated
FI-PT,pressure,5251.789382931,1780039940.6898491,1.7367084904561627,,309.1771226140407,psi,,simulated
thrust,thrust,5251.789429949,1780039940.689896,2.4993321298756754,2.5006678701243246,133.5740248649131,N,,simulated
FM-FM,flow,5251.790530545,1780039940.6909966,1.4578582594225717,,6.167421182086609,gallons_per_minute,,simulated
CC-PT,pressure,5251.799451811,1780039940.699918,1.3558907933104982,,213.97269832762456,psi,,simulated
FI-PT,pressure,5251.799520514,1780039940.6999867,1.742117612614347,,310.5294031535867,psi,,simulated
thrust,thrust,5251.799572643,1780039940.700039,2.4993374942943447,2.5006625057056553,132.50114113105838,N,,simulated
CC-PT,pressure,5251.809588912,1780039940.710055,1.3617397977995633,,215.43494944989084,psi,,simulated
FI-PT,pressure,5251.809651745,1780039940.7101178,1.739930121890321,,309.9825304725802,psi,,simulated
thrust,thrust,5251.809697763,1780039940.710164,2.499345838945608,2.500654161054392,130.83221087839547,N,,simulated
CC-PT,pressure,5251.819718606,1780039940.7201848,1.3569660612304282,,214.24151530760705,psi,,simulated
FI-PT,pressure,5251.819785828,1780039940.7202523,1.733025519016447,,308.2563797541117,psi,,simulated
thrust,thrust,5251.819838105,1780039940.7203045,2.499386370108887,2.500613629891113,122.72597822260423,N,,simulated
CC-PT,pressure,5251.829853763,1780039940.7303202,1.3687528811398604,,217.1882202849651,psi,,simulated
FI-PT,pressure,5251.829916466,1780039940.7303827,1.7348738592712711,,308.7184648178178,psi,,simulated
thrust,thrust,5251.82996428,1780039940.7304304,2.4994245170860907,2.5005754829139093,115.09658278185952,N,,simulated
FM-FM,flow,5251.830677956,1780039940.7311442,1.5047349339407603,,6.606890005694627,gallons_per_minute,,simulated
CC-PT,pressure,5251.839984142,1780039940.7404504,1.3601060342915101,,215.02650857287753,psi,,simulated
FI-PT,pressure,5251.840094104,1780039940.7405603,1.7342098634493188,,308.5524658623297,psi,,simulated
thrust,thrust,5251.840148066,1780039940.7406142,2.4994441866212114,2.5005558133787886,111.16267575772554,N,,simulated
CC-PT,pressure,5251.851992514,1780039940.752459,1.3541783516619623,,213.54458791549058,psi,,simulated
FI-PT,pressure,5251.85211829,1780039940.7525845,1.7389383004830241,,309.734575120756,psi,,simulated
thrust,thrust,5251.852173641,1780039940.7526398,2.4994555115050687,2.5005444884949313,108.89769898625445,N,,simulated
CC-PT,pressure,5251.86219117,1780039940.7626579,1.3634480671224676,,215.8620167806169,psi,,simulated
FI-PT,pressure,5251.862279799,1780039940.762746,1.7408915449251585,,310.22288623128964,psi,,simulated
thrust,thrust,5251.862336927,1780039940.7628033,2.4995002149939793,2.5004997850060207,99.95700120413176,N,,simulated
FM-FM,flow,5251.870830014,1780039940.7712965,1.5020276906523335,,6.581509599865626,gallons_per_minute,,simulated
CC-PT,pressure,5251.87234229,1780039940.7728088,1.3497413813759542,,212.43534534398856,psi,,simulated
FI-PT,pressure,5251.872406085,1780039940.7728722,1.7331924120417133,,308.2981030104283,psi,,simulated
thrust,thrust,5251.872453807,1780039940.7729201,2.499523460808213,2.500476539191787,95.30783835742795,N,,simulated
tank_temp,temperature,5251.875273509,1780039940.7757397,,,20.702618428796345,°C,,simulated
CC-PT,pressure,5251.882474632,1780039940.7829409,1.3636966185208106,,215.92415463020265,psi,,simulated
FI-PT,pressure,5251.882542927,1780039940.7830093,1.7429914168109197,,310.7478542027299,psi,,simulated
thrust,thrust,5251.882595223,1780039940.7830615,2.499548494762003,2.500451505237997,90.30104759943924,N,,simulated
CC-PT,pressure,5251.89260953,1780039940.7930758,1.3536425058415538,,213.41062646038844,psi,,simulated
FI-PT,pressure,5251.892671232,1780039940.7931373,1.7395361351413887,,309.8840337853472,psi,,simulated
thrust,thrust,5251.892718584,1780039940.7931848,2.4995902180183194,2.5004097819816806,81.95639633612473,N,,simulated
CC-PT,pressure,5251.902740538,1780039940.8032067,1.35086373697087,,212.7159342427175,psi,,simulated
FI-PT,pressure,5251.90280813,1780039940.8032742,1.7246075540313188,,306.1518885078297,psi,,simulated
thrust,thrust,5251.902859574,1780039940.803326,2.4995860456926877,2.5004139543073123,82.79086146245618,N,,simulated
FM-FM,flow,5251.910978258,1780039940.8114445,1.5091152798074816,,6.647955748195139,gallons_per_minute,,simulated
CC-PT,pressure,5251.912876121,1780039940.8133426,1.3645877080664288,,216.1469270166072,psi,,simulated
FI-PT,pressure,5251.912938287,1780039940.8134043,1.7347570341535847,,308.6892585383962,psi,,simulated
thrust,thrust,5251.91298486,1780039940.813451,2.4996551870888695,2.5003448129111305,68.9625822261064,N,,simulated
CC-PT,pressure,5251.923005204,1780039940.8234715,1.3610060645349105,,215.25151613372762,psi,,simulated
FI-PT,pressure,5251.923072481,1780039940.8235388,1.7363401337075393,,309.0850334268848,psi,,simulated
thrust,thrust,5251.923125073,1780039940.8235912,2.4996891617404415,2.5003108382595585,62.167651911693156,N,,simulated
CC-PT,pressure,5251.933139491,1780039940.8336055,1.3559056944734684,,213.9764236183671,psi,,simulated
FI-PT,pressure,5251.933198712,1780039940.8336647,1.733221022274616,,308.305255568654,psi,,simulated
thrust,thrust,5251.933245656,1780039940.8337119,2.499696910345186,2.500303089654814,60.61793096279189,N,,simulated
CC-PT,pressure,5251.943310258,1780039940.8437774,1.3592071961411474,,214.80179903528685,psi,,simulated
FI-PT,pressure,5251.943435368,1780039940.8439014,1.7378213093067776,,309.4553273266944,psi,,simulated
thrust,thrust,5251.943493737,1780039940.84396,2.499721944298976,2.500278055701024,55.61114020480318,N,,simulated
FM-FM,flow,5251.952186414,1780039940.852653,1.511926235190181,,6.674308454907946,gallons_per_minute,,simulated
CC-PT,pressure,5251.9534931,1780039940.8539593,1.352224511173309,,213.05612779332728,psi,,simulated
FI-PT,pressure,5251.953574728,1780039940.8540409,1.7370762511582674,,309.2690627895668,psi,,simulated
thrust,thrust,5251.953660523,1780039940.854127,2.4997481703458035,2.5002518296541965,50.365930839291195,N,,simulated
CC-PT,pressure,5251.963643127,1780039940.8641095,1.3477052864677055,,211.92632161692637,psi,,simulated
FI-PT,pressure,5251.963725663,1780039940.864192,1.7369212790633772,,309.2303197658443,psi,,simulated
thrust,thrust,5251.963782551,1780039940.8642488,2.4997976422068646,2.5002023577931354,40.47155862707541,N,,simulated
CC-PT,pressure,5251.973791728,1780039940.8742578,1.3511116923226942,,212.77792308067356,psi,,simulated
FI-PT,pressure,5251.973855523,1780039940.8743217,1.735918132772223,,308.9795331930558,psi,,simulated
thrust,thrust,5251.973903985,1780039940.87437,2.4998190998815417,2.5001809001184583,36.180023691656515,N,,simulated
tank_temp,temperature,5251.975443372,1780039940.8759096,,,20.68978717282784,°C,,simulated
CC-PT,pressure,5251.983923051,1780039940.8843894,1.3532556716508473,,213.31391791271182,psi,,simulated
FI-PT,pressure,5251.983990106,1780039940.8844562,1.739317982115505,,309.82949552887624,psi,,simulated
thrust,thrust,5251.984087771,1780039940.884554,2.499836385230587,2.500163614769413,32.72295388256907,N,,simulated
FM-FM,flow,5251.992356028,1780039940.8928223,1.4679892621027544,,6.262399332213321,gallons_per_minute,,simulated
CC-PT,pressure,5251.994059005,1780039940.8945253,1.3512392462777192,,212.8098115694298,psi,,simulated
FI-PT,pressure,5251.994120411,1780039940.8945866,1.7342331092635523,,308.55827731588806,psi,,simulated
thrust,thrust,5251.994167392,1780039940.8946335,2.499867379649565,2.500132620350435,26.524070086964002,N,,simulated
CC-PT,pressure,5252.00419168,1780039940.9046578,1.3414324929037682,,210.35812322594205,psi,,simulated
FI-PT,pressure,5252.004257735,1780039940.904724,1.7410566498108684,,310.2641624527171,psi,,simulated
thrust,thrust,5252.004309215,1780039940.9047754,2.4999246001153708,2.5000753998846292,15.07997692584695,N,,simulated
CC-PT,pressure,5252.014326189,1780039940.9147925,1.351578396746921,,212.89459918673026,psi,,simulated
FI-PT,pressure,5252.014387355,1780039940.9148536,1.727406588483642,,306.8516471209105,psi,,simulated
thrust,thrust,5252.014434798,1780039940.914901,2.4999603629064993,2.5000396370935007,7.927418700148792,N,,simulated
CC-PT,pressure,5252.024455198,1780039940.9249213,1.340503852427465,,210.12596310686627,psi,,simulated
FI-PT,pressure,5252.024521548,1780039940.9249878,1.7383899376857206,,309.5974844214301,psi,,simulated
thrust,thrust,5252.024574807,1780039940.9250412,2.4999698996508,2.5000301003492,6.020069839962616,N,,simulated
FM-FM,flow,5252.032508698,1780039940.9329748,1.4860518558087177,,6.431736148206728,gallons_per_minute,,simulated
CC-PT,pressure,5252.034588929,1780039940.935055,1.3445814066626318,,211.14535166565796,psi,,simulated
FI-PT,pressure,5252.034651465,1780039940.9351175,1.735206453228766,,308.80161330719153,psi,,simulated
thrust,thrust,5252.034699631,1780039940.935166,2.500028908256162,2.499971091743838,5.781651232439344,N,,simulated
CC-PT,pressure,5252.044717567,1780039940.9451838,1.3471211608792735,,211.78029021981837,psi,,simulated
FI-PT,pressure,5252.044787566,1780039940.9452536,1.735868660911162,,308.9671652277905,psi,,simulated
thrust,thrust,5252.044840825,1780039940.9453073,2.500041425233057,2.499958574766943,8.2850466114337,N,,simulated
CC-PT,pressure,5252.054883575,1780039940.95535,1.346075695285284,,211.51892382132098,psi,,simulated
FI-PT,pressure,5252.054980074,1780039940.9554462,1.7398872065409667,,309.97180163524166,psi,,simulated
thrust,thrust,5252.055035851,1780039940.955502,2.500079572210261,2.499920427789739,15.914442052178401,N,,simulated
CC-PT,pressure,5252.06503951,1780039940.9655058,1.3350679081759342,,208.76697704398356,psi,,simulated
FI-PT,pressure,5252.065113509,1780039940.9655797,1.7345436494998514,,308.63591237496286,psi,,simulated
thrust,thrust,5252.065168304,1780039940.9656346,2.5000998377919004,2.4999001622080996,19.967558380074024,N,,simulated
FM-FM,flow,5252.07265872,1780039940.9731252,1.4710893000470757,,6.291462187941334,gallons_per_minute,,simulated
CC-PT,pressure,5252.075180833,1780039940.9756472,1.3543863718970264,,213.5965929742566,psi,,simulated
FI-PT,pressure,5252.075243351,1780039940.9757097,1.719538774435374,,304.8846936088435,psi,,simulated
thrust,thrust,5252.075290461,1780039940.975757,2.5001516938390367,2.4998483061609633,30.338767807336353,N,,simulated
tank_temp,temperature,5252.075644197,1780039940.9761107,,,20.722558894152836,°C,,simulated
CC-PT,pressure,5252.085311546,1780039940.9857779,1.344431798986411,,211.10794974660274,psi,,simulated
FI-PT,pressure,5252.085380415,1780039940.9858465,1.7298211729313342,,307.4552932328335,psi,,simulated
thrust,thrust,5252.085433933,1780039940.9859004,2.5001707673276385,2.4998292326723615,34.153465527708704,N,,simulated
CC-PT,pressure,5252.095445906,1780039940.995912,1.3458337003986478,,211.45842509966195,psi,,simulated
FI-PT,pressure,5252.095508591,1780039940.995975,1.7372783109281433,,309.31957773203584,psi,,simulated
thrust,thrust,5252.095555386,1780039940.9960215,2.500203549886173,2.499796450113827,40.70997723459868,N,,simulated
CC-PT,pressure,5252.105574952,1780039941.0060413,1.3274397048282272,,206.8599262070568,psi,,simulated
FI-PT,pressure,5252.105642377,1780039941.0061085,1.7369290276681217,,309.23225691703044,psi,,simulated
thrust,thrust,5252.105694543,1780039941.0061607,2.5002387166307827,2.4997612833692173,47.743326156535204,N,,simulated
FM-FM,flow,5252.11280989,1780039941.013276,1.521016540648525,,6.759530068579921,gallons_per_minute,,simulated
CC-PT,pressure,5252.115708609,1780039941.0161748,1.341187517784538,,210.2968794461345,psi,,simulated
FI-PT,pressure,5252.115769756,1780039941.016236,1.7357655448634082,,308.94138621585205,psi,,simulated
thrust,thrust,5252.115816848,1780039941.016283,2.500258982212422,2.499741017787578,51.79644248443083,N,,simulated
CC-PT,pressure,5252.125838951,1780039941.0263052,1.3391848014813426,,209.79620037033564,psi,,simulated
FI-PT,pressure,5252.125911321,1780039941.0263774,1.7348762434573464,,308.7190608643366,psi,,simulated
thrust,thrust,5252.125966542,1780039941.0264328,2.5003102422130397,2.4996897577869603,62.04844260793152,N,,simulated
CC-PT,pressure,5252.135978127,1780039941.0364444,1.3379009172798297,,209.47522931995744,psi,,simulated
FI-PT,pressure,5252.13607807,1780039941.0365443,1.7427982977388259,,310.69957443470645,psi,,simulated
thrust,thrust,5252.136126328,1780039941.0365925,2.500330507794679,2.499669492205321,66.10155893582714,N,,simulated
CC-PT,pressure,5252.146143116,1780039941.0466096,1.334462920959344,,208.61573023983598,psi,,simulated
FI-PT,pressure,5252.146211986,1780039941.0466783,1.738867370947286,,309.7168427368215,psi,,simulated
thrust,thrust,5252.146264522,1780039941.0467308,2.5003507733763186,2.4996492266236814,70.15467526372277,N,,simulated
FM-FM,flow,5252.152982467,1780039941.053449,1.5135427133491888,,6.689462937648644,gallons_per_minute,,simulated
CC-PT,pressure,5252.156293366,1780039941.0567598,1.332663456519062,,208.1658641297655,psi,,simulated
FI-PT,pressure,5252.156368717,1780039941.0568347,1.7327257076174865,,308.1814269043716,psi,,simulated
thrust,thrust,5252.156421586,1780039941.0568879,2.500374615237071,2.499625384762929,74.9230474141882,N,,simulated
CC-PT,pressure,5252.166432448,1780039941.066899,1.3296951448553973,,207.42378621384933,psi,,simulated
FI-PT,pressure,5252.166504059,1780039941.0669703,1.7338462750728458,,308.46156876821146,psi,,simulated
thrust,thrust,5252.166558502,1780039941.067025,2.500417530586425,2.499582469413575,83.506117285026,N,,simulated
tank_temp,temperature,5252.175811245,1780039941.0762775,,,20.90098271025574,°C,,simulated
CC-PT,pressure,5252.176570531,1780039941.0770369,1.3262017162086626,,206.55042905216564,psi,,simulated
FI-PT,pressure,5252.176633456,1780039941.0770996,1.7446013384582206,,311.15033461455516,psi,,simulated
thrust,thrust,5252.176680641,1780039941.0771468,2.500445544772809,2.499554455227191,89.10895456182288,N,,simulated
CC-PT,pressure,5252.186701318,1780039941.0871675,1.340345900099981,,210.08647502499522,psi,,simulated
FI-PT,pressure,5252.186768558,1780039941.0872347,1.7396762060733086,,309.91905151832714,psi,,simulated
thrust,thrust,5252.18682002,1780039941.087286,2.500471174773118,2.499528825226882,94.23495462357323,N,,simulated
FM-FM,flow,5252.193155748,1780039941.0936217,1.4644529181066654,,6.229246107249987,gallons_per_minute,,simulated
CC-PT,pressure,5252.19683566,1780039941.097302,1.326585570166775,,206.64639254169376,psi,,simulated
FI-PT,pressure,5252.196896252,1780039941.0973625,1.7412485767899246,,310.31214419748113,psi,,simulated
thrust,thrust,5252.196942473,1780039941.0974085,2.500489056168682,2.499510943831318,97.81123373642231,N,,simulated
CC-PT,pressure,5252.206965002,1780039941.1074314,1.337607066346057,,209.40176658651427,psi,,simulated
FI-PT,pressure,5252.207035872,1780039941.107502,1.7392720865335567,,309.81802163338915,psi,,simulated
thrust,thrust,5252.207088537,1780039941.1075547,2.5005409122158184,2.4994590877841816,108.18244316368464,N,,simulated
CC-PT,pressure,5252.217113974,1780039941.1175802,1.32202700639093,,205.50675159773252,psi,,simulated
FI-PT,pressure,5252.217185306,1780039941.1176515,1.740458219105985,,310.1145547764962,psi,,simulated
thrust,thrust,5252.217233065,1780039941.1176994,2.5005558133787886,2.4994441866212114,111.16267575772554,N,,simulated
CC-PT,pressure,5252.22725776,1780039941.127724,1.3306482232389716,,207.6620558097429,psi,,simulated
FI-PT,pressure,5252.227330759,1780039941.127797,1.7360665483554063,,309.01663708885155,psi,,simulated
thrust,thrust,5252.227383684,1780039941.12785,2.5005909801233983,2.4994090198766017,118.19602467966206,N,,simulated
FM-FM,flow,5252.233305232,1780039941.1337714,1.5074493297874128,,6.632337466756994,gallons_per_minute,,simulated
CC-PT,pressure,5252.237411472,1780039941.1378777,1.3302625811413027,,207.56564528532567,psi,,simulated
FI-PT,pressure,5252.237486508,1780039941.1379528,1.7335291783248399,,308.38229458121,psi,,simulated
thrust,thrust,5252.237538433,1780039941.1380048,2.5006124377980754,2.4993875622019246,122.48755961508095,N,,simulated
CC-PT,pressure,5252.247551074,1780039941.1480174,1.3272740038959985,,206.81850097399962,psi,,simulated
FI-PT,pressure,5252.247631628,1780039941.1480978,1.7335965315814652,,308.3991328953663,psi,,simulated
thrust,thrust,5252.247694516,1780039941.1481605,2.500629723147121,2.499370276852879,125.9446294241684,N,,simulated
CC-PT,pressure,5252.257728322,1780039941.158195,1.3195158624071912,,204.8789656017978,psi,,simulated
FI-PT,pressure,5252.257824858,1780039941.1582909,1.7342176120540633,,308.5544030135158,psi,,simulated
thrust,thrust,5252.257878746,1780039941.158345,2.5006493926822415,2.4993506073177585,129.87853644830238,N,,simulated
CC-PT,pressure,5252.267885127,1780039941.1683514,1.329466262992175,,207.36656574804374,psi,,simulated
FI-PT,pressure,5252.267962219,1780039941.1684287,1.7498501241028457,,312.4625310257114,psi,,simulated
thrust,thrust,5252.268048329,1780039941.1685145,2.500666678031287,2.499333321968713,133.33560625738983,N,,simulated
FM-FM,flow,5252.273462921,1780039941.1739292,1.498965799685216,,6.552804372048898,gallons_per_minute,,simulated
tank_temp,temperature,5252.275973664,1780039941.17644,,,20.505641310144423,°C,,simulated
CC-PT,pressure,5252.278030173,1780039941.1784966,1.324848690610968,,206.212172652742,psi,,simulated
FI-PT,pressure,5252.278093894,1780039941.1785603,1.7431815556504195,,310.7953889126049,psi,,simulated
thrust,thrust,5252.278141171,1780039941.1786075,2.5007119775667164,2.4992880224332836,142.39551334327416,N,,simulated
CC-PT,pressure,5252.288168145,1780039941.1886344,1.3202132368341968,,205.0533092085492,psi,,simulated
FI-PT,pressure,5252.288239644,1780039941.1887057,1.7398502516568006,,309.96256291420013,psi,,simulated
thrust,thrust,5252.288293106,1780039941.1887593,2.500722706404055,2.499277293595945,144.5412808109836,N,,simulated
CC-PT,pressure,5252.298307579,1780039941.1987739,1.3262148292320763,,206.55370730801909,psi,,simulated
FI-PT,pressure,5252.298370801,1780039941.198837,1.7389049218779709,,309.7262304694927,psi,,simulated
thrust,thrust,5252.298417633,1780039941.1988838,2.50076025733474,2.49923974266526,152.05146694796667,N,,simulated
CC-PT,pressure,5252.308442051,1780039941.2089083,1.326964655752737,,206.74116393818426,psi,,simulated
FI-PT,pressure,5252.308509846,1780039941.208976,1.7300786650274593,,307.5196662568648,psi,,simulated
thrust,thrust,5252.308562605,1780039941.209029,2.5007823110559357,2.4992176889440643,156.4622111871472,N,,simulated
FM-FM,flow,5252.313609943,1780039941.214076,1.4997168182989142,,6.55984517155232,gallons_per_minute,,simulated
CC-PT,pressure,5252.318577189,1780039941.2190433,1.3162292619024827,,204.05731547562067,psi,,simulated
FI-PT,pressure,5252.318638244,1780039941.2191045,1.7441209249640612,,311.0302312410153,psi,,simulated
thrust,thrust,5252.31868454,1780039941.2191505,2.5007930398932743,2.4992069601067257,158.60797865485665,N,,simulated
CC-PT,pressure,5252.328709643,1780039941.229176,1.328061381347344,,207.01534533683602,psi,,simulated
FI-PT,pressure,5252.328778086,1780039941.2292445,1.729427186182402,,307.3567965456005,psi,,simulated
thrust,thrust,5252.328829252,1780039941.2292953,2.5008079410562445,2.4991920589437555,161.58821124889755,N,,simulated
CC-PT,pressure,5252.33884454,1780039941.2393107,1.3141645567613311,,203.54113919033279,psi,,simulated
FI-PT,pressure,5252.33890515,1780039941.2393713,1.745737403123069,,311.43435078076726,psi,,simulated
thrust,thrust,5252.33895065,1780039941.2394168,2.5008359552426285,2.4991640447573715,167.19104852569444,N,,simulated
CC-PT,pressure,5252.348972068,1780039941.2494385,1.3261492641150074,,206.53731602875186,psi,,simulated
FI-PT,pressure,5252.349041048,1780039941.2495074,1.7367645188289307,,309.1911297072327,psi,,simulated
thrust,thrust,5252.349094233,1780039941.2495604,2.500859797103381,2.499140202896619,171.95942067615988,N,,simulated
FM-FM,flow,5252.353791909,1780039941.2542584,1.5128316298522506,,6.682796529864849,gallons_per_minute,,simulated
CC-PT,pressure,5252.359113187,1780039941.2595797,1.316973724004474,,204.24343100111852,psi,,simulated
FI-PT,pressure,5252.359184242,1780039941.2596502,1.7314668573697636,,307.8667143424409,psi,,simulated
thrust,thrust,5252.35923626,1780039941.2597024,2.500858605010343,2.499141394989657,171.7210020686366,N,,simulated
CC-PT,pressure,5252.369253418,1780039941.2697198,1.3196988486884653,,204.92471217211633,psi,,simulated
FI-PT,pressure,5252.369330713,1780039941.2697968,1.7484470305975712,,312.1117576493928,psi,,simulated
thrust,thrust,5252.369385676,1780039941.269852,2.5008824468710955,2.4991175531289045,176.48937421910205,N,,simulated
tank_temp,temperature,5252.376173693,1780039941.27664,,,20.679730242474122,°C,,simulated
CC-PT,pressure,5252.379397538,1780039941.2798638,1.3144846337419311,,203.62115843548278,psi,,simulated
FI-PT,pressure,5252.379459722,1780039941.2799258,1.7340030353072924,,308.5007588268231,psi,,simulated
thrust,thrust,5252.379507944,1780039941.2799742,2.5009068847783666,2.4990931152216334,181.37695567332912,N,,simulated
CC-PT,pressure,5252.38952838,1780039941.2899947,1.30667344411295,,201.66836102823748,psi,,simulated
FI-PT,pressure,5252.389596379,1780039941.2900627,1.7382367537303869,,309.5591884325967,psi,,simulated
thrust,thrust,5252.389648527,1780039941.2901149,2.5008949638479905,2.4991050361520095,178.9927695980964,N,,simulated
FM-FM,flow,5252.39395793,1780039941.294424,1.4855893237101225,,6.427399909782398,gallons_per_minute,,simulated
CC-PT,pressure,5252.399663389,1780039941.3001297,1.3158567328282276,,203.9641832070569,psi,,simulated
FI-PT,pressure,5252.399725869,1780039941.300192,1.7389156507153094,,309.7289126788273,psi,,simulated
thrust,thrust,5252.399772387,1780039941.3002386,2.500924170127412,2.499075829872588,184.83402548241656,N,,simulated
CC-PT,pressure,5252.409793787,1780039941.31026,1.3197262668283305,,204.93156670708262,psi,,simulated
FI-PT,pressure,5252.409861045,1780039941.3103273,1.7310919441094332,,307.7729860273583,psi,,simulated
thrust,thrust,5252.409914285,1780039941.3103805,2.5009283424530437,2.4990716575469563,185.66849060874802,N,,simulated
CC-PT,pressure,5252.419929018,1780039941.3203952,1.309960640664177,,202.49016016604426,psi,,simulated
FI-PT,pressure,5252.419989832,1780039941.320456,1.7424913337816397,,310.6228334454099,psi,,simulated
thrust,thrust,5252.420074386,1780039941.3205407,2.500946819895127,2.499053180104873,189.36397902535873,N,,simulated
CC-PT,pressure,5252.43005923,1780039941.3305254,1.3156022209646965,,203.90055524117412,psi,,simulated
FI-PT,pressure,5252.430125896,1780039941.330592,1.7320509829581956,,308.0127457395489,psi,,simulated
thrust,thrust,5252.430178414,1780039941.3306448,2.500961125011578,2.499038874988422,192.225002315638,N,,simulated
FM-FM,flow,5252.434107971,1780039941.3345742,1.492678701004827,,6.493862821920253,gallons_per_minute,,simulated
CC-PT,pressure,5252.440196757,1780039941.340663,1.3026715877856718,,200.66789694641795,psi,,simulated
FI-PT,pressure,5252.440257812,1780039941.340724,1.7387827323416152,,309.6956830854038,psi,,simulated
thrust,thrust,5252.440305737,1780039941.340772,2.5009599329185406,2.4990400670814594,191.98658370811472,N,,simulated
CC-PT,pressure,5252.451981984,1780039941.3524485,1.3018556001014234,,200.46390002535585,psi,,simulated
FI-PT,pressure,5252.452117482,1780039941.3525836,1.733224598553729,,308.3061496384322,psi,,simulated
thrust,thrust,5252.452180685,1780039941.3526468,2.500974834081511,2.499025165918489,194.96681630215562,N,,simulated
CC-PT,pressure,5252.462190455,1780039941.362657,1.3063301213181164,,201.5825303295291,psi,,simulated
FI-PT,pressure,5252.46227012,1780039941.3627365,1.7493029533985798,,312.32573834964495,psi,,simulated
thrust,thrust,5252.462322305,1780039941.3627884,2.5009945036166314,2.4990054963833686,198.9007233262896,N,,simulated
CC-PT,pressure,5252.472338167,1780039941.3728044,1.3023747566193054,,200.59368915482634,psi,,simulated
FI-PT,pressure,5252.472410462,1780039941.3728766,1.740219204451943,,310.05480111298573,psi,,simulated
thrust,thrust,5252.472465351,1780039941.3729315,2.500992119430556,2.499007880569444,198.42388611124306,N,,simulated
FM-FM,flow,5252.474256881,1780039941.3747234,1.4859535081331143,,6.430814138747946,gallons_per_minute,,simulated
tank_temp,temperature,5252.476340112,1780039941.3768065,,,20.591298613501852,°C,,simulated
CC-PT,pressure,5252.48247925,1780039941.3829455,1.3084496627389983,,202.11241568474958,psi,,simulated
FI-PT,pressure,5252.482542379,1780039941.3830085,1.748550146645325,,312.13753666133124,psi,,simulated
thrust,thrust,5252.482590619,1780039941.3830569,2.5009950996631503,2.4990049003368497,199.01993263005124,N,,simulated
CC-PT,pressure,5252.492613722,1780039941.3930798,1.307440555982656,,201.86013899566402,psi,,simulated
FI-PT,pressure,5252.492681647,1780039941.393148,1.7368491574346014,,309.21228935865037,psi,,simulated
thrust,thrust,5252.492735812,1780039941.3932018,2.5009950996631503,2.4990049003368497,199.01993263005124,N,,simulated
CC-PT,pressure,5252.502757397,1780039941.4032235,1.317654409128953,,204.41360228223826,psi,,simulated
FI-PT,pressure,5252.502819137,1780039941.4032853,1.7413117577209183,,310.32793943022955,psi,,simulated
thrust,thrust,5252.502865192,1780039941.4033313,2.5009980798957443,2.4990019201042557,199.61597914885942,N,,simulated
CC-PT,pressure,5252.512894646,1780039941.4133608,1.2899936783306214,,197.49841958265534,psi,,simulated
FI-PT,pressure,5252.512964868,1780039941.413431,1.7431404284406218,,310.7851071101554,psi,,simulated
thrust,thrust,5252.513019478,1780039941.4134855,2.5010100008261205,2.4989899991738795,202.00016522409214,N,,simulated
FM-FM,flow,5252.514414625,1780039941.4148808,1.4869542702381933,,6.440196283483061,gallons_per_minute,,simulated
CC-PT,pressure,5252.523031692,1780039941.423498,1.2979562637753799,,199.48906594384496,psi,,simulated
FI-PT,pressure,5252.523093765,1780039941.42356,1.7403783488724647,,310.09458721811615,psi,,simulated
thrust,thrust,5252.523140505,1780039941.4236069,2.500998675942263,2.499001324057737,199.73518845262106,N,,simulated
CC-PT,pressure,5252.533163849,1780039941.4336302,1.3104166162510653,,202.60415406276633,psi,,simulated
FI-PT,pressure,5252.533235589,1780039941.4337015,1.7383863614066077,,309.5965903516519,psi,,simulated
thrust,thrust,5252.53328831,1780039941.4337544,2.5009968878027067,2.4990031121972933,199.37756054133615,N,,simulated
CC-PT,pressure,5252.543304821,1780039941.4437711,1.2891699420416285,,197.29248551040712,psi,,simulated
FI-PT,pressure,5252.543367264,1780039941.4438334,1.746588557551927,,311.6471393879818,psi,,simulated
thrust,thrust,5252.543413912,1780039941.44388,2.5009945036166314,2.4990054963833686,198.9007233262896,N,,simulated
CC-PT,pressure,5252.553465755,1780039941.4539323,1.2980331537763061,,199.50828844407653,psi,,simulated
FI-PT,pressure,5252.553571254,1780039941.4540374,1.74220105912698,,310.550264781745,psi,,simulated
thrust,thrust,5252.553631938,1780039941.4540982,2.5009950996631503,2.4990049003368497,199.01993263005124,N,,simulated
FM-FM,flow,5252.554567758,1780039941.455034,1.4798535680596314,,6.373627200559044,gallons_per_minute,,simulated
CC-PT,pressure,5252.563628152,1780039941.4640944,1.3020391824292163,,200.50979560730408,psi,,simulated
FI-PT,pressure,5252.563693429,1780039941.4641597,1.740365235849051,,310.0913089622627,psi,,simulated
thrust,thrust,5252.563743743,1780039941.46421,2.5009968878027067,2.4990031121972933,199.37756054133615,N,,simulated
CC-PT,pressure,5252.57376092,1780039941.4742272,1.2920452704483592,,198.01131761208978,psi,,simulated
FI-PT,pressure,5252.573829901,1780039941.474296,1.7448171072980292,,311.2042768245073,psi,,simulated
thrust,thrust,5252.5738844,1780039941.4743507,2.5009909273375186,2.4990090726624814,198.1854675037198,N,,simulated
tank_temp,temperature,5252.576511716,1780039941.4769778,,,20.66013656781947,°C,,simulated
CC-PT,pressure,5252.583897874,1780039941.484364,1.2906457532221975,,197.66143830554938,psi,,simulated
FI-PT,pressure,5252.583959576,1780039941.4844258,1.7238785891388164,,305.9696472847041,psi,,simulated
thrust,thrust,5252.58403702,1780039941.4845033,2.5009843708258117,2.4990156291741883,196.8741651623418,N,,simulated
CC-PT,pressure,5252.594029419,1780039941.4944956,1.2998224854257687,,199.95562135644218,psi,,simulated
FI-PT,pressure,5252.594096974,1780039941.494563,1.7338337580959509,,308.4584395239877,psi,,simulated
thrust,thrust,5252.594149566,1780039941.4946158,2.5010034443144136,2.4989965556855864,200.68886288271415,N,,simulated
FM-FM,flow,5252.59472178,1780039941.495188,1.528144660966952,,6.8263561965651745,gallons_per_minute,,simulated
CC-PT,pressure,5252.604168132,1780039941.5046344,1.3005073428758793,,200.12683571896983,psi,,simulated
FI-PT,pressure,5252.604228705,1780039941.504695,1.7427953175062318,,310.69882937655797,psi,,simulated
thrust,thrust,5252.604275519,1780039941.5047417,2.5009635091976534,2.4990364908023466,192.70183953068454,N,,simulated
CC-PT,pressure,5252.614297696,1780039941.514764,1.2844570022174122,,196.11425055435305,psi,,simulated
FI-PT,pressure,5252.614366399,1780039941.5148327,1.737779586050461,,309.44489651261523,psi,,simulated
thrust,thrust,5252.614417639,1780039941.5148838,2.500967681523285,2.499032318476715,193.536304657016,N,,simulated
CC-PT,pressure,5252.624436631,1780039941.5249028,1.28819898226249,,197.0497455656225,psi,,simulated
FI-PT,pressure,5252.624499667,1780039941.524966,1.7383005307078994,,309.5751326769748,psi,,simulated
thrust,thrust,5252.624547648,1780039941.5250137,2.5009641052441722,2.4990358947558278,192.82104883444617,N,,simulated
CC-PT,pressure,5252.634567269,1780039941.5350337,1.288776551339215,,197.19413783480377,psi,,simulated
FI-PT,pressure,5252.63463662,1780039941.5351026,1.7311938680641494,,307.79846701603736,psi,,simulated
thrust,thrust,5252.634689305,1780039941.5351555,2.5009474159416456,2.4990525840583544,189.48318832912037,N,,simulated
FM-FM,flow,5252.634788025,1780039941.5352542,1.517011108042134,,6.721979137895006,gallons_per_minute,,simulated
CC-PT,pressure,5252.6447075,1780039941.5451736,1.2856240613012386,,196.40601532530965,psi,,simulated
FI-PT,pressure,5252.644768796,1780039941.545235,1.7377336904685128,,309.4334226171282,psi,,simulated
thrust,thrust,5252.644815239,1780039941.5452816,2.5009378791973447,2.4990621208026553,187.5758394689342,N,,simulated
CC-PT,pressure,5252.654866064,1780039941.5553327,1.2935359827918984,,198.3839956979746,psi,,simulated
FI-PT,pressure,5252.654970266,1780039941.5554366,1.7479678091964492,,311.9919522991123,psi,,simulated
thrust,thrust,5252.655029377,1780039941.5554957,2.500911653150517,2.499088346849483,182.3306301034222,N,,simulated
CC-PT,pressure,5252.665032628,1780039941.5654988,1.2832446435981564,,195.8111608995391,psi,,simulated
FI-PT,pressure,5252.665098553,1780039941.5655646,1.7369010134817378,,309.2252533704344,psi,,simulated
thrust,thrust,5252.66514846,1780039941.5656147,2.5009128452435547,2.4990871547564453,182.56904871094548,N,,simulated
FM-FM,flow,5252.674936195,1780039941.5754025,1.500410616446807,,6.566349529188814,gallons_per_minute,,simulated
CC-PT,pressure,5252.675210469,1780039941.5756767,1.2825657466132339,,195.64143665330846,psi,,simulated
FI-PT,pressure,5252.675280024,1780039941.575746,1.7339124362364335,,308.47810905910836,psi,,simulated
thrust,thrust,5252.675333653,1780039941.5757997,2.500906288731848,2.499093711268152,181.25774636956749,N,,simulated
tank_temp,temperature,5252.676671523,1780039941.5771377,,,20.402991262396178,°C,,simulated
CC-PT,pressure,5252.685348052,1780039941.5858142,1.2768794628238036,,194.2198657059509,psi,,simulated
FI-PT,pressure,5252.685409996,1780039941.5858762,1.7380931065193541,,309.5232766298385,psi,,simulated
thrust,thrust,5252.685457347,1780039941.5859237,2.50087529431287,2.49912470568713,175.05886257396241,N,,simulated
CC-PT,pressure,5252.695479561,1780039941.5959458,1.276020559790201,,194.00513994755025,psi,,simulated
FI-PT,pressure,5252.695548893,1780039941.5960152,1.7459948952191942,,311.49872380479854,psi,,simulated
thrust,thrust,5252.695600837,1780039941.5960672,2.5008723140802758,2.4991276859197242,174.46281605515424,N,,simulated
CC-PT,pressure,5252.705615311,1780039941.6060815,1.276679191193484,,194.169797798371,psi,,simulated
FI-PT,pressure,5252.70567668,1780039941.606143,1.7359133644000726,,308.97834110001816,psi,,simulated
thrust,thrust,5252.705724605,1780039941.606191,2.5008609891964184,2.4991390108035816,172.19783928368315,N,,simulated
FM-FM,flow,5252.715098051,1780039941.6155646,1.4715184535406176,,6.295485501943289,gallons_per_minute,,simulated
CC-PT,pressure,5252.715751282,1780039941.6162176,1.2874473676022729,,196.8618419005682,psi,,simulated
FI-PT,pressure,5252.715821004,1780039941.6162872,1.7300625717714515,,307.5156429428629,psi,,simulated
thrust,thrust,5252.715874003,1780039941.6163402,2.5008359552426285,2.4991640447573715,167.19104852569444,N,,simulated
CC-PT,pressure,5252.72589805,1780039941.6263645,1.2842144112842573,,196.05360282106432,psi,,simulated
FI-PT,pressure,5252.725965197,1780039941.6264315,1.7410667826016881,,310.26669565042204,psi,,simulated
thrust,thrust,5252.726013715,1780039941.6264799,2.500818669893583,2.499181330106417,163.733978716607,N,,simulated
CC-PT,pressure,5252.736055651,1780039941.636522,1.2809754945010536,,195.2438736252634,psi,,simulated
FI-PT,pressure,5252.736125687,1780039941.636592,1.7375942155831117,,309.3985538957779,psi,,simulated
thrust,thrust,5252.736179057,1780039941.6366453,2.5007829071024545,2.4992170928975455,156.58142049090884,N,,simulated
CC-PT,pressure,5252.746192808,1780039941.6466591,1.2842978577968904,,196.0744644492226,psi,,simulated
FI-PT,pressure,5252.746255363,1780039941.6467216,1.740483253059775,,310.1208132649437,psi,,simulated
thrust,thrust,5252.746303473,1780039941.6467698,2.5007900596606802,2.4992099403393198,158.01193213604847,N,,simulated
FM-FM,flow,5252.755289516,1780039941.6557562,1.5568878122434393,,7.095823239782242,gallons_per_minute,,simulated
CC-PT,pressure,5252.756327372,1780039941.6567936,1.271946581834147,,192.98664545853677,psi,,simulated
FI-PT,pressure,5252.756406686,1780039941.656873,1.7295136129276292,,307.37840323190727,psi,,simulated
thrust,thrust,5252.756462574,1780039941.6569288,2.500781118962898,2.499218881037102,156.22379257962393,N,,simulated
CC-PT,pressure,5252.766473677,1780039941.66694,1.2761493058382636,,194.0373264595659,psi,,simulated
FI-PT,pressure,5252.766537491,1780039941.6670036,1.7329963127370254,,308.24907818425635,psi,,simulated
thrust,thrust,5252.766585324,1780039941.6670516,2.5007495284974013,2.4992504715025987,149.90569948025723,N,,simulated
CC-PT,pressure,5252.776605316,1780039941.6770716,1.2674923261990936,,191.8730815497734,psi,,simulated
FI-PT,pressure,5252.776676092,1780039941.6771424,1.7376818344213765,,309.4204586053441,psi,,simulated
thrust,thrust,5252.776729981,1780039941.6771963,2.500731647101837,2.499268352898163,146.32942036740815,N,,simulated
tank_temp,temperature,5252.776791924,1780039941.6772583,,,20.518992752165715,°C,,simulated
CC-PT,pressure,5252.786745139,1780039941.6872113,1.2799997663497646,,194.99994158744116,psi,,simulated
FI-PT,pressure,5252.786808601,1780039941.6872747,1.7414548088854322,,310.36370222135804,psi,,simulated
thrust,thrust,5252.78685486,1780039941.6873212,2.5006648898917305,2.4993351101082695,132.97797834610492,N,,simulated
FM-FM,flow,5252.795458242,1780039941.6959245,1.51025134447233,,6.658606354428093,gallons_per_minute,,simulated
CC-PT,pressure,5252.796876333,1780039941.6973424,1.2881340131919399,,197.03350329798496,psi,,simulated
FI-PT,pressure,5252.796942314,1780039941.6974084,1.7497201859617455,,312.4300464904364,psi,,simulated
thrust,thrust,5252.796994572,1780039941.6974607,2.5006613136126177,2.4993386863873823,132.2627225235351,N,,simulated
CC-PT,pressure,5252.807008694,1780039941.707475,1.2767399879384025,,194.18499698460062,psi,,simulated
FI-PT,pressure,5252.807071786,1780039941.707538,1.7474444803529356,,311.8611200882339,psi,,simulated
thrust,thrust,5252.807120303,1780039941.7075865,2.5006398559379406,2.4993601440620594,127.97118758811621,N,,simulated
CC-PT,pressure,5252.81713824,1780039941.7176044,1.268895419704368,,192.223854926092,psi,,simulated
FI-PT,pressure,5252.817204331,1780039941.7176707,1.7460491354524057,,311.5122838631014,psi,,simulated
thrust,thrust,5252.817256164,1780039941.7177224,2.50062018640282,2.49937981359718,124.03728056398222,N,,simulated
CC-PT,pressure,5252.827272804,1780039941.727739,1.2686146817940094,,192.15367044850234,psi,,simulated
FI-PT,pressure,5252.827335488,1780039941.7278016,1.744923203578377,,311.23080089459427,psi,,simulated
thrust,thrust,5252.827381691,1780039941.727848,2.500588595937323,2.499411404062677,117.71918746461552,N,,simulated
FM-FM,flow,5252.835606523,1780039941.7360728,1.515367211743261,,6.706567610093072,gallons_per_minute,,simulated
CC-PT,pressure,5252.837401868,1780039941.737868,1.2675400099205982,,191.88500248014955,psi,,simulated
FI-PT,pressure,5252.837468849,1780039941.737935,1.7453869277700098,,311.34673194250246,psi,,simulated
thrust,thrust,5252.837521607,1780039941.7379878,2.5005498529136005,2.4994501470863995,109.97058272010918,N,,simulated
CC-PT,pressure,5252.84753584,1780039941.748002,1.2680389008568407,,192.00972521421016,psi,,simulated
FI-PT,pressure,5252.847597987,1780039941.7480643,1.7429634026245358,,310.74085065613394,psi,,simulated
thrust,thrust,5252.847645394,1780039941.7481117,2.500539720122781,2.499460279877219,107.94402455616137,N,,simulated
CC-PT,pressure,5252.857693682,1780039941.7581606,1.258802564001389,,189.70064100034722,psi,,simulated
FI-PT,pressure,5252.857802143,1780039941.7582684,1.7428751877397521,,310.71879693493804,psi,,simulated
thrust,thrust,5252.85786355,1780039941.7583299,2.500498592912983,2.499501407087017,99.71858259660848,N,,simulated
CC-PT,pressure,5252.867862783,1780039941.768329,1.2669487317739405,,191.73718294348512,psi,,simulated
FI-PT,pressure,5252.867930023,1780039941.7683964,1.736778823945382,,309.1947059863455,psi,,simulated
thrust,thrust,5252.867979855,1780039941.768446,2.500483691750013,2.499516308249987,96.73835000256759,N,,simulated
FM-FM,flow,5252.875755156,1780039941.7762215,1.5264095695507014,,6.810089714537825,gallons_per_minute,,simulated
tank_temp,temperature,5252.876951473,1780039941.7774177,,,20.618695078948175,°C,,simulated
CC-PT,pressure,5252.877998329,1780039941.7784646,1.2615449740344256,,190.38624350860638,psi,,simulated
FI-PT,pressure,5252.878067328,1780039941.7785337,1.7361374778911445,,309.0343694727861,psi,,simulated
thrust,thrust,5252.878120271,1780039941.7785864,2.500467598494005,2.499532401505995,93.51969880100341,N,,simulated
CC-PT,pressure,5252.88813893,1780039941.7886052,1.2677039227132705,,191.92598067831761,psi,,simulated
FI-PT,pressure,5252.88820167,1780039941.788668,1.7467095549952452,,311.67738874881127,psi,,simulated
thrust,thrust,5252.888248576,1780039941.7887146,2.500448525005403,2.499551474994597,89.70500108063106,N,,simulated
CC-PT,pressure,5252.898268994,1780039941.7987354,1.2577982256171971,,189.44955640429927,psi,,simulated
FI-PT,pressure,5252.898335253,1780039941.7988014,1.7320450224930075,,308.0112556232519,psi,,simulated
thrust,thrust,5252.898387919,1780039941.798854,2.5004073977956054,2.4995926022043946,81.47955912107818,N,,simulated
CC-PT,pressure,5252.908402855,1780039941.8088691,1.250906735766737,,187.72668394168423,psi,,simulated
FI-PT,pressure,5252.908463743,1780039941.8089302,1.7354472560223646,,308.86181400559116,psi,,simulated
thrust,thrust,5252.908508816,1780039941.8089752,2.50037997965574,2.49962002034426,75.99593114804293,N,,simulated
FM-FM,flow,5252.9159089,1780039941.816375,1.550707405889917,,7.0378819302179725,gallons_per_minute,,simulated
CC-PT,pressure,5252.918532216,1780039941.8189986,1.2666125615373327,,191.65314038433317,psi,,simulated
FI-PT,pressure,5252.918601215,1780039941.8190675,1.7374630853489739,,309.3657713372435,psi,,simulated
thrust,thrust,5252.918656288,1780039941.8191223,2.5003239512829722,2.4996760487170278,64.79025659444915,N,,simulated
CC-PT,pressure,5252.928668558,1780039941.829135,1.2573440381698653,,189.33600954246631,psi,,simulated
FI-PT,pressure,5252.928731557,1780039941.829198,1.7398389267729433,,309.9597316932358,psi,,simulated
thrust,thrust,5252.92877876,1780039941.8292449,2.5003007054687387,2.4996992945312613,60.141093747745344,N,,simulated
CC-PT,pressure,5252.938799659,1780039941.839266,1.2626148775356862,,190.65371938392155,psi,,simulated
FI-PT,pressure,5252.938871362,1780039941.8393376,1.7346962374086663,,308.6740593521666,psi,,simulated
thrust,thrust,5252.938923472,1780039941.8393898,2.5002881884918438,2.4997118115081562,57.63769836875099,N,,simulated
CC-PT,pressure,5252.948975278,1780039941.8494425,1.2575431177071472,,189.3857794267868,psi,,simulated
FI-PT,pressure,5252.94908924,1780039941.8495555,1.7359002513766588,,308.9750628441647,psi,,simulated
thrust,thrust,5252.949138998,1780039941.849605,2.5002571940728657,2.4997428059271343,51.43881457314592,N,,simulated
FM-FM,flow,5252.956091384,1780039941.8565583,1.5092362772507997,,6.649090099226246,gallons_per_minute,,simulated
CC-PT,pressure,5252.959140305,1780039941.8596067,1.274904760706992,,193.72619017674802,psi,,simulated
FI-PT,pressure,5252.959217749,1780039941.8596838,1.733870712980117,,308.4676782450292,psi,,simulated
thrust,thrust,5252.959274803,1780039941.8597412,2.5002214312817372,2.4997785687182628,44.28625634744776,N,,simulated
CC-PT,pressure,5252.969285369,1780039941.8697515,1.2642212229038743,,191.05530572596857,psi,,simulated
FI-PT,pressure,5252.969351294,1780039941.8698175,1.7340638320522108,,308.5159580130527,psi,,simulated
thrust,thrust,5252.969400275,1780039941.8698666,2.500182092211496,2.499817907788504,36.41844229917979,N,,simulated
tank_temp,temperature,5252.977119225,1780039941.8775854,,,20.66620540510188,°C,,simulated
CC-PT,pressure,5252.979418767,1780039941.879885,1.2578435251526265,,189.46088128815663,psi,,simulated
FI-PT,pressure,5252.979488433,1780039941.8799546,1.736098734867422,,309.02468371685546,psi,,simulated
thrust,thrust,5252.979540321,1780039941.8800063,2.5001528859320743,2.4998471140679257,30.577186414859625,N,,simulated
CC-PT,pressure,5252.989558461,1780039941.8900247,1.2480522689881646,,187.01306724704114,psi,,simulated
FI-PT,pressure,5252.989622904,1780039941.8900893,1.7580529162946839,,314.51322907367097,psi,,simulated
thrust,thrust,5252.989669515,1780039941.8901358,2.5001302361643596,2.4998697638356404,26.04723287191746,N,,simulated
FM-FM,flow,5252.996275498,1780039941.8967416,1.4667774995300173,,6.2510390580939115,gallons_per_minute,,simulated
CC-PT,pressure,5252.999691303,1780039941.9001577,1.2506552041358,,187.66380103394997,psi,,simulated
FI-PT,pressure,5252.999758413,1780039941.9002244,1.7313220180656932,,307.8305045164233,psi,,simulated
thrust,thrust,5252.999810079,1780039941.9002762,2.5001123547687953,2.4998876452312047,22.47095375906838,N,,simulated
CC-PT,pressure,5253.009826367,1780039941.9102926,1.2527604404402304,,188.1901101100576,psi,,simulated
FI-PT,pressure,5253.009888718,1780039941.9103549,1.752574056693799,,313.1435141734498,psi,,simulated
thrust,thrust,5253.009933995,1780039941.9104,2.5000622868612155,2.4999377131387845,12.457372243090958,N,,simulated
CC-PT,pressure,5253.019959024,1780039941.9204252,1.2632478789386605,,190.81196973466513,psi,,simulated
FI-PT,pressure,5253.020059134,1780039941.9205253,1.730776039454465,,307.6940098636162,psi,,simulated
thrust,thrust,5253.020113133,1780039941.9205794,2.500008046628004,2.499991953371996,1.6093256007820855,N,,simulated
CC-PT,pressure,5253.030097977,1780039941.9305644,1.2460006768704268,,186.5001692176067,psi,,simulated
FI-PT,pressure,5253.03016068,1780039941.9306269,1.73907539118235,,309.7688477955875,psi,,simulated
thrust,thrust,5253.03020855,1780039941.9306748,2.5000217556979365,2.4999782443020635,4.351139587299713,N,,simulated
FM-FM,flow,5253.036420705,1780039941.936887,1.5123136654274063,,6.677940613381933,gallons_per_minute,,simulated
CC-PT,pressure,5253.040229264,1780039941.9406955,1.247933059684403,,186.98326492110073,psi,,simulated
FI-PT,pressure,5253.040297004,1780039941.9407632,1.7375220939543359,,309.38052348858395,psi,,simulated
thrust,thrust,5253.040348429,1780039941.9408145,2.499974071976432,2.500025928023568,5.1856047136311645,N,,simulated
CC-PT,pressure,5253.052078342,1780039941.952545,1.2516750397294807,,187.91875993237016,psi,,simulated
FI-PT,pressure,5253.052171063,1780039941.9526374,1.7415477921423663,,310.38694803559156,psi,,simulated
thrust,thrust,5253.052226043,1780039941.9526923,2.4999246001153708,2.5000753998846292,15.07997692584695,N,,simulated
CC-PT,pressure,5253.062245276,1780039941.9627118,1.2460751826852778,,186.51879567131945,psi,,simulated
FI-PT,pressure,5253.062337182,1780039941.9628034,1.7359825057962543,,308.9956264490636,psi,,simulated
thrust,thrust,5253.062393255,1780039941.9628596,2.4999126791849946,2.5000873208150054,17.46416300107967,N,,simulated
CC-PT,pressure,5253.07240547,1780039941.9728718,1.240943818204858,,185.2359545512145,psi,,simulated
FI-PT,pressure,5253.072469728,1780039941.972936,1.731332150856513,,307.83303771412824,psi,,simulated
thrust,thrust,5253.072518727,1780039941.9729848,2.499873936161272,2.500126063838728,25.212767745586007,N,,simulated
FM-FM,flow,5253.076576968,1780039941.9770432,1.5203835392455507,,6.753595680427037,gallons_per_minute,,simulated
tank_temp,temperature,5253.077279625,1780039941.9777462,,,20.64557135834171,°C,,simulated
CC-PT,pressure,5253.082537756,1780039941.9830039,1.25940218679931,,189.85054669982748,psi,,simulated
FI-PT,pressure,5253.082606552,1780039941.9830728,1.7343350332182685,,308.58375830456714,psi,,simulated
thrust,thrust,5253.082657495,1780039941.9831238,2.499830424765399,2.500169575234601,33.91504692018543,N,,simulated
CC-PT,pressure,5253.092678561,1780039941.9931448,1.2477208671237072,,186.9302167809268,psi,,simulated
FI-PT,pressure,5253.092740301,1780039941.9932065,1.7355819625356153,,308.8954906339038,psi,,simulated
thrust,thrust,5253.092788189,1780039941.9932544,2.4997982382533834,2.5002017617466166,40.352349323313774,N,,simulated
CC-PT,pressure,5253.102809477,1780039942.0032759,1.2625385835812788,,190.6346458953197,psi,,simulated
FI-PT,pressure,5253.102879828,1780039942.003346,1.7286559019870642,,307.16397549676606,psi,,simulated
thrust,thrust,5253.102932661,1780039942.003399,2.499780952904338,2.500219047095662,43.80941913240122,N,,simulated
CC-PT,pressure,5253.112946134,1780039942.0134122,1.2563593693207942,,189.08984233019854,psi,,simulated
FI-PT,pressure,5253.113008152,1780039942.0134742,1.73679491720139,,309.19872930034745,psi,,simulated
thrust,thrust,5253.113055596,1780039942.0135217,2.4997428059271343,2.5002571940728657,51.43881457314592,N,,simulated
FM-FM,flow,5253.116724564,1780039942.0171907,1.5103347909849631,,6.659388665484029,gallons_per_minute,,simulated
CC-PT,pressure,5253.123075699,1780039942.023542,1.2505777180883548,,187.6444295220887,psi,,simulated
FI-PT,pressure,5253.123142827,1780039942.0236092,1.7377986595390629,,309.4496648847657,psi,,simulated
thrust,thrust,5253.123194864,1780039942.0236611,2.499725520578089,2.500274479421911,54.89588438223336,N,,simulated
CC-PT,pressure,5253.13321043,1780039942.0336769,1.2387104318988837,,184.67760797472093,psi,,simulated
FI-PT,pressure,5253.133273151,1780039942.0337393,1.7282845650058465,,307.0711412514616,psi,,simulated
thrust,thrust,5253.133321095,1780039942.0337873,2.49967485662399,2.50032514337601,65.02867520197242,N,,simulated
CC-PT,pressure,5253.143340957,1780039942.0438073,1.2395103263271243,,184.87758158178107,psi,,simulated
FI-PT,pressure,5253.143408419,1780039942.0438745,1.7292483722267595,,307.3120930566899,psi,,simulated
thrust,thrust,5253.143461289,1780039942.0439277,2.499643862205012,2.500356137794988,71.22755899757749,N,,simulated
CC-PT,pressure,5253.153531409,1780039942.0539987,1.2520428004315853,,188.01070010789633,psi,,simulated
FI-PT,pressure,5253.153631334,1780039942.0540977,1.7416711737717596,,310.4177934429399,psi,,simulated
thrust,thrust,5253.153686778,1780039942.054153,2.499607503367365,2.500392496632635,78.49932652703728,N,,simulated
FM-FM,flow,5253.156879549,1780039942.0573459,1.5558751292079842,,7.086329336324851,gallons_per_minute,,simulated
CC-PT,pressure,5253.163687918,1780039942.0641541,1.2405969191309116,,185.1492297827279,psi,,simulated
FI-PT,pressure,5253.163762195,1780039942.0642283,1.7312618173672936,,307.8154543418234,psi,,simulated
thrust,thrust,5253.163818305,1780039942.0642843,2.4995896219718006,2.5004103780281994,82.07560563988636,N,,simulated
CC-PT,pressure,5253.173833204,1780039942.0742993,1.2405635405258584,,185.1408851314646,psi,,simulated
FI-PT,pressure,5253.173896444,1780039942.0743625,1.7328622022702935,,308.21555056757336,psi,,simulated
thrust,thrust,5253.173945795,1780039942.074412,2.4995836615066125,2.5004163384933875,83.26769867750272,N,,simulated
tank_temp,temperature,5253.177448006,1780039942.0779145,,,20.375941587651752,°C,,simulated
CC-PT,pressure,5253.183966584,1780039942.0844328,1.2402845907550561,,185.07114768876403,psi,,simulated
FI-PT,pressure,5253.184073545,1780039942.08454,1.7331626097157729,,308.2906524289432,psi,,simulated
thrust,thrust,5253.184129952,1780039942.0845962,2.4995121359243555,2.5004878640756445,97.57281512889904,N,,simulated
CC-PT,pressure,5253.19414037,1780039942.0946066,1.240238695173108,,185.05967379327697,psi,,simulated
FI-PT,pressure,5253.194203369,1780039942.0946696,1.7328186908744205,,308.20467271860514,psi,,simulated
thrust,thrust,5253.194251053,1780039942.0947173,2.499510347784799,2.500489652215201,97.93044304018395,N,,simulated
FM-FM,flow,5253.197031422,1780039942.0974977,1.5167560001320841,,6.719587501238288,gallons_per_minute,,simulated
CC-PT,pressure,5253.204271341,1780039942.1047375,1.2427218249704628,,185.6804562426157,psi,,simulated
FI-PT,pressure,5253.204339377,1780039942.1048057,1.7395921635141567,,309.8980408785392,psi,,simulated
thrust,thrust,5253.204391692,1780039942.104858,2.499467432435445,2.500532567564555,106.51351291102173,N,,simulated
CC-PT,pressure,5253.214406035,1780039942.1148722,1.2285138641016322,,182.12846602540804,psi,,simulated
FI-PT,pressure,5253.214467831,1780039942.114934,1.7376687213979627,,309.41718034949065,psi,,simulated
thrust,thrust,5253.214515293,1780039942.1149814,2.499442398481655,2.500557601518345,111.52030366901045,N,,simulated
CC-PT,pressure,5253.224545748,1780039942.125012,1.238374261662276,,184.59356541556897,psi,,simulated
FI-PT,pressure,5253.224621543,1780039942.1250877,1.7487414775778625,,312.1853693944656,psi,,simulated
thrust,thrust,5253.224675838,1780039942.125142,2.499445378714249,2.500554621285751,110.92425715020227,N,,simulated
CC-PT,pressure,5253.234691053,1780039942.1351573,1.2354435009292961,,183.86087523232402,psi,,simulated
FI-PT,pressure,5253.234758274,1780039942.1352246,1.73397919344654,,308.494798361635,psi,,simulated
thrust,thrust,5253.234806625,1780039942.135273,2.49937981359718,2.50062018640282,124.03728056398222,N,,simulated
FM-FM,flow,5253.237199537,1780039942.137666,1.5351756257028135,,6.892271490963877,gallons_per_minute,,simulated
CC-PT,pressure,5253.244826728,1780039942.145293,1.2323249855428917,,183.08124638572292,psi,,simulated
FI-PT,pressure,5253.244900153,1780039942.1453664,1.7381938383810327,,309.5484595952582,psi,,simulated
thrust,thrust,5253.24495806,1780039942.1454244,2.4993696808063603,2.5006303191936397,126.06383872793003,N,,simulated
CC-PT,pressure,5253.254990903,1780039942.1554575,1.2336368839307885,,183.40922098269712,psi,,simulated
FI-PT,pressure,5253.255086772,1780039942.155553,1.7318060078389654,,307.95150195974134,psi,,simulated
thrust,thrust,5253.255142086,1780039942.1556087,2.499326765457006,2.500673234542994,134.64690859876782,N,,simulated
CC-PT,pressure,5253.265147874,1780039942.1656141,1.2449194484853086,,186.22986212132713,psi,,simulated
FI-PT,pressure,5253.265226985,1780039942.1656933,1.7414178540012661,,310.3544635003165,psi,,simulated
thrust,thrust,5253.265284317,1780039942.1657505,2.4993190168522617,2.5006809831477383,136.1966295476691,N,,simulated
CC-PT,pressure,5253.275295161,1780039942.1757615,1.2446917587151238,,186.17293967878095,psi,,simulated
FI-PT,pressure,5253.275358197,1780039942.1758244,1.72670742591708,,306.67685647927,psi,,simulated
thrust,thrust,5253.275405493,1780039942.1758718,2.4993076919684043,2.5006923080315957,138.46160631914017,N,,simulated
FM-FM,flow,5253.277351873,1780039942.177818,1.5129955426449229,,6.684333212296151,gallons_per_minute,,simulated
tank_temp,temperature,5253.277609925,1780039942.1780763,,,20.442352007056428,°C,,simulated
CC-PT,pressure,5253.285430873,1780039942.185897,1.2476320561924048,,186.9080140481012,psi,,simulated
FI-PT,pressure,5253.285499928,1780039942.185966,1.73064848549944,,307.66212137485996,psi,,simulated
thrust,thrust,5253.285552261,1780039942.1860185,2.499280273828539,2.500719726171461,143.94523429217543,N,,simulated
CC-PT,pressure,5253.295568567,1780039942.196035,1.2295533692304337,,182.3883423076084,psi,,simulated
FI-PT,pressure,5253.295630048,1780039942.1960962,1.7341544311230697,,308.5386077807674,psi,,simulated
thrust,thrust,5253.29567751,1780039942.1961436,2.499268352898163,2.500731647101837,146.32942036740815,N,,simulated
CC-PT,pressure,5253.305698317,1780039942.2061648,1.222022321465292,,180.50558036632302,psi,,simulated
FI-PT,pressure,5253.305764297,1780039942.2062306,1.7517699899399268,,312.9424974849817,psi,,simulated
thrust,thrust,5253.305815482,1780039942.2062817,2.4992451070839294,2.5007548929160706,150.97858321411195,N,,simulated
CC-PT,pressure,5253.315832677,1780039942.216299,1.230882552967376,,182.72063824184397,psi,,simulated
FI-PT,pressure,5253.315895565,1780039942.2163618,1.7482700047814852,,312.0675011953713,psi,,simulated
thrust,thrust,5253.315942102,1780039942.2164083,2.499212324525395,2.500787675474605,157.53509492100193,N,,simulated
FM-FM,flow,5253.317507266,1780039942.2179735,1.548756545633858,,7.019592615317418,gallons_per_minute,,simulated
CC-PT,pressure,5253.325962909,1780039942.2264292,1.234281806264139,,183.57045156603473,psi,,simulated
FI-PT,pressure,5253.326032056,1780039942.2264984,1.7468055184847733,,311.7013796211933,psi,,simulated
thrust,thrust,5253.326086036,1780039942.2265522,2.4991986154554624,2.5008013845445376,160.27690890751956,N,,simulated
CC-PT,pressure,5253.336102288,1780039942.2365687,1.2368746086209546,,184.21865215523863,psi,,simulated
FI-PT,pressure,5253.336163953,1780039942.23663,1.734886376248166,,308.7215940620415,psi,,simulated
thrust,thrust,5253.336211249,1780039942.2366774,2.499184310339011,2.500815689660989,163.13793219779882,N,,simulated
CC-PT,pressure,5253.346233833,1780039942.2467003,1.2383200214290644,,184.5800053572661,psi,,simulated
FI-PT,pressure,5253.346305481,1780039942.2467718,1.7257060677654823,,306.42651694137055,psi,,simulated
thrust,thrust,5253.346359276,1780039942.2468255,2.4991574882456646,2.5008425117543354,168.50235086707244,N,,simulated
CC-PT,pressure,5253.35639986,1780039942.2568665,1.226712611521794,,181.67815288044847,psi,,simulated
FI-PT,pressure,5253.356496618,1780039942.2569628,1.7379697248899608,,309.4924312224902,psi,,simulated
thrust,thrust,5253.35655121,1780039942.2570174,2.499122321501055,2.500877678498945,175.53569978900896,N,,simulated
FM-FM,flow,5253.35765475,1780039942.2581213,1.5197934531919306,,6.748063623674349,gallons_per_minute,,simulated
CC-PT,pressure,5253.366553258,1780039942.2670195,1.2310256041318899,,182.75640103297246,psi,,simulated
FI-PT,pressure,5253.366621979,1780039942.2670882,1.7409422088792572,,310.2355522198143,psi,,simulated
thrust,thrust,5253.36667596,1780039942.267142,2.4991235135940926,2.5008764864059074,175.2972811814857,N,,simulated
CC-PT,pressure,5253.376690618,1780039942.2771568,1.2331821004369379,,183.29552510923446,psi,,simulated
FI-PT,pressure,5253.376753321,1780039942.2772195,1.7304726517763915,,307.6181629440979,psi,,simulated
thrust,thrust,5253.376800339,1780039942.2772665,2.499116361035867,2.500883638964133,176.72779282662532,N,,simulated
tank_temp,temperature,5253.377778622,1780039942.278245,,,20.401257308886915,°C,,simulated
CC-PT,pressure,5253.386821146,1780039942.2872872,1.23051538831179,,182.6288470779475,psi,,simulated
FI-PT,pressure,5253.386888608,1780039942.287355,1.7459358866138321,,311.483971653458,psi,,simulated
thrust,thrust,5253.386940866,1780039942.2874072,2.499100863826378,2.500899136173622,179.82723472442785,N,,simulated
CC-PT,pressure,5253.396956247,1780039942.2974224,1.2360431237272171,,184.01078093180428,psi,,simulated
FI-PT,pressure,5253.397018931,1780039942.297485,1.7458238298682962,,311.45595746707403,psi,,simulated
thrust,thrust,5253.397066746,1780039942.297533,2.499066889174806,2.500933110825194,186.6221650388411,N,,simulated
FM-FM,flow,5253.397815994,1780039942.2982821,1.554545945471042,,7.073868238791017,gallons_per_minute,,simulated
CC-PT,pressure,5253.407085997,1780039942.3075523,1.2253965408082652,,181.3491352020663,psi,,simulated
FI-PT,pressure,5253.407151329,1780039942.3076174,1.7240830330947676,,306.0207582736919,psi,,simulated
thrust,thrust,5253.407203421,1780039942.3076699,2.4990639089422118,2.5009360910577882,187.21821155764928,N,,simulated
CC-PT,pressure,5253.417218839,1780039942.3176854,1.2373884007201672,,184.3471001800418,psi,,simulated
FI-PT,pressure,5253.417279931,1780039942.3177462,1.731527654114682,,307.8819135286705,psi,,simulated
thrust,thrust,5253.417326115,1780039942.3177922,2.4990680812678434,2.5009319187321566,186.38374643131783,N,,simulated
CC-PT,pressure,5253.427348459,1780039942.3278146,1.227398661064942,,181.84966526623552,psi,,simulated
FI-PT,pressure,5253.427419754,1780039942.3278859,1.7322303929603569,,308.0575982400892,psi,,simulated
thrust,thrust,5253.427472476,1780039942.3279388,2.4990430473140535,2.5009569526859465,191.39053718930654,N,,simulated
CC-PT,pressure,5253.43748706,1780039942.3379533,1.2296946322553912,,182.4236580638478,psi,,simulated
FI-PT,pressure,5253.437548763,1780039942.338015,1.7321421780755732,,308.0355445188933,psi,,simulated
thrust,thrust,5253.437595429,1780039942.3380616,2.499050795918798,2.500949204081202,189.84081624040527,N,,simulated
FM-FM,flow,5253.437957924,1780039942.338424,1.5419586350868506,,6.955862203939224,gallons_per_minute,,simulated
CC-PT,pressure,5253.447616754,1780039942.348083,1.2339808027721408,,183.4952006930352,psi,,simulated
FI-PT,pressure,5253.447684253,1780039942.3481505,1.732627359941883,,308.15683998547075,psi,,simulated
thrust,thrust,5253.447736086,1780039942.3482022,2.4990209935928576,2.5009790064071424,195.80128142848707,N,,simulated
CC-PT,pressure,5253.457775781,1780039942.3582425,1.2211765314551033,,180.29413286377581,psi,,simulated
FI-PT,pressure,5253.457868724,1780039942.358335,1.733612624837473,,308.40315620936826,psi,,simulated
thrust,thrust,5253.457922705,1780039942.358389,2.4990060924298874,2.5009939075701126,198.78151402252797,N,,simulated
CC-PT,pressure,5253.467928308,1780039942.3683946,1.2298209941173786,,182.45524852934463,psi,,simulated
FI-PT,pressure,5253.468035177,1780039942.3685014,1.731723157372851,,307.9307893432128,psi,,simulated
thrust,thrust,5253.468117435,1780039942.3685837,2.4990060924298874,2.5009939075701126,198.78151402252797,N,,simulated
tank_temp,temperature,5253.477942967,1780039942.3784091,,,20.250056562879443,°C,,simulated
CC-PT,pressure,5253.478042169,1780039942.3785086,1.2250687152229207,,181.26717880573017,psi,,simulated
FM-FM,flow,5253.478101909,1780039942.3785682,1.5447564774461362,,6.982091976057527,gallons_per_minute,,simulated
FI-PT,pressure,5253.478180723,1780039942.378647,1.7483474908289303,,312.08687270723254,psi,,simulated
thrust,thrust,5253.478227278,1780039942.3786933,2.499035298709309,2.500964701290691,192.9402581382078,N,,simulated
CC-PT,pressure,5253.488174696,1780039942.388641,1.226081398258376,,181.520349564594,psi,,simulated
FI-PT,pressure,5253.488243455,1780039942.3887095,1.730179396889138,,307.5448492222845,psi,,simulated
thrust,thrust,5253.488296602,1780039942.388763,2.4990001319646993,2.5009998680353007,199.97360706014433,N,,simulated
CC-PT,pressure,5253.498310798,1780039942.398777,1.2241424589326928,,181.0356147331732,psi,,simulated
FI-PT,pressure,5253.49837413,1780039942.3988404,1.7255898386943147,,306.3974596735787,psi,,simulated
thrust,thrust,5253.498421944,1780039942.398888,2.498997747778624,2.501002252221376,200.45044427519088,N,,simulated
CC-PT,pressure,5253.508441714,1780039942.4089081,1.2179423830440501,,179.48559576101252,psi,,simulated
FI-PT,pressure,5253.508513324,1780039942.4089794,1.739628522351804,,309.907130587951,psi,,simulated
thrust,thrust,5253.508565546,1780039942.4090316,2.4990060924298874,2.5009939075701126,198.78151402252797,N,,simulated
FM-FM,flow,5253.518244524,1780039942.4187107,1.55039090518843,,7.0349147361415305,gallons_per_minute,,simulated
CC-PT,pressure,5253.518578815,1780039942.4190452,1.2226588991473792,,180.6647247868448,psi,,simulated
FI-PT,pressure,5253.518639685,1780039942.4191058,1.7384316609420372,,309.60791523550927,psi,,simulated
thrust,thrust,5253.518687036,1780039942.4191535,2.49899476754603,2.50100523245397,201.04649079399906,N,,simulated
CC-PT,pressure,5253.528707157,1780039942.4291732,1.2316884078608046,,182.92210196520114,psi,,simulated
FI-PT,pressure,5253.52877199,1780039942.4292383,1.7256393105553758,,306.4098276388439,psi,,simulated
thrust,thrust,5253.528823971,1780039942.4292903,2.498978674290022,2.501021325709978,204.26514199556323,N,,simulated
CC-PT,pressure,5253.538841037,1780039942.4393072,1.2314952887887107,,182.87382219717767,psi,,simulated
FI-PT,pressure,5253.538904239,1780039942.4393704,1.7269702824318744,,306.7425706079686,psi,,simulated
thrust,thrust,5253.538952609,1780039942.4394188,2.498994171499511,2.501005828500489,201.1657000977607,N,,simulated
CC-PT,pressure,5253.548972268,1780039942.4494386,1.2216676737866012,,180.4169184466503,psi,,simulated
FI-PT,pressure,5253.549040619,1780039942.4495068,1.7268772991749404,,306.7193247937351,psi,,simulated
thrust,thrust,5253.549092673,1780039942.4495587,2.4990120528950754,2.5009879471049246,197.5894209849116,N,,simulated
FM-FM,flow,5253.558425675,1780039942.4588928,1.511618675186476,,6.671425079873211,gallons_per_minute,,simulated
CC-PT,pressure,5253.559112887,1780039942.4595792,1.2357808632589415,,183.94521581473538,psi,,simulated
FI-PT,pressure,5253.559183701,1780039942.45965,1.7191835307101644,,304.7958826775411,psi,,simulated
thrust,thrust,5253.559235238,1780039942.4597015,2.4989870189412855,2.5010129810587145,202.59621174290032,N,,simulated
CC-PT,pressure,5253.569251433,1780039942.4697177,1.2191177867791398,,179.77944669478495,psi,,simulated
FI-PT,pressure,5253.569324988,1780039942.4697912,1.7239709763492317,,305.9927440873079,psi,,simulated
thrust,thrust,5253.569378672,1780039942.4698448,2.4989935754529924,2.5010064245470076,201.28490940152233,N,,simulated
tank_temp,temperature,5253.578111608,1780039942.4785779,,,20.21884539971276,°C,,simulated
CC-PT,pressure,5253.579392349,1780039942.4798586,1.211376930639378,,177.8442326598445,psi,,simulated
FI-PT,pressure,5253.579455089,1780039942.479921,1.7342909257758767,,308.5727314439692,psi,,simulated
thrust,thrust,5253.579503033,1780039942.4799693,2.499009668709,2.500990331291,198.06625819995816,N,,simulated
CC-PT,pressure,5253.589524358,1780039942.4899907,1.2293805157399793,,182.34512893499482,psi,,simulated
FI-PT,pressure,5253.58959619,1780039942.4900625,1.7235948709958637,,305.8987177489659,psi,,simulated
thrust,thrust,5253.589649949,1780039942.4901161,2.499019205453301,2.500980794546699,196.15890933977198,N,,simulated
FM-FM,flow,5253.598592733,1780039942.499059,1.5386988566754887,,6.925301781332706,gallons_per_minute,,simulated
CC-PT,pressure,5253.599662311,1780039942.5001285,1.2141354339284223,,178.53385848210556,psi,,simulated
FI-PT,pressure,5253.599724014,1780039942.5001903,1.7298116361870333,,307.4529090467583,psi,,simulated
thrust,thrust,5253.599769606,1780039942.5002358,2.499016821267226,2.500983178732774,196.63574655481852,N,,simulated
CC-PT,pressure,5253.609791857,1780039942.5102582,1.221774366113468,,180.44359152836697,psi,,simulated
FI-PT,pressure,5253.609859319,1780039942.5103254,1.729476658043463,,307.36916451086574,psi,,simulated
thrust,thrust,5253.60991167,1780039942.5103776,2.4990490077792415,2.5009509922207585,190.19844415169018,N,,simulated
CC-PT,pressure,5253.61992507,1780039942.5203915,1.2210704351747554,,180.26760879368885,psi,,simulated
FI-PT,pressure,5253.619986958,1780039942.5204532,1.7274828824380495,,306.8707206095124,psi,,simulated
thrust,thrust,5253.620073031,1780039942.5205393,2.4990358947558278,2.5009641052441722,192.82104883444617,N,,simulated
CC-PT,pressure,5253.630056171,1780039942.5305223,1.2239505319536366,,180.98763298840913,psi,,simulated
FI-PT,pressure,5253.630122429,1780039942.5305886,1.7336215655352551,,308.40539138381376,psi,,simulated
thrust,thrust,5253.630173355,1780039942.5306396,2.4990358947558278,2.5009641052441722,192.82104883444617,N,,simulated
FM-FM,flow,5253.638741755,1780039942.539208,1.5555037922267667,,7.082848052125937,gallons_per_minute,,simulated
CC-PT,pressure,5253.640189291,1780039942.5406556,1.2244345217269088,,181.1086304317272,psi,,simulated
FI-PT,pressure,5253.640250698,1780039942.540717,1.7316754736513464,,307.9188684128366,psi,,simulated
thrust,thrust,5253.640296864,1780039942.540763,2.499060332663099,2.500939667336901,187.9334673802191,N,,simulated
CC-PT,pressure,5253.651955037,1780039942.5524216,1.2205953860992653,,180.14884652481632,psi,,simulated
FI-PT,pressure,5253.65208959,1780039942.5525558,1.7378254816324092,,309.4563704081023,psi,,simulated
thrust,thrust,5253.652151849,1780039942.552618,2.4990740417330315,2.5009259582669685,185.19165339370147,N,,simulated
CC-PT,pressure,5253.662164026,1780039942.5626307,1.2206424737742512,,180.16061844356278,psi,,simulated
FI-PT,pressure,5253.662246099,1780039942.5627124,1.7323215880777345,,308.08039701943363,psi,,simulated
thrust,thrust,5253.66229895,1780039942.5627651,2.49908477057037,2.50091522942963,183.04588592599202,N,,simulated
CC-PT,pressure,5253.672315701,1780039942.572782,1.2255503208101177,,181.38758020252942,psi,,simulated
FI-PT,pressure,5253.672391681,1780039942.5728579,1.726561394519972,,306.640348629993,psi,,simulated
thrust,thrust,5253.672445366,1780039942.5729115,2.4990954994077086,2.5009045005922914,180.90011845828258,N,,simulated
tank_temp,temperature,5253.67827586,1780039942.5787423,,,20.413915169504527,°C,,simulated
FM-FM,flow,5253.678887333,1780039942.5793536,1.5451296025669101,,6.985590024064782,gallons_per_minute,,simulated
CC-PT,pressure,5253.682458691,1780039942.582925,1.2255521089496741,,181.38802723741853,psi,,simulated
FI-PT,pressure,5253.682521672,1780039942.582988,1.739852039796357,,309.96300994908927,psi,,simulated
thrust,thrust,5253.682568764,1780039942.583035,2.4991330503383935,2.5008669496616065,173.3899323212995,N,,simulated
CC-PT,pressure,5253.692590126,1780039942.5930564,1.2255634338335315,,181.39085845838287,psi,,simulated
FI-PT,pressure,5253.69265981,1780039942.593126,1.7315914310921945,,307.8978577730486,psi,,simulated
thrust,thrust,5253.692713439,1780039942.5931797,2.4991425870826944,2.5008574129173056,171.48258346111334,N,,simulated
CC-PT,pressure,5253.702727394,1780039942.6031935,1.2217171456476623,,180.42928641191557,psi,,simulated
FI-PT,pressure,5253.702790319,1780039942.6032565,1.7325331845919114,,308.13329614797783,psi,,simulated
thrust,thrust,5253.702836448,1780039942.6033027,2.4991485475478825,2.5008514524521175,170.29049042349698,N,,simulated
CC-PT,pressure,5253.712859866,1780039942.6133263,1.2209798361038966,,180.24495902597414,psi,,simulated
FI-PT,pressure,5253.712927254,1780039942.6133933,1.7311771787616228,,307.7942946904057,psi,,simulated
thrust,thrust,5253.712979808,1780039942.613446,2.4991586803387023,2.5008413196612977,168.26393225954916,N,,simulated
FM-FM,flow,5253.719062114,1780039942.6195285,1.5815236069588192,,7.3267838152389295,gallons_per_minute,,simulated
CC-PT,pressure,5253.72299906,1780039942.6234655,1.223852780324552,,180.963195081138,psi,,simulated
FI-PT,pressure,5253.723068707,1780039942.623535,1.7273326787153098,,306.83316967882746,psi,,simulated
thrust,thrust,5253.723118428,1780039942.6235847,2.4991855024320486,2.5008144975679514,162.89951359027555,N,,simulated
CC-PT,pressure,5253.733140883,1780039942.6336071,1.2151046055680044,,178.77615139200108,psi,,simulated
FI-PT,pressure,5253.733217919,1780039942.6336842,1.7235704330885926,,305.89260827214815,psi,,simulated
thrust,thrust,5253.733272937,1780039942.6337392,2.4992045759206505,2.5007954240793495,159.0848158699032,N,,simulated
CC-PT,pressure,5253.74328604,1780039942.6437523,1.231401113438739,,182.85027835968475,psi,,simulated
FI-PT,pressure,5253.743350706,1780039942.643817,1.7362578792879437,,309.06446982198594,psi,,simulated
thrust,thrust,5253.743399223,1780039942.6438653,2.499218881037102,2.500781118962898,156.22379257962393,N,,simulated
CC-PT,pressure,5253.753450585,1780039942.6539176,1.2210543419187476,,180.2635854796869,psi,,simulated
FI-PT,pressure,5253.75358912,1780039942.6540554,1.7243840365867658,,306.0960091466914,psi,,simulated
thrust,thrust,5253.753652619,1780039942.6541185,2.499227225688365,2.500772774311635,154.55486232696103,N,,simulated
FM-FM,flow,5253.759224987,1780039942.6596913,1.5772255155116934,,7.286489207922125,gallons_per_minute,,simulated
CC-PT,pressure,5253.76361639,1780039942.6640828,1.228642014103176,,182.16050352579398,psi,,simulated
FI-PT,pressure,5253.763682445,1780039942.6641486,1.7267568977781411,,306.6892244445353,psi,,simulated
thrust,thrust,5253.763731592,1780039942.664198,2.499268352898163,2.500731647101837,146.32942036740815,N,,simulated
CC-PT,pressure,5253.773750121,1780039942.6742165,1.2190993093370568,,179.7748273342642,psi,,simulated
FI-PT,pressure,5253.773820361,1780039942.6742866,1.7336144129770295,,308.40360324425734,psi,,simulated
thrust,thrust,5253.773873101,1780039942.6743393,2.499284446154171,2.500715553845829,143.11076916584398,N,,simulated
tank_temp,temperature,5253.778443149,1780039942.6789095,,,20.33779461044803,°C,,simulated
CC-PT,pressure,5253.78388713,1780039942.6843534,1.211047316914477,,177.76182922861926,psi,,simulated
FI-PT,pressure,5253.783950295,1780039942.6844165,1.734112707866753,,308.52817696668825,psi,,simulated
thrust,thrust,5253.783998147,1780039942.6844645,2.4992892145263212,2.5007107854736788,142.1570947357509,N,,simulated
CC-PT,pressure,5253.794018435,1780039942.6944847,1.2221027877453312,,180.5256969363328,psi,,simulated
FI-PT,pressure,5253.794088786,1780039942.6945548,1.728171316167273,,307.0428290418182,psi,,simulated
thrust,thrust,5253.794142952,1780039942.6946092,2.4993321298756754,2.5006678701243246,133.5740248649131,N,,simulated
FM-FM,flow,5253.799383231,1780039942.6998494,1.5455146486180602,,6.989199830794314,gallons_per_minute,,simulated
CC-PT,pressure,5253.804157258,1780039942.7046237,1.2251974612709833,,181.2993653177458,psi,,simulated
FI-PT,pressure,5253.80421885,1780039942.704685,1.7396630930498949,,309.9157732624737,psi,,simulated
thrust,thrust,5253.804265127,1780039942.7047315,2.499358951969022,2.500641048030978,128.20960619563948,N,,simulated
CC-PT,pressure,5253.814285823,1780039942.714752,1.2190391086386572,,179.75977715966428,psi,,simulated
FI-PT,pressure,5253.814352785,1780039942.714819,1.726365891261803,,306.59147281545074,psi,,simulated
thrust,thrust,5253.814406988,1780039942.714873,2.49937981359718,2.50062018640282,124.03728056398222,N,,simulated
CC-PT,pressure,5253.824423702,1780039942.7248898,1.2275160822291473,,181.87902055728682,psi,,simulated
FI-PT,pressure,5253.824488182,1780039942.7249544,1.7413755346984308,,310.3438836746077,psi,,simulated
thrust,thrust,5253.824536237,1780039942.7250025,2.499395310806669,2.500604689193331,120.93783866617969,N,,simulated
CC-PT,pressure,5253.834556118,1780039942.7350225,1.224315908469666,,181.07897711741649,psi,,simulated
FI-PT,pressure,5253.834630821,1780039942.7350972,1.7354633492783724,,308.8658373195931,psi,,simulated
thrust,thrust,5253.834684857,1780039942.735151,2.4994221329000155,2.5005778670999845,115.57341999690607,N,,simulated
FM-FM,flow,5253.839528253,1780039942.7399943,1.588944386117981,,7.396353619856072,gallons_per_minute,,simulated
CC-PT,pressure,5253.844698219,1780039942.7451646,1.2194521688761912,,179.8630422190478,psi,,simulated
FI-PT,pressure,5253.844758959,1780039942.7452252,1.7282327089587102,,307.05817723967755,psi,,simulated
thrust,thrust,5253.844806162,1780039942.7452724,2.4994435905746926,2.5005564094253074,111.28188506148717,N,,simulated
CC-PT,pressure,5253.854856561,1780039942.7553232,1.2182654402572441,,179.56636006431103,psi,,simulated
FI-PT,pressure,5253.854961337,1780039942.7554276,1.7255463272984417,,306.3865818246104,psi,,simulated
thrust,thrust,5253.855021244,1780039942.7554874,2.499473392900633,2.500526607099367,105.32141987340538,N,,simulated
CC-PT,pressure,5253.865022143,1780039942.7654884,1.2197442316704072,,179.9360579176018,psi,,simulated
FI-PT,pressure,5253.865086809,1780039942.765553,1.733398644137221,,308.3496610343052,psi,,simulated
thrust,thrust,5253.865136772,1780039942.765603,2.499516904296506,2.500483095703494,96.61914069880595,N,,simulated
CC-PT,pressure,5253.875154523,1780039942.775621,1.21000065922745,,177.50016480686247,psi,,simulated
FI-PT,pressure,5253.875225577,1780039942.7756917,1.7164792676543317,,304.1198169135829,psi,,simulated
thrust,thrust,5253.875278502,1780039942.7757447,2.499538958017702,2.500461041982298,92.20839645962542,N,,simulated
tank_temp,temperature,5253.878605457,1780039942.7790718,,,20.274158516658193,°C,,simulated
FM-FM,flow,5253.87968259,1780039942.780149,1.5615947916024675,,7.139951171273132,gallons_per_minute,,simulated
CC-PT,pressure,5253.88529155,1780039942.7857578,1.2311984576223443,,182.79961440558606,psi,,simulated
FI-PT,pressure,5253.885352938,1780039942.785819,1.7305912650336344,,307.64781625840857,psi,,simulated
thrust,thrust,5253.885400067,1780039942.7858663,2.4995502829015592,2.5004497170984408,89.94341968815434,N,,simulated
CC-PT,pressure,5253.8954203,1780039942.7958865,1.2230940131061092,,180.7735032765273,psi,,simulated
FI-PT,pressure,5253.895489576,1780039942.7959557,1.7302145636337476,,307.5536409084369,psi,,simulated
thrust,thrust,5253.895542687,1780039942.796009,2.499594390343951,2.500405609656049,81.12193120979327,N,,simulated
CC-PT,pressure,5253.905555401,1780039942.8060217,1.2195362114353432,,179.8840528588358,psi,,simulated
FI-PT,pressure,5253.905616548,1780039942.8060827,1.7353816909052957,,308.84542272632393,psi,,simulated
thrust,thrust,5253.905662973,1780039942.8061292,2.499631345228117,2.500368654771883,73.73095437657184,N,,simulated
CC-PT,pressure,5253.915684558,1780039942.8161507,1.226877120360985,,181.71928009024623,psi,,simulated
FI-PT,pressure,5253.915751761,1780039942.816218,1.7341150920528283,,308.52877301320706,psi,,simulated
thrust,thrust,5253.915802649,1780039942.8162687,2.4996641277866516,2.5003358722133484,67.17444266968187,N,,simulated
FM-FM,flow,5253.919829816,1780039942.820296,1.5809692836963276,,7.321587034653071,gallons_per_minute,,simulated
CC-PT,pressure,5253.925819844,1780039942.826286,1.213732506481708,,178.43312662042698,psi,,simulated
FI-PT,pressure,5253.925882084,1780039942.8263483,1.727388111041559,,306.8470277603897,psi,,simulated
thrust,thrust,5253.925929454,1780039942.8263958,2.4996837973217723,2.5003162026782277,63.24053564554788,N,,simulated
CC-PT,pressure,5253.935950075,1780039942.8364162,1.2273354801339484,,181.8338700334871,psi,,simulated
FI-PT,pressure,5253.936071166,1780039942.8365374,1.7282166157027024,,307.05415392567556,psi,,simulated
thrust,thrust,5253.936128851,1780039942.8365953,2.4997010826708177,2.5002989173291823,59.78346583646044,N,,simulated
CC-PT,pressure,5253.946124065,1780039942.8465912,1.2184508107245935,,179.61270268114836,psi,,simulated
FI-PT,pressure,5253.946237527,1780039942.8467035,1.7194928788534258,,304.87321971335643,psi,,simulated
thrust,thrust,5253.946288637,1780039942.846755,2.499736845461946,2.500263154538054,52.63090761076228,N,,simulated
CC-PT,pressure,5253.956315944,1780039942.856783,1.2106706155145903,,177.66765387864757,psi,,simulated
FI-PT,pressure,5253.956427942,1780039942.8568943,1.7282559547729437,,307.0639886932359,psi,,simulated
thrust,thrust,5253.956488719,1780039942.8569548,2.4997642636018114,2.5002357363981886,47.147279637727024,N,,simulated
FM-FM,flow,5253.959985504,1780039942.8604522,1.598118138088958,,7.48235754458398,gallons_per_minute,,simulated
CC-PT,pressure,5253.966484915,1780039942.8669512,1.2281610045624978,,182.04025114062443,psi,,simulated
FI-PT,pressure,5253.966548747,1780039942.867015,1.7202182674668154,,305.05456686670385,psi,,simulated
thrust,thrust,5253.966597395,1780039942.8670635,2.4997952580207894,2.5002047419792106,40.948395842121954,N,,simulated
CC-PT,pressure,5253.976614109,1780039942.8770802,1.2125368371649787,,178.13420929124467,psi,,simulated
FI-PT,pressure,5253.976683349,1780039942.8771493,1.7164965530033771,,304.1241382508443,psi,,simulated
thrust,thrust,5253.976736959,1780039942.8772032,2.4998202919745793,2.5001797080254207,35.94160508413324,N,,simulated
tank_temp,temperature,5253.978771357,1780039942.8792377,,,20.385131541250843,°C,,simulated
CC-PT,pressure,5253.986751266,1780039942.8872175,1.220400478887615,,180.10011972190375,psi,,simulated
FI-PT,pressure,5253.98681445,1780039942.8872807,1.7348053139216082,,308.701328480402,psi,,simulated
thrust,thrust,5253.986862579,1780039942.8873289,2.4998655915100088,2.5001344084899912,26.88169799824891,N,,simulated
CC-PT,pressure,5253.996883386,1780039942.8973498,1.2239487438140801,,180.98718595352003,psi,,simulated
FI-PT,pressure,5253.996954255,1780039942.8974206,1.7347451132232086,,308.68627830580215,psi,,simulated
thrust,thrust,5253.997007143,1780039942.8974733,2.499898374068543,2.500101625931457,20.325186291358932,N,,simulated
FM-FM,flow,5254.000170766,1780039942.900637,1.5508218468215282,,7.038954813951827,gallons_per_minute,,simulated
CC-PT,pressure,5254.00702608,1780039942.9074924,1.2252671987136838,,181.31679967842095,psi,,simulated
FI-PT,pressure,5254.007097097,1780039942.9075632,1.7233349947136634,,305.8337486784158,psi,,simulated
thrust,thrust,5254.007145689,1780039942.9076118,2.4999222159292955,2.5000777840707045,15.556814140893493,N,,simulated
CC-PT,pressure,5254.017210125,1780039942.9176776,1.2185604832840542,,179.64012082101354,psi,,simulated
FI-PT,pressure,5254.017342364,1780039942.9178085,1.7256118924155106,,306.4029731038776,psi,,simulated
thrust,thrust,5254.017402048,1780039942.9178684,2.499979436395101,2.500020563604899,4.112720979776441,N,,simulated
CC-PT,pressure,5254.027389466,1780039942.9278557,1.22578933546416,,181.44733386604,psi,,simulated
FI-PT,pressure,5254.027455299,1780039942.9279213,1.737776605817867,,309.44415145446675,psi,,simulated
thrust,thrust,5254.027503631,1780039942.9279697,2.4999877810463644,2.5000122189536356,2.4437907271135373,N,,simulated
CC-PT,pressure,5254.037524679,1780039942.937991,1.2186594270061764,,179.66485675154408,psi,,simulated
FI-PT,pressure,5254.03759827,1780039942.9380643,1.7153449911290397,,303.83624778225993,psi,,simulated
thrust,thrust,5254.037653232,1780039942.9381194,2.500032484535275,2.499967515464725,6.49690705500916,N,,simulated
FM-FM,flow,5254.040323177,1780039942.9407895,1.5600027513507309,,7.1250257939131005,gallons_per_minute,,simulated
CC-PT,pressure,5254.047667187,1780039942.9481335,1.224076297769105,,181.01907444227626,psi,,simulated
FI-PT,pressure,5254.047733501,1780039942.9481997,1.7321731724945513,,308.0432931236378,psi,,simulated
thrust,thrust,5254.047782019,1780039942.9482484,2.500075995931148,2.499924004068852,15.199186229608586,N,,simulated
CC-PT,pressure,5254.05783101,1780039942.958298,1.2311913050641186,,182.79782626602963,psi,,simulated
FI-PT,pressure,5254.057940028,1780039942.9584062,1.7211039925937643,,305.2759981484411,psi,,simulated
thrust,thrust,5254.05800173,1780039942.9584677,2.500085532675449,2.499914467324551,17.10653508979476,N,,simulated
CC-PT,pressure,5254.06799963,1780039942.9684951,1.2177486679254375,,179.43716698135935,psi,,simulated
FI-PT,pressure,5254.068098221,1780039942.9685645,1.7265113266123921,,306.62783165309804,psi,,simulated
thrust,thrust,5254.06814772,1780039942.9686139,2.500138580815623,2.499861419184377,27.716163124580362,N,,simulated
CC-PT,pressure,5254.078167175,1780039942.9786336,1.2232340840380291,,180.80852100950727,psi,,simulated
FI-PT,pressure,5254.078238674,1780039942.978705,1.7220737602798653,,305.5184400699663,psi,,simulated
thrust,thrust,5254.07829197,1780039942.978758,2.5001558661646683,2.4998441338353317,31.173232933667805,N,,simulated
tank_temp,temperature,5254.078933183,1780039942.9793994,,,20.13838995688311,°C,,simulated
FM-FM,flow,5254.080478421,1780039942.9809449,1.5790982936737887,,7.304046503191769,gallons_per_minute,,simulated
CC-PT,pressure,5254.088307665,1780039942.9887738,1.228007820607164,,182.001955151791,psi,,simulated
FI-PT,pressure,5254.088370535,1780039942.9888365,1.7314918913235535,,307.8729728308884,psi,,simulated
thrust,thrust,5254.088419775,1780039942.988886,2.5002017617466166,2.4997982382533834,40.352349323313774,N,,simulated
CC-PT,pressure,5254.098437341,1780039942.9989035,1.224455979401586,,181.11399485039647,psi,,simulated
FI-PT,pressure,5254.098504692,1780039942.998971,1.729315129436866,,307.3287823592165,psi,,simulated
thrust,thrust,5254.09855671,1780039942.999023,2.500222027328256,2.499777972671744,44.4054656512094,N,,simulated
CC-PT,pressure,5254.108572572,1780039943.009039,1.2194766067834624,,179.86915169586558,psi,,simulated
FI-PT,pressure,5254.108634867,1780039943.0091012,1.7209508086384306,,305.23770215960764,psi,,simulated
thrust,thrust,5254.108682811,1780039943.0091488,2.50023514035167,2.49976485964833,47.02807033396539,N,,simulated
CC-PT,pressure,5254.118701285,1780039943.0191674,1.2280656371194885,,182.0164092798721,psi,,simulated
FI-PT,pressure,5254.11876758,1780039943.0192337,1.7287953768724653,,307.19884421811634,psi,,simulated
thrust,thrust,5254.118820283,1780039943.0192866,2.5002679229102043,2.4997320770897957,53.584582040855366,N,,simulated
FM-FM,flow,5254.120629554,1780039943.0210958,1.5781785938952677,,7.295424317768134,gallons_per_minute,,simulated
CC-PT,pressure,5254.128833719,1780039943.0293,1.2288726841059547,,182.21817102648868,psi,,simulated
FI-PT,pressure,5254.128894459,1780039943.0293605,1.7271419438292912,,306.7854859573228,psi,,simulated
thrust,thrust,5254.128941699,1780039943.029408,2.500290572677919,2.499709427322081,58.11453558379753,N,,simulated
CC-PT,pressure,5254.138961358,1780039943.0394275,1.222635057286627,,180.65876432165672,psi,,simulated
FI-PT,pressure,5254.139028246,1780039943.0394945,1.7296501075804362,,307.41252689510907,psi,,simulated
thrust,thrust,5254.139080078,1780039943.0395463,2.5003299117481603,2.4996700882518397,65.9823496320655,N,,simulated
CC-PT,pressure,5254.14909433,1780039943.0495605,1.2236185340426604,,180.9046335106651,psi,,simulated
FI-PT,pressure,5254.149156088,1780039943.0496223,1.7147960322852174,,303.6990080713043,psi,,simulated
thrust,thrust,5254.149202865,1780039943.049669,2.500359118027582,2.499640881972418,71.82360551638567,N,,simulated
CC-PT,pressure,5254.159252931,1780039943.0597196,1.2233854798538064,,180.8463699634516,psi,,simulated
FI-PT,pressure,5254.159359225,1780039943.0598254,1.725995746373623,,306.49893659340574,psi,,simulated
thrust,thrust,5254.159419928,1780039943.059886,2.5003978610513045,2.4996021389486955,79.572210260892,N,,simulated
FM-FM,flow,5254.160780558,1780039943.0612466,1.5502931535593454,,7.033998314618863,gallons_per_minute,,simulated
CC-PT,pressure,5254.169418106,1780039943.0698843,1.2265546591943097,,181.63866479857742,psi,,simulated
FI-PT,pressure,5254.169484568,1780039943.0699508,1.7206474209603573,,305.1618552400893,psi,,simulated
thrust,thrust,5254.16953353,1780039943.07,2.500402629423455,2.499597370576545,80.5258846909851,N,,simulated
tank_temp,temperature,5254.179100269,1780039943.0795665,,,20.266182330515573,°C,,simulated
CC-PT,pressure,5254.179552614,1780039943.080019,1.2240155010241867,,181.00387525604665,psi,,simulated
FI-PT,pressure,5254.179621688,1780039943.080088,1.7219164039989,,305.47910099972495,psi,,simulated
thrust,thrust,5254.179675502,1780039943.0801418,2.500433623842433,2.499566376157567,86.72476848659016,N,,simulated
CC-PT,pressure,5254.189688975,1780039943.0901554,1.231544164603253,,182.88604115081324,psi,,simulated
FI-PT,pressure,5254.189751104,1780039943.090217,1.710950340145867,,302.7375850364667,psi,,simulated
thrust,thrust,5254.189799788,1780039943.0902662,2.500476539191787,2.499523460808213,95.30783835742795,N,,simulated
CC-PT,pressure,5254.199819391,1780039943.1002858,1.2372119709506,,184.30299273765,psi,,simulated
FI-PT,pressure,5254.199887557,1780039943.1003537,1.7327501455247576,,308.1875363811894,psi,,simulated
thrust,thrust,5254.199940667,1780039943.1004071,2.500501573145577,2.499498426854423,100.31462911541666,N,,simulated
FM-FM,flow,5254.200938191,1780039943.1014044,1.6033359293146048,,7.531274337324419,gallons_per_minute,,simulated
CC-PT,pressure,5254.209955159,1780039943.1104214,1.2352927011600376,,183.8231752900094,psi,,simulated
FI-PT,pressure,5254.210016788,1780039943.110483,1.7193915509452284,,304.8478877363071,psi,,simulated
thrust,thrust,5254.210063639,1780039943.11053,2.5005444884949313,2.4994555115050687,108.89769898625445,N,,simulated
CC-PT,pressure,5254.220118446,1780039943.120585,1.2384153888720737,,184.60384721801842,psi,,simulated
FI-PT,pressure,5254.220203741,1780039943.1206698,1.7222227719095673,,305.5556929773918,psi,,simulated
thrust,thrust,5254.22026261,1780039943.1207287,2.5005587936113827,2.4994412063886173,111.75872227653372,N,,simulated
CC-PT,pressure,5254.230274473,1780039943.1307406,1.2386865900381314,,184.67164750953285,psi,,simulated
FI-PT,pressure,5254.230344675,1780039943.130811,1.7105021131637232,,302.6255282909308,psi,,simulated
thrust,thrust,5254.230395934,1780039943.1308622,2.5005808473325786,2.4994191526674214,116.16946651571425,N,,simulated
CC-PT,pressure,5254.240426759,1780039943.1408932,1.2330152074116716,,183.2538018529179,psi,,simulated
FI-PT,pressure,5254.240511313,1780039943.1409774,1.7178656718570795,,304.46641796426985,psi,,simulated
thrust,thrust,5254.240568387,1780039943.1410348,2.5006183982632635,2.4993816017367365,123.67965265269731,N,,simulated
FM-FM,flow,5254.241088194,1780039943.1415544,1.5955962652678806,,7.458714986886379,gallons_per_minute,,simulated
CC-PT,pressure,5254.251986285,1780039943.152453,1.2300325906315555,,182.50814765788886,psi,,simulated
FI-PT,pressure,5254.252114506,1780039943.152581,1.7198725604859066,,304.96814012147667,psi,,simulated
thrust,thrust,5254.25217106,1780039943.1526375,2.500625550821489,2.499374449178511,125.11016429783695,N,,simulated
CC-PT,pressure,5254.262193571,1780039943.1626601,1.2355859560472913,,183.8964890118228,psi,,simulated
FI-PT,pressure,5254.262282977,1780039943.1627493,1.719309296525633,,304.8273241314082,psi,,simulated
thrust,thrust,5254.262341291,1780039943.1628075,2.500669658263881,2.499330341736119,133.931652776198,N,,simulated
CC-PT,pressure,5254.272350524,1780039943.172817,1.2390847491126953,,184.7711872781738,psi,,simulated
FI-PT,pressure,5254.272415726,1780039943.1728818,1.7117401017832878,,302.93502544582196,psi,,simulated
thrust,thrust,5254.272464355,1780039943.1729305,2.50070005663634,2.49929994336366,140.01132726804144,N,,simulated
tank_temp,temperature,5254.27926054,1780039943.1797268,,,20.189368190055337,°C,,simulated
FM-FM,flow,5254.28124379,1780039943.18171,1.5993287085686574,,7.493706642831162,gallons_per_minute,,simulated
CC-PT,pressure,5254.282483977,1780039943.1829503,1.2304414785434579,,182.61036963586446,psi,,simulated
FI-PT,pressure,5254.282552606,1780039943.1830187,1.7202105188620709,,305.0526297155177,psi,,simulated
thrust,thrust,5254.282606994,1780039943.1830733,2.5007215143110173,2.4992784856889827,144.30286220346034,N,,simulated
CC-PT,pressure,5254.292619671,1780039943.193086,1.2324841299634135,,183.12103249085337,psi,,simulated
FI-PT,pressure,5254.292680744,1780039943.193147,1.7154814857818468,,303.87037144546167,psi,,simulated
thrust,thrust,5254.292727966,1780039943.1931942,2.5007268787296866,2.4992731212703134,145.37574593731506,N,,simulated
CC-PT,pressure,5254.302749235,1780039943.2032156,1.2424077084550509,,185.6019271137627,psi,,simulated
FI-PT,pressure,5254.302817605,1780039943.2032838,1.7230333951751464,,305.7583487937866,psi,,simulated
thrust,thrust,5254.302870289,1780039943.2033365,2.5007739664046724,2.4992260335953276,154.7932809344843,N,,simulated
CC-PT,pressure,5254.31288467,1780039943.213351,1.2323750534504716,,183.0937633626179,psi,,simulated
FI-PT,pressure,5254.312945428,1780039943.2134116,1.7106618536307638,,302.66546340769094,psi,,simulated
thrust,thrust,5254.312993113,1780039943.2134595,2.5007805229163793,2.4992194770836207,156.1045832758623,N,,simulated
FM-FM,flow,5254.321390812,1780039943.221857,1.6046853786331865,,7.5439254246861225,gallons_per_minute,,simulated
CC-PT,pressure,5254.323015401,1780039943.2234817,1.2337632457927759,,183.44081144819395,psi,,simulated
FI-PT,pressure,5254.323083215,1780039943.2235494,1.7242266803058004,,306.0566700764501,psi,,simulated
thrust,thrust,5254.323135103,1780039943.2236013,2.500800788498019,2.499199211501981,160.15769960375792,N,,simulated
CC-PT,pressure,5254.333152151,1780039943.2336185,1.2378938481681165,,184.47346204202913,psi,,simulated
FI-PT,pressure,5254.333218853,1780039943.233685,1.710838283400331,,302.70957085008274,psi,,simulated
thrust,thrust,5254.333269556,1780039943.2337356,2.50082522640529,2.49917477359471,165.045281057985,N,,simulated
CC-PT,pressure,5254.343284919,1780039943.243751,1.2507094443690114,,187.67736109225285,psi,,simulated
FI-PT,pressure,5254.343351732,1780039943.243818,1.710071171530625,,302.51779288265624,psi,,simulated
thrust,thrust,5254.343403121,1780039943.243869,2.500846684079967,2.499153315920033,169.3368159934039,N,,simulated
CC-PT,pressure,5254.353500926,1780039943.2539673,1.24727442828112,,186.81860707027997,psi,,simulated
FI-PT,pressure,5254.353596629,1780039943.254063,1.7193140648977834,,304.8285162244458,psi,,simulated
thrust,thrust,5254.353650035,1780039943.2541163,2.500840723614779,2.499159276385221,168.14472295578753,N,,simulated
FM-FM,flow,5254.361551019,1780039943.2620175,1.61653657156665,,7.655030358437342,gallons_per_minute,,simulated
CC-PT,pressure,5254.363656731,1780039943.2641232,1.2431474021848918,,185.78685054622295,psi,,simulated
FI-PT,pressure,5254.363731526,1780039943.2641976,1.7199035549048847,,304.97588872622117,psi,,simulated
thrust,thrust,5254.363785803,1780039943.264252,2.5008663536150877,2.4991336463849123,173.27072301753788,N,,simulated
CC-PT,pressure,5254.37380024,1780039943.2742667,1.2431235603241395,,185.78089008103487,psi,,simulated
FI-PT,pressure,5254.373862165,1780039943.2743282,1.7186166904707778,,304.6541726176944,psi,,simulated
thrust,thrust,5254.373909275,1780039943.2743754,2.5008800626850203,2.4991199373149797,176.0125370040555,N,,simulated
tank_temp,temperature,5254.379426959,1780039943.2798932,,,20.15746344548497,°C,,simulated
CC-PT,pressure,5254.383931452,1780039943.2843978,1.24461367662116,,186.15341915528998,psi,,simulated
FI-PT,pressure,5254.383999137,1780039943.2844653,1.7124470129545943,,303.1117532386486,psi,,simulated
thrust,thrust,5254.384094191,1780039943.2845604,2.500896751987547,2.499103248012453,179.3503975093813,N,,simulated
CC-PT,pressure,5254.394068517,1780039943.294535,1.2500776350590748,,187.51940876476868,psi,,simulated
FI-PT,pressure,5254.394131719,1780039943.2945979,1.7138548748320193,,303.4637187080048,psi,,simulated
thrust,thrust,5254.394179885,1780039943.294646,2.50091522942963,2.49908477057037,183.04588592599202,N,,simulated
FM-FM,flow,5254.4017043,1780039943.3021705,1.5866126521364035,,7.374493613778782,gallons_per_minute,,simulated
CC-PT,pressure,5254.404204007,1780039943.3046706,1.2392885970221277,,184.8221492555319,psi,,simulated
FI-PT,pressure,5254.404272858,1780039943.304739,1.7098953378075765,,302.4738344518941,psi,,simulated
thrust,thrust,5254.404324839,1780039943.304791,2.5009301305926,2.4990698694074,186.02611852003292,N,,simulated
CC-PT,pressure,5254.414340034,1780039943.3148062,1.2392188595794271,,184.80471489485677,psi,,simulated
FI-PT,pressure,5254.41440283,1780039943.314869,1.72177633306698,,305.444083266745,psi,,simulated
thrust,thrust,5254.414449681,1780039943.314916,2.500933706871713,2.499066293128287,186.74137434260274,N,,simulated
CC-PT,pressure,5254.424469839,1780039943.324936,1.2380589530538264,,184.5147382634566,psi,,simulated
FI-PT,pressure,5254.42453782,1780039943.325004,1.7043300514614643,,301.0825128653661,psi,,simulated
thrust,thrust,5254.424590578,1780039943.3250568,2.5009539724533525,2.4990460275466475,190.79449067049836,N,,simulated
CC-PT,pressure,5254.434603996,1780039943.3350701,1.2508524955335254,,187.71312388338134,psi,,simulated
FI-PT,pressure,5254.434667088,1780039943.335133,1.7074890980111477,,301.8722745027869,psi,,simulated
thrust,thrust,5254.434714921,1780039943.335181,2.5009688736163227,2.4990311263836773,193.77472326453926,N,,simulated
FM-FM,flow,5254.441856508,1780039943.3423226,1.6140546338623327,,7.631762192459368,gallons_per_minute,,simulated
CC-PT,pressure,5254.444734264,1780039943.3452005,1.2455172831436734,,186.37932078591834,psi,,simulated
FI-PT,pressure,5254.444802375,1780039943.3452685,1.7074175724288907,,301.8543931072227,psi,,simulated
thrust,thrust,5254.444856189,1780039943.3453226,2.500967681523285,2.499032318476715,193.536304657016,N,,simulated
CC-PT,pressure,5254.454896217,1780039943.355363,1.2578381607339573,,189.4595401834893,psi,,simulated
FI-PT,pressure,5254.454991197,1780039943.3554573,1.7172433992914438,,304.3108498228609,psi,,simulated
thrust,thrust,5254.455045641,1780039943.355512,2.5009569526859465,2.4990430473140535,191.39053718930654,N,,simulated
CC-PT,pressure,5254.465053207,1780039943.3655195,1.242671757062883,,185.66793926572072,psi,,simulated
FI-PT,pressure,5254.46512691,1780039943.3655932,1.705026829841951,,301.25670746048775,psi,,simulated
thrust,thrust,5254.46518165,1780039943.3656478,2.500958740825503,2.499041259174497,191.74816510059145,N,,simulated
CC-PT,pressure,5254.475195271,1780039943.3756616,1.242360620780065,,185.59015519501625,psi,,simulated
FI-PT,pressure,5254.475258178,1780039943.3757243,1.718405093956601,,304.60127348915023,psi,,simulated
thrust,thrust,5254.475304418,1780039943.3757706,2.500980794546699,2.499019205453301,196.15890933977198,N,,simulated
tank_temp,temperature,5254.47958773,1780039943.380054,,,20.187287445844234,°C,,simulated
FM-FM,flow,5254.482004104,1780039943.3824704,1.6011555911488045,,7.510833667020041,gallons_per_minute,,simulated
CC-PT,pressure,5254.485326188,1780039943.3857925,1.2548626965120668,,188.7156741280167,psi,,simulated
FI-PT,pressure,5254.485394353,1780039943.3858607,1.7032351140064137,,300.8087785016034,psi,,simulated
thrust,thrust,5254.485447075,1780039943.3859134,2.5009879471049246,2.4990120528950754,197.5894209849116,N,,simulated
CC-PT,pressure,5254.495466345,1780039943.3959327,1.25122025623563,,187.8050640589075,psi,,simulated
FI-PT,pressure,5254.495531381,1780039943.3959978,1.7029072884210692,,300.7268221052673,psi,,simulated
thrust,thrust,5254.495578084,1780039943.3960443,2.500992715477075,2.499007284522925,198.5430954150047,N,,simulated
CC-PT,pressure,5254.505601335,1780039943.4060674,1.2515069546111768,,187.8767386527942,psi,,simulated
FI-PT,pressure,5254.505671815,1780039943.4061382,1.7149116653098662,,303.7279163274665,psi,,simulated
thrust,thrust,5254.505723685,1780039943.40619,2.5009974838492255,2.4990025161507745,199.4967698450978,N,,simulated
CC-PT,pressure,5254.515740232,1780039943.4162066,1.247790008519889,,186.94750212997224,psi,,simulated
FI-PT,pressure,5254.515801824,1780039943.416268,1.7151280301961935,,303.7820075490484,psi,,simulated
thrust,thrust,5254.515847527,1780039943.4163136,2.5009980798957443,2.4990019201042557,199.61597914885942,N,,simulated
FM-FM,flow,5254.522157496,1780039943.4226236,1.6031839374523087,,7.529849413615393,gallons_per_minute,,simulated
CC-PT,pressure,5254.525870001,1780039943.4263363,1.2426377824113108,,185.6594456028277,psi,,simulated
FI-PT,pressure,5254.525935814,1780039943.426402,1.7102660787422752,,302.5665196855688,psi,,simulated
thrust,thrust,5254.525987536,1780039943.4264538,2.5010129810587145,2.4989870189412855,202.59621174290032,N,,simulated
CC-PT,pressure,5254.53603275,1780039943.4364989,1.2406535435501984,,185.1633858875496,psi,,simulated
FI-PT,pressure,5254.536098786,1780039943.436565,1.7202236318854847,,305.05590797137114,psi,,simulated
thrust,thrust,5254.536145118,1780039943.4366114,2.500999271988782,2.499000728011218,199.8543977563827,N,,simulated
CC-PT,pressure,5254.54616611,1780039943.4466324,1.2475641068892607,,186.89102672231516,psi,,simulated
FI-PT,pressure,5254.546235128,1780039943.4467013,1.7093761812896946,,302.34404532242365,psi,,simulated
thrust,thrust,5254.546287423,1780039943.4467537,2.500993311523594,2.499006688476406,198.66230471876634,N,,simulated
CC-PT,pressure,5254.556333248,1780039943.4568,1.2578006098032724,,189.45015245081808,psi,,simulated
FI-PT,pressure,5254.556427951,1780039943.4568942,1.7086478124437108,,302.1619531109277,psi,,simulated
thrust,thrust,5254.556481339,1780039943.4569478,2.5009915233840374,2.4990084766159626,198.30467680748143,N,,simulated
FM-FM,flow,5254.562306055,1780039943.462773,1.5979709145988124,,7.480977324363865,gallons_per_minute,,simulated
CC-PT,pressure,5254.566489479,1780039943.4669557,1.2561722107138884,,189.0430526784721,psi,,simulated
FI-PT,pressure,5254.566560163,1780039943.4670265,1.7103995931624882,,302.59989829062204,psi,,simulated
thrust,thrust,5254.566613885,1780039943.46708,2.500999271988782,2.499000728011218,199.8543977563827,N,,simulated
CC-PT,pressure,5254.576629432,1780039943.4770956,1.2575508663118917,,189.38771657797292,psi,,simulated
FI-PT,pressure,5254.576693876,1780039943.47716,1.7192371748968571,,304.8092937242143,psi,,simulated
thrust,thrust,5254.576743264,1780039943.4772093,2.5009819866397365,2.4990180133602635,196.39732794729525,N,,simulated
tank_temp,temperature,5254.579754371,1780039943.4802206,,,20.130760561442333,°C,,simulated
CC-PT,pressure,5254.586761719,1780039943.487228,1.2582905600417327,,189.57264001043316,psi,,simulated
FI-PT,pressure,5254.58682931,1780039943.4872954,1.709974611994578,,302.4936529986445,psi,,simulated
thrust,thrust,5254.586882199,1780039943.4873486,2.500980794546699,2.499019205453301,196.15890933977198,N,,simulated
CC-PT,pressure,5254.596897931,1780039943.4973643,1.265344174545309,,191.33604363632722,psi,,simulated
FI-PT,pressure,5254.596959671,1780039943.497426,1.7219956781859014,,305.49891954647535,psi,,simulated
thrust,thrust,5254.597005559,1780039943.4974718,2.500976622221067,2.499023377778933,195.32444421344053,N,,simulated
FM-FM,flow,5254.602471651,1780039943.5029378,1.6456254298240458,,7.927738404600429,gallons_per_minute,,simulated
CC-PT,pressure,5254.607027922,1780039943.5074942,1.2504179776213142,,187.60449440532855,psi,,simulated
FI-PT,pressure,5254.607095106,1780039943.5075612,1.7187204025650504,,304.6801006412626,psi,,simulated
thrust,thrust,5254.607147142,1780039943.5076134,2.500961721058097,2.499038278941903,192.34421161939963,N,,simulated
CC-PT,pressure,5254.617161449,1780039943.5176277,1.2533946339362423,,188.34865848406056,psi,,simulated
FI-PT,pressure,5254.617222522,1780039943.5176888,1.716764177890322,,304.1910444725805,psi,,simulated
thrust,thrust,5254.61727017,1780039943.5177364,2.500945627802089,2.499054372197911,189.12556041783546,N,,simulated
CC-PT,pressure,5254.627290865,1780039943.5277572,1.2598992895959962,,189.97482239899904,psi,,simulated
FI-PT,pressure,5254.627356438,1780039943.5278225,1.7154451269441995,,303.8612817360499,psi,,simulated
thrust,thrust,5254.627410586,1780039943.5278769,2.500939667336901,2.499060332663099,187.9334673802191,N,,simulated
CC-PT,pressure,5254.637423522,1780039943.5378897,1.2673182806156016,,191.8295701539004,psi,,simulated
FI-PT,pressure,5254.637486225,1780039943.5379524,1.7175515553416676,,304.3878888354169,psi,,simulated
thrust,thrust,5254.63753278,1780039943.5379992,2.500931322685638,2.499068677314362,186.2645371275562,N,,simulated
FM-FM,flow,5254.642615525,1780039943.543082,1.5705819810130572,,7.22420607199741,gallons_per_minute,,simulated
CC-PT,pressure,5254.647554624,1780039943.548021,1.2614013268233928,,190.3503317058482,psi,,simulated
FI-PT,pressure,5254.647622197,1780039943.5480883,1.7123975410935333,,303.0993852733833,psi,,simulated
thrust,thrust,5254.647674011,1780039943.5481403,2.500921189894818,2.499078810105182,184.23797896360838,N,,simulated
CC-PT,pressure,5254.657716706,1780039943.558184,1.2552215165163894,,188.80537912909733,psi,,simulated
FI-PT,pressure,5254.657812168,1780039943.5582783,1.6951789492582023,,298.79473731455056,psi,,simulated
thrust,thrust,5254.657867278,1780039943.5583334,2.50091522942963,2.49908477057037,183.04588592599202,N,,simulated
CC-PT,pressure,5254.667871474,1780039943.5683377,1.2621332719484892,,190.5333179871223,psi,,simulated
FI-PT,pressure,5254.667946436,1780039943.5684128,1.7101105106008663,,302.5276276502166,psi,,simulated
thrust,thrust,5254.668039064,1780039943.5685053,2.5009104610574795,2.4990895389425205,182.09221149589894,N,,simulated
CC-PT,pressure,5254.678015223,1780039943.5784814,1.2537826602199864,,188.4456650549966,psi,,simulated
FI-PT,pressure,5254.678078019,1780039943.5785441,1.708000505924285,,302.0001264810713,psi,,simulated
thrust,thrust,5254.678125685,1780039943.5785918,2.5008884073362836,2.4991115926637164,177.6814672567184,N,,simulated
tank_temp,temperature,5254.679914512,1780039943.580381,,,20.114634793806257,°C,,simulated
FM-FM,flow,5254.682769936,1780039943.5832365,1.6107263101013074,,7.600559157199756,gallons_per_minute,,simulated
CC-PT,pressure,5254.688149528,1780039943.5886157,1.2693186127327218,,192.32965318318045,psi,,simulated
FI-PT,pressure,5254.688217787,1780039943.588684,1.7015334011952163,,300.3833502988041,psi,,simulated
thrust,thrust,5254.688270823,1780039943.588737,2.50086516152205,2.49913483847795,173.0323044100146,N,,simulated
CC-PT,pressure,5254.698285741,1780039943.598752,1.2692578159878034,,192.31445399695085,psi,,simulated
FI-PT,pressure,5254.698348055,1780039943.5988142,1.697100007188321,,299.2750017970803,psi,,simulated
thrust,thrust,5254.69839611,1780039943.5988624,2.500874698266351,2.499125301733649,174.93965327020078,N,,simulated
CC-PT,pressure,5254.708417546,1780039943.6088839,1.2602950644844848,,190.0737661211212,psi,,simulated
FI-PT,pressure,5254.708483027,1780039943.6089492,1.7088635812835193,,302.21589532087984,psi,,simulated
thrust,thrust,5254.708535229,1780039943.6090014,2.5008454919869294,2.4991545080130706,169.09839738588062,N,,simulated
CC-PT,pressure,5254.718565092,1780039943.6190317,1.2696863734348265,,192.42159335870662,psi,,simulated
FI-PT,pressure,5254.718635887,1780039943.6191022,1.7012252451449925,,300.3063112862481,psi,,simulated
thrust,thrust,5254.718685886,1780039943.619152,2.5008073450097257,2.4991926549902743,161.46900194513591,N,,simulated
FM-FM,flow,5254.722923865,1780039943.6233902,1.6438998751520961,,7.911561329550901,gallons_per_minute,,simulated
CC-PT,pressure,5254.728708082,1780039943.6291742,1.267981680391035,,191.99542009775877,psi,,simulated
FI-PT,pressure,5254.728782488,1780039943.6292489,1.7075326094070207,,301.88315235175514,psi,,simulated
thrust,thrust,5254.72883758,1780039943.6293037,2.500809133149282,2.499190866850718,161.82662985642082,N,,simulated
CC-PT,pressure,5254.73884959,1780039943.639316,1.2678165755053252,,191.9541438763313,psi,,simulated
FI-PT,pressure,5254.738913478,1780039943.6393797,1.7023684623680666,,300.5921155920166,psi,,simulated
thrust,thrust,5254.738961552,1780039943.639428,2.5007775426837853,2.4992224573162147,155.50853675705412,N,,simulated
CC-PT,pressure,5254.748981414,1780039943.6494477,1.2812246419459155,,195.30616048647886,psi,,simulated
FI-PT,pressure,5254.749048432,1780039943.6495147,1.7090292822157482,,302.25732055393706,psi,,simulated
thrust,thrust,5254.749100375,1780039943.6495664,2.5007674098929655,2.4992325901070345,153.4819785931063,N,,simulated
CC-PT,pressure,5254.759144589,1780039943.6596115,1.2835188249968081,,195.87970624920203,psi,,simulated
FI-PT,pressure,5254.759239847,1780039943.659706,1.7009808660722812,,300.24521651807027,psi,,simulated
thrust,thrust,5254.759295309,1780039943.6597614,2.5007459522182884,2.4992540477817116,149.1904436576874,N,,simulated
FM-FM,flow,5254.763087628,1780039943.6635537,1.6254909784187053,,7.73897792267536,gallons_per_minute,,simulated
CC-PT,pressure,5254.769297653,1780039943.6697638,1.2743409007001996,,193.58522517504989,psi,,simulated
FI-PT,pressure,5254.7693713,1780039943.6698375,1.70792301987684,,301.98075496921,psi,,simulated
thrust,thrust,5254.769427022,1780039943.6698933,2.5007328391948747,2.4992671608051253,146.56783897493142,N,,simulated
CC-PT,pressure,5254.779439347,1780039943.6799057,1.2763734193293355,,194.09335483233386,psi,,simulated
FI-PT,pressure,5254.779500865,1780039943.679967,1.706009114504947,,301.5022786262367,psi,,simulated
thrust,thrust,5254.779547772,1780039943.6800141,2.5006899238455205,2.4993100761544795,137.98476910409363,N,,simulated
tank_temp,temperature,5254.780079061,1780039943.6805453,,,20.089492467921986,°C,,simulated
CC-PT,pressure,5254.789570578,1780039943.690037,1.2747211783791992,,193.6802945947998,psi,,simulated
FI-PT,pressure,5254.789641799,1780039943.690108,1.703268492611467,,300.8171231528667,psi,,simulated
thrust,thrust,5254.789695021,1780039943.6901612,2.5006863475664076,2.4993136524335924,137.2695132815238,N,,simulated
CC-PT,pressure,5254.799709179,1780039943.7001753,1.2842692475639876,,196.0673118909969,psi,,simulated
FI-PT,pressure,5254.799771271,1780039943.7002375,1.7041923647156196,,301.0480911789049,psi,,simulated
thrust,thrust,5254.79981853,1780039943.7002847,2.5006714464034374,2.4993285535965626,134.28928068748291,N,,simulated
FM-FM,flow,5254.803238112,1780039943.7037046,1.6216268088372718,,7.702751332849422,gallons_per_minute,,simulated
CC-PT,pressure,5254.809839448,1780039943.7103057,1.2715794171785613,,192.8948542946403,psi,,simulated
FI-PT,pressure,5254.809908224,1780039943.7103744,1.7071249135881559,,301.78122839703894,psi,,simulated
thrust,thrust,5254.809961131,1780039943.7104273,2.500622570588895,2.499377429411105,124.51411777902877,N,,simulated
CC-PT,pressure,5254.819975012,1780039943.7204413,1.2718315448560171,,192.95788621400428,psi,,simulated
FI-PT,pressure,5254.820063492,1780039943.7205296,1.6894139873282894,,297.3534968320723,psi,,simulated
thrust,thrust,5254.820112251,1780039943.7205787,2.500619590356301,2.499380409643699,123.91807126022059,N,,simulated
CC-PT,pressure,5254.830130206,1780039943.7305965,1.284488592682909,,196.12214817072726,psi,,simulated
FI-PT,pressure,5254.830198964,1780039943.7306652,1.6935088269125018,,298.37720672812543,psi,,simulated
thrust,thrust,5254.830252037,1780039943.7307181,2.500591576169917,2.499408423830083,118.3152339834237,N,,simulated
CC-PT,pressure,5254.840268863,1780039943.7407353,1.2867809875942453,,196.69524689856132,psi,,simulated
FI-PT,pressure,5254.840332325,1780039943.7407985,1.7053355819386937,,301.3338954846734,psi,,simulated
thrust,thrust,5254.840379917,1780039943.7408462,2.500563561983533,2.499436438016467,112.7123967066268,N,,simulated
FM-FM,flow,5254.843391727,1780039943.743858,1.6611393286155853,,8.073181205771112,gallons_per_minute,,simulated
CC-PT,pressure,5254.851982109,1780039943.7524488,1.2781514260949403,,194.53785652373506,psi,,simulated
FI-PT,pressure,5254.852141477,1780039943.7526078,1.7046119814648606,,301.1529953662151,psi,,simulated
thrust,thrust,5254.852203606,1780039943.7526698,2.50054508454145,2.49945491545855,109.01690829001609,N,,simulated
CC-PT,pressure,5254.862215839,1780039943.7626824,1.2919844737034407,,197.99611842586017,psi,,simulated
FI-PT,pressure,5254.862297356,1780039943.7627635,1.7056312210120226,,301.4078052530056,psi,,simulated
thrust,thrust,5254.86234917,1780039943.7628155,2.50049501663387,2.49950498336613,99.00332677403867,N,,simulated
CC-PT,pressure,5254.872365162,1780039943.7728314,1.2773127886429771,,194.32819716074428,psi,,simulated
FI-PT,pressure,5254.872437457,1780039943.7729037,1.7059775240394501,,301.49438100986254,psi,,simulated
thrust,thrust,5254.872492975,1780039943.7729592,2.5004699826800802,2.4995300173199198,93.99653601604996,N,,simulated
tank_temp,temperature,5254.880248165,1780039943.7807145,,,20.23150326033037,°C,,simulated
CC-PT,pressure,5254.882504893,1780039943.7829711,1.293732678143105,,198.43316953577627,psi,,simulated
FI-PT,pressure,5254.882566392,1780039943.7830327,1.6978718874301777,,299.4679718575444,psi,,simulated
thrust,thrust,5254.882615262,1780039943.7830815,2.5004503131449596,2.4995496868550404,90.06262899191597,N,,simulated
FM-FM,flow,5254.883703302,1780039943.7841697,1.6219844367485567,,7.706104094517718,gallons_per_minute,,simulated
CC-PT,pressure,5254.892635902,1780039943.793102,1.2932385555790131,,198.30963889475328,psi,,simulated
FI-PT,pressure,5254.892704845,1780039943.793171,1.7111917389859843,,302.7979347464961,psi,,simulated
thrust,thrust,5254.892757993,1780039943.793224,2.500423491051613,2.499576508948387,84.69821032264235,N,,simulated
CC-PT,pressure,5254.902772188,1780039943.8032384,1.3054092294465578,,201.35230736163945,psi,,simulated
FI-PT,pressure,5254.902834428,1780039943.8033006,1.7077096352231067,,301.9274088057767,psi,,simulated
thrust,thrust,5254.90288302,1780039943.8033493,2.5003889203535223,2.4996110796464777,77.78407070446747,N,,simulated
CC-PT,pressure,5254.912902623,1780039943.8133688,1.282040033583645,,195.51000839591126,psi,,simulated
FI-PT,pressure,5254.912969641,1780039943.8134358,1.7049779540274088,,301.2444885068522,psi,,simulated
thrust,thrust,5254.913022029,1780039943.8134885,2.5003626943066948,2.4996373056933052,72.53886133895548,N,,simulated
CC-PT,pressure,5254.92303791,1780039943.8235044,1.2884463415677954,,197.11158539194884,psi,,simulated
FI-PT,pressure,5254.923100131,1780039943.8235664,1.7012222649123985,,300.3055662280996,psi,,simulated
thrust,thrust,5254.923146778,1780039943.823613,2.5003269315155663,2.4996730684844337,65.38630311325733,N,,simulated
FM-FM,flow,5254.923858546,1780039943.8243248,1.6392244862585648,,7.8677295586740446,gallons_per_minute,,simulated
CC-PT,pressure,5254.933167196,1780039943.8336334,1.2894101487887082,,197.35253719717704,psi,,simulated
FI-PT,pressure,5254.933234918,1780039943.8337011,1.6981740830152134,,299.54352075380336,psi,,simulated
thrust,thrust,5254.933286954,1780039943.833753,2.500303089654814,2.499696910345186,60.61793096279189,N,,simulated
CC-PT,pressure,5254.943340964,1780039943.843808,1.2855310780443046,,196.38276951107613,psi,,simulated
FI-PT,pressure,5254.943452851,1780039943.843919,1.698616945578688,,299.65423639467195,psi,,simulated
thrust,thrust,5254.943502073,1780039943.8439682,2.500263154538054,2.499736845461946,52.63090761076228,N,,simulated
CC-PT,pressure,5254.953532009,1780039943.853999,1.2986470816906786,,199.66177042266963,psi,,simulated
FI-PT,pressure,5254.953638396,1780039943.8541045,1.7041744833200554,,301.0436208300138,psi,,simulated
thrust,thrust,5254.953697081,1780039943.8541632,2.5002399087238203,2.4997600912761797,47.981744764058476,N,,simulated
CC-PT,pressure,5254.963700221,1780039943.8641667,1.2947858923418392,,198.6964730854598,psi,,simulated
FI-PT,pressure,5254.963770516,1780039943.8642368,1.7022790553902454,,300.5697638475613,psi,,simulated
thrust,thrust,5254.963820071,1780039943.8642862,2.50019997360706,2.49980002639294,39.994721412028866,N,,simulated
FM-FM,flow,5254.964936185,1780039943.8654027,1.6572799274063024,,8.036999319434084,gallons_per_minute,,simulated
CC-PT,pressure,5254.973838841,1780039943.8743055,1.2922950139397398,,198.07375348493494,psi,,simulated
FI-PT,pressure,5254.973911469,1780039943.8743777,1.7063363440437727,,301.58408601094317,psi,,simulated
thrust,thrust,5254.973965802,1780039943.874432,2.5001701712811197,2.4998298287188803,34.03425622394707,N,,simulated
tank_temp,temperature,5254.980414528,1780039943.8808808,,,19.981467164295008,°C,,simulated
CC-PT,pressure,5254.983979442,1780039943.884446,1.3039691810571172,,200.9922952642793,psi,,simulated
FI-PT,pressure,5254.984074626,1780039943.884541,1.7025961521382513,,300.6490380345628,psi,,simulated
thrust,thrust,5254.984123792,1780039943.8845901,2.5001272559317655,2.4998727440682345,25.45118635310928,N,,simulated
CC-PT,pressure,5254.994139839,1780039943.894606,1.2852712017621042,,196.31780044052604,psi,,simulated
FI-PT,pressure,5254.994208116,1780039943.8946745,1.6982479927835457,,299.5619981958864,psi,,simulated
thrust,thrust,5254.994259523,1780039943.8947256,2.500104606164051,2.499895393835949,20.921232810167112,N,,simulated
CC-PT,pressure,5255.004294959,1780039943.9047613,1.2955422753742067,,198.88556884355168,psi,,simulated
FI-PT,pressure,5255.004376328,1780039943.9048426,1.707605923128834,,301.9014807822085,psi,,simulated
thrust,thrust,5255.004430013,1780039943.904896,2.500079572210261,2.499920427789739,15.914442052178401,N,,simulated
FM-FM,flow,5255.005105059,1780039943.9055717,1.6405882406935979,,7.88051475650248,gallons_per_minute,,simulated
CC-PT,pressure,5255.01443656,1780039943.9149027,1.294970070716151,,198.74251767903772,psi,,simulated
FI-PT,pressure,5255.014509633,1780039943.9149756,1.691898905265201,,297.97472631630023,psi,,simulated
thrust,thrust,5255.014564373,1780039943.9150305,2.5000408291865384,2.4999591708134616,8.165837307672064,N,,simulated
CC-PT,pressure,5255.024578161,1780039943.9250445,1.2997026800754883,,199.92567001887207,psi,,simulated
FI-PT,pressure,5255.024644605,1780039943.9251108,1.6920872559651443,,298.0218139912861,psi,,simulated
thrust,thrust,5255.024693401,1780039943.9251597,2.500016987325786,2.499983012674214,3.397465157206625,N,,simulated
CC-PT,pressure,5255.034712596,1780039943.9351788,1.3051404124665753,,201.28510311664382,psi,,simulated
FI-PT,pressure,5255.034782447,1780039943.9352486,1.7021538856212957,,300.5384714053239,psi,,simulated
thrust,thrust,5255.03483902,1780039943.935305,2.499995529651109,2.500004470348891,0.8940697782122697,N,,simulated
CC-PT,pressure,5255.044852864,1780039943.9453192,1.3077946076148281,,201.94865190370703,psi,,simulated
FI-PT,pressure,5255.044918845,1780039943.945385,1.6967364188118481,,299.18410470296203,psi,,simulated
thrust,thrust,5255.044967918,1780039943.945434,2.4999508261621983,2.5000491738378017,9.834767560334967,N,,simulated
FM-FM,flow,5255.046066088,1780039943.9465322,1.6440327935257903,,7.912807439304284,gallons_per_minute,,simulated
CC-PT,pressure,5255.055017447,1780039943.9554844,1.3021417024304514,,200.53542560761284,psi,,simulated
FI-PT,pressure,5255.055126501,1780039943.9555926,1.690833174089572,,297.708293522393,psi,,simulated
thrust,thrust,5255.055187444,1780039943.9556537,2.4999132752315134,2.5000867247684866,17.344953697318033,N,,simulated
CC-PT,pressure,5255.065187103,1780039943.9656532,1.3076688417993596,,201.9172104498399,psi,,simulated
FI-PT,pressure,5255.065254213,1780039943.9657204,1.6902895796644188,,297.5723949161047,psi,,simulated
thrust,thrust,5255.065303305,1780039943.9657695,2.4998852610451294,2.5001147389548706,22.947790974114923,N,,simulated
CC-PT,pressure,5255.07532339,1780039943.9757898,1.3076360592408252,,201.9090148102063,psi,,simulated
FI-PT,pressure,5255.075393315,1780039943.9758596,1.698862516744437,,299.7156291861092,psi,,simulated
thrust,thrust,5255.075446388,1780039943.9759123,2.4998381733701436,2.5001618266298564,32.365325971284165,N,,simulated
tank_temp,temperature,5255.080580225,1780039943.9810464,,,20.0886254911673,°C,,simulated
CC-PT,pressure,5255.085461935,1780039943.9859283,1.3044084673414789,,201.1021168353697,psi,,simulated
FI-PT,pressure,5255.085524453,1780039943.9859908,1.7067589410256077,,301.6897352564019,psi,,simulated
thrust,thrust,5255.085571508,1780039943.9860377,2.4998351931375495,2.5001648068624505,32.961372490092344,N,,simulated
FM-FM,flow,5255.08621861,1780039943.986685,1.659782726738778,,8.060463063176043,gallons_per_minute,,simulated
CC-PT,pressure,5255.095592537,1780039943.996059,1.3130273000034451,,203.25682500086128,psi,,simulated
FI-PT,pressure,5255.095662091,1780039943.9961283,1.7068370231195715,,301.7092557798929,psi,,simulated
thrust,thrust,5255.095714628,1780039943.9961808,2.499809563137241,2.500190436862759,38.08737255184269,N,,simulated
CC-PT,pressure,5255.10572962,1780039944.0061958,1.3038714294280327,,200.96785735700817,psi,,simulated
FI-PT,pressure,5255.105791026,1780039944.006257,1.6974677678904257,,299.3669419726064,psi,,simulated
thrust,thrust,5255.105837452,1780039944.0063038,2.4997517466249164,2.5002482533750836,49.65067501672138,N,,simulated
CC-PT,pressure,5255.115858443,1780039944.0163245,1.3192065142639298,,204.80162856598244,psi,,simulated
FI-PT,pressure,5255.115924887,1780039944.0163913,1.6962875957831856,,299.07189894579636,psi,,simulated
thrust,thrust,5255.115978238,1780039944.0164444,2.499761879415736,2.500238120584264,47.62411685277357,N,,simulated
CC-PT,pressure,5255.125993267,1780039944.0264595,1.3052119380488323,,201.30298451220807,psi,,simulated
FI-PT,pressure,5255.12605547,1780039944.0265217,1.692647539692824,,298.161884923206,psi,,simulated
thrust,thrust,5255.126102803,1780039944.026569,2.4996927380195544,2.5003072619804456,61.45239608912334,N,,simulated
FM-FM,flow,5255.12718901,1780039944.0276551,1.6824432232908277,,8.272905218351509,gallons_per_minute,,simulated
CC-PT,pressure,5255.136129646,1780039944.036596,1.3086064229734449,,202.15160574336122,psi,,simulated
FI-PT,pressure,5255.136198886,1780039944.0366652,1.7086412559320039,,302.16031398300095,psi,,simulated
thrust,thrust,5255.136251256,1780039944.0367177,2.499680817089178,2.500319182910822,63.83658216435606,N,,simulated
CC-PT,pressure,5255.146266192,1780039944.0467324,1.3181062123902096,,204.5265530975524,psi,,simulated
FI-PT,pressure,5255.146329413,1780039944.0467956,1.6965456839258295,,299.1364209814574,psi,,simulated
thrust,thrust,5255.146376616,1780039944.0468428,2.4996432661584933,2.5003567338415067,71.34676830133913,N,,simulated
CC-PT,pressure,5255.156428552,1780039944.0568957,1.3176001688957415,,204.40004222393537,psi,,simulated
FI-PT,pressure,5255.156532977,1780039944.0569992,1.694576942274206,,298.6442355685515,psi,,simulated
thrust,thrust,5255.156593013,1780039944.057059,2.499628961042042,2.500371038957958,74.20779159161839,N,,simulated
CC-PT,pressure,5255.166592005,1780039944.067058,1.3166053672558506,,204.15134181396266,psi,,simulated
FI-PT,pressure,5255.166657689,1780039944.067124,1.7011316658415396,,300.2829164603849,psi,,simulated
thrust,thrust,5255.166706318,1780039944.0671725,2.4995937942974322,2.5004062057025678,81.24114051355491,N,,simulated
FM-FM,flow,5255.167356458,1780039944.067823,1.6451193863295777,,7.9229942468397905,gallons_per_minute,,simulated
CC-PT,pressure,5255.176727958,1780039944.0771942,1.317160286564861,,204.29007164121526,psi,,simulated
FI-PT,pressure,5255.176797161,1780039944.0772634,1.703184450052315,,300.79611251307875,psi,,simulated
thrust,thrust,5255.176849086,1780039944.0773153,2.4995657801110482,2.5004342198889518,86.8439777903518,N,,simulated
tank_temp,temperature,5255.180748199,1780039944.0812144,,,20.023082048517253,°C,,simulated
CC-PT,pressure,5255.186864578,1780039944.0873308,1.314450659090359,,203.61266477258977,psi,,simulated
FI-PT,pressure,5255.186928022,1780039944.0873942,1.6962679262480649,,299.0669815620162,psi,,simulated
thrust,thrust,5255.186975336,1780039944.0874414,2.4995407461572583,2.5004592538427417,91.85076854834051,N,,simulated
CC-PT,pressure,5255.196993939,1780039944.0974603,1.3167263646991687,,204.18159117479217,psi,,simulated
FI-PT,pressure,5255.197060531,1780039944.0975268,1.7031707409823824,,300.7926852455956,psi,,simulated
thrust,thrust,5255.197113382,1780039944.0975795,2.499501407087017,2.500498592912983,99.71858259660848,N,,simulated
CC-PT,pressure,5255.207128411,1780039944.1075947,1.3194455289179718,,204.86138222949296,psi,,simulated
FI-PT,pressure,5255.207190836,1780039944.107657,1.6880430803350306,,297.0107700837576,psi,,simulated
thrust,thrust,5255.207239039,1780039944.1077054,2.4994775652262646,2.5005224347737354,104.48695474707392,N,,simulated
FM-FM,flow,5255.208357635,1780039944.108824,1.679477891859757,,8.245105236185221,gallons_per_minute,,simulated
CC-PT,pressure,5255.217391733,1780039944.1178584,1.324516096653473,,206.12902416336826,psi,,simulated
FI-PT,pressure,5255.217483583,1780039944.1179497,1.6979761955709691,,299.4940488927423,psi,,simulated
thrust,thrust,5255.217542768,1780039944.118009,2.4994346498769104,2.5005653501230896,113.07002461791171,N,,simulated
CC-PT,pressure,5255.227552297,1780039944.1280186,1.3126863613946869,,203.1715903486717,psi,,simulated
FI-PT,pressure,5255.227627055,1780039944.1280932,1.6986145613926127,,299.65364034815315,psi,,simulated
thrust,thrust,5255.227679665,1780039944.128146,2.4994370340629857,2.5005629659370143,112.59318740286517,N,,simulated
CC-PT,pressure,5255.237755175,1780039944.1382215,1.314975776073429,,203.74394401835727,psi,,simulated
FI-PT,pressure,5255.237836285,1780039944.1383026,1.6972519990506172,,299.3129997626543,psi,,simulated
thrust,thrust,5255.237892321,1780039944.1383586,2.499392330574075,2.500607669425925,121.53388518498787,N,,simulated
CC-PT,pressure,5255.247901461,1780039944.148368,1.3180698535525623,,204.51746338814058,psi,,simulated
FI-PT,pressure,5255.247965294,1780039944.1484313,1.6984852192980313,,299.62130482450783,psi,,simulated
thrust,thrust,5255.248046737,1780039944.148513,2.499373853131992,2.500626146868008,125.22937360159858,N,,simulated
FM-FM,flow,5255.248511008,1780039944.1489775,1.669950684303127,,8.155787665341816,gallons_per_minute,,simulated
CC-PT,pressure,5255.258062099,1780039944.158529,1.3221247580200146,,205.53118950500365,psi,,simulated
FI-PT,pressure,5255.258167987,1780039944.1586342,1.695341669957837,,298.83541748945925,psi,,simulated
thrust,thrust,5255.258227653,1780039944.1586938,2.4993446468525704,2.5006553531474296,131.07062948591874,N,,simulated
CC-PT,pressure,5255.268227404,1780039944.1686938,1.3315565981336352,,207.8891495334088,psi,,simulated
FI-PT,pressure,5255.268294866,1780039944.168761,1.697476112541689,,299.36902813542224,psi,,simulated
thrust,thrust,5255.268344717,1780039944.168811,2.499311864294036,2.500688135705964,137.62714119280872,N,,simulated
CC-PT,pressure,5255.278362839,1780039944.178829,1.3214595701050247,,205.36489252625617,psi,,simulated
FI-PT,pressure,5255.278432467,1780039944.1788986,1.6812171556016393,,295.3042889004098,psi,,simulated
thrust,thrust,5255.278485615,1780039944.178952,2.499286234293727,2.500713765706273,142.75314125455907,N,,simulated
tank_temp,temperature,5255.280910452,1780039944.1813767,,,19.90205209357088,°C,,simulated
CC-PT,pressure,5255.288501292,1780039944.1889675,1.3153626102641356,,203.8406525660339,psi,,simulated
FI-PT,pressure,5255.288562958,1780039944.1890292,1.6891672240695028,,297.2918060173757,psi,,simulated
thrust,thrust,5255.288610346,1780039944.1890764,2.499268352898163,2.500731647101837,146.32942036740815,N,,simulated
FM-FM,flow,5255.288661253,1780039944.1891274,1.6671105226410057,,8.129161149759428,gallons_per_minute,,simulated
CC-PT,pressure,5255.29863356,1780039944.1991,1.3309021390559839,,207.72553476399597,psi,,simulated
FI-PT,pressure,5255.298704207,1780039944.1991704,1.6983862755759092,,299.5965688939773,psi,,simulated
thrust,thrust,5255.298757225,1780039944.1992235,2.499249279409561,2.500750720590439,150.1441180877805,N,,simulated
CC-PT,pressure,5255.308772235,1780039944.2092385,1.3346351784032795,,208.65879460081987,psi,,simulated
FI-PT,pressure,5255.308834549,1780039944.2093008,1.6864069326409021,,296.60173316022554,psi,,simulated
thrust,thrust,5255.308882049,1780039944.2093482,2.4992206691766583,2.5007793308233417,155.86616466833902,N,,simulated
CC-PT,pressure,5255.318901374,1780039944.2193677,1.3249988943337077,,206.2497235834269,psi,,simulated
FI-PT,pressure,5255.318967706,1780039944.2194338,1.687476240095644,,296.869060023911,psi,,simulated
thrust,thrust,5255.319019224,1780039944.2194855,2.499212324525395,2.500787675474605,157.53509492100193,N,,simulated
FM-FM,flow,5255.328811349,1780039944.2292776,1.649363237543492,,7.9627803519702365,gallons_per_minute,,simulated
CC-PT,pressure,5255.329035235,1780039944.2295015,1.3222344305794753,,205.55860764486883,psi,,simulated
FI-PT,pressure,5255.329097734,1780039944.229564,1.7045243626265958,,301.13109065664895,psi,,simulated
thrust,thrust,5255.329144344,1780039944.2296104,2.4991980194089436,2.5008019805910564,160.3961182112812,N,,simulated
CC-PT,pressure,5255.339163169,1780039944.2396293,1.3293071185716532,,207.3267796429133,psi,,simulated
FI-PT,pressure,5255.339229409,1780039944.2396955,1.69268449457699,,298.17112364424753,psi,,simulated
thrust,thrust,5255.339279557,1780039944.2397459,2.499178349873823,2.500821650126177,164.33002523541518,N,,simulated
CC-PT,pressure,5255.349295956,1780039944.2497623,1.324080982694743,,206.02024567368576,psi,,simulated
FI-PT,pressure,5255.349357603,1780039944.2498238,1.6936614148213167,,298.41535370532915,psi,,simulated
thrust,thrust,5255.349403751,1780039944.24987,2.4991509317339577,2.5008490682660423,169.81365320845043,N,,simulated
CC-PT,pressure,5255.359453742,1780039944.2599208,1.3405396152185935,,210.1349038046484,psi,,simulated
FI-PT,pressure,5255.359561185,1780039944.2600274,1.6940220229651957,,298.5055057412989,psi,,simulated
thrust,thrust,5255.35962187,1780039944.260088,2.4991396068501004,2.5008603931498996,172.07862997992152,N,,simulated
FM-FM,flow,5255.368962241,1780039944.2694287,1.7179181239507346,,8.605482412038135,gallons_per_minute,,simulated
CC-PT,pressure,5255.369617769,1780039944.2700841,1.3306816018440248,,207.6704004610062,psi,,simulated
FI-PT,pressure,5255.369680139,1780039944.2701464,1.7018868567808696,,300.4717141952174,psi,,simulated
thrust,thrust,5255.369728786,1780039944.270195,2.499137222664025,2.500862777335975,172.55546719496806,N,,simulated
CC-PT,pressure,5255.379749834,1780039944.280216,1.3333739439694814,,208.34348599237035,psi,,simulated
FI-PT,pressure,5255.379820203,1780039944.2802866,1.68969889756428,,297.42472439106996,psi,,simulated
thrust,thrust,5255.379875017,1780039944.2803411,2.4991181491754233,2.5008818508245767,176.3701649153404,N,,simulated
tank_temp,temperature,5255.381075908,1780039944.281542,,,19.99135069929778,°C,,simulated
CC-PT,pressure,5255.389887194,1780039944.2903533,1.3342674177011749,,208.5668544252937,psi,,simulated
FI-PT,pressure,5255.389949119,1780039944.2904153,1.6860987765906783,,296.52469414766955,psi,,simulated
thrust,thrust,5255.389996378,1780039944.2904627,2.4990919231285957,2.5009080768714043,181.6153742808524,N,,simulated
CC-PT,pressure,5255.400047462,1780039944.3005137,1.3409306217349317,,210.23265543373293,psi,,simulated
FI-PT,pressure,5255.400116924,1780039944.3005831,1.6923912396897365,,298.0978099224341,psi,,simulated
thrust,thrust,5255.400171331,1780039944.3006375,2.499078214058663,2.500921785941337,184.35718826737002,N,,simulated
FM-FM,flow,5255.409117041,1780039944.3095832,1.6961785192702437,,8.401673618158533,gallons_per_minute,,simulated
CC-PT,pressure,5255.410182582,1780039944.310649,1.3431759289712821,,210.79398224282053,psi,,simulated
FI-PT,pressure,5255.410243211,1780039944.3107095,1.698924505582393,,299.7311263955982,psi,,simulated
thrust,thrust,5255.410289395,1780039944.3107555,2.499078214058663,2.500921785941337,184.35718826737002,N,,simulated
CC-PT,pressure,5255.420310554,1780039944.3207767,1.3380505249560506,,209.51263123901265,psi,,simulated
FI-PT,pressure,5255.420386219,1780039944.3208525,1.679645976978061,,294.9114942445152,psi,,simulated
thrust,thrust,5255.42044583,1780039944.3209121,2.4990370868488654,2.5009629131511346,192.5826302269229,N,,simulated
CC-PT,pressure,5255.430453803,1780039944.33092,1.335261623294547,,208.81540582363672,psi,,simulated
FI-PT,pressure,5255.430515673,1780039944.330982,1.6892673598846626,,297.3168399711656,psi,,simulated
thrust,thrust,5255.43056182,1780039944.331028,2.499054372197911,2.500945627802089,189.12556041783546,N,,simulated
CC-PT,pressure,5255.440581608,1780039944.3410478,1.3372130795971249,,209.30326989928122,psi,,simulated
FI-PT,pressure,5255.440649311,1780039944.3411155,1.6874315366067334,,296.8578841516833,psi,,simulated
thrust,thrust,5255.440701644,1780039944.341168,2.4990281461510833,2.5009718538489167,194.37076978334744,N,,simulated
FM-FM,flow,5255.449260878,1780039944.3497272,1.6929443708591905,,8.37135347680491,gallons_per_minute,,simulated
CC-PT,pressure,5255.451944211,1780039944.352411,1.3378377363488358,,209.45943408720896,psi,,simulated
FI-PT,pressure,5255.452074321,1780039944.3525407,1.6903503764093373,,297.5875941023343,psi,,simulated
thrust,thrust,5255.452132301,1780039944.3525984,2.4990239738254516,2.5009760261745484,195.2052349096789,N,,simulated
CC-PT,pressure,5255.462113109,1780039944.36258,1.3422711303557313,,210.56778258893283,psi,,simulated
FI-PT,pressure,5255.462210144,1780039944.3626764,1.693197690629684,,298.29942265742096,psi,,simulated
thrust,thrust,5255.462269329,1780039944.3627355,2.499019205453301,2.500980794546699,196.15890933977198,N,,simulated
CC-PT,pressure,5255.472276376,1780039944.3727427,1.3311244644074993,,207.78111610187483,psi,,simulated
FI-PT,pressure,5255.47234019,1780039944.3728063,1.6908862222297458,,297.72155555743643,psi,,simulated
thrust,thrust,5255.472388393,1780039944.3728545,2.4990245698719704,2.5009754301280296,195.08602560591726,N,,simulated
tank_temp,temperature,5255.48123916,1780039944.3817055,,,19.800962603981002,°C,,simulated
CC-PT,pressure,5255.482408681,1780039944.382875,1.3414467980202196,,210.3616995050549,psi,,simulated
FI-PT,pressure,5255.482477995,1780039944.3829443,1.6793801402306725,,294.8450350576681,psi,,simulated
thrust,thrust,5255.482531457,1780039944.3829978,2.4989935754529924,2.5010064245470076,201.28490940152233,N,,simulated
FM-FM,flow,5255.489413159,1780039944.3898795,1.6837324719110098,,8.284991924165716,gallons_per_minute,,simulated
CC-PT,pressure,5255.492548172,1780039944.3930144,1.342390339659493,,210.59758491487324,psi,,simulated
FI-PT,pressure,5255.492609337,1780039944.3930755,1.6871323212542917,,296.7830803135729,psi,,simulated
thrust,thrust,5255.492656244,1780039944.3931227,2.4990120528950754,2.5009879471049246,197.5894209849116,N,,simulated
CC-PT,pressure,5255.502677477,1780039944.4031436,1.343909662235935,,210.97741555898375,psi,,simulated
FI-PT,pressure,5255.502744809,1780039944.403211,1.6875018700959528,,296.87546752398816,psi,,simulated
thrust,thrust,5255.502797271,1780039944.4032636,2.4990186094067823,2.5009813905932177,196.27811864353362,N,,simulated
CC-PT,pressure,5255.512812726,1780039944.413279,1.3502992809175587,,212.57482022938967,psi,,simulated
FI-PT,pressure,5255.512874892,1780039944.4133413,1.6877575740525215,,296.93939351313037,psi,,simulated
thrust,thrust,5255.512921521,1780039944.4133878,2.4989905952203983,2.5010094047796017,201.8809559203305,N,,simulated
CC-PT,pressure,5255.522945031,1780039944.4234114,1.3362284107480538,,209.05710268701344,psi,,simulated
FI-PT,pressure,5255.523015049,1780039944.4234812,1.6941591136645215,,298.5397784161304,psi,,simulated
thrust,thrust,5255.523068956,1780039944.423535,2.4990049003368497,2.5009950996631503,199.01993263005124,N,,simulated
FM-FM,flow,5255.529561478,1780039944.4300277,1.7280020389559314,,8.700019115211855,gallons_per_minute,,simulated
CC-PT,pressure,5255.533081374,1780039944.4335475,1.3493795811390377,,212.34489528475942,psi,,simulated
FI-PT,pressure,5255.533143002,1780039944.4336092,1.6856278998408198,,296.40697496020493,psi,,simulated
thrust,thrust,5255.533190816,1780039944.4336572,2.499022781732414,2.500977218267586,195.44365351720216,N,,simulated
CC-PT,pressure,5255.54323153,1780039944.4436986,1.3316793837165097,,207.91984592912743,psi,,simulated
FI-PT,pressure,5255.543334177,1780039944.4438002,1.6835244516759458,,295.88111291898645,psi,,simulated
thrust,thrust,5255.543391621,1780039944.443858,2.498997747778624,2.501002252221376,200.45044427519088,N,,simulated
CC-PT,pressure,5255.553447316,1780039944.4539142,1.3401152300972021,,210.02880752430053,psi,,simulated
FI-PT,pressure,5255.553545648,1780039944.454012,1.686093412172009,,296.52335304300226,psi,,simulated
thrust,thrust,5255.55360011,1780039944.4540665,2.499010860802038,2.500989139197962,197.82783959243488,N,,simulated
CC-PT,pressure,5255.563609732,1780039944.464076,1.3488645969467874,,212.21614923669685,psi,,simulated
FI-PT,pressure,5255.563687119,1780039944.4641533,1.6870083435783796,,296.75208589459487,psi,,simulated
thrust,thrust,5255.563742582,1780039944.4642088,2.499001324057737,2.500998675942263,199.73518845262106,N,,simulated
FM-FM,flow,5255.569716611,1780039944.470183,1.6828050235277443,,8.276297095572602,gallons_per_minute,,simulated
CC-PT,pressure,5255.573752907,1780039944.4742193,1.3473190483235178,,211.82976208087945,psi,,simulated
FI-PT,pressure,5255.573815425,1780039944.4742818,1.6907574761816833,,297.6893690454208,psi,,simulated
thrust,thrust,5255.573862794,1780039944.474329,2.499010264755519,2.500989735244481,197.94704889619652,N,,simulated
tank_temp,temperature,5255.581408228,1780039944.4818745,,,19.977652466574646,°C,,simulated
CC-PT,pressure,5255.583884453,1780039944.4843507,1.3533719007220149,,213.34297518050371,psi,,simulated
FI-PT,pressure,5255.583952341,1780039944.4844186,1.676057180888317,,294.0142952220792,psi,,simulated
thrust,thrust,5255.584034766,1780039944.484501,2.4989899991738795,2.5010100008261205,202.00016522409214,N,,simulated
CC-PT,pressure,5255.594020721,1780039944.494487,1.3518090667496998,,212.95226668742495,psi,,simulated
FI-PT,pressure,5255.594083572,1780039944.4945498,1.6779764506788792,,294.4941126697198,psi,,simulated
thrust,thrust,5255.594130886,1780039944.4945972,2.4990180133602635,2.5009819866397365,196.39732794729525,N,,simulated
CC-PT,pressure,5255.604153693,1780039944.50462,1.3486005483389554,,212.15013708473884,psi,,simulated
FI-PT,pressure,5255.604220618,1780039944.5046868,1.685385308907665,,296.34632722691623,psi,,simulated
thrust,thrust,5255.60427221,1780039944.5047383,2.4990466235931663,2.5009533764068337,190.67528136673673,N,,simulated
FM-FM,flow,5255.609865873,1780039944.510332,1.6781373832389574,,8.232537967865225,gallons_per_minute,,simulated
CC-PT,pressure,5255.614288035,1780039944.5147543,1.3610239459304747,,215.25598648261868,psi,,simulated
FI-PT,pressure,5255.614349904,1780039944.514816,1.6911818613030747,,297.79546532576865,psi,,simulated
thrust,thrust,5255.614396626,1780039944.5148628,2.4990525840583544,2.5009474159416456,189.48318832912037,N,,simulated
CC-PT,pressure,5255.624420655,1780039944.524887,1.3533814374663158,,213.34535936657895,psi,,simulated
FI-PT,pressure,5255.62449108,1780039944.5249572,1.6850622516944709,,296.2655629236177,psi,,simulated
thrust,thrust,5255.624544764,1780039944.525011,2.4990370868488654,2.5009629131511346,192.5826302269229,N,,simulated
CC-PT,pressure,5255.634557719,1780039944.5350242,1.355913443078213,,213.97836076955323,psi,,simulated
FI-PT,pressure,5255.634621163,1780039944.5350873,1.6865833624104694,,296.64584060261734,psi,,simulated
thrust,thrust,5255.634668773,1780039944.535135,2.4990579484770237,2.5009420515229763,188.41030459526564,N,,simulated
CC-PT,pressure,5255.644687932,1780039944.5451543,1.3545544570153303,,213.63861425383257,psi,,simulated
FI-PT,pressure,5255.644756005,1780039944.545222,1.695363127632514,,298.8407819081285,psi,,simulated
thrust,thrust,5255.6448078,1780039944.5452738,2.49905973661658,2.50094026338342,188.05267668398074,N,,simulated
FM-FM,flow,5255.652077719,1780039944.5525446,1.686220966127034,,8.308321557440943,gallons_per_minute,,simulated
CC-PT,pressure,5255.654840755,1780039944.5553071,1.3608421517422382,,215.21053793555956,psi,,simulated
FI-PT,pressure,5255.654920384,1780039944.5553865,1.6853829247215897,,296.3457311803974,psi,,simulated
thrust,thrust,5255.654973198,1780039944.5554395,2.4990746377795503,2.5009253622204497,185.07244408993984,N,,simulated
CC-PT,pressure,5255.664987338,1780039944.5654535,1.3585980365989254,,214.64950914973136,psi,,simulated
FI-PT,pressure,5255.665063059,1780039944.5655293,1.6862066610105826,,296.55166525264565,psi,,simulated
thrust,thrust,5255.66511941,1780039944.5655856,2.4990800021982196,2.5009199978017804,183.9995603560851,N,,simulated
CC-PT,pressure,5255.675130124,1780039944.5755963,1.3500584781239602,,212.51461953099005,psi,,simulated
FI-PT,pressure,5255.675193327,1780039944.5756595,1.6839750628441648,,295.9937657110412,psi,,simulated
thrust,thrust,5255.67524103,1780039944.5757074,2.4991169570823857,2.5008830429176143,176.60858352286368,N,,simulated
tank_temp,temperature,5255.681570943,1780039944.5820372,,,19.7555330220384,°C,,simulated
CC-PT,pressure,5255.685262207,1780039944.5857284,1.3662131269232187,,216.55328173080468,psi,,simulated
FI-PT,pressure,5255.685330891,1780039944.585797,1.6898187029145604,,297.4546757286401,psi,,simulated
thrust,thrust,5255.685383909,1780039944.58585,2.4991115926637164,2.5008884073362836,177.6814672567184,N,,simulated
FM-FM,flow,5255.692247907,1780039944.5927143,1.7050029879811988,,8.484403012323739,gallons_per_minute,,simulated
CC-PT,pressure,5255.695398864,1780039944.595865,1.3689519606771423,,217.23799016928558,psi,,simulated
FI-PT,pressure,5255.695461011,1780039944.5959272,1.6868158205528045,,296.70395513820114,psi,,simulated
thrust,thrust,5255.695508251,1780039944.5959744,2.4991479515013637,2.5008520484986363,170.4096997272586,N,,simulated
CC-PT,pressure,5255.705528873,1780039944.605995,1.3612659408171108,,215.3164852042777,psi,,simulated
FI-PT,pressure,5255.705599742,1780039944.606066,1.6820152618903235,,295.50381547258087,psi,,simulated
thrust,thrust,5255.705652445,1780039944.6061187,2.4991449712687697,2.5008550287312303,171.0057462460668,N,,simulated
CC-PT,pressure,5255.715668678,1780039944.616135,1.3658459622676329,,216.46149056690822,psi,,simulated
FI-PT,pressure,5255.715731381,1780039944.6161976,1.6875489577709386,,296.88723944273465,psi,,simulated
thrust,thrust,5255.715780047,1780039944.6162462,2.4991819261529358,2.5008180738470642,163.61476941284536,N,,simulated
CC-PT,pressure,5255.725814557,1780039944.626281,1.3685907564867446,,217.14768912168614,psi,,simulated
FI-PT,pressure,5255.725902796,1780039944.626369,1.6857471091445815,,296.43677728614534,psi,,simulated
thrust,thrust,5255.725960314,1780039944.6264267,2.499180734059898,2.500819265940102,163.85318802036863,N,,simulated
FM-FM,flow,5255.732408374,1780039944.6328747,1.7159517664851864,,8.587047810798621,gallons_per_minute,,simulated
CC-PT,pressure,5255.735964695,1780039944.6364312,1.35479466376241,,213.6986659406025,psi,,simulated
FI-PT,pressure,5255.736059453,1780039944.6365259,1.6799612855865105,,294.9903213966276,psi,,simulated
thrust,thrust,5255.73611123,1780039944.6365776,2.4991896747576803,2.5008103252423197,162.0650484639441,N,,simulated
CC-PT,pressure,5255.746101315,1780039944.6465676,1.3562865681989869,,214.0716420497467,psi,,simulated
FI-PT,pressure,5255.746172222,1780039944.6466384,1.6870458945090645,,296.7614736272661,psi,,simulated
thrust,thrust,5255.746225795,1780039944.6466918,2.4992147087114702,2.5007852912885298,157.05825770595538,N,,simulated
CC-PT,pressure,5255.756271397,1780039944.6567388,1.3667638739065975,,216.69096847664937,psi,,simulated
FI-PT,pressure,5255.756365155,1780039944.6568315,1.6946383350656433,,298.65958376641083,psi,,simulated
thrust,thrust,5255.756420395,1780039944.6568866,2.499243914990892,2.500756085009108,151.21700182163522,N,,simulated
CC-PT,pressure,5255.766427128,1780039944.6668932,1.3732881991014718,,218.32204977536796,psi,,simulated
FI-PT,pressure,5255.766503886,1780039944.66697,1.6756107420457296,,293.90268551143237,psi,,simulated
thrust,thrust,5255.766558386,1780039944.6670246,2.4992731212703134,2.5007268787296866,145.37574593731506,N,,simulated
FM-FM,flow,5255.772565785,1780039944.6730323,1.6694076859244924,,8.150697055542116,gallons_per_minute,,simulated
CC-PT,pressure,5255.776573859,1780039944.67704,1.3632924989810586,,215.82312474526466,psi,,simulated
FI-PT,pressure,5255.77663871,1780039944.677105,1.6755308718122093,,293.8827179530523,psi,,simulated
thrust,thrust,5255.776688357,1780039944.6771545,2.499292790805434,2.500707209194566,141.44183891318107,N,,simulated
tank_temp,temperature,5255.78174014,1780039944.6822064,,,19.76246883607544,°C,,simulated
CC-PT,pressure,5255.786706479,1780039944.6871727,1.363250775724742,,215.81269393118552,psi,,simulated
FI-PT,pressure,5255.786775904,1780039944.687242,1.6810144997852445,,295.2536249463111,psi,,simulated
thrust,thrust,5255.786829292,1780039944.6872954,2.4992975591775846,2.5007024408224154,140.48816448308798,N,,simulated
CC-PT,pressure,5255.796843951,1780039944.6973102,1.3571490475117023,,214.28726187792557,psi,,simulated
FI-PT,pressure,5255.79690608,1780039944.6973722,1.6802664614041403,,295.06661535103507,psi,,simulated
thrust,thrust,5255.796954283,1780039944.6974204,2.4993476270851644,2.5006523729148356,130.47458296711056,N,,simulated
CC-PT,pressure,5255.806974423,1780039944.7074406,1.379869744762152,,219.967436190538,psi,,simulated
FI-PT,pressure,5255.807042273,1780039944.7075086,1.68267210515405,,295.6680262885125,psi,,simulated
thrust,thrust,5255.807095643,1780039944.707562,2.499358951969022,2.500641048030978,128.20960619563948,N,,simulated
FM-FM,flow,5255.812721121,1780039944.7131872,1.7212309505022705,,8.636540160958784,gallons_per_minute,,simulated
CC-PT,pressure,5255.81711008,1780039944.7175765,1.3658447701745953,,216.46119254364882,psi,,simulated
FI-PT,pressure,5255.817171338,1780039944.7176375,1.680811247922331,,295.20281198058274,psi,,simulated
thrust,thrust,5255.817219763,1780039944.717686,2.499382793829774,2.500617206170226,123.44123404517404,N,,simulated
CC-PT,pressure,5255.827239459,1780039944.7277057,1.365460320169964,,216.365080042491,psi,,simulated
FI-PT,pressure,5255.827308162,1780039944.7277744,1.6817518093290102,,295.43795233225256,psi,,simulated
thrust,thrust,5255.827360364,1780039944.7278264,2.499398887085782,2.500601112914218,120.22258284360987,N,,simulated
CC-PT,pressure,5255.837374968,1780039944.7378411,1.3741631953910822,,218.54079884777056,psi,,simulated
FI-PT,pressure,5255.837436189,1780039944.7379024,1.6873099431168965,,296.8274857792241,psi,,simulated
thrust,thrust,5255.837483392,1780039944.7379496,2.499442398481655,2.500557601518345,111.52030366901045,N,,simulated
CC-PT,pressure,5255.847503958,1780039944.7479703,1.3655759531946128,,216.3939882986532,psi,,simulated
FI-PT,pressure,5255.847572124,1780039944.7480383,1.6880114898695338,,297.00287246738344,psi,,simulated
thrust,thrust,5255.84762516,1780039944.7480915,2.4994567035981063,2.5005432964018937,108.65928037873118,N,,simulated
FM-FM,flow,5255.852891051,1780039944.7533584,1.7237659363467617,,8.660305653250889,gallons_per_minute,,simulated
CC-PT,pressure,5255.857644726,1780039944.758111,1.3656790692423666,,216.41976731059165,psi,,simulated
FI-PT,pressure,5255.857716799,1780039944.758183,1.6676272949728124,,291.9068237432031,psi,,simulated
thrust,thrust,5255.857768539,1780039944.758235,2.4994710087145577,2.5005289912854423,105.79825708845192,N,,simulated
CC-PT,pressure,5255.867786975,1780039944.768253,1.3617105915201417,,215.42764788003544,psi,,simulated
FI-PT,pressure,5255.867862622,1780039944.768329,1.683169803997255,,295.7924509993137,psi,,simulated
thrust,thrust,5255.86791827,1780039944.7683845,2.4995121359243555,2.5004878640756445,97.57281512889904,N,,simulated
CC-PT,pressure,5255.877931651,1780039944.778398,1.3596500587046219,,214.91251467615547,psi,,simulated
FI-PT,pressure,5255.877999242,1780039944.7784655,1.6798623418643883,,294.9655854660971,psi,,simulated
thrust,thrust,5255.878047334,1780039944.7785134,2.499544322436371,2.500455677563629,91.1355127257707,N,,simulated
tank_temp,temperature,5255.881904281,1780039944.7823706,,,19.818648929775446,°C,,simulated
CC-PT,pressure,5255.888068604,1780039944.7885349,1.3685079060206302,,217.12697650515756,psi,,simulated
FI-PT,pressure,5255.888135788,1780039944.7886019,1.682703695619547,,295.6759239048867,psi,,simulated
thrust,thrust,5255.88818801,1780039944.7886543,2.499566376157567,2.500433623842433,86.72476848659016,N,,simulated
FM-FM,flow,5255.89306435,1780039944.7935307,1.7439158849615912,,8.849211421514916,gallons_per_minute,,simulated
CC-PT,pressure,5255.898202724,1780039944.798669,1.3763655872780785,,219.09139681951962,psi,,simulated
FI-PT,pressure,5255.898263575,1780039944.7987297,1.6795702790701723,,294.8925697675431,psi,,simulated
thrust,thrust,5255.898310722,1780039944.7987769,2.4995937942974322,2.5004062057025678,81.24114051355491,N,,simulated
CC-PT,pressure,5255.908333473,1780039944.8087997,1.3657994706391658,,216.44986765979147,psi,,simulated
FI-PT,pressure,5255.908401472,1780039944.8088677,1.6811885453687365,,295.2971363421841,psi,,simulated
thrust,thrust,5255.908454712,1780039944.8089209,2.4996301531350795,2.5003698468649205,73.96937298409512,N,,simulated
CC-PT,pressure,5255.91846939,1780039944.8189356,1.3737251011997582,,218.43127529993956,psi,,simulated
FI-PT,pressure,5255.918530481,1780039944.8189967,1.677507958115096,,294.376989528774,psi,,simulated
thrust,thrust,5255.918577055,1780039944.8190434,2.4996432661584933,2.5003567338415067,71.34676830133913,N,,simulated
CC-PT,pressure,5255.928599528,1780039944.8290658,1.3711138214008596,,217.7784553502149,psi,,simulated
FI-PT,pressure,5255.928666638,1780039944.8291328,1.6747631638959843,,293.69079097399606,psi,,simulated
thrust,thrust,5255.928719378,1780039944.8291855,2.4996957182521484,2.5003042817478516,60.85634957031516,N,,simulated
FM-FM,flow,5255.933210094,1780039944.8336763,1.7168661018450382,,8.595619704797231,gallons_per_minute,,simulated
CC-PT,pressure,5255.938736704,1780039944.8392031,1.3712252820998767,,217.80632052496918,psi,,simulated
FI-PT,pressure,5255.938797703,1780039944.839264,1.6774173590442372,,294.3543397610593,psi,,simulated
thrust,thrust,5255.938844369,1780039944.8393106,2.4997112154616374,2.5002887845383626,57.756907672512625,N,,simulated
CC-PT,pressure,5255.948901119,1780039944.8493686,1.374002262831004,,218.500565707751,psi,,simulated
FI-PT,pressure,5255.949024266,1780039944.8494904,1.6830178121349588,,295.7544530337397,psi,,simulated
thrust,thrust,5255.949080413,1780039944.8495467,2.499734461275871,2.500265538724129,53.10774482580882,N,,simulated
CC-PT,pressure,5255.959104183,1780039944.859571,1.3687391720699278,,217.18479301748195,psi,,simulated
FI-PT,pressure,5255.959206237,1780039944.8596723,1.6781910274256502,,294.54775685641255,psi,,simulated
thrust,thrust,5255.959262088,1780039944.8597283,2.4997833370904132,2.5002166629095868,43.33258191735467,N,,simulated
CC-PT,pressure,5255.96926571,1780039944.8697321,1.3694448911481967,,217.36122278704917,psi,,simulated
FI-PT,pressure,5255.969342579,1780039944.869809,1.6773160311360398,,294.32900778400995,psi,,simulated
thrust,thrust,5255.969398078,1780039944.8698642,2.4998262524397674,2.5001737475602326,34.749512046516884,N,,simulated
FM-FM,flow,5255.973363227,1780039944.8738296,1.758397431182555,,8.98497591733645,gallons_per_minute,,simulated
CC-PT,pressure,5255.979407848,1780039944.879874,1.369993849992019,,217.49846249800476,psi,,simulated
FI-PT,pressure,5255.979469625,1780039944.8799357,1.6850211244846731,,296.25528112116825,psi,,simulated
thrust,thrust,5255.979517032,1780039944.8799832,2.4998542666261514,2.5001457333738486,29.146674769719993,N,,simulated
tank_temp,temperature,5255.982070497,1780039944.882537,,,19.844658232414346,°C,,simulated
CC-PT,pressure,5255.989538579,1780039944.8900046,1.3687773190471315,,217.19432976178288,psi,,simulated
FI-PT,pressure,5255.989606226,1780039944.8900726,1.6824897149192948,,295.6224287298237,psi,,simulated
thrust,thrust,5255.989659948,1780039944.890126,2.4998608231378583,2.5001391768621417,27.835372428341998,N,,simulated
CC-PT,pressure,5255.999675292,1780039944.9001415,1.3700820648768026,,217.52051621920066,psi,,simulated
FI-PT,pressure,5255.999738143,1780039944.9002042,1.671852668744644,,292.963167186161,psi,,simulated
thrust,thrust,5255.999785327,1780039944.9002516,2.499896585928987,2.500103414071013,20.68281420264384,N,,simulated
CC-PT,pressure,5256.009804282,1780039944.9102705,1.371911331643025,,217.97783291075623,psi,,simulated
FI-PT,pressure,5256.009870763,1780039944.910337,1.6721518840970857,,293.0379710242714,psi,,simulated
thrust,thrust,5256.009922799,1780039944.910389,2.4999442696504914,2.5000557303495086,11.146069901712963,N,,simulated
FM-FM,flow,5256.013512287,1780039944.9139786,1.7724575725147216,,9.116789742325514,gallons_per_minute,,simulated
CC-PT,pressure,5256.019938643,1780039944.920405,1.3753797263359697,,218.84493158399243,psi,,simulated
FI-PT,pressure,5256.019999105,1780039944.9204655,1.675684055767543,,293.92101394188575,psi,,simulated
thrust,thrust,5256.020081826,1780039944.9205482,2.4999722838368754,2.5000277161631246,5.543232624916072,N,,simulated
CC-PT,pressure,5256.030070522,1780039944.9305367,1.3789417003323676,,219.7354250830919,psi,,simulated
FI-PT,pressure,5256.030143243,1780039944.9306095,1.6794051741844624,,294.8512935461156,psi,,simulated
thrust,thrust,5256.030197224,1780039944.9306633,2.5000056624419287,2.4999943375580713,1.1324883857355417,N,,simulated
CC-PT,pressure,5256.040214216,1780039944.9406805,1.3765342684429012,,219.1335671107253,psi,,simulated
FI-PT,pressure,5256.040277604,1780039944.9407437,1.6824801781749938,,295.62004454374846,psi,,simulated
thrust,thrust,5256.040324288,1780039944.9407904,2.5000396370935007,2.4999603629064993,7.927418700148792,N,,simulated
CC-PT,pressure,5256.051950351,1780039944.9524167,1.3732732979385016,,218.3183244846254,psi,,simulated
FI-PT,pressure,5256.052085571,1780039944.9525518,1.6658796865796668,,291.4699216449167,psi,,simulated
thrust,thrust,5256.052149089,1780039944.9526155,2.5000521540703957,2.4999478459296043,10.430814079143147,N,,simulated
FM-FM,flow,5256.053681271,1780039944.9541478,1.7208685542188351,,8.633142695801578,gallons_per_minute,,simulated
CC-PT,pressure,5256.062182506,1780039944.9626489,1.3800867056949981,,220.02167642374954,psi,,simulated
FI-PT,pressure,5256.06225445,1780039944.9627204,1.6838236670283875,,295.9559167570969,psi,,simulated
thrust,thrust,5256.062306116,1780039944.9627721,2.500116527094427,2.499883472905573,23.30541888539983,N,,simulated
CC-PT,pressure,5256.072325589,1780039944.9727921,1.3705559218592551,,217.63898046481378,psi,,simulated
FI-PT,pressure,5256.07239781,1780039944.972864,1.6759880394921352,,293.9970098730338,psi,,simulated
thrust,thrust,5256.072452328,1780039944.9729185,2.50012010337354,2.49987989662646,24.020674707969647,N,,simulated
tank_temp,temperature,5256.082231749,1780039944.982698,,,19.827145301970855,°C,,simulated
CC-PT,pressure,5256.082465968,1780039944.9829323,1.3781966421838574,,219.54916054596436,psi,,simulated
FI-PT,pressure,5256.082529449,1780039944.9829957,1.6767533632222849,,294.1883408055712,psi,,simulated
thrust,thrust,5256.082577559,1780039944.983044,2.500166595002007,2.499833404997993,33.31900040137725,N,,simulated
CC-PT,pressure,5256.092600921,1780039944.9930673,1.374608442140632,,218.652110535158,psi,,simulated
FI-PT,pressure,5256.092668791,1780039944.9931352,1.680199108147515,,295.0497770368787,psi,,simulated
thrust,thrust,5256.092720697,1780039944.9931867,2.5001868605836464,2.4998131394163536,37.372116729272875,N,,simulated
FM-FM,flow,5256.093840052,1780039944.9943063,1.729644743161767,,8.715419467141563,gallons_per_minute,,simulated
CC-PT,pressure,5256.102736263,1780039945.0032027,1.3777174207827356,,219.4293551956839,psi,,simulated
FI-PT,pressure,5256.102796929,1780039945.0032632,1.6767044874077426,,294.17612185193565,psi,,simulated
thrust,thrust,5256.102842762,1780039945.003309,2.500231564072557,2.499768435927443,46.31281451139557,N,,simulated
CC-PT,pressure,5256.112866958,1780039945.0133333,1.3635362820072512,,215.8840705018128,psi,,simulated
FI-PT,pressure,5256.112937957,1780039945.0134041,1.6760065169342182,,294.0016292335545,psi,,simulated
thrust,thrust,5256.11299003,1780039945.013456,2.500271499189317,2.499728500810683,54.29983786342518,N,,simulated
CC-PT,pressure,5256.12300517,1780039945.0234714,1.3786901687014306,,219.67254217535765,psi,,simulated
FI-PT,pressure,5256.123068002,1780039945.023534,1.6805555439657622,,295.13888599144053,psi,,simulated
thrust,thrust,5256.123115446,1780039945.0235817,2.5002947450035506,2.4997052549964494,58.949000710128985,N,,simulated
CC-PT,pressure,5256.13313629,1780039945.0336025,1.3791437601022436,,219.7859400255609,psi,,simulated
FI-PT,pressure,5256.133204845,1780039945.0336711,1.681510410488893,,295.3776026222232,psi,,simulated
thrust,thrust,5256.133258899,1780039945.0337253,2.500312030352596,2.499687969647404,62.40607051921643,N,,simulated
FM-FM,flow,5256.133991667,1780039945.034458,1.7591633509592235,,8.992156415242718,gallons_per_minute,,simulated
CC-PT,pressure,5256.143274151,1780039945.0437405,1.3797612642957289,,219.94031607393222,psi,,simulated
FI-PT,pressure,5256.143335872,1780039945.043802,1.6676266989262936,,291.9066747315734,psi,,simulated
thrust,thrust,5256.143381927,1780039945.0438483,2.500348985236762,2.499651014763238,69.79704735243786,N,,simulated
CC-PT,pressure,5256.153456474,1780039945.0539234,1.3740004746914476,,218.5001186728619,psi,,simulated
FI-PT,pressure,5256.153563139,1780039945.0540292,1.6646124916806806,,291.1531229201702,psi,,simulated
thrust,thrust,5256.153623897,1780039945.05409,2.5003787875627026,2.4996212124372974,75.75751254051966,N,,simulated
CC-PT,pressure,5256.163622482,1780039945.0640888,1.38713733996598,,221.78433499149503,psi,,simulated
FI-PT,pressure,5256.163689333,1780039945.0641556,1.6675808033443453,,291.89520083608636,psi,,simulated
thrust,thrust,5256.163739277,1780039945.0642056,2.500405609656049,2.499594390343951,81.12193120979327,N,,simulated
CC-PT,pressure,5256.173757417,1780039945.0742235,1.3811399198937322,,220.28497997343305,psi,,simulated
FI-PT,pressure,5256.173828138,1780039945.0742943,1.6752572864600763,,293.8143216150191,psi,,simulated
thrust,thrust,5256.173882526,1780039945.0743487,2.500446140819328,2.499553859180672,89.22816386558452,N,,simulated
FM-FM,flow,5256.174237262,1780039945.0747037,1.7665483673272568,,9.06139094369303,gallons_per_minute,,simulated
tank_temp,temperature,5256.182399298,1780039945.0828657,,,19.80078920863011,°C,,simulated
CC-PT,pressure,5256.183895351,1780039945.0843618,1.377203628683523,,219.30090717088075,psi,,simulated
FI-PT,pressure,5256.183957443,1780039945.0844238,1.6719575729319542,,292.98939323298856,psi,,simulated
thrust,thrust,5256.184038331,1780039945.0845046,2.5004568696566665,2.4995431303433335,91.37393133329397,N,,simulated
CC-PT,pressure,5256.194028249,1780039945.0944948,1.3846059304006018,,221.15148260015044,psi,,simulated
FI-PT,pressure,5256.194099915,1780039945.094566,1.6720946636312801,,293.02366590782003,psi,,simulated
thrust,thrust,5256.194152859,1780039945.094619,2.500499188959502,2.499500811040498,99.83779190037012,N,,simulated
CC-PT,pressure,5256.204167647,1780039945.1046338,1.3806452012831214,,220.16130032078036,psi,,simulated
FI-PT,pressure,5256.204228868,1780039945.104695,1.6701414191891457,,292.5353547972864,psi,,simulated
thrust,thrust,5256.204275071,1780039945.1047413,2.500510513843359,2.499489486156641,102.1027686718412,N,,simulated
CC-PT,pressure,5256.214295971,1780039945.1147623,1.3700069630154328,,217.5017407538582,psi,,simulated
FI-PT,pressure,5256.214364284,1780039945.1148305,1.6678561768360347,,291.9640442090087,psi,,simulated
thrust,thrust,5256.214416784,1780039945.1148832,2.50055521733227,2.49944478266773,111.0434664539639,N,,simulated
FM-FM,flow,5256.214473524,1780039945.1149397,1.7434944800727938,,8.84526075068244,gallons_per_minute,,simulated
CC-PT,pressure,5256.224440831,1780039945.1249073,1.3704402888346063,,217.6100722086516,psi,,simulated
FI-PT,pressure,5256.224512219,1780039945.1249785,1.6758884997234942,,293.9721249308735,psi,,simulated
thrust,thrust,5256.224562033,1780039945.1250281,2.500582039425616,2.499417960574384,116.40788512323752,N,,simulated
CC-PT,pressure,5256.234586358,1780039945.1350527,1.3748212307478465,,218.70530768696162,psi,,simulated
FI-PT,pressure,5256.234660024,1780039945.1351264,1.6722871866568552,,293.07179666421376,psi,,simulated
thrust,thrust,5256.234714727,1780039945.135181,2.5006023050072557,2.4993976949927443,120.46100145113314,N,,simulated
CC-PT,pressure,5256.244740626,1780039945.1452067,1.3890494571983167,,222.2623642995792,psi,,simulated
FI-PT,pressure,5256.244815551,1780039945.1452818,1.6741379110977546,,293.53447777443864,psi,,simulated
thrust,thrust,5256.244867995,1780039945.1453342,2.5006374717518653,2.4993625282481347,127.49435037306966,N,,simulated
FM-FM,flow,5256.254648842,1780039945.1551158,1.770656915981402,,9.099908587325643,gallons_per_minute,,simulated
CC-PT,pressure,5256.254982467,1780039945.155449,1.3859369022771004,,221.4842255692751,psi,,simulated
FI-PT,pressure,5256.255058947,1780039945.1555252,1.6753818601825072,,293.8454650456268,psi,,simulated
thrust,thrust,5256.255115354,1780039945.1555817,2.5006648898917305,2.4993351101082695,132.97797834610492,N,,simulated
CC-PT,pressure,5256.265128975,1780039945.165595,1.3861544592564654,,221.53861481411636,psi,,simulated
FI-PT,pressure,5256.26519553,1780039945.1656618,1.6808029032710676,,295.2007258177669,psi,,simulated
thrust,thrust,5256.265244918,1780039945.1657112,2.5006744266360315,2.4993255733639685,134.8853272062911,N,,simulated
CC-PT,pressure,5256.275265595,1780039945.175732,1.3800008749962898,,220.00021874907245,psi,,simulated
FI-PT,pressure,5256.275338502,1780039945.1758046,1.6844817023851517,,296.12042559628793,psi,,simulated
thrust,thrust,5256.275392964,1780039945.1758592,2.50070005663634,2.49929994336366,140.01132726804144,N,,simulated
tank_temp,temperature,5256.282562402,1780039945.1830287,,,19.66588762560966,°C,,simulated
CC-PT,pressure,5256.285407048,1780039945.1858735,1.3901521432581119,,222.53803581452797,psi,,simulated
FI-PT,pressure,5256.285470881,1780039945.1859372,1.6681327424207617,,292.03318560519045,psi,,simulated
thrust,thrust,5256.285519991,1780039945.1859863,2.500706613148047,2.499293386851953,141.32262960941944,N,,simulated
FM-FM,flow,5256.294825252,1780039945.1952913,1.7155673164805552,,8.583443592005203,gallons_per_minute,,simulated
CC-PT,pressure,5256.295538205,1780039945.1960044,1.3854976159927388,,221.3744039981847,psi,,simulated
FI-PT,pressure,5256.295606667,1780039945.196073,1.679148874181375,,294.7872185453437,psi,,simulated
thrust,thrust,5256.29566,1780039945.1961262,2.500732243148356,2.499267756851644,146.44862967116978,N,,simulated
CC-PT,pressure,5256.305673659,1780039945.2061398,1.3765616865827663,,219.1404216456916,psi,,simulated
FI-PT,pressure,5256.305734936,1780039945.206201,1.6723771896811952,,293.0942974202988,psi,,simulated
thrust,thrust,5256.305782231,1780039945.2062485,2.5007739664046724,2.4992260335953276,154.7932809344843,N,,simulated
CC-PT,pressure,5256.315800649,1780039945.216267,1.377762720318165,,219.44068007954127,psi,,simulated
FI-PT,pressure,5256.315868056,1780039945.2163343,1.6737337915580026,,293.43344788950066,psi,,simulated
thrust,thrust,5256.315920222,1780039945.2163863,2.5007614494277774,2.4992385505722226,152.28988555548995,N,,simulated
CC-PT,pressure,5256.325937065,1780039945.2264032,1.3746871202811146,,218.67178007027866,psi,,simulated
FI-PT,pressure,5256.326000213,1780039945.2264667,1.6776885602102949,,294.4221400525737,psi,,simulated
thrust,thrust,5256.326047564,1780039945.2265139,2.5008180738470642,2.4991819261529358,163.61476941284536,N,,simulated
FM-FM,flow,5256.33497083,1780039945.2354372,1.7713608469201145,,9.106507939876073,gallons_per_minute,,simulated
CC-PT,pressure,5256.336071222,1780039945.2365377,1.3833953599209023,,220.8488399802256,psi,,simulated
FI-PT,pressure,5256.336138721,1780039945.236605,1.6672422489216623,,291.8105622304156,psi,,simulated
thrust,thrust,5256.336190869,1780039945.2366571,2.5008288026844028,2.4991711973155972,165.7605368805548,N,,simulated
CC-PT,pressure,5256.346206713,1780039945.2466729,1.374713942374461,,218.67848559361525,psi,,simulated
FI-PT,pressure,5256.346269249,1780039945.2467353,1.6698141896503196,,292.4535474125799,psi,,simulated
thrust,thrust,5256.346315637,1780039945.2467816,2.500831782916997,2.499168217083003,166.356583399363,N,,simulated
CC-PT,pressure,5256.35636998,1780039945.2568367,1.3644309478319823,,216.10773695799557,psi,,simulated
FI-PT,pressure,5256.356476645,1780039945.2569427,1.6762336106578841,,294.05840266447103,psi,,simulated
thrust,thrust,5256.356535608,1780039945.2570016,2.5008574129173056,2.4991425870826944,171.48258346111334,N,,simulated
CC-PT,pressure,5256.366536396,1780039945.2670026,1.370655461627896,,217.66386540697403,psi,,simulated
FI-PT,pressure,5256.366603728,1780039945.26707,1.6738214103962674,,293.4553525990668,psi,,simulated
thrust,thrust,5256.366652543,1780039945.267119,2.5008639694290125,2.4991360305709875,172.79388580249133,N,,simulated
FM-FM,flow,5256.3751255,1780039945.2755919,1.763397069382318,,9.031847525459229,gallons_per_minute,,simulated
CC-PT,pressure,5256.376671794,1780039945.2771382,1.373247071891674,,218.31176797291852,psi,,simulated
FI-PT,pressure,5256.376741126,1780039945.2772074,1.6809334374586866,,295.2333593646716,psi,,simulated
thrust,thrust,5256.376793403,1780039945.2772596,2.500899732220141,2.499100267779859,179.9464440281895,N,,simulated
tank_temp,temperature,5256.382730655,1780039945.283197,,,19.5661852988272,°C,,simulated
CC-PT,pressure,5256.386809673,1780039945.287276,1.3769443484478412,,219.2360871119603,psi,,simulated
FI-PT,pressure,5256.386872931,1780039945.287339,1.6736163703937974,,293.4040925984493,psi,,simulated
thrust,thrust,5256.386920931,1780039945.2873871,2.5008943678014717,2.4991056321985283,178.87356029433477,N,,simulated
CC-PT,pressure,5256.39694096,1780039945.2974072,1.3912125100150716,,222.8031275037679,psi,,simulated
FI-PT,pressure,5256.39700907,1780039945.2974753,1.6705079877982127,,292.6269969495532,psi,,simulated
thrust,thrust,5256.397061032,1780039945.2975273,2.5009283424530437,2.4990716575469563,185.66849060874802,N,,simulated
CC-PT,pressure,5256.40707595,1780039945.3075423,1.387305425084284,,221.826356271071,psi,,simulated
FI-PT,pressure,5256.407138282,1780039945.3076046,1.6688795887088284,,292.2198971772071,psi,,simulated
thrust,thrust,5256.407183763,1780039945.30765,2.5009265543134873,2.4990734456865127,185.3108626974631,N,,simulated
FM-FM,flow,5256.415272652,1780039945.315739,1.7755969495292843,,9.146221401837039,gallons_per_minute,,simulated
CC-PT,pressure,5256.417205681,1780039945.317672,1.3696046316152373,,217.40115790380932,psi,,simulated
FI-PT,pressure,5256.417272328,1780039945.3177385,1.6729845610838607,,293.24614027096516,psi,,simulated
thrust,thrust,5256.417325124,1780039945.3177912,2.500927746406525,2.499072253593475,185.54928130498638,N,,simulated
CC-PT,pressure,5256.427341005,1780039945.3278072,1.3771779986832142,,219.29449967080356,psi,,simulated
FI-PT,pressure,5256.427404726,1780039945.327871,1.6583391020702245,,289.5847755175561,psi,,simulated
thrust,thrust,5256.427452133,1780039945.3279183,2.500958144778984,2.499041855221016,191.6289557968298,N,,simulated
CC-PT,pressure,5256.437471865,1780039945.337938,1.3759435863427623,,218.98589658569057,psi,,simulated
FI-PT,pressure,5256.43754405,1780039945.3380103,1.6767915101994886,,294.19787754987215,psi,,simulated
thrust,thrust,5256.437597808,1780039945.3380642,2.500964701290691,2.499035298709309,192.9402581382078,N,,simulated
CC-PT,pressure,5256.447611874,1780039945.348078,1.3745816200472856,,218.6454050118214,psi,,simulated
FI-PT,pressure,5256.447673336,1780039945.3481395,1.6708697880351293,,292.7174470087823,psi,,simulated
thrust,thrust,5256.447719021,1780039945.348185,2.5009730459419544,2.4990269540580456,194.6091883908707,N,,simulated
FM-FM,flow,5256.455454081,1780039945.3559213,1.769215675498924,,9.08639695780241,gallons_per_minute,,simulated
CC-PT,pressure,5256.457746013,1780039945.3582125,1.3762475700673544,,219.0618925168386,psi,,simulated
FI-PT,pressure,5256.457824974,1780039945.3582911,1.6650595265697867,,291.2648816424467,psi,,simulated
thrust,thrust,5256.457881233,1780039945.3583474,2.500986755011887,2.499013244988113,197.35100237738834,N,,simulated
CC-PT,pressure,5256.467891429,1780039945.3683577,1.3757254333168785,,218.93135832921962,psi,,simulated
FI-PT,pressure,5256.467956002,1780039945.368422,1.6691644989448187,,292.29112473620467,psi,,simulated
thrust,thrust,5256.468044667,1780039945.368511,2.5009760261745484,2.4990239738254516,195.2052349096789,N,,simulated
CC-PT,pressure,5256.478026382,1780039945.3784926,1.3883002267241749,,222.07505668104372,psi,,simulated
FI-PT,pressure,5256.478096122,1780039945.3785622,1.6716714706029263,,292.9178676507316,psi,,simulated
thrust,thrust,5256.478148806,1780039945.3786151,2.5009718538489167,2.4990281461510833,194.37076978334744,N,,simulated
tank_temp,temperature,5256.482892204,1780039945.3833585,,,19.69189692824856,°C,,simulated
CC-PT,pressure,5256.488167983,1780039945.3886344,1.381327078500638,,220.3317696251595,psi,,simulated
FI-PT,pressure,5256.48823039,1780039945.3886967,1.661224563267775,,290.30614081694375,psi,,simulated
thrust,thrust,5256.488277352,1780039945.3887434,2.5009909273375186,2.4990090726624814,198.1854675037198,N,,simulated
FM-FM,flow,5256.495621492,1780039945.396088,1.7756958932514064,,9.147148999231934,gallons_per_minute,,simulated
CC-PT,pressure,5256.498298862,1780039945.398765,1.3729091135155098,,218.22727837887746,psi,,simulated
FI-PT,pressure,5256.498366139,1780039945.3988323,1.6734697429501706,,293.3674357375426,psi,,simulated
thrust,thrust,5256.498418194,1780039945.3988843,2.500999271988782,2.499000728011218,199.8543977563827,N,,simulated
CC-PT,pressure,5256.508437816,1780039945.4089038,1.3737155644554573,,218.42889111386432,psi,,simulated
FI-PT,pressure,5256.508498981,1780039945.408965,1.6549887245880037,,288.74718114700096,psi,,simulated
thrust,thrust,5256.508545499,1780039945.4090116,2.5010010601283383,2.4989989398716617,200.2120256676676,N,,simulated
CC-PT,pressure,5256.518566806,1780039945.419033,1.3688708983505844,,217.2177245876461,psi,,simulated
FI-PT,pressure,5256.51863499,1780039945.4191012,1.6764940829866033,,294.1235207466508,psi,,simulated
thrust,thrust,5256.518686545,1780039945.4191527,2.5009915233840374,2.4990084766159626,198.30467680748143,N,,simulated
CC-PT,pressure,5256.528707926,1780039945.4291742,1.3748337477247414,,218.70843693118536,psi,,simulated
FI-PT,pressure,5256.528770332,1780039945.4292364,1.6659929354182403,,291.4982338545601,psi,,simulated
thrust,thrust,5256.528817572,1780039945.4292839,2.50100523245397,2.49899476754603,201.04649079399906,N,,simulated
FM-FM,flow,5256.535772681,1780039945.4362388,1.7541231815961815,,8.9449048274642,gallons_per_minute,,simulated
CC-PT,pressure,5256.538842509,1780039945.439309,1.375757619828894,,218.93940495722353,psi,,simulated
FI-PT,pressure,5256.538915878,1780039945.439382,1.6690226398733423,,292.2556599683356,psi,,simulated
thrust,thrust,5256.538969914,1780039945.439436,2.5009873510584057,2.4990126489415943,197.47021168114998,N,,simulated
CC-PT,pressure,5256.548985536,1780039945.4494517,1.3753803223824885,,218.84508059562214,psi,,simulated
FI-PT,pressure,5256.549051091,1780039945.4495173,1.6658027965787405,,291.45069914468513,psi,,simulated
thrust,thrust,5256.54910009,1780039945.4495661,2.5010004640818195,2.4989995359181805,200.09281636390597,N,,simulated
CC-PT,pressure,5256.559144859,1780039945.459612,1.3767571898409354,,219.18929746023386,psi,,simulated
FI-PT,pressure,5256.559255654,1780039945.459722,1.6636391477154668,,290.9097869288667,psi,,simulated
thrust,thrust,5256.559317357,1780039945.4597838,2.5010028482678948,2.4989971517321052,200.5696535789525,N,,simulated
CC-PT,pressure,5256.569323812,1780039945.4697902,1.3768567296095764,,219.2141824023941,psi,,simulated
FI-PT,pressure,5256.569405348,1780039945.4698718,1.6728635636405427,,293.21589091013567,psi,,simulated
thrust,thrust,5256.56946394,1780039945.4699302,2.500996291756188,2.499003708243812,199.25835123757452,N,,simulated
FM-FM,flow,5256.575932721,1780039945.4763992,1.7956109995378255,,9.333853120667113,gallons_per_minute,,simulated
CC-PT,pressure,5256.579473283,1780039945.47994,1.37452439958148,,218.63109989537,psi,,simulated
FI-PT,pressure,5256.579554616,1780039945.480021,1.6611953569883533,,290.2988392470883,psi,,simulated
thrust,thrust,5256.579616948,1780039945.4800832,2.5009945036166314,2.4990054963833686,198.9007233262896,N,,simulated
tank_temp,temperature,5256.583072604,1780039945.483539,,,19.6423058578837,°C,,simulated
CC-PT,pressure,5256.58962557,1780039945.490092,1.3674326381007003,,216.85815952517507,psi,,simulated
FI-PT,pressure,5256.589698865,1780039945.4901652,1.666339238445668,,291.584809611417,psi,,simulated
thrust,thrust,5256.589753846,1780039945.4902203,2.5009670854767663,2.4990329145232337,193.41709535325435,N,,simulated
CC-PT,pressure,5256.599770949,1780039945.5002375,1.3754739016859414,,218.86847542148536,psi,,simulated
FI-PT,pressure,5256.599852929,1780039945.5003192,1.6698773705813132,,292.4693426453283,psi,,simulated
thrust,thrust,5256.599914817,1780039945.5003812,2.500973641988473,2.499026358011527,194.72839769463235,N,,simulated
CC-PT,pressure,5256.609925624,1780039945.5103917,1.3787265275390779,,219.68163188476947,psi,,simulated
FI-PT,pressure,5256.60999966,1780039945.5104659,1.6592617820813396,,289.8154455203349,psi,,simulated
thrust,thrust,5256.61005477,1780039945.5105212,2.5009664894302475,2.4990335105697525,193.29788604949272,N,,simulated
FM-FM,flow,5256.616107576,1780039945.516574,1.723945346348923,,8.661987622021151,gallons_per_minute,,simulated
CC-PT,pressure,5256.620072059,1780039945.5205383,1.369565292544996,,217.39132313624899,psi,,simulated
FI-PT,pressure,5256.620151724,1780039945.520618,1.670062741048663,,292.51568526216573,psi,,simulated
thrust,thrust,5256.620213335,1780039945.5206797,2.5009575487324653,2.4990424512675347,191.50974649306818,N,,simulated
CC-PT,pressure,5256.630221734,1780039945.5306883,1.3665343959968563,,216.6335989992141,psi,,simulated
FI-PT,pressure,5256.630294529,1780039945.5307608,1.6608907772172423,,290.2226943043106,psi,,simulated
thrust,thrust,5256.630349547,1780039945.5308158,2.500946819895127,2.499053180104873,189.36397902535873,N,,simulated
CC-PT,pressure,5256.640367928,1780039945.5408342,1.3583828638056357,,214.59571595140892,psi,,simulated
FI-PT,pressure,5256.640446353,1780039945.5409126,1.6713412608315066,,292.83531520787665,psi,,simulated
thrust,thrust,5256.640508074,1780039945.5409744,2.500942647569495,2.499057352430505,188.52951389902728,N,,simulated
CC-PT,pressure,5256.652412503,1780039945.5528793,1.367377205774451,,216.84430144361278,psi,,simulated
FI-PT,pressure,5256.652516316,1780039945.5529828,1.6639133291141186,,290.97833227852965,psi,,simulated
thrust,thrust,5256.652578278,1780039945.5530448,2.500934302918232,2.499065697081768,186.86058364636438,N,,simulated
FM-FM,flow,5256.656291987,1780039945.5567589,1.7760022611620738,,9.150021198394441,gallons_per_minute,,simulated
CC-PT,pressure,5256.662581456,1780039945.563048,1.3686557255572946,,217.16393138932366,psi,,simulated
FI-PT,pressure,5256.662665436,1780039945.5631318,1.6735424606254652,,293.38561515636627,psi,,simulated
thrust,thrust,5256.662729009,1780039945.5631955,2.5009235740808933,2.4990764259191067,184.71481617865493,N,,simulated
CC-PT,pressure,5256.672731409,1780039945.5731976,1.3720895495521486,,218.02238738803715,psi,,simulated
FI-PT,pressure,5256.672798612,1780039945.5732648,1.6653313237823633,,291.33283094559084,psi,,simulated
thrust,thrust,5256.672848055,1780039945.5733142,2.5009003282666598,2.4990996717333402,180.06565333195113,N,,simulated
CC-PT,pressure,5256.682867732,1780039945.583334,1.3774939033381826,,219.37347583454564,psi,,simulated
FI-PT,pressure,5256.682938583,1780039945.5834048,1.659543116038217,,289.88577900955426,psi,,simulated
thrust,thrust,5256.682993064,1780039945.5834594,2.5008848310571707,2.4991151689428293,176.9662114341486,N,,simulated
tank_temp,temperature,5256.683360855,1780039945.583827,,,19.492318879332693,°C,,simulated
CC-PT,pressure,5256.693007871,1780039945.5934744,1.3754673451742345,,218.86683629355863,psi,,simulated
FI-PT,pressure,5256.693070944,1780039945.5935373,1.6712274159464142,,292.8068539866035,psi,,simulated
thrust,thrust,5256.693118925,1780039945.5935853,2.5008758903593886,2.4991241096406114,175.17807187772405,N,,simulated
FM-FM,flow,5256.696465842,1780039945.5969322,1.759193153285164,,8.99243581204841,gallons_per_minute,,simulated
CC-PT,pressure,5256.703138176,1780039945.6036046,1.3678129157796999,,216.95322894492497,psi,,simulated
FI-PT,pressure,5256.703204397,1780039945.6036706,1.6724564638681967,,293.11411596704914,psi,,simulated
thrust,thrust,5256.703255545,1780039945.6037216,2.50084012756826,2.49915987243174,168.0255136520259,N,,simulated
CC-PT,pressure,5256.713272203,1780039945.6137385,1.3711662734945147,,217.79156837362868,psi,,simulated
FI-PT,pressure,5256.713333073,1780039945.613799,1.670811971522805,,292.70299288070123,psi,,simulated
thrust,thrust,5256.713378998,1780039945.6138453,2.500847280126486,2.499152719873514,169.45602529716552,N,,simulated
CC-PT,pressure,5256.723412101,1780039945.6238785,1.3701070988305926,,217.52677470764814,psi,,simulated
FI-PT,pressure,5256.723490729,1780039945.623957,1.656239826230982,,289.0599565577455,psi,,simulated
thrust,thrust,5256.723544655,1780039945.624011,2.50081509361447,2.49918490638553,163.01872289403718,N,,simulated
CC-PT,pressure,5256.73356211,1780039945.6340284,1.3549675172528644,,213.7418793132161,psi,,simulated
FI-PT,pressure,5256.733628664,1780039945.634095,1.658533413235356,,289.633353308839,psi,,simulated
thrust,thrust,5256.733678164,1780039945.6341445,2.5008109212888385,2.4991890787111615,162.18425776770573,N,,simulated
FM-FM,flow,5256.736612382,1780039945.6370785,1.8164112349046748,,9.528855327231325,gallons_per_minute,,simulated
CC-PT,pressure,5256.743694544,1780039945.6441607,1.3734389988707303,,218.35974971768258,psi,,simulated
FI-PT,pressure,5256.743761358,1780039945.6442275,1.6703446710520593,,292.5861677630148,psi,,simulated
thrust,thrust,5256.743814191,1780039945.6442804,2.500787079428086,2.499212920571914,157.4158856172403,N,,simulated
CC-PT,pressure,5256.753880589,1780039945.6543474,1.3712038244251996,,217.8009561062999,psi,,simulated
FI-PT,pressure,5256.753979218,1780039945.6544456,1.667525967064615,,291.8814917661538,psi,,simulated
thrust,thrust,5256.754034717,1780039945.654501,2.500766217799928,2.499233782200072,153.24355998558303,N,,simulated
CC-PT,pressure,5256.764044468,1780039945.664511,1.3653744894712556,,216.3436223678139,psi,,simulated
FI-PT,pressure,5256.76412406,1780039945.6645901,1.6627206400299834,,290.6801600074959,psi,,simulated
thrust,thrust,5256.764180689,1780039945.6646469,2.500756085009108,2.499243914990892,151.21700182163522,N,,simulated
CC-PT,pressure,5256.77419044,1780039945.6746569,1.3605560494132103,,215.13901235330258,psi,,simulated
FI-PT,pressure,5256.774254383,1780039945.6747205,1.6633286074791678,,290.83215186979197,psi,,simulated
thrust,thrust,5256.774304179,1780039945.6747704,2.500731647101837,2.499268352898163,146.32942036740815,N,,simulated
FM-FM,flow,5256.776768034,1780039945.6772344,1.752707571114012,,8.931633479193861,gallons_per_minute,,simulated
tank_temp,temperature,5256.78352683,1780039945.683993,,,19.66016557902909,°C,,simulated
CC-PT,pressure,5256.784323671,1780039945.6847901,1.3691754781216954,,217.29386953042385,psi,,simulated
FI-PT,pressure,5256.784392744,1780039945.6848588,1.6653295356428068,,291.3323839107017,psi,,simulated
thrust,thrust,5256.78444728,1780039945.6849134,2.500703632915453,2.499296367084547,140.72658309061126,N,,simulated
CC-PT,pressure,5256.794461235,1780039945.6949277,1.3560582823822833,,214.01457059557083,psi,,simulated
FI-PT,pressure,5256.794523253,1780039945.6949892,1.6513480724511234,,287.83701811278087,psi,,simulated
thrust,thrust,5256.794571678,1780039945.6950378,2.5006648898917305,2.4993351101082695,132.97797834610492,N,,simulated
CC-PT,pressure,5256.804593355,1780039945.7050598,1.3598342370789336,,214.9585592697334,psi,,simulated
FI-PT,pressure,5256.80466054,1780039945.7051268,1.656902033913378,,289.2255084783445,psi,,simulated
thrust,thrust,5256.80471278,1780039945.705179,2.500641048030978,2.499358951969022,128.20960619563948,N,,simulated
CC-PT,pressure,5256.814727734,1780039945.7151942,1.3638325171270989,,215.95812928177472,psi,,simulated
FI-PT,pressure,5256.8147889,1780039945.715255,1.656727988329886,,289.1819970824715,psi,,simulated
thrust,thrust,5256.814835937,1780039945.7153022,2.5006213784958575,2.4993786215041425,124.2756991715055,N,,simulated
FM-FM,flow,5256.816918352,1780039945.7173848,1.7815937735550134,,9.20244162707825,gallons_per_minute,,simulated
CC-PT,pressure,5256.824857077,1780039945.7253232,1.3614060117490308,,215.3515029372577,psi,,simulated
FI-PT,pressure,5256.824924409,1780039945.7253907,1.67006929756037,,292.5173243900925,psi,,simulated
thrust,thrust,5256.82497776,1780039945.725444,2.500598132681624,2.499401867318376,119.62653632480169,N,,simulated
CC-PT,pressure,5256.834991697,1780039945.7354581,1.3725830760697217,,218.14576901743044,psi,,simulated
FI-PT,pressure,5256.835055251,1780039945.7355216,1.661491592108201,,290.37289802705027,psi,,simulated
thrust,thrust,5256.83510264,1780039945.735569,2.5005683303556836,2.4994316696443164,113.66607113671989,N,,simulated
CC-PT,pressure,5256.845124298,1780039945.7455904,1.3652791220282463,,216.31978050706158,psi,,simulated
FI-PT,pressure,5256.845195464,1780039945.7456617,1.6511203826809386,,287.7800956702347,psi,,simulated
thrust,thrust,5256.845248907,1780039945.7457151,2.500539124076262,2.499460875923738,107.82481525239973,N,,simulated
CC-PT,pressure,5256.855291677,1780039945.7557588,1.368129416481187,,217.03235412029676,psi,,simulated
FI-PT,pressure,5256.855388231,1780039945.7558544,1.662600834679703,,290.65020866992575,psi,,simulated
thrust,thrust,5256.855443527,1780039945.7559097,2.5005343557041115,2.4994656442958885,106.87114082230664,N,,simulated
FM-FM,flow,5256.857074263,1780039945.7575407,1.7804398274946007,,9.19162338276188,gallons_per_minute,,simulated
CC-PT,pressure,5256.865481203,1780039945.7659473,1.3523538532678905,,213.08846331697262,psi,,simulated
FI-PT,pressure,5256.865555962,1780039945.7660222,1.6612901283848438,,290.322532096211,psi,,simulated
thrust,thrust,5256.865611368,1780039945.7660775,2.5004753470987495,2.4995246529012505,95.06941974990468,N,,simulated
CC-PT,pressure,5256.875622323,1780039945.7760885,1.3552911705125772,,213.8227926281443,psi,,simulated
FI-PT,pressure,5256.875685341,1780039945.7761517,1.659005482078252,,289.751370519563,psi,,simulated
thrust,thrust,5256.875733785,1780039945.7761998,2.500492632447795,2.499507367552205,98.52648955899213,N,,simulated
tank_temp,temperature,5256.883690657,1780039945.784157,,,19.55820911268458,°C,,simulated
CC-PT,pressure,5256.885754814,1780039945.786221,1.3609649373251127,,215.24123433127818,psi,,simulated
FI-PT,pressure,5256.885822979,1780039945.7862892,1.654558975047943,,288.63974376198576,psi,,simulated
thrust,thrust,5256.885877849,1780039945.7863443,2.500437200121546,2.499562799878454,87.44002430915998,N,,simulated
CC-PT,pressure,5256.895890063,1780039945.7963564,1.357518000306845,,214.37950007671125,psi,,simulated
FI-PT,pressure,5256.895953636,1780039945.7964199,1.6576733181087158,,289.41832952717897,psi,,simulated
thrust,thrust,5256.896050005,1780039945.7965164,2.500408589888643,2.499591410111357,81.71797772860145,N,,simulated
FM-FM,flow,5256.897225915,1780039945.797692,1.800105786336158,,9.37599174690148,gallons_per_minute,,simulated
CC-PT,pressure,5256.906021887,1780039945.8064883,1.3533802453732782,,213.34506134331954,psi,,simulated
FI-PT,pressure,5256.906090812,1780039945.806557,1.6647984581945487,,291.1996145486372,psi,,simulated
thrust,thrust,5256.906143404,1780039945.8066096,2.5003597140741007,2.4996402859258993,71.9428148201473,N,,simulated
CC-PT,pressure,5256.916161118,1780039945.8166275,1.3636340336363357,,215.90850840908394,psi,,simulated
FI-PT,pressure,5256.916223895,1780039945.8166902,1.6603114200009608,,290.0778550002402,psi,,simulated
thrust,thrust,5256.916270413,1780039945.8167367,2.5003513694228374,2.4996486305771626,70.2738845674844,N,,simulated
CC-PT,pressure,5256.926291497,1780039945.8267577,1.3516296567475385,,212.90741418688464,psi,,simulated
FI-PT,pressure,5256.92636244,1780039945.8268285,1.667395432876996,,291.848858219249,psi,,simulated
thrust,thrust,5256.926415625,1780039945.826882,2.500324547329491,2.499675452670509,64.90946589821078,N,,simulated
CC-PT,pressure,5256.936432635,1780039945.8368988,1.3574125000730155,,214.35312501825388,psi,,simulated
FI-PT,pressure,5256.936495616,1780039945.8369617,1.6706862057073364,,292.67155142683407,psi,,simulated
thrust,thrust,5256.936544912,1780039945.837011,2.5002989173291823,2.4997010826708177,59.78346583646044,N,,simulated
FM-FM,flow,5256.937376178,1780039945.8378425,1.7846854668480714,,9.231426251700668,gallons_per_minute,,simulated
CC-PT,pressure,5256.946600422,1780039945.8470678,1.3485385595009993,,212.13463987524983,psi,,simulated
FI-PT,pressure,5256.946723661,1780039945.8471897,1.6605975223299887,,290.1493805824972,psi,,simulated
thrust,thrust,5256.946778512,1780039945.8472445,2.5002393126773015,2.4997606873226985,47.86253546029684,N,,simulated
CC-PT,pressure,5256.956801726,1780039945.8572688,1.357221169140478,,214.30529228511952,psi,,simulated
FI-PT,pressure,5256.956901724,1780039945.857368,1.6530825678208552,,288.2706419552138,psi,,simulated
thrust,thrust,5256.956956742,1780039945.8574228,2.5002202391886996,2.4997797608113004,44.04783773992449,N,,simulated
CC-PT,pressure,5256.966962327,1780039945.8674288,1.3456191236518769,,211.40478091296922,psi,,simulated
FI-PT,pressure,5256.967039659,1780039945.867506,1.6565855332118908,,289.1463833029727,psi,,simulated
thrust,thrust,5256.967093677,1780039945.86756,2.500212490583955,2.499787509416045,42.49811679102322,N,,simulated
CC-PT,pressure,5256.977105428,1780039945.8775718,1.3469041999464273,,211.72604998660682,psi,,simulated
FI-PT,pressure,5256.977170335,1780039945.8776367,1.6627862051470523,,290.6965512867631,psi,,simulated
thrust,thrust,5256.977218797,1780039945.877685,2.500166595002007,2.499833404997993,33.31900040137725,N,,simulated
FM-FM,flow,5256.977568181,1780039945.8780346,1.7638423161318677,,9.036021713736258,gallons_per_minute,,simulated
tank_temp,temperature,5256.983858354,1780039945.8843246,,,19.41810566913635,°C,,simulated
CC-PT,pressure,5256.987238511,1780039945.8877048,1.3461543734257666,,211.53859335644165,psi,,simulated
FI-PT,pressure,5256.987307084,1780039945.8877733,1.666761835427503,,291.69045885687575,psi,,simulated
thrust,thrust,5256.987360065,1780039945.8878262,2.500147521513405,2.499852478486595,29.5043026810049,N,,simulated
CC-PT,pressure,5256.997374464,1780039945.8978407,1.3542838518957914,,213.57096297394784,psi,,simulated
FI-PT,pressure,5256.997436093,1780039945.8979023,1.6610856844288926,,290.27142110722315,psi,,simulated
thrust,thrust,5256.997482444,1780039945.8979487,2.50010997058272,2.49989002941728,21.994116544021836,N,,simulated
CC-PT,pressure,5257.007504955,1780039945.9079714,1.3515921058168536,,212.8980264542134,psi,,simulated
FI-PT,pressure,5257.007574731,1780039945.908041,1.66182716629829,,290.4567915745725,psi,,simulated
thrust,thrust,5257.007628101,1780039945.9080942,2.5000837445358925,2.4999162554641075,16.748907178509853,N,,simulated
CC-PT,pressure,5257.017642593,1780039945.918109,1.3405044484739839,,210.12611211849597,psi,,simulated
FI-PT,pressure,5257.0177035,1780039945.9181695,1.6633631781772586,,290.8407945443147,psi,,simulated
thrust,thrust,5257.017749166,1780039945.9182155,2.500033080581794,2.499966919418206,6.616116358770796,N,,simulated
FM-FM,flow,5257.01779998,1780039945.9182663,1.7854096633684233,,9.238215594078968,gallons_per_minute,,simulated
CC-PT,pressure,5257.027769935,1780039945.9282362,1.3552035516743124,,213.8008879185781,psi,,simulated
FI-PT,pressure,5257.027837231,1780039945.9283032,1.6692246996432183,,292.3061749108046,psi,,simulated
thrust,thrust,5257.027888267,1780039945.9283543,2.500014603139711,2.499985396860289,2.920627942160081,N,,simulated
CC-PT,pressure,5257.037905407,1780039945.938372,1.344863932712547,,211.21598317813672,psi,,simulated
FI-PT,pressure,5257.037970628,1780039945.9384367,1.6661508877457245,,291.5377219364311,psi,,simulated
thrust,thrust,5257.038017998,1780039945.9384842,2.4999758601159883,2.5000241398840117,4.827976802346257,N,,simulated
CC-PT,pressure,5257.048040212,1780039945.9485066,1.3440378122374788,,211.0094530593697,psi,,simulated
FI-PT,pressure,5257.0481081,1780039945.9485743,1.6596200060391433,,289.90500150978585,psi,,simulated
thrust,thrust,5257.048160692,1780039945.948627,2.4999222159292955,2.5000777840707045,15.556814140893493,N,,simulated
FM-FM,flow,5257.057972279,1780039945.958439,1.8151201981449363,,9.516751857608776,gallons_per_minute,,simulated
CC-PT,pressure,5257.058106814,1780039945.9585733,1.3517387332604804,,212.9346833151201,psi,,simulated
FI-PT,pressure,5257.058161925,1780039945.9586282,1.6581453869516118,,289.536346737903,psi,,simulated
thrust,thrust,5257.05821085,1780039945.958677,2.49991506337107,2.50008493662893,16.987325786033125,N,,simulated
CC-PT,pressure,5257.068247805,1780039945.9687142,1.3322700658166486,,208.06751645416216,psi,,simulated
FI-PT,pressure,5257.068321248,1780039945.9687877,1.6614427162936587,,290.3606790734147,psi,,simulated
thrust,thrust,5257.068375044,1780039945.9688413,2.4998727440682345,2.5001272559317655,25.45118635310928,N,,simulated
CC-PT,pressure,5257.078387721,1780039945.978854,1.3449825459697897,,211.24563649244743,psi,,simulated
FI-PT,pressure,5257.07845135,1780039945.9789176,1.6579379627630666,,289.4844906907667,psi,,simulated
thrust,thrust,5257.07849883,1780039945.978965,2.4998512863935574,2.5001487136064426,29.742721288528173,N,,simulated
tank_temp,temperature,5257.084062309,1780039945.9845288,,,19.533586972853097,°C,,simulated
CC-PT,pressure,5257.0885246,1780039945.988991,1.3411583115051164,,210.2895778762791,psi,,simulated
FI-PT,pressure,5257.088594118,1780039945.9890604,1.655606228781489,,288.9015571953723,psi,,simulated
thrust,thrust,5257.088646765,1780039945.9891129,2.4998167156954665,2.5001832843045335,36.65686090670306,N,,simulated
FM-FM,flow,5257.09814756,1780039945.9986138,1.8080290327106754,,9.45027218166258,gallons_per_minute,,simulated
CC-PT,pressure,5257.098660035,1780039945.9991262,1.3289280329856912,,207.2320082464228,psi,,simulated
FI-PT,pressure,5257.098723404,1780039945.9991896,1.6676106056702857,,291.90265141757146,psi,,simulated
thrust,thrust,5257.09877083,1780039945.999237,2.4997696280204806,2.5002303719795194,46.0743959038723,N,,simulated
CC-PT,pressure,5257.108791858,1780039946.0092583,1.3394625591591072,,209.8656397897768,psi,,simulated
FI-PT,pressure,5257.108860469,1780039946.009327,1.6625179842135887,,290.6294960533972,psi,,simulated
thrust,thrust,5257.108912375,1780039946.0093787,2.499768435927443,2.500231564072557,46.31281451139557,N,,simulated
CC-PT,pressure,5257.118928145,1780039946.0193944,1.3350083035240534,,208.75207588101335,psi,,simulated
FI-PT,pressure,5257.118990922,1780039946.019457,1.6548337524931136,,288.7084381232784,psi,,simulated
thrust,thrust,5257.119037273,1780039946.0195034,2.499722540345495,2.500277459654505,55.49193090104154,N,,simulated
CC-PT,pressure,5257.129056858,1780039946.0295231,1.3380994007705929,,209.52485019264822,psi,,simulated
FI-PT,pressure,5257.129123653,1780039946.0295901,1.6636933879486784,,290.9233469871696,psi,,simulated
thrust,thrust,5257.129176412,1780039946.0296426,2.4996957182521484,2.5003042817478516,60.85634957031516,N,,simulated
FM-FM,flow,5257.138293305,1780039946.0387595,1.7780133221165326,,9.168874894842492,gallons_per_minute,,simulated
CC-PT,pressure,5257.139191255,1780039946.0396574,1.341268580111096,,210.317145027774,psi,,simulated
FI-PT,pressure,5257.139252366,1780039946.0397186,1.6548683231912045,,288.71708079780115,psi,,simulated
thrust,thrust,5257.139299383,1780039946.0397656,2.4996426701119745,2.5003573298880255,71.46597760510076,N,,simulated
CC-PT,pressure,5257.149320375,1780039946.0497866,1.346150201100135,,211.53755027503374,psi,,simulated
FI-PT,pressure,5257.149388226,1780039946.0498545,1.6552879399404454,,288.8219849851114,psi,,simulated
thrust,thrust,5257.149440818,1780039946.049907,2.499634325460711,2.500365674539289,73.13490785776366,N,,simulated
CC-PT,pressure,5257.159487421,1780039946.059954,1.3270332011024,,206.7583002756,psi,,simulated
FI-PT,pressure,5257.159582531,1780039946.0600488,1.6513385357068224,,287.83463392670564,psi,,simulated
thrust,thrust,5257.159636993,1780039946.0601032,2.499606311274327,2.500393688725673,78.73774513456056,N,,simulated
CC-PT,pressure,5257.169645374,1780039946.070112,1.3344092767726512,,208.6023191931628,psi,,simulated
FI-PT,pressure,5257.16972565,1780039946.0701919,1.6538955752725095,,288.4738938181274,psi,,simulated
thrust,thrust,5257.169781539,1780039946.0702477,2.4995806812740184,2.5004193187259816,83.8637451963109,N,,simulated
FM-FM,flow,5257.178442697,1780039946.0789092,1.7682703457200941,,9.077534491125881,gallons_per_minute,,simulated
CC-PT,pressure,5257.179791957,1780039946.0802584,1.335233609108163,,208.80840227704073,psi,,simulated
FI-PT,pressure,5257.179854252,1780039946.0803206,1.6580029318336167,,289.50073295840417,psi,,simulated
thrust,thrust,5257.179902918,1780039946.0803692,2.4995335935990326,2.5004664064009674,93.28128019348014,N,,simulated
tank_temp,temperature,5257.184230914,1780039946.0846972,,,19.332621761129868,°C,,simulated
CC-PT,pressure,5257.189922169,1780039946.0903885,1.3227088836084466,,205.67722090211166,psi,,simulated
FI-PT,pressure,5257.189991298,1780039946.0904577,1.6623498990952847,,290.5874747738212,psi,,simulated
thrust,thrust,5257.190043464,1780039946.0905097,2.4995312094129574,2.5004687905870426,93.75811740852669,N,,simulated
CC-PT,pressure,5257.200060993,1780039946.100527,1.3339169423481156,,208.4792355870289,psi,,simulated
FI-PT,pressure,5257.200123307,1780039946.1005895,1.6602100920927634,,290.0525230231909,psi,,simulated
thrust,thrust,5257.200170769,1780039946.100637,2.499476373133227,2.500523626866773,104.7253733545972,N,,simulated
CC-PT,pressure,5257.210190002,1780039946.1106563,1.3286574278661523,,207.16435696653807,psi,,simulated
FI-PT,pressure,5257.210257241,1780039946.1107233,1.662426789096211,,290.60669727405275,psi,,simulated
thrust,thrust,5257.210309963,1780039946.110776,2.4994692205750013,2.5005307794249987,106.15588499973683,N,,simulated
FM-FM,flow,5257.218589534,1780039946.119056,1.769057127124921,,9.084910566796133,gallons_per_minute,,simulated
CC-PT,pressure,5257.220336918,1780039946.1208034,1.321726002898932,,205.43150072473298,psi,,simulated
FI-PT,pressure,5257.22040625,1780039946.1208725,1.6609462095434915,,290.23655238587287,psi,,simulated
thrust,thrust,5257.220455323,1780039946.1209216,2.499442398481655,2.500557601518345,111.52030366901045,N,,simulated
CC-PT,pressure,5257.230474075,1780039946.1309404,1.3321514525594058,,208.03786313985145,psi,,simulated
FI-PT,pressure,5257.230545333,1780039946.1310115,1.6579218695070588,,289.4804673767647,psi,,simulated
thrust,thrust,5257.230600332,1780039946.1310666,2.4994185566209026,2.5005814433790974,116.28867581947588,N,,simulated
CC-PT,pressure,5257.240629509,1780039946.1410956,1.328807631588892,,207.20190789722298,psi,,simulated
FI-PT,pressure,5257.240705045,1780039946.1411712,1.6675712666000444,,291.8928166500111,psi,,simulated
thrust,thrust,5257.240758063,1780039946.1412241,2.4993750452250296,2.5006249547749704,124.99095499407531,N,,simulated
CC-PT,pressure,5257.251975298,1780039946.1524422,1.3259293229495672,,206.4823307373918,psi,,simulated
FI-PT,pressure,5257.252118203,1780039946.1525846,1.6539104764354797,,288.47761910886993,psi,,simulated
thrust,thrust,5257.252180795,1780039946.152647,2.4993625282481347,2.5006374717518653,127.49435037306966,N,,simulated
FM-FM,flow,5257.258756538,1780039946.1592236,1.7955698723280278,,9.333467553075259,gallons_per_minute,,simulated
CC-PT,pressure,5257.262178491,1780039946.1626446,1.3154156584043095,,203.85391460107738,psi,,simulated
FI-PT,pressure,5257.262244842,1780039946.1627111,1.654440957837219,,288.61023945930475,psi,,simulated
thrust,thrust,5257.262294656,1780039946.162761,2.499311864294036,2.500688135705964,137.62714119280872,N,,simulated
CC-PT,pressure,5257.272313851,1780039946.17278,1.3300062811382152,,207.5015702845538,psi,,simulated
FI-PT,pressure,5257.272386091,1780039946.1728523,1.6726626959637043,,293.16567399092605,psi,,simulated
thrust,thrust,5257.27243959,1780039946.1729057,2.4993172287127052,2.5006827712872948,136.554257458954,N,,simulated
CC-PT,pressure,5257.282452064,1780039946.1829183,1.334534446541601,,208.63361163540023,psi,,simulated
FI-PT,pressure,5257.282514322,1780039946.1829805,1.6617872311815298,,290.4468077953825,psi,,simulated
thrust,thrust,5257.282562507,1780039946.1830287,2.4992880224332836,2.5007119775667164,142.39551334327416,N,,simulated
tank_temp,temperature,5257.284392926,1780039946.184859,,,19.35325580789004,°C,,simulated
CC-PT,pressure,5257.292583721,1780039946.19305,1.3312645353394192,,207.8161338348548,psi,,simulated
FI-PT,pressure,5257.292652109,1780039946.193118,1.6616721942033998,,290.41804855084996,psi,,simulated
thrust,thrust,5257.292706293,1780039946.1931725,2.499271929177276,2.500728070822724,145.61416454483833,N,,simulated
FM-FM,flow,5257.298913263,1780039946.1993794,1.7958667034943943,,9.336250345259945,gallons_per_minute,,simulated
CC-PT,pressure,5257.302719285,1780039946.2031856,1.3200737619487957,,205.01844048719892,psi,,simulated
FI-PT,pressure,5257.302781062,1780039946.203247,1.676060161120911,,294.0150402802277,psi,,simulated
thrust,thrust,5257.302829969,1780039946.2032962,2.4992474912700047,2.5007525087299953,150.5017459990654,N,,simulated
CC-PT,pressure,5257.312847202,1780039946.2133136,1.3200767421813897,,205.01918554534743,psi,,simulated
FI-PT,pressure,5257.312914997,1780039946.213381,1.6538115327133576,,288.4528831783394,psi,,simulated
thrust,thrust,5257.312968811,1780039946.2134352,2.499206364060207,2.500793635939793,158.7271879586183,N,,simulated
CC-PT,pressure,5257.322982359,1780039946.2234485,1.320069589623164,,205.017397405791,psi,,simulated
FI-PT,pressure,5257.323044358,1780039946.2235105,1.6698821389534637,,292.4705347383659,psi,,simulated
thrust,thrust,5257.323091746,1780039946.223558,2.499218284990583,2.500781715009417,156.34300188338557,N,,simulated
CC-PT,pressure,5257.33311383,1780039946.2335804,1.3138087169896027,,203.45217924740066,psi,,simulated
FI-PT,pressure,5257.333188422,1780039946.2336547,1.6600050520902934,,290.00126302257337,psi,,simulated
thrust,thrust,5257.333242217,1780039946.2337084,2.499187290571605,2.500812709428395,162.54188567899064,N,,simulated
FM-FM,flow,5257.339063878,1780039946.23953,1.7928232899693597,,9.307718343462746,gallons_per_minute,,simulated
CC-PT,pressure,5257.343253506,1780039946.24372,1.3220538284842764,,205.5134571210691,psi,,simulated
FI-PT,pressure,5257.343316023,1780039946.243782,1.659017999055147,,289.7544997637868,psi,,simulated
thrust,thrust,5257.34336306,1780039946.2438293,2.499178349873823,2.500821650126177,164.33002523541518,N,,simulated
CC-PT,pressure,5257.3534097,1780039946.2538767,1.3237895159470459,,205.94737898676146,psi,,simulated
FI-PT,pressure,5257.353550216,1780039946.2540164,1.6542603557420201,,288.56508893550506,psi,,simulated
thrust,thrust,5257.353611808,1780039946.254078,2.4991276859197242,2.5008723140802758,174.46281605515424,N,,simulated
CC-PT,pressure,5257.363610911,1780039946.264077,1.3147278207216049,,203.68195518040122,psi,,simulated
FI-PT,pressure,5257.363675818,1780039946.264142,1.659763653250176,,289.940913312544,psi,,simulated
thrust,thrust,5257.36372541,1780039946.2641916,2.499144375222251,2.500855624777749,171.12495554982843,N,,simulated
CC-PT,pressure,5257.373744327,1780039946.2742105,1.3233371166392704,,205.8342791598176,psi,,simulated
FI-PT,pressure,5257.373813863,1780039946.2742798,1.6645481186566493,,291.13702966416236,psi,,simulated
thrust,thrust,5257.373868029,1780039946.2743342,2.499113380803273,2.500886619196727,177.3238393454335,N,,simulated
FM-FM,flow,5257.379210771,1780039946.2796772,1.7907174576184104,,9.287976165172596,gallons_per_minute,,simulated
CC-PT,pressure,5257.383880336,1780039946.2843466,1.315174855610711,,203.79371390267775,psi,,simulated
FI-PT,pressure,5257.383941502,1780039946.2844076,1.6599871706947291,,289.9967926736823,psi,,simulated
thrust,thrust,5257.383989372,1780039946.2844558,2.499094307314671,2.500905692685329,181.13853706580585,N,,simulated
tank_temp,temperature,5257.384559808,1780039946.285026,,,19.4571196230947,°C,,simulated
CC-PT,pressure,5257.394011438,1780039946.2944775,1.3305594123076692,,207.6398530769173,psi,,simulated
FI-PT,pressure,5257.3940789,1780039946.2945452,1.6572119781031582,,289.3029945257896,psi,,simulated
thrust,thrust,5257.39413214,1780039946.2945983,2.499096691500746,2.500903308499254,180.6616998507593,N,,simulated
CC-PT,pressure,5257.404149132,1780039946.3046155,1.3203270817192891,,205.08177042982228,psi,,simulated
FI-PT,pressure,5257.404213409,1780039946.3046794,1.6623999670028646,,290.5999917507162,psi,,simulated
thrust,thrust,5257.404262612,1780039946.3047287,2.499081194291257,2.500918805708743,183.76114174856184,N,,simulated
CC-PT,pressure,5257.414281992,1780039946.314748,1.306440389924096,,201.61009748102398,psi,,simulated
FI-PT,pressure,5257.41435338,1780039946.3148196,1.667562921948781,,291.8907304871953,psi,,simulated
thrust,thrust,5257.41440775,1780039946.314874,2.499087750802964,2.500912249197036,182.44983940718384,N,,simulated
FM-FM,flow,5257.419363626,1780039946.3198297,1.8070044287448441,,9.440666519482912,gallons_per_minute,,simulated
CC-PT,pressure,5257.424420464,1780039946.3248868,1.3025070789464808,,200.6267697366202,psi,,simulated
FI-PT,pressure,5257.424482908,1780039946.324949,1.6603072476753291,,290.0768119188323,psi,,simulated
thrust,thrust,5257.424530926,1780039946.3249972,2.4990764259191067,2.5009235740808933,184.71481617865493,N,,simulated
CC-PT,pressure,5257.434549843,1780039946.3350163,1.3045968180414222,,201.14920451035556,psi,,simulated
FI-PT,pressure,5257.434619379,1780039946.3350856,1.657467682059727,,289.36692051493173,psi,,simulated
thrust,thrust,5257.434673397,1780039946.3351395,2.4990430473140535,2.5009569526859465,191.39053718930654,N,,simulated
CC-PT,pressure,5257.44468526,1780039946.3451514,1.2951631897882447,,198.79079744706118,psi,,simulated
FI-PT,pressure,5257.444747703,1780039946.345214,1.6576095411312033,,289.4023852828008,psi,,simulated
thrust,thrust,5257.444794888,1780039946.345261,2.499041855221016,2.500958144778984,191.6289557968298,N,,simulated
CC-PT,pressure,5257.454841213,1780039946.3553078,1.303519165935417,,200.87979148385426,psi,,simulated
FI-PT,pressure,5257.454943933,1780039946.35541,1.6622670486291704,,290.5667621572926,psi,,simulated
thrust,thrust,5257.455004525,1780039946.355471,2.4990335105697525,2.5009664894302475,193.29788604949272,N,,simulated
FM-FM,flow,5257.459518371,1780039946.3599846,1.8323501148641248,,9.67828232685117,gallons_per_minute,,simulated
CC-PT,pressure,5257.465001721,1780039946.3654678,1.309243000655532,,202.310750163883,psi,,simulated
FI-PT,pressure,5257.465066813,1780039946.3655329,1.656407911349286,,289.1019778373215,psi,,simulated
thrust,thrust,5257.465115108,1780039946.3655813,2.4990215896393764,2.5009784103606236,195.68207212472544,N,,simulated
CC-PT,pressure,5257.475134211,1780039946.3756003,1.306632912949671,,201.65822823741775,psi,,simulated
FI-PT,pressure,5257.475203211,1780039946.3756695,1.6683133445159606,,292.07833612899014,psi,,simulated
thrust,thrust,5257.475257117,1780039946.3757234,2.4990049003368497,2.5009950996631503,199.01993263005124,N,,simulated
tank_temp,temperature,5257.484723431,1780039946.3851895,,,19.23708092276961,°C,,simulated
CC-PT,pressure,5257.48527085,1780039946.3857372,1.3050933247915895,,201.27333119789736,psi,,simulated
FI-PT,pressure,5257.485332997,1780039946.3857992,1.6565730162349959,,289.143254058749,psi,,simulated
thrust,thrust,5257.485381756,1780039946.385848,2.4990031121972933,2.5009968878027067,199.37756054133615,N,,simulated
CC-PT,pressure,5257.495403155,1780039946.3958695,1.293664728839961,,198.41618220999024,psi,,simulated
FI-PT,pressure,5257.495473432,1780039946.3959396,1.6663446028643372,,291.5861507160843,psi,,simulated
thrust,thrust,5257.495526116,1780039946.3959923,2.498991787313436,2.501008212686564,201.64253731280724,N,,simulated
FM-FM,flow,5257.499672226,1780039946.4001384,1.826706746424049,,9.625375747725458,gallons_per_minute,,simulated
CC-PT,pressure,5257.505554275,1780039946.4060206,1.3038589124511377,,200.96472811278443,psi,,simulated
FI-PT,pressure,5257.505629329,1780039946.4060955,1.6588481257972867,,289.71203144932167,psi,,simulated
thrust,thrust,5257.505682606,1780039946.406149,2.49899476754603,2.50100523245397,201.04649079399906,N,,simulated
CC-PT,pressure,5257.515695117,1780039946.4161613,1.301394260095866,,200.34856502396647,psi,,simulated
FI-PT,pressure,5257.515765949,1780039946.416232,1.6643150644677953,,291.0787661169488,psi,,simulated
thrust,thrust,5257.5158218,1780039946.416288,2.4990060924298874,2.5009939075701126,198.78151402252797,N,,simulated
CC-PT,pressure,5257.525834755,1780039946.426301,1.2999512314738313,,199.98780786845782,psi,,simulated
FI-PT,pressure,5257.525897958,1780039946.4263642,1.653049189215802,,288.2622973039505,psi,,simulated
thrust,thrust,5257.52594705,1780039946.426413,2.4990126489415943,2.5009873510584057,197.47021168114998,N,,simulated
CC-PT,pressure,5257.535964375,1780039946.4364307,1.2909682143888728,,197.7420535972182,psi,,simulated
FI-PT,pressure,5257.536067133,1780039946.4365332,1.6586532185856364,,289.66330464640913,psi,,simulated
thrust,thrust,5257.536125151,1780039946.4365914,2.4989768861504658,2.5010231138495342,204.62276990684813,N,,simulated
FM-FM,flow,5257.53982073,1780039946.4402869,1.7969962116475358,,9.346839484195646,gallons_per_minute,,simulated
CC-PT,pressure,5257.546102106,1780039946.4465685,1.2907882083401927,,197.69705208504817,psi,,simulated
FI-PT,pressure,5257.546165568,1780039946.4466317,1.6539820020177367,,288.4955005044342,psi,,simulated
thrust,thrust,5257.546214216,1780039946.4466803,2.4989870189412855,2.5010129810587145,202.59621174290032,N,,simulated
CC-PT,pressure,5257.55625843,1780039946.4567254,1.304240382223175,,201.06009555579374,psi,,simulated
FI-PT,pressure,5257.556364076,1780039946.4568303,1.6552384680793844,,288.8096170198461,psi,,simulated
thrust,thrust,5257.556426835,1780039946.456893,2.4989971517321052,2.5010028482678948,200.5696535789525,N,,simulated
CC-PT,pressure,5257.566425882,1780039946.4668922,1.2886984692452512,,197.1746173113128,psi,,simulated
FI-PT,pressure,5257.566494585,1780039946.4669607,1.6596688818536856,,289.9172204634214,psi,,simulated
thrust,thrust,5257.566543381,1780039946.4670095,2.499010264755519,2.500989735244481,197.94704889619652,N,,simulated
CC-PT,pressure,5257.576562799,1780039946.477029,1.2871368273659738,,196.78420684149344,psi,,simulated
FI-PT,pressure,5257.576636298,1780039946.4771025,1.6529085222373632,,288.2271305593408,psi,,simulated
thrust,thrust,5257.576691797,1780039946.4771578,2.499013244988113,2.500986755011887,197.35100237738834,N,,simulated
FM-FM,flow,5257.579973955,1780039946.4804404,1.824038842205863,,9.600364145679965,gallons_per_minute,,simulated
tank_temp,temperature,5257.584890258,1780039946.4853566,,,19.372676087193742,°C,,simulated
CC-PT,pressure,5257.586704252,1780039946.4871705,1.298858678204856,,199.71466955121397,psi,,simulated
FI-PT,pressure,5257.586766195,1780039946.4872324,1.6717084254870924,,292.9271063717731,psi,,simulated
thrust,thrust,5257.586813787,1780039946.4872801,2.4990311263836773,2.5009688736163227,193.77472326453926,N,,simulated
CC-PT,pressure,5257.596835057,1780039946.4973013,1.292620455339009,,198.15511383475226,psi,,simulated
FI-PT,pressure,5257.596903186,1780039946.4973693,1.6700269782575345,,292.5067445643836,psi,,simulated
thrust,thrust,5257.596955092,1780039946.4974213,2.499025165918489,2.500974834081511,194.96681630215562,N,,simulated
CC-PT,pressure,5257.606972455,1780039946.5074387,1.290175472518858,,197.54386812971447,psi,,simulated
FI-PT,pressure,5257.607034121,1780039946.5075002,1.6654016572715826,,291.3504143178957,psi,,simulated
thrust,thrust,5257.607081453,1780039946.5075476,2.4990209935928576,2.5009790064071424,195.80128142848707,N,,simulated
CC-PT,pressure,5257.617102741,1780039946.517569,1.2966145630615427,,199.15364076538566,psi,,simulated
FI-PT,pressure,5257.617169907,1780039946.517636,1.660059292323505,,290.0148230808762,psi,,simulated
thrust,thrust,5257.617221851,1780039946.517688,2.499047815686204,2.500952184313796,190.43686275921345,N,,simulated
FM-FM,flow,5257.620152422,1780039946.5206187,1.8027772668334563,,9.401036876563651,gallons_per_minute,,simulated
CC-PT,pressure,5257.627238398,1780039946.5277045,1.2915737976519819,,197.89344941299547,psi,,simulated
FI-PT,pressure,5257.627299453,1780039946.5277655,1.656507451117927,,289.12686277948177,psi,,simulated
thrust,thrust,5257.627345415,1780039946.5278115,2.499025761965008,2.500974238034992,194.84760699839399,N,,simulated
CC-PT,pressure,5257.637366278,1780039946.5378325,1.2855769736262528,,196.3942434065632,psi,,simulated
FI-PT,pressure,5257.637433814,1780039946.5379,1.6497631847576122,,287.44079618940304,psi,,simulated
thrust,thrust,5257.637487091,1780039946.5379534,2.499053180104873,2.500946819895127,189.36397902535873,N,,simulated
CC-PT,pressure,5257.64750212,1780039946.5479681,1.2836118082537422,,195.90295206343555,psi,,simulated
FI-PT,pressure,5257.647564563,1780039946.5480306,1.6649242240100173,,291.2310560025043,psi,,simulated
thrust,thrust,5257.647612785,1780039946.5480788,2.4990704654539186,2.5009295345460814,185.9069092162713,N,,simulated
CC-PT,pressure,5257.657660425,1780039946.5581274,1.280980858919723,,195.24521472993072,psi,,simulated
FI-PT,pressure,5257.657765849,1780039946.558232,1.6529955450291092,,288.2488862572773,psi,,simulated
thrust,thrust,5257.657825737,1780039946.558292,2.4990865587099265,2.5009134412900735,182.68825801470712,N,,simulated
FM-FM,flow,5257.660307796,1780039946.560774,1.8363805814243057,,9.716067950852866,gallons_per_minute,,simulated
CC-PT,pressure,5257.667824081,1780039946.5682902,1.278174075862655,,194.54351896566374,psi,,simulated
FI-PT,pressure,5257.66788821,1780039946.5683544,1.659754712552394,,289.9386781380985,psi,,simulated
thrust,thrust,5257.667935432,1780039946.5684016,2.4990889428960017,2.5009110571039983,182.21142079966057,N,,simulated
CC-PT,pressure,5257.677959257,1780039946.5784256,1.2858541352574986,,196.46353381437464,psi,,simulated
FI-PT,pressure,5257.678030293,1780039946.5784965,1.656488377629325,,289.1220944073313,psi,,simulated
thrust,thrust,5257.67808307,1780039946.5785491,2.499116361035867,2.500883638964133,176.72779282662532,N,,simulated
tank_temp,temperature,5257.685051881,1780039946.5855181,,,19.21003124802513,°C,,simulated
CC-PT,pressure,5257.688101821,1780039946.588568,1.2793453072721133,,194.8363268180283,psi,,simulated
FI-PT,pressure,5257.688163579,1780039946.5886297,1.6601099562776036,,290.02748906940093,psi,,simulated
thrust,thrust,5257.688210116,1780039946.5886765,2.4991205333614985,2.5008794666385015,175.89332770029387,N,,simulated
CC-PT,pressure,5257.698232422,1780039946.5986989,1.2907029736880031,,197.67574342200078,psi,,simulated
FI-PT,pressure,5257.698298625,1780039946.598765,1.6701736057011614,,292.5434014252903,psi,,simulated
thrust,thrust,5257.698349384,1780039946.5988154,2.499125897780168,2.500874102219832,174.82044396643914,N,,simulated
FM-FM,flow,5257.700459836,1780039946.6009262,1.8316741981117963,,9.67194560729809,gallons_per_minute,,simulated
CC-PT,pressure,5257.708370635,1780039946.608837,1.2808586693833672,,195.2146673458418,psi,,simulated
FI-PT,pressure,5257.708431986,1780039946.6088982,1.6596700739467232,,289.9175184866808,psi,,simulated
thrust,thrust,5257.70847793,1780039946.6089442,2.499153315920033,2.500846684079967,169.3368159934039,N,,simulated
CC-PT,pressure,5257.718500255,1780039946.6189666,1.2752993435024431,,193.82483587561077,psi,,simulated
FI-PT,pressure,5257.718567476,1780039946.6190336,1.659051973706719,,289.76299342667977,psi,,simulated
thrust,thrust,5257.718619179,1780039946.6190853,2.4991789459203417,2.5008210540796583,164.21081593165354,N,,simulated
CC-PT,pressure,5257.728649152,1780039946.6291153,1.2740893690692625,,193.52234226731562,psi,,simulated
FI-PT,pressure,5257.728726448,1780039946.6291926,1.6657163698335133,,291.42909245837836,psi,,simulated
thrust,thrust,5257.728775966,1780039946.6292422,2.4991926549902743,2.5008073450097257,161.46900194513591,N,,simulated
CC-PT,pressure,5257.738798476,1780039946.6392648,1.2776292893444643,,194.40732233611607,psi,,simulated
FI-PT,pressure,5257.738878938,1780039946.6393452,1.6571553536838715,,289.28883842096786,psi,,simulated
thrust,thrust,5257.738934456,1780039946.6394007,2.4992176889440643,2.5007823110559357,156.4622111871472,N,,simulated
FM-FM,flow,5257.740614395,1780039946.6410806,1.8305268085630906,,9.661188830278974,gallons_per_minute,,simulated
CC-PT,pressure,5257.748944799,1780039946.649411,1.2751777500126062,,193.79443750315156,psi,,simulated
FI-PT,pressure,5257.749007465,1780039946.649474,1.648682552419013,,287.17063810475327,psi,,simulated
thrust,thrust,5257.749056224,1780039946.6495225,2.499233782200072,2.500766217799928,153.24355998558303,N,,simulated
CC-PT,pressure,5257.759103067,1780039946.65957,1.2743623583748767,,193.59058959371916,psi,,simulated
FI-PT,pressure,5257.759209751,1780039946.659676,1.6557415313412585,,288.9353828353146,psi,,simulated
thrust,thrust,5257.759269917,1780039946.6597362,2.499258816153862,2.500741183846138,148.23676922759432,N,,simulated
CC-PT,pressure,5257.769270946,1780039946.669737,1.27061978228328,,192.65494557082002,psi,,simulated
FI-PT,pressure,5257.769337649,1780039946.6698039,1.658884484634934,,289.7211211587335,psi,,simulated
thrust,thrust,5257.769386778,1780039946.669853,2.4992784856889827,2.5007215143110173,144.30286220346034,N,,simulated
CC-PT,pressure,5257.779406603,1780039946.6798728,1.2846352201265359,,196.15880503163396,psi,,simulated
FI-PT,pressure,5257.779478028,1780039946.6799443,1.6557355708760704,,288.9338927190176,psi,,simulated
thrust,thrust,5257.779532175,1780039946.6799982,2.4992701410377194,2.5007298589622806,145.97179245612324,N,,simulated
FM-FM,flow,5257.780764973,1780039946.6812313,1.8585594723891583,,9.923995053648358,gallons_per_minute,,simulated
tank_temp,temperature,5257.785221079,1780039946.6856873,,,19.395044087463233,°C,,simulated
CC-PT,pressure,5257.789545778,1780039946.6900122,1.2724991169570823,,193.12477923927057,psi,,simulated
FI-PT,pressure,5257.789608759,1780039946.690075,1.6663654644924955,,291.59136612312386,psi,,simulated
thrust,thrust,5257.789657258,1780039946.6901236,2.4993094801079607,2.5006905198920393,138.10397840785527,N,,simulated
