sensor_name,sensor_kind,t_monotonic,t_wall,Voltage 1,Voltage 2,value,units,filtered_value,source
CC-PT,pressure,1102.021820226,1779487703.5092692,1.3058175213119414,,201.45438032798535,psi,,simulated
FI-PT,pressure,1102.021952446,1779487703.5094008,1.7077734122006192,,301.94335305015477,psi,,simulated
thrust,thrust,1102.022003668,1779487703.509452,2.500028908256162,2.499971091743838,5.781651232439344,N,,simulated
tank_temp,temperature,1102.022055778,1779487703.509504,0.0269261034639005,-0.0269261034639005,20.009916387229154,°C,,simulated
CC-PT,pressure,1102.032031934,1779487703.5194805,1.2928141704576217,,198.20354261440542,psi,,simulated
FI-PT,pressure,1102.032080841,1779487703.5195289,1.7089953075641762,,302.248826891044,psi,,simulated
thrust,thrust,1102.03212547,1779487703.5195735,2.5000306963957186,2.4999693036042814,6.139279143724252,N,,simulated
CC-PT,pressure,1102.042135717,1779487703.529584,1.2981309054053907,,199.53272635134766,psi,,simulated
FI-PT,pressure,1102.042175013,1779487703.529623,1.700950467699822,,300.2376169249555,psi,,simulated
thrust,thrust,1102.042213068,1779487703.529661,2.500073015698554,2.499926984301446,14.603139710800406,N,,simulated
CC-PT,pressure,1102.052231334,1779487703.5396793,1.3054467803772427,,201.36169509431068,psi,,simulated
FI-PT,pressure,1102.052260704,1779487703.5397086,1.6962184543870038,,299.0546135967509,psi,,simulated
thrust,thrust,1102.052295518,1779487703.5397434,2.5001022219779756,2.4998977780220244,20.444395595120568,N,,simulated
CC-PT,pressure,1102.062319599,1779487703.5497677,1.2981386540101352,,199.5346635025338,psi,,simulated
FI-PT,pressure,1102.062351599,1779487703.5497997,1.6945066087849867,,298.62665219624665,psi,,simulated
thrust,thrust,1102.062376172,1779487703.5498242,2.5001403689551793,2.4998596310448207,28.07379103586527,N,,simulated
CC-PT,pressure,1102.072410642,1779487703.5598588,1.3048167592068625,,201.20418980171561,psi,,simulated
FI-PT,pressure,1102.072439253,1779487703.5598874,1.701500618636682,,300.37515465917045,psi,,simulated
thrust,thrust,1102.072461308,1779487703.5599093,2.5001493096529614,2.4998506903470386,29.86193059228981,N,,simulated
CC-PT,pressure,1102.082497278,1779487703.5699453,1.3073362478418646,,201.83406196046616,psi,,simulated
FI-PT,pressure,1102.082528684,1779487703.5699766,1.6954334611217334,,298.85836528043336,psi,,simulated
thrust,thrust,1102.082552777,1779487703.5700006,2.500190436862759,2.499809563137241,38.08737255184269,N,,simulated
CC-PT,pressure,1102.092587413,1779487703.5800352,1.3022847535949653,,200.57118839874133,psi,,simulated
FI-PT,pressure,1102.092614783,1779487703.5800626,1.6931982866762028,,298.2995716690507,psi,,simulated
thrust,thrust,1102.092635431,1779487703.5800834,2.5002178550026244,2.4997821449973756,43.571000524877945,N,,simulated
CC-PT,pressure,1102.102676548,1779487703.5901248,1.3004268765958402,,200.10671914896005,psi,,simulated
FI-PT,pressure,1102.102709696,1779487703.5901575,1.703268492611467,,300.8171231528667,psi,,simulated
thrust,thrust,1102.102734566,1779487703.5901825,2.5002452731424896,2.4997547268575104,49.0546284979132,N,,simulated
CC-PT,pressure,1102.112785554,1779487703.600234,1.3104541671817502,,202.61354179543756,psi,,simulated
FI-PT,pressure,1102.112828053,1779487703.600276,1.7031272295865094,,300.78180739662736,psi,,simulated
thrust,thrust,1102.112848794,1779487703.6002967,2.500278651747543,2.499721348252457,55.730349508564814,N,,simulated
tank_temp,temperature,1102.122174514,1779487703.6096227,0.026939514510573685,-0.026939514510573685,20.15080010985654,°C,,simulated
CC-PT,pressure,1102.122882356,1779487703.6103303,1.3162578721353855,,204.06446803384637,psi,,simulated
FI-PT,pressure,1102.122915041,1779487703.6103632,1.7058589107822073,,301.4647276955518,psi,,simulated
thrust,thrust,1102.122938207,1779487703.6103861,2.500312030352596,2.499687969647404,62.40607051921643,N,,simulated
CC-PT,pressure,1102.132973269,1779487703.6204212,1.3074214824940542,,201.85537062351355,psi,,simulated
FI-PT,pressure,1102.13300051,1779487703.6204486,1.697349154633183,,299.33728865829573,psi,,simulated
thrust,thrust,1102.133020287,1779487703.6204681,2.5003442168646117,2.4996557831353883,68.84337292234477,N,,simulated
CC-PT,pressure,1102.143059497,1779487703.6305075,1.3103045595055294,,202.57613987638234,psi,,simulated
FI-PT,pressure,1102.143088886,1779487703.630537,1.7031153086561333,,300.7788271640333,psi,,simulated
thrust,thrust,1102.143111793,1779487703.6305597,2.5003674626788452,2.4996325373211548,73.49253576904857,N,,simulated
CC-PT,pressure,1102.153147799,1779487703.6405957,1.3231815484978615,,205.79538712446538,psi,,simulated
FI-PT,pressure,1102.153175651,1779487703.6406236,1.7029496077239046,,300.73740193097615,psi,,simulated
thrust,thrust,1102.153195614,1779487703.6406436,2.5004097819816806,2.4995902180183194,81.95639633612473,N,,simulated
CC-PT,pressure,1102.163234657,1779487703.6506827,1.3109530581179927,,202.73826452949817,psi,,simulated
FI-PT,pressure,1102.163263953,1779487703.650712,1.6945560806460478,,298.63902016151195,psi,,simulated
thrust,thrust,1102.16328636,1779487703.6507344,2.5004288554702825,2.4995711445297175,85.77109405649708,N,,simulated
CC-PT,pressure,1102.173322404,1779487703.6607704,1.3122178688309036,,203.0544672077259,psi,,simulated
FI-PT,pressure,1102.17334944,1779487703.6607974,1.7070712694014631,,301.76781735036576,psi,,simulated
thrust,thrust,1102.173370088,1779487703.6608179,2.500430643609839,2.499569356390161,86.12872196778198,N,,simulated
CC-PT,pressure,1102.183410558,1779487703.6708589,1.3307221330073038,,207.68053325182595,psi,,simulated
FI-PT,pressure,1102.183442557,1779487703.6708906,1.7060198433422855,,301.50496083557135,psi,,simulated
thrust,thrust,1102.183466576,1779487703.6709146,2.5005027652386147,2.4994972347613853,100.55304772293994,N,,simulated
CC-PT,pressure,1102.193501601,1779487703.6809494,1.308102763665052,,202.025690916263,psi,,simulated
FI-PT,pressure,1102.193528397,1779487703.6809764,1.7186822555878467,,304.67056389696165,psi,,simulated
thrust,thrust,1102.193548507,1779487703.6809964,2.500514090122472,2.499485909877528,102.81802449441102,N,,simulated
CC-PT,pressure,1102.203587051,1779487703.6910348,1.3230563787289118,,205.76409468222795,psi,,simulated
FI-PT,pressure,1102.203616291,1779487703.6910644,1.7058171875258907,,301.45429688147266,psi,,simulated
thrust,thrust,1102.203639958,1779487703.691088,2.5005373359367056,2.4994626640632944,107.46718734111482,N,,simulated
CC-PT,pressure,1102.213685649,1779487703.701134,1.3072426685384118,,201.81066713460294,psi,,simulated
FI-PT,pressure,1102.21372713,1779487703.7011752,1.7039837484340368,,300.99593710850917,psi,,simulated
thrust,thrust,1102.213749482,1779487703.7011974,2.500573694774353,2.499426305225647,114.73895487057462,N,,simulated
tank_temp,temperature,1102.222279084,1779487703.7097273,0.02692103706849063,-0.02692103706849063,19.957278512840897,°C,,simulated
CC-PT,pressure,1102.223781581,1779487703.7112293,1.316666164000769,,204.16654100019227,psi,,simulated
FI-PT,pressure,1102.223810136,1779487703.7112582,1.7125000610947683,,303.12501527369204,psi,,simulated
thrust,thrust,1102.223835136,1779487703.7112832,2.5005993247746616,2.4994006752253384,119.86495493232496,N,,simulated
CC-PT,pressure,1102.23386929,1779487703.7213173,1.330249468117889,,207.56236702947223,psi,,simulated
FI-PT,pressure,1102.233895475,1779487703.7213435,1.7065473445114308,,301.6368361278577,psi,,simulated
thrust,thrust,1102.233915531,1779487703.7213635,2.500622570588895,2.499377429411105,124.51411777902877,N,,simulated
CC-PT,pressure,1102.243953148,1779487703.7314012,1.3295318281092439,,207.38295702731097,psi,,simulated
FI-PT,pressure,1102.243983703,1779487703.7314317,1.7110600127053277,,302.7650031763319,psi,,simulated
thrust,thrust,1102.244035369,1779487703.7314835,2.500638067798384,2.499361932201616,127.6135596768313,N,,simulated
CC-PT,pressure,1102.254041506,1779487703.7414894,1.3177688500605642,,204.44221251514105,psi,,simulated
FI-PT,pressure,1102.254068339,1779487703.7415164,1.7036636714534368,,300.9159178633592,psi,,simulated
thrust,thrust,1102.254099801,1779487703.7415478,2.5006720424499562,2.4993279575500438,134.40848999124455,N,,simulated
CC-PT,pressure,1102.264126327,1779487703.7515743,1.3214220191743398,,205.35550479358494,psi,,simulated
FI-PT,pressure,1102.264157956,1779487703.751606,1.707416380335853,,301.8540950839633,psi,,simulated
thrust,thrust,1102.264180048,1779487703.751628,2.5006780029151443,2.4993219970848557,135.6005830288609,N,,simulated
CC-PT,pressure,1102.274217203,1779487703.761665,1.3255907685268842,,206.39769213172104,psi,,simulated
FI-PT,pressure,1102.274243739,1779487703.7616918,1.7125036373738811,,303.12590934347025,psi,,simulated
thrust,thrust,1102.274263536,1779487703.7617114,2.5007304550087994,2.4992695449912006,146.09100175988488,N,,simulated
CC-PT,pressure,1102.284301746,1779487703.7717497,1.3185210607673004,,204.6302651918251,psi,,simulated
FI-PT,pressure,1102.284330468,1779487703.7717786,1.7107852352601571,,302.6963088150393,psi,,simulated
thrust,thrust,1102.284352078,1779487703.7718,2.50072509059013,2.49927490940987,145.01811802603015,N,,simulated
CC-PT,pressure,1102.294388918,1779487703.7818367,1.330339471142229,,207.58486778555724,psi,,simulated
FI-PT,pressure,1102.294415473,1779487703.7818635,1.7076285728965488,,301.9071432241372,psi,,simulated
thrust,thrust,1102.294435362,1779487703.7818835,2.500756681055627,2.499243318944373,151.33621112539686,N,,simulated
CC-PT,pressure,1102.304473498,1779487703.7919214,1.3413436819724658,,210.33592049311645,psi,,simulated
FI-PT,pressure,1102.304502924,1779487703.791951,1.7006137014166953,,300.1534253541738,psi,,simulated
thrust,thrust,1102.304526109,1779487703.791974,2.5007793308233417,2.4992206691766583,155.86616466833902,N,,simulated
CC-PT,pressure,1102.314574708,1779487703.802023,1.3207961703295912,,205.1990425823978,psi,,simulated
FI-PT,pressure,1102.314615892,1779487703.802064,1.7100288522277896,,302.50721305694736,psi,,simulated
thrust,thrust,1102.314637559,1779487703.8020854,2.500800788498019,2.499199211501981,160.15769960375792,N,,simulated
tank_temp,temperature,1102.322380764,1779487703.8098288,0.026941898696648918,-0.026941898696648918,20.175570874274545,°C,,simulated
CC-PT,pressure,1102.324670547,1779487703.8121185,1.3179822347142975,,204.49555867857438,psi,,simulated
FI-PT,pressure,1102.324703639,1779487703.8121517,1.7080678591809104,,302.0169647952276,psi,,simulated
thrust,thrust,1102.324725805,1779487703.8121738,2.5008144975679514,2.4991855024320486,162.89951359027555,N,,simulated
CC-PT,pressure,1102.33476159,1779487703.8222098,1.33253947884315,,208.13486971078748,psi,,simulated
FI-PT,pressure,1102.334788237,1779487703.822236,1.7121781959746118,,303.04454899365294,psi,,simulated
thrust,thrust,1102.334808256,1779487703.822256,2.50084012756826,2.49915987243174,168.0255136520259,N,,simulated
CC-PT,pressure,1102.344848262,1779487703.8322961,1.3310285009179712,,207.7571252294928,psi,,simulated
FI-PT,pressure,1102.344878595,1779487703.8323267,1.7094012152434845,,302.35030381087114,psi,,simulated
thrust,thrust,1102.34490065,1779487703.8323486,2.500815689660989,2.499184310339011,163.13793219779882,N,,simulated
CC-PT,pressure,1102.354937361,1779487703.8423853,1.3434977940914385,,210.87444852285964,psi,,simulated
FI-PT,pressure,1102.354963268,1779487703.8424113,1.7148806708908881,,303.720167722722,psi,,simulated
thrust,thrust,1102.354983212,1779487703.8424313,2.500865757568569,2.499134242431431,173.15151371377624,N,,simulated
CC-PT,pressure,1102.365021755,1779487703.8524697,1.332632462100084,,208.158115525021,psi,,simulated
FI-PT,pressure,1102.365050885,1779487703.852499,1.7082901845324259,,302.07254613310647,psi,,simulated
thrust,thrust,1102.365072662,1779487703.8525205,2.500880658731539,2.499119341268461,176.13174630781714,N,,simulated
CC-PT,pressure,1102.375109224,1779487703.8625572,1.3342084090958128,,208.5521022739532,psi,,simulated
FI-PT,pressure,1102.37513565,1779487703.8625836,1.71005865455373,,302.51466363843247,psi,,simulated
thrust,thrust,1102.375155279,1779487703.8626032,2.5008919836153964,2.4991080163846036,178.39672307928822,N,,simulated
CC-PT,pressure,1102.385193286,1779487703.8726413,1.3342787425850322,,208.56968564625805,psi,,simulated
FI-PT,pressure,1102.385221693,1779487703.8726697,1.71309431947402,,303.273579868505,psi,,simulated
thrust,thrust,1102.38524497,1779487703.872693,2.5009253622204497,2.4990746377795503,185.07244408993984,N,,simulated
CC-PT,pressure,1102.395279754,1779487703.8827276,1.3303865588172148,,207.5966397043037,psi,,simulated
FI-PT,pressure,1102.395305513,1779487703.8827536,1.7028190735362856,,300.7047683840714,psi,,simulated
thrust,thrust,1102.395325957,1779487703.882774,2.5009128452435547,2.4990871547564453,182.56904871094548,N,,simulated
CC-PT,pressure,1102.405365575,1779487703.8928137,1.3412691761576148,,210.3172940394037,psi,,simulated
FI-PT,pressure,1102.405397686,1779487703.8928456,1.7071767696352922,,301.79419240882305,psi,,simulated
thrust,thrust,1102.405420371,1779487703.8928683,2.500933706871713,2.499066293128287,186.74137434260274,N,,simulated
CC-PT,pressure,1102.415464081,1779487703.9029121,1.3301815188147448,,207.5453797036862,psi,,simulated
FI-PT,pressure,1102.415503025,1779487703.902951,1.7068328507939399,,301.70821269848494,psi,,simulated
thrust,thrust,1102.415524469,1779487703.9029725,2.500924766173931,2.499075233826069,184.9532347861782,N,,simulated
tank_temp,temperature,1102.422476149,1779487703.909924,0.026932361952347987,-0.026932361952347987,20.074939643826408,°C,,simulated
CC-PT,pressure,1102.425562901,1779487703.9130108,1.3460148985403655,,211.50372463509137,psi,,simulated
FI-PT,pressure,1102.425594623,1779487703.9130428,1.721962895627367,,305.4907239068417,psi,,simulated
thrust,thrust,1102.425618012,1779487703.913066,2.5009575487324653,2.4990424512675347,191.50974649306818,N,,simulated
CC-PT,pressure,1102.435653074,1779487703.923101,1.3399483370719358,,209.98708426798396,psi,,simulated
FI-PT,pressure,1102.435679148,1779487703.923127,1.709766591759514,,302.44164793987846,psi,,simulated
thrust,thrust,1102.435698703,1779487703.9231467,2.5009474159416456,2.4990525840583544,189.48318832912037,N,,simulated
CC-PT,pressure,1102.445738395,1779487703.9331863,1.3437952213043238,,210.94880532608096,psi,,simulated
FI-PT,pressure,1102.445767376,1779487703.9332154,1.7144819157698055,,303.62047894245137,psi,,simulated
thrust,thrust,1102.445789098,1779487703.933237,2.500955760592909,2.499044239407091,191.15211858178327,N,,simulated
CC-PT,pressure,1102.455833697,1779487703.943282,1.3383270905407776,,209.5817726351944,psi,,simulated
FI-PT,pressure,1102.455872603,1779487703.9433205,1.7145295994913101,,303.63239987282753,psi,,simulated
thrust,thrust,1102.455895066,1779487703.9433432,2.501002252221376,2.498997747778624,200.45044427519088,N,,simulated
CC-PT,pressure,1102.465929499,1779487703.9533775,1.3369853898269402,,209.24634745673504,psi,,simulated
FI-PT,pressure,1102.465963739,1779487703.9534116,1.709372008964063,,302.3430022410157,psi,,simulated
thrust,thrust,1102.465987739,1779487703.9534357,2.5009915233840374,2.4990084766159626,198.30467680748143,N,,simulated
CC-PT,pressure,1102.476022301,1779487703.9634702,1.3541646425920297,,213.54116064800743,psi,,simulated
FI-PT,pressure,1102.476049689,1779487703.9634976,1.7019959332938115,,300.4989833234529,psi,,simulated
thrust,thrust,1102.476071059,1779487703.9635189,2.500989139197962,2.499010860802038,197.82783959243488,N,,simulated
CC-PT,pressure,1102.486108973,1779487703.973557,1.3470228132036701,,211.75570330091753,psi,,simulated
FI-PT,pressure,1102.486139288,1779487703.9735873,1.717332806269265,,304.3332015673162,psi,,simulated
thrust,thrust,1102.486162695,1779487703.9736106,2.5009945036166314,2.4990054963833686,198.9007233262896,N,,simulated
CC-PT,pressure,1102.496197868,1779487703.983646,1.3522954407090473,,213.07386017726182,psi,,simulated
FI-PT,pressure,1102.496225608,1779487703.9836736,1.7093433987311601,,302.33584968279,psi,,simulated
thrust,thrust,1102.496246904,1779487703.9836948,2.5009813905932177,2.4990186094067823,196.27811864353362,N,,simulated
CC-PT,pressure,1102.5062853,1779487703.9937334,1.3470102962267752,,211.7525740566938,psi,,simulated
FI-PT,pressure,1102.506314985,1779487703.993763,1.7163362164898177,,304.0840541224544,psi,,simulated
thrust,thrust,1102.506337614,1779487703.9937856,2.5009873510584057,2.4990126489415943,197.47021168114998,N,,simulated
CC-PT,pressure,1102.516392713,1779487704.0038412,1.3623859122259514,,215.59647805648785,psi,,simulated
FI-PT,pressure,1102.516449249,1779487704.0038974,1.704439724020925,,301.10993100523126,psi,,simulated
thrust,thrust,1102.516472712,1779487704.0039206,2.5010028482678948,2.4989971517321052,200.5696535789525,N,,simulated
tank_temp,temperature,1102.522583162,1779487704.010031,0.02693474613842322,-0.02693474613842322,20.099710408244412,°C,,simulated
CC-PT,pressure,1102.526498996,1779487704.0139468,1.3496823727705922,,212.42059319264806,psi,,simulated
FI-PT,pressure,1102.526533847,1779487704.013982,1.7098840129237192,,302.4710032309298,psi,,simulated
thrust,thrust,1102.526556625,1779487704.0140047,2.500977218267586,2.499022781732414,195.44365351720216,N,,simulated
CC-PT,pressure,1102.536592613,1779487704.0240407,1.3421703984940527,,210.54259962351318,psi,,simulated
FI-PT,pressure,1102.536620076,1779487704.024068,1.7202933693281852,,305.0733423320463,psi,,simulated
thrust,thrust,1102.53664039,1779487704.0240884,2.5009998680353007,2.4990001319646993,199.97360706014433,N,,simulated
CC-PT,pressure,1102.546678878,1779487704.0341268,1.3537646953779094,,213.44117384447736,psi,,simulated
FI-PT,pressure,1102.546708915,1779487704.0341568,1.7215784456227357,,305.3946114056839,psi,,simulated
thrust,thrust,1102.546731155,1779487704.034179,2.500977814314105,2.499022185685895,195.5628628209638,N,,simulated
CC-PT,pressure,1102.556767551,1779487704.0442154,1.352501672804555,,213.12541820113873,psi,,simulated
FI-PT,pressure,1102.556793717,1779487704.0442417,1.7054172403117704,,301.3543100779426,psi,,simulated
thrust,thrust,1102.556814569,1779487704.0442624,2.500993311523594,2.499006688476406,198.66230471876634,N,,simulated
CC-PT,pressure,1102.566852409,1779487704.0543003,1.3368107481969294,,209.20268704923234,psi,,simulated
FI-PT,pressure,1102.566881427,1779487704.0543294,1.705474460777576,,301.368615194394,psi,,simulated
thrust,thrust,1102.566903204,1779487704.054351,2.500976622221067,2.499023377778933,195.32444421344053,N,,simulated
CC-PT,pressure,1102.576939692,1779487704.0643876,1.3508220137145535,,212.70550342863837,psi,,simulated
FI-PT,pressure,1102.57696721,1779487704.0644152,1.7134441987805604,,303.3610496951401,psi,,simulated
thrust,thrust,1102.576987192,1779487704.0644352,2.5010004640818195,2.4989995359181805,200.09281636390597,N,,simulated
CC-PT,pressure,1102.587023939,1779487704.074472,1.3581700751984211,,214.5425187996053,psi,,simulated
FI-PT,pressure,1102.587053624,1779487704.0745015,1.7183168790718173,,304.5792197679543,psi,,simulated
thrust,thrust,1102.587076012,1779487704.074524,2.500986755011887,2.499013244988113,197.35100237738834,N,,simulated
CC-PT,pressure,1102.597113315,1779487704.0845613,1.357859534962122,,214.46488374053052,psi,,simulated
FI-PT,pressure,1102.597141926,1779487704.0845897,1.7151476997313142,,303.7869249328285,psi,,simulated
thrust,thrust,1102.597161814,1779487704.0846097,2.5009641052441722,2.4990358947558278,192.82104883444617,N,,simulated
CC-PT,pressure,1102.60720058,1779487704.0946486,1.3517703237259773,,212.94258093149432,psi,,simulated
FI-PT,pressure,1102.607231617,1779487704.0946796,1.7162426371863648,,304.0606592965912,psi,,simulated
thrust,thrust,1102.607254117,1779487704.094702,2.500942647569495,2.499057352430505,188.52951389902728,N,,simulated
CC-PT,pressure,1102.617303142,1779487704.1047513,1.3472785171602388,,211.8196292900597,psi,,simulated
FI-PT,pressure,1102.617344345,1779487704.1047924,1.7087252984911558,,302.18132462278896,psi,,simulated
thrust,thrust,1102.617366085,1779487704.104814,2.5009444357090516,2.4990555642909484,188.8871418103122,N,,simulated
tank_temp,temperature,1102.622679677,1779487704.1101277,0.02695799195265674,-0.02695799195265674,20.341225361319935,°C,,simulated
CC-PT,pressure,1102.627400332,1779487704.1148481,1.3582404086876405,,214.56010217191013,psi,,simulated
FI-PT,pressure,1102.627433554,1779487704.1148815,1.7184146307009018,,304.60365767522546,psi,,simulated
thrust,thrust,1102.627455739,1779487704.114904,2.5009420515229763,2.4990579484770237,188.41030459526564,N,,simulated
CC-PT,pressure,1102.637490709,1779487704.1249387,1.3491459309036649,,212.28648272591622,psi,,simulated
FI-PT,pressure,1102.637518005,1779487704.124966,1.7218299772536727,,305.4574943134182,psi,,simulated
thrust,thrust,1102.637538727,1779487704.1249866,2.500921189894818,2.499078810105182,184.23797896360838,N,,simulated
CC-PT,pressure,1102.647576548,1779487704.1350245,1.3646884399281074,,216.17210998202685,psi,,simulated
FI-PT,pressure,1102.647606307,1779487704.1350543,1.71274920853963,,303.1873021349075,psi,,simulated
thrust,thrust,1102.647628621,1779487704.1350765,2.5009223819878557,2.4990776180121443,184.47639757113166,N,,simulated
CC-PT,pressure,1102.657664683,1779487704.1451125,1.3556130356327336,,213.9032589081834,psi,,simulated
FI-PT,pressure,1102.65769135,1779487704.1451395,1.7069961675400933,,301.7490418850233,psi,,simulated
thrust,thrust,1102.657711053,1779487704.1451592,2.5009170175691864,2.4990829824308136,183.40351383727693,N,,simulated
CC-PT,pressure,1102.667749689,1779487704.1551976,1.3526024046662335,,213.15060116655837,psi,,simulated
FI-PT,pressure,1102.667779578,1779487704.1552277,1.7112769736381739,,302.81924340954345,psi,,simulated
thrust,thrust,1102.667801744,1779487704.1552496,2.5008925796619152,2.4991074203380848,178.51593238304986,N,,simulated
CC-PT,pressure,1102.677841195,1779487704.1652892,1.355437797956204,,213.859449489051,psi,,simulated
FI-PT,pressure,1102.677869602,1779487704.1653175,1.720632519797387,,305.15812994934674,psi,,simulated
thrust,thrust,1102.677889694,1779487704.1653376,2.500874102219832,2.499125897780168,174.82044396643914,N,,simulated
CC-PT,pressure,1102.687927294,1779487704.1753755,1.3546605532956781,,213.66513832391954,psi,,simulated
FI-PT,pressure,1102.687958034,1779487704.175406,1.7058922893872606,,301.4730723468151,psi,,simulated
thrust,thrust,1102.687980052,1779487704.1754282,2.500871121987238,2.499128878012762,174.22439744763096,N,,simulated
CC-PT,pressure,1102.69801704,1779487704.185465,1.3568343349497716,,214.2085837374429,psi,,simulated
FI-PT,pressure,1102.698045447,1779487704.1854935,1.7159744162529011,,303.9936040632253,psi,,simulated
thrust,thrust,1102.698065595,1779487704.1855135,2.500843703847373,2.499156296152627,168.7407694745957,N,,simulated
CC-PT,pressure,1102.708103602,1779487704.1955514,1.3564433284334334,,214.11083210835835,psi,,simulated
FI-PT,pressure,1102.708133527,1779487704.1955817,1.710810269213947,,302.7025673034868,psi,,simulated
thrust,thrust,1102.708156268,1779487704.1956043,2.5008383394287037,2.4991616605712963,167.66788574074099,N,,simulated
CC-PT,pressure,1102.718206015,1779487704.2056544,1.3592417668392383,,214.81044170980957,psi,,simulated
FI-PT,pressure,1102.718246033,1779487704.205694,1.7161997218370106,,304.04993045925266,psi,,simulated
thrust,thrust,1102.718267403,1779487704.2057154,2.5008079410562445,2.4991920589437555,161.58821124889755,N,,simulated
tank_temp,temperature,1102.722779895,1779487704.210228,0.02694338881294594,-0.02694338881294594,20.192600774811922,°C,,simulated
CC-PT,pressure,1102.728303076,1779487704.2157512,1.3635935024730568,,215.8983756182642,psi,,simulated
FI-PT,pressure,1102.728335983,1779487704.2157838,1.7157491106687917,,303.9372776671979,psi,,simulated
thrust,thrust,1102.728358298,1779487704.2158062,2.500809133149282,2.499190866850718,161.82662985642082,N,,simulated
CC-PT,pressure,1102.738393397,1779487704.2258415,1.3663746555298157,,216.59366388245394,psi,,simulated
FI-PT,pressure,1102.738420322,1779487704.2258682,1.7175396344112914,,304.38490860282286,psi,,simulated
thrust,thrust,1102.7384401,1779487704.225888,2.5007697940790408,2.4992302059209592,153.95881580815285,N,,simulated
CC-PT,pressure,1102.748478606,1779487704.2359266,1.35675506076277,,214.18876519069252,psi,,simulated
FI-PT,pressure,1102.748508773,1779487704.2359567,1.726679411730696,,306.669852932674,psi,,simulated
thrust,thrust,1102.748531124,1779487704.235979,2.500741779892657,2.499258220107343,148.35597853135596,N,,simulated
CC-PT,pressure,1102.758570742,1779487704.2460191,1.3583208749676796,,214.5802187419199,psi,,simulated
FI-PT,pressure,1102.75860663,1779487704.2460546,1.7204239035158042,,305.105975878951,psi,,simulated
thrust,thrust,1102.758626926,1779487704.246075,2.500732243148356,2.499267756851644,146.44862967116978,N,,simulated
CC-PT,pressure,1102.768662174,1779487704.2561102,1.362058086640607,,215.51452166015173,psi,,simulated
FI-PT,pressure,1102.768692988,1779487704.256141,1.7261280687007985,,306.5320171751996,psi,,simulated
thrust,thrust,1102.768715043,1779487704.2561631,2.5007030368689342,2.4992969631310658,140.60737378684962,N,,simulated
CC-PT,pressure,1102.778751791,1779487704.2661998,1.3656081397066284,,216.4020349266571,psi,,simulated
FI-PT,pressure,1102.778778568,1779487704.2662268,1.7175032755736441,,304.375818893411,psi,,simulated
thrust,thrust,1102.778798123,1779487704.2662458,2.5006768108221067,2.4993231891778933,135.36216442133764,N,,simulated
CC-PT,pressure,1102.788836297,1779487704.2762842,1.3663937290184176,,216.5984322546044,psi,,simulated
FI-PT,pressure,1102.788866889,1779487704.276315,1.7156990427612118,,303.92476069030295,psi,,simulated
thrust,thrust,1102.788889648,1779487704.2763376,2.5006619096591365,2.4993380903408635,132.38193182729674,N,,simulated
CC-PT,pressure,1102.798925284,1779487704.2863734,1.3541145746844498,,213.52864367111246,psi,,simulated
FI-PT,pressure,1102.798951691,1779487704.2863998,1.7210735942213051,,305.26839855532626,psi,,simulated
thrust,thrust,1102.798971654,1779487704.2864194,2.5006470084961663,2.4993529915038337,129.40169923325584,N,,simulated
CC-PT,pressure,1102.8093621,1779487704.29681,1.3771827670553647,,219.29569176384118,psi,,simulated
FI-PT,pressure,1102.809397488,1779487704.2968457,1.7020173909684886,,300.50434774212215,psi,,simulated
thrust,thrust,1102.809419914,1779487704.2968678,2.500591576169917,2.499408423830083,118.3152339834237,N,,simulated
CC-PT,pressure,1102.819467198,1779487704.3069155,1.3621677592000676,,215.5419398000169,psi,,simulated
FI-PT,pressure,1102.81951229,1779487704.30696,1.7190160416383793,,304.7540104095948,psi,,simulated
thrust,thrust,1102.819533141,1779487704.306981,2.5005879998908043,2.4994120001091957,117.59997816085388,N,,simulated
tank_temp,temperature,1102.82287652,1779487704.3103244,0.026943984859464747,-0.026943984859464747,20.197245293140295,°C,,simulated
CC-PT,pressure,1102.82956513,1779487704.3170133,1.378950044983631,,219.73751124590774,psi,,simulated
FI-PT,pressure,1102.829596277,1779487704.3170443,1.7204376125857368,,305.1094031464342,psi,,simulated
thrust,thrust,1102.829619499,1779487704.3170679,2.500560581750939,2.499439418249061,112.11635018781863,N,,simulated
CC-PT,pressure,1102.839656395,1779487704.3271043,1.3604624701097574,,215.11561752743935,psi,,simulated
FI-PT,pressure,1102.839683709,1779487704.3271317,1.712286676441035,,303.0716691102587,psi,,simulated
thrust,thrust,1102.83970369,1779487704.3271518,2.5005343557041115,2.4994656442958885,106.87114082230664,N,,simulated
CC-PT,pressure,1102.849742438,1779487704.3371904,1.3633079961905477,,215.82699904763692,psi,,simulated
FI-PT,pressure,1102.849772419,1779487704.3372204,1.7227043774967643,,305.67609437419105,psi,,simulated
thrust,thrust,1102.849794863,1779487704.3372428,2.500517070355066,2.499482929644934,103.4140710132192,N,,simulated
CC-PT,pressure,1102.859831536,1779487704.3472795,1.3680900774109457,,217.02251935273642,psi,,simulated
FI-PT,pressure,1102.859857739,1779487704.3473058,1.7167820592858862,,304.19551482147153,psi,,simulated
thrust,thrust,1102.859877387,1779487704.3473253,2.500468194540524,2.499531805459476,93.63890810476505,N,,simulated
CC-PT,pressure,1102.86991632,1779487704.3573642,1.368757053465492,,217.189263366373,psi,,simulated
FI-PT,pressure,1102.869945319,1779487704.3573935,1.7056014186860822,,301.4003546715205,psi,,simulated
thrust,thrust,1102.869967393,1779487704.3574152,2.5004604459357793,2.4995395540642207,92.08918715586378,N,,simulated
CC-PT,pressure,1102.880027325,1779487704.3674753,1.365947886222349,,216.48697155558727,psi,,simulated
FI-PT,pressure,1102.880055473,1779487704.3675034,1.7192943953626627,,304.8235988406657,psi,,simulated
thrust,thrust,1102.88007514,1779487704.367523,2.5004228950050944,2.4995771049949056,84.57900101888072,N,,simulated
CC-PT,pressure,1102.890113165,1779487704.377561,1.3754584044764524,,218.8646011191131,psi,,simulated
FI-PT,pressure,1102.890142201,1779487704.3775902,1.714918221821573,,303.72955545539327,psi,,simulated
thrust,thrust,1102.890164349,1779487704.3776124,2.5003972650047857,2.4996027349952143,79.45300095713037,N,,simulated
CC-PT,pressure,1102.900201078,1779487704.387649,1.3606973124381678,,215.17432810954196,psi,,simulated
FI-PT,pressure,1102.900227744,1779487704.387676,1.7178841492991626,,304.47103732479064,psi,,simulated
thrust,thrust,1102.900247318,1779487704.3876953,2.500364482446251,2.499635517553749,72.89648925024039,N,,simulated
CC-PT,pressure,1102.910295047,1779487704.3977435,1.3782890293942727,,219.57225734856817,psi,,simulated
FI-PT,pressure,1102.91034212,1779487704.3977902,1.7203100586307118,,305.07751465767797,psi,,simulated
thrust,thrust,1102.91036599,1779487704.397814,2.500333488027273,2.499666511972727,66.69760545463532,N,,simulated
CC-PT,pressure,1102.920401015,1779487704.4078493,1.3674886664734682,,216.87216661836706,psi,,simulated
FI-PT,pressure,1102.920434033,1779487704.407882,1.7289437924556486,,307.2359481139121,psi,,simulated
thrust,thrust,1102.920454292,1779487704.4079022,2.5003018975617763,2.4996981024382237,60.379512355268616,N,,simulated
tank_temp,temperature,1102.922977572,1779487704.410426,0.02695381962702508,-0.02695381962702508,20.299424696364554,°C,,simulated
CC-PT,pressure,1102.930491836,1779487704.41794,1.380332276860747,,220.08306921518678,psi,,simulated
FI-PT,pressure,1102.930522317,1779487704.4179702,1.722270455631072,,305.56761390776796,psi,,simulated
thrust,thrust,1102.930544094,1779487704.417992,2.500281035933618,2.499718964066382,56.20718672361136,N,,simulated
CC-PT,pressure,1102.941822806,1779487704.4292717,1.3708342755835385,,217.70856889588464,psi,,simulated
FI-PT,pressure,1102.94189649,1779487704.4293444,1.7217209007407308,,305.4302251851827,psi,,simulated
thrust,thrust,1102.941922545,1779487704.4293706,2.5002637505845726,2.4997362494154274,52.750116914523915,N,,simulated
CC-PT,pressure,1102.951968755,1779487704.4394171,1.3652952152842541,,216.32380382106354,psi,,simulated
FI-PT,pressure,1102.95204968,1779487704.4394977,1.724438872866496,,306.109718216624,psi,,simulated
thrust,thrust,1102.952076291,1779487704.4395244,2.500222027328256,2.499777972671744,44.4054656512094,N,,simulated
CC-PT,pressure,1102.962110835,1779487704.449559,1.3767750712364997,,219.19376780912492,psi,,simulated
FI-PT,pressure,1102.962151427,1779487704.4495995,1.7114432706169214,,302.86081765423035,psi,,simulated
thrust,thrust,1102.962173723,1779487704.4496217,2.500188648723203,2.499811351276797,37.72974464055778,N,,simulated
CC-PT,pressure,1102.972206248,1779487704.459654,1.3878388867186173,,221.95972167965434,psi,,simulated
FI-PT,pressure,1102.972243618,1779487704.4596918,1.7299666082819234,,307.4916520704808,psi,,simulated
thrust,thrust,1102.97226758,1779487704.4597156,2.5001546740716307,2.4998453259283693,30.934814326144533,N,,simulated
CC-PT,pressure,1102.982301846,1779487704.4697497,1.3745083063254722,,218.62707658136804,psi,,simulated
FI-PT,pressure,1102.982329272,1779487704.469777,1.7162724395123052,,304.0681098780763,psi,,simulated
thrust,thrust,1102.982349679,1779487704.4697976,2.500112950815314,2.499887049184686,22.590163062830015,N,,simulated
CC-PT,pressure,1102.992387593,1779487704.4798357,1.37584464262064,,218.96116065516003,psi,,simulated
FI-PT,pressure,1102.992417833,1779487704.4798658,1.7255779177639385,,306.39447944098464,psi,,simulated
thrust,thrust,1102.992441055,1779487704.4798892,2.500092089187156,2.499907910812844,18.417837431172757,N,,simulated
CC-PT,pressure,1103.002478265,1779487704.489926,1.373120113983168,,218.28002849579198,psi,,simulated
FI-PT,pressure,1103.002506617,1779487704.4899545,1.7163898606765104,,304.0974651691276,psi,,simulated
thrust,thrust,1103.002527172,1779487704.489975,2.5000753998846292,2.4999246001153708,15.07997692584695,N,,simulated
CC-PT,pressure,1103.012579623,1779487704.5000284,1.3705863202317143,,217.6465800579286,psi,,simulated
FI-PT,pressure,1103.012630585,1779487704.5000787,1.7174985072014937,,304.3746268003734,psi,,simulated
thrust,thrust,1103.012655251,1779487704.5001032,2.5000098347675603,2.4999901652324397,1.9669535120669934,N,,simulated
CC-PT,pressure,1103.022695962,1779487704.5101442,1.3716550316399374,,217.91375790998435,psi,,simulated
FI-PT,pressure,1103.022739368,1779487704.5101871,1.721185650966841,,305.29641274171024,psi,,simulated
thrust,thrust,1103.022761757,1779487704.5102098,2.4999997019767406,2.5000002980232594,0.05960465188081798,N,,simulated
tank_temp,temperature,1103.023075086,1779487704.510523,0.026960078115472567,-0.026960078115472567,20.36444795296181,°C,,simulated
CC-PT,pressure,1103.032792097,1779487704.52024,1.36854307276524,,217.13576819130998,psi,,simulated
FI-PT,pressure,1103.032823893,1779487704.5202718,1.7351420802047348,,308.7855200511837,psi,,simulated
thrust,thrust,1103.032847022,1779487704.5202951,2.4999698996508,2.5000301003492,6.020069839962616,N,,simulated
CC-PT,pressure,1103.042882325,1779487704.5303304,1.3683052502042354,,217.07631255105886,psi,,simulated
FI-PT,pressure,1103.042909288,1779487704.5303574,1.7281570110508215,,307.03925276270536,psi,,simulated
thrust,thrust,1103.042929306,1779487704.5303771,2.499930560580559,2.500069439419441,13.88788388823059,N,,simulated
CC-PT,pressure,1103.052967998,1779487704.5404162,1.377464697058761,,219.36617426469024,psi,,simulated
FI-PT,pressure,1103.052997479,1779487704.5404453,1.7205478811917163,,305.13697029792905,psi,,simulated
thrust,thrust,1103.05302033,1779487704.5404682,2.4999043345337313,2.5000956654662687,19.133093253742572,N,,simulated
CC-PT,pressure,1103.063056615,1779487704.5505047,1.3870264753134818,,221.75661882837045,psi,,simulated
FI-PT,pressure,1103.06308417,1779487704.550532,1.7226692107521546,,305.66730268803866,psi,,simulated
thrust,thrust,1103.063104077,1779487704.5505521,2.4998787045334225,2.5001212954665775,24.25909331549292,N,,simulated
CC-PT,pressure,1103.073142769,1779487704.5605907,1.380699441516333,,220.17486037908324,psi,,simulated
FI-PT,pressure,1103.073172713,1779487704.5606208,1.7176671883663164,,304.4167970915791,psi,,simulated
thrust,thrust,1103.073195509,1779487704.5606437,2.499856054765708,2.500143945234292,28.789046858435086,N,,simulated
CC-PT,pressure,1103.083233663,1779487704.5706816,1.3806457973296402,,220.16144933241006,psi,,simulated
FI-PT,pressure,1103.083262885,1779487704.570711,1.724570003100634,,306.14250077515845,psi,,simulated
thrust,thrust,1103.083283292,1779487704.5707312,2.499815523602429,2.500184476397571,36.89527951422633,N,,simulated
CC-PT,pressure,1103.09332078,1779487704.5807688,1.379524633827762,,219.8811584569405,psi,,simulated
FI-PT,pressure,1103.093350928,1779487704.5807989,1.7215349342268627,,305.38373355671564,psi,,simulated
thrust,thrust,1103.093373613,1779487704.5808215,2.4997881054625637,2.5002118945374363,42.378907487261586,N,,simulated
CC-PT,pressure,1103.10340949,1779487704.5908577,1.3730652777034376,,218.2663194258594,psi,,simulated
FI-PT,pressure,1103.103436971,1779487704.590885,1.7295022880437718,,307.37557201094296,psi,,simulated
thrust,thrust,1103.103457656,1779487704.5909057,2.499743998020172,2.500256001979828,51.20039596562265,N,,simulated
CC-PT,pressure,1103.113512903,1779487704.6009612,1.3795669531305974,,219.89173828264936,psi,,simulated
FI-PT,pressure,1103.113561217,1779487704.6010091,1.7172261139423983,,304.3065284855996,psi,,simulated
thrust,thrust,1103.113584958,1779487704.601033,2.499718368019863,2.500281631980137,56.326396027372994,N,,simulated
tank_temp,temperature,1103.123177841,1779487704.610626,0.02695143544094985,-0.02695143544094985,20.273105759170427,°C,,simulated
CC-PT,pressure,1103.123614798,1779487704.6110628,1.3761176319262542,,219.02940798156357,psi,,simulated
FI-PT,pressure,1103.123641131,1779487704.6110892,1.7235555319256224,,305.8888829814056,psi,,simulated
thrust,thrust,1103.123661019,1779487704.611109,2.499682009182216,2.500317990817784,63.59816355683279,N,,simulated
CC-PT,pressure,1103.13370023,1779487704.621148,1.3844521503987492,,221.11303759968732,psi,,simulated
FI-PT,pressure,1103.133730062,1779487704.6211782,1.7207058335192005,,305.1764583798001,psi,,simulated
thrust,thrust,1103.133752858,1779487704.6212008,2.499653398949313,2.500346601050687,69.32021013739131,N,,simulated
CC-PT,pressure,1103.143787476,1779487704.6312354,1.3863749964684244,,221.5937491171061,psi,,simulated
FI-PT,pressure,1103.143813809,1779487704.6312616,1.721639242367654,,305.4098105919135,psi,,simulated
thrust,thrust,1103.143833679,1779487704.6312816,2.499615848018628,2.500384151981372,76.83039627437438,N,,simulated
CC-PT,pressure,1103.153872445,1779487704.6413205,1.3866700394952345,,221.66750987380863,psi,,simulated
FI-PT,pressure,1103.153900759,1779487704.6413488,1.7304106629384355,,307.6026657346089,psi,,simulated
thrust,thrust,1103.153922741,1779487704.6413705,2.4995985626695827,2.5004014373304173,80.28746608346182,N,,simulated
CC-PT,pressure,1103.163960673,1779487704.6514087,1.3814862229211597,,220.37155573028994,psi,,simulated
FI-PT,pressure,1103.163988413,1779487704.6514363,1.727093068014749,,306.77326700368724,psi,,simulated
thrust,thrust,1103.164043839,1779487704.6514919,2.4995777010414244,2.5004222989585756,84.45979171511908,N,,simulated
CC-PT,pressure,1103.174047938,1779487704.661496,1.385680006227494,,221.42000155687353,psi,,simulated
FI-PT,pressure,1103.174078808,1779487704.6615267,1.7300369417711428,,307.50923544278567,psi,,simulated
thrust,thrust,1103.174113086,1779487704.661561,2.499532997552514,2.500467002447486,93.40048949724178,N,,simulated
CC-PT,pressure,1103.184137074,1779487704.671585,1.3755597323846498,,218.88993309616245,psi,,simulated
FI-PT,pressure,1103.184163555,1779487704.6716115,1.7338492553054399,,308.46231382635995,psi,,simulated
thrust,thrust,1103.184183406,1779487704.6716313,2.4995091556917615,2.5004908443082385,98.16886164770722,N,,simulated
CC-PT,pressure,1103.19422182,1779487704.68167,1.3790466045196779,,219.76165112991947,psi,,simulated
FI-PT,pressure,1103.19425195,1779487704.6817,1.7338003794908976,,308.4500948727244,psi,,simulated
thrust,thrust,1103.194274931,1779487704.6817229,2.499485909877528,2.500514090122472,102.81802449441102,N,,simulated
CC-PT,pressure,1103.204310104,1779487704.6917582,1.3784612868382082,,219.61532170955206,psi,,simulated
FI-PT,pressure,1103.204337493,1779487704.6917856,1.7188592814039327,,304.7148203509832,psi,,simulated
thrust,thrust,1103.204357807,1779487704.6918056,2.4994531273189935,2.5005468726810065,109.374536201301,N,,simulated
CC-PT,pressure,1103.214409036,1779487704.7018576,1.3743855207425977,,218.59638018564942,psi,,simulated
FI-PT,pressure,1103.214454554,1779487704.7019026,1.7304982817767003,,307.62457044417505,psi,,simulated
thrust,thrust,1103.214479942,1779487704.701928,2.499435841969948,2.500564158030052,112.83160601038844,N,,simulated
tank_temp,temperature,1103.223274503,1779487704.710723,0.026959780092213163,-0.026959780092213163,20.359803434633434,°C,,simulated
CC-PT,pressure,1103.224509634,1779487704.7119575,1.373722717013683,,218.43067925342075,psi,,simulated
FI-PT,pressure,1103.224535874,1779487704.711984,1.7168935199849034,,304.22337999622584,psi,,simulated
thrust,thrust,1103.224556559,1779487704.7120047,2.4994036554579324,2.5005963445420676,119.26890841351678,N,,simulated
CC-PT,pressure,1103.234595362,1779487704.7220433,1.3746102302801884,,218.6525575700471,psi,,simulated
FI-PT,pressure,1103.234625491,1779487704.7220733,1.7272617491795716,,306.8154372948929,psi,,simulated
thrust,thrust,1103.234647306,1779487704.722095,2.4993637203411723,2.5006362796588277,127.25593176554639,N,,simulated
CC-PT,pressure,1103.244685461,1779487704.7321336,1.377213165427824,,219.30329135695598,psi,,simulated
FI-PT,pressure,1103.244713905,1779487704.7321618,1.739342420022776,,309.835605005694,psi,,simulated
thrust,thrust,1103.244733423,1779487704.7321813,2.4993410705734576,2.5006589294265424,131.78588530848856,N,,simulated
CC-PT,pressure,1103.254772281,1779487704.7422204,1.3684471092757118,,217.11177731892795,psi,,simulated
FI-PT,pressure,1103.254801966,1779487704.74225,1.726847496849,,306.71187421225,psi,,simulated
thrust,thrust,1103.25482391,1779487704.7422717,2.4993351101082695,2.5006648898917305,132.97797834610492,N,,simulated
CC-PT,pressure,1103.264860435,1779487704.7523084,1.3922633400277304,,223.06583500693262,psi,,simulated
FI-PT,pressure,1103.264887454,1779487704.7523353,1.7259748847454648,,306.4937211863662,psi,,simulated
thrust,thrust,1103.264908064,1779487704.752356,2.4993106722009983,2.5006893277990017,137.865559800332,N,,simulated
CC-PT,pressure,1103.27497907,1779487704.7624276,1.38122098222029,,220.30524555507253,psi,,simulated
FI-PT,pressure,1103.275051847,1779487704.7625005,1.7293926154843111,,307.3481538710778,psi,,simulated
thrust,thrust,1103.275105772,1779487704.7625542,2.499292790805434,2.500707209194566,141.44183891318107,N,,simulated
CC-PT,pressure,1103.285124798,1779487704.7725732,1.380270288022791,,220.06757200569777,psi,,simulated
FI-PT,pressure,1103.285191778,1779487704.7726405,1.7286570940801018,,307.16427352002546,psi,,simulated
thrust,thrust,1103.285271555,1779487704.7727199,2.499262392432975,2.500737607567025,147.5215134050245,N,,simulated
CC-PT,pressure,1103.295260729,1779487704.7827094,1.3836832503894867,,220.92081259737168,psi,,simulated
FI-PT,pressure,1103.295334358,1779487704.782783,1.7288871680363618,,307.22179200909045,psi,,simulated
thrust,thrust,1103.295417856,1779487704.7828662,2.499240934758298,2.500759065241702,151.8130483404434,N,,simulated
CC-PT,pressure,1103.305405512,1779487704.792854,1.3789911721934287,,219.74779304835718,psi,,simulated
FI-PT,pressure,1103.305471178,1779487704.7929196,1.7243601947260134,,306.09004868150333,psi,,simulated
thrust,thrust,1103.305549047,1779487704.7929974,2.499202787781094,2.500797212218906,159.4424437811881,N,,simulated
CC-PT,pressure,1103.315552313,1779487704.8030014,1.3828076580533575,,220.70191451333937,psi,,simulated
FI-PT,pressure,1103.315642053,1779487704.8030906,1.735570637651758,,308.89265941293945,psi,,simulated
thrust,thrust,1103.315729014,1779487704.8031774,2.499212920571914,2.500787079428086,157.4158856172403,N,,simulated
tank_temp,temperature,1103.323413776,1779487704.8108623,0.026946965092058787,-0.026946965092058787,20.228208748662798,°C,,simulated
CC-PT,pressure,1103.325708781,1779487704.8131573,1.3827021578195284,,220.6755394548821,psi,,simulated
FI-PT,pressure,1103.325776095,1779487704.8132248,1.7345889490352808,,308.6472372588202,psi,,simulated
thrust,thrust,1103.325853538,1779487704.813302,2.4991711973155972,2.5008288026844028,165.7605368805548,N,,simulated
CC-PT,pressure,1103.335844675,1779487704.8232932,1.3841499548137135,,221.03748870342838,psi,,simulated
FI-PT,pressure,1103.335917322,1779487704.823366,1.7281546268647463,,307.03865671618655,psi,,simulated
thrust,thrust,1103.336041783,1779487704.8234906,2.4991729854551537,2.5008270145448463,165.4029089692699,N,,simulated
CC-PT,pressure,1103.345989477,1779487704.833438,1.366240545063084,,216.56013626577098,psi,,simulated
FI-PT,pressure,1103.346057716,1779487704.8335063,1.7314883150444407,,307.8720787611102,psi,,simulated
thrust,thrust,1103.346136974,1779487704.8335855,2.499134242431431,2.500865757568569,173.15151371377624,N,,simulated
CC-PT,pressure,1103.356129296,1779487704.8435779,1.3857872946008796,,221.4468236502199,psi,,simulated
FI-PT,pressure,1103.356202147,1779487704.8436508,1.7337211053038961,,308.43027632597403,psi,,simulated
thrust,thrust,1103.35628572,1779487704.843734,2.4991229175475738,2.5008770824524262,175.41649048524732,N,,simulated
CC-PT,pressure,1103.36630569,1779487704.8537543,1.3803179717442957,,220.07949293607393,psi,,simulated
FI-PT,pressure,1103.36637443,1779487704.853823,1.7361339016120316,,309.0334754030079,psi,,simulated
thrust,thrust,1103.36645304,1779487704.8539016,2.499115764989348,2.500884235010652,176.84700213038695,N,,simulated
CC-PT,pressure,1103.376444566,1779487704.863893,1.3830275992187977,,220.75689980469943,psi,,simulated
FI-PT,pressure,1103.376516546,1779487704.8639653,1.732465831335286,,308.1164578338215,psi,,simulated
thrust,thrust,1103.376598156,1779487704.8640466,2.4990954994077086,2.5009045005922914,180.90011845828258,N,,simulated
CC-PT,pressure,1103.3865887,1779487704.8740373,1.381917164554258,,220.47929113856452,psi,,simulated
FI-PT,pressure,1103.386655292,1779487704.874104,1.7344470899638045,,308.6117724909511,psi,,simulated
thrust,thrust,1103.386733587,1779487704.874182,2.4990794061517008,2.5009205938482992,184.11876965984675,N,,simulated
CC-PT,pressure,1103.396726891,1779487704.8841753,1.3805683112821951,,220.1420778205488,psi,,simulated
FI-PT,pressure,1103.396799741,1779487704.8842483,1.7288633261756094,,307.21583154390237,psi,,simulated
thrust,thrust,1103.396884203,1779487704.8843327,2.4990829824308136,2.5009170175691864,183.40351383727693,N,,simulated
CC-PT,pressure,1103.406873914,1779487704.8943222,1.3873352274102244,,221.8338068525561,psi,,simulated
FI-PT,pressure,1103.40694195,1779487704.8943903,1.724190917514672,,306.04772937866795,psi,,simulated
thrust,thrust,1103.407018912,1779487704.8944674,2.499069273360881,2.500930726639119,186.14532782379456,N,,simulated
CC-PT,pressure,1103.417025567,1779487704.904475,1.3764114828600267,,219.10287071500667,psi,,simulated
FI-PT,pressure,1103.417115418,1779487704.904564,1.7277993831395366,,306.94984578488413,psi,,simulated
thrust,thrust,1103.417202324,1779487704.9046507,2.4990555642909484,2.5009444357090516,188.8871418103122,N,,simulated
tank_temp,temperature,1103.423572068,1779487704.9110208,0.026955309743322102,-0.026955309743322102,20.314906424125805,°C,,simulated
CC-PT,pressure,1103.427186554,1779487704.914635,1.3815047003632428,,220.3761750908107,psi,,simulated
FI-PT,pressure,1103.427254923,1779487704.9147036,1.7370482369718834,,309.26205924297085,psi,,simulated
thrust,thrust,1103.427333978,1779487704.9147823,2.499038874988422,2.500961125011578,192.225002315638,N,,simulated
CC-PT,pressure,1103.437325485,1779487704.924774,1.376540824954608,,219.13520623865202,psi,,simulated
FI-PT,pressure,1103.437398965,1779487704.9248476,1.7369606181336186,,309.2401545334046,psi,,simulated
thrust,thrust,1103.437483983,1779487704.9249322,2.499025165918489,2.500974834081511,194.96681630215562,N,,simulated
CC-PT,pressure,1103.447469582,1779487704.934918,1.377983257530124,,219.49581438253102,psi,,simulated
FI-PT,pressure,1103.447536026,1779487704.9349844,1.7321314492382347,,308.03286230955865,psi,,simulated
thrust,thrust,1103.447612266,1779487704.9350607,2.4990209935928576,2.5009790064071424,195.80128142848707,N,,simulated
CC-PT,pressure,1103.457624587,1779487704.9450734,1.3921983709571804,,223.0495927392951,psi,,simulated
FI-PT,pressure,1103.45771866,1779487704.9451673,1.7280085954676383,,307.0021488669096,psi,,simulated
thrust,thrust,1103.457812196,1779487704.9452608,2.499013841034632,2.500986158965368,197.2317930736267,N,,simulated
CC-PT,pressure,1103.467817721,1779487704.9552662,1.388141082303653,,222.03527057591327,psi,,simulated
FI-PT,pressure,1103.467889869,1779487704.9553385,1.7334165255327851,,308.35413138319626,psi,,simulated
thrust,thrust,1103.467970441,1779487704.9554188,2.4990126489415943,2.5009873510584057,197.47021168114998,N,,simulated
CC-PT,pressure,1103.477959375,1779487704.965408,1.3790567373104976,,219.7641843276244,psi,,simulated
FI-PT,pressure,1103.478035633,1779487704.9654844,1.741706936562888,,310.42673414072203,psi,,simulated
thrust,thrust,1103.478122928,1779487704.9655714,2.499016225220707,2.500983774779293,196.75495585858016,N,,simulated
CC-PT,pressure,1103.488111657,1779487704.9755602,1.3823886373506353,,220.59715933765884,psi,,simulated
FI-PT,pressure,1103.488181823,1779487704.9756303,1.7400082039842848,,310.0020509960712,psi,,simulated
thrust,thrust,1103.488260896,1779487704.9757092,2.4990031121972933,2.5009968878027067,199.37756054133615,N,,simulated
CC-PT,pressure,1103.498253181,1779487704.9857016,1.3754148930805794,,218.85372327014485,psi,,simulated
FI-PT,pressure,1103.498328106,1779487704.9857767,1.7279334936062685,,306.9833734015671,psi,,simulated
thrust,thrust,1103.498413994,1779487704.9858625,2.498994171499511,2.501005828500489,201.1657000977607,N,,simulated
CC-PT,pressure,1103.508400686,1779487704.9958491,1.3650639492349566,,216.26598730873914,psi,,simulated
FI-PT,pressure,1103.508468574,1779487704.9959173,1.7319258131892459,,307.9814532973115,psi,,simulated
thrust,thrust,1103.508546832,1779487704.995995,2.498994171499511,2.501005828500489,201.1657000977607,N,,simulated
CC-PT,pressure,1103.518566839,1779487705.006016,1.3793207859183296,,219.8301964795824,psi,,simulated
FI-PT,pressure,1103.518684282,1779487705.006133,1.723628249600917,,305.9070624002292,psi,,simulated
thrust,thrust,1103.518779632,1779487705.006228,2.4990126489415943,2.5009873510584057,197.47021168114998,N,,simulated
tank_temp,temperature,1103.523748766,1779487705.011197,0.026956799859619122,-0.026956799859619122,20.331936324663182,°C,,simulated
CC-PT,pressure,1103.528743918,1779487705.0161927,1.3740213363196059,,218.50533407990147,psi,,simulated
FI-PT,pressure,1103.528813361,1779487705.016262,1.7256738812534667,,306.41847031336664,psi,,simulated
thrust,thrust,1103.528892471,1779487705.0163407,2.4990019201042557,2.5009980798957443,199.61597914885942,N,,simulated
CC-PT,pressure,1103.538884608,1779487705.026333,1.3681753120631353,,217.04382801578382,psi,,simulated
FI-PT,pressure,1103.538957589,1779487705.026406,1.733765212746288,,308.441303186572,psi,,simulated
thrust,thrust,1103.539040828,1779487705.026489,2.499003708243812,2.500996291756188,199.25835123757452,N,,simulated
CC-PT,pressure,1103.54902541,1779487705.0364738,1.361308856166465,,215.32721404161626,psi,,simulated
FI-PT,pressure,1103.549090316,1779487705.0365388,1.7329307476199565,,308.2326869049891,psi,,simulated
thrust,thrust,1103.549168574,1779487705.036617,2.499006688476406,2.500993311523594,198.66230471876634,N,,simulated
CC-PT,pressure,1103.559163896,1779487705.0466125,1.3831998566627333,,220.79996416568332,psi,,simulated
FI-PT,pressure,1103.559236432,1779487705.046685,1.7387159751315087,,309.67899378287717,psi,,simulated
thrust,thrust,1103.559320098,1779487705.0467684,2.499013244988113,2.500986755011887,197.35100237738834,N,,simulated
CC-PT,pressure,1103.569341105,1779487705.0567899,1.377626225665358,,219.4065564163395,psi,,simulated
FI-PT,pressure,1103.569410567,1779487705.0568593,1.7406781602714252,,310.1695400678563,psi,,simulated
thrust,thrust,1103.569488251,1779487705.0569367,2.499013244988113,2.500986755011887,197.35100237738834,N,,simulated
CC-PT,pressure,1103.579479165,1779487705.0669277,1.3771315070547472,,219.2828767636868,psi,,simulated
FI-PT,pressure,1103.579551664,1779487705.0670004,1.738224236753492,,309.55605918837296,psi,,simulated
thrust,thrust,1103.579635497,1779487705.0670838,2.499029338244121,2.500970661755879,194.13235117582417,N,,simulated
CC-PT,pressure,1103.589623467,1779487705.077072,1.3691045485859572,,217.2761371464893,psi,,simulated
FI-PT,pressure,1103.589689762,1779487705.0771382,1.7412748028367522,,310.318700709188,psi,,simulated
thrust,thrust,1103.589769891,1779487705.0772183,2.499031722430196,2.500968277569804,193.65551396077763,N,,simulated
CC-PT,pressure,1103.599759768,1779487705.0872083,1.373200580263207,,218.30014506580176,psi,,simulated
FI-PT,pressure,1103.599834064,1779487705.0872827,1.73021337154071,,307.55334288517747,psi,,simulated
thrust,thrust,1103.599917729,1779487705.087366,2.4990025161507745,2.5009974838492255,199.4967698450978,N,,simulated
CC-PT,pressure,1103.610601653,1779487705.0980504,1.380876467332419,,220.21911683310475,psi,,simulated
FI-PT,pressure,1103.610672374,1779487705.098121,1.7268713387097523,,306.7178346774381,psi,,simulated
thrust,thrust,1103.610722855,1779487705.0981712,2.499038874988422,2.500961125011578,192.225002315638,N,,simulated
CC-PT,pressure,1103.62075488,1779487705.1082041,1.3688828192809606,,217.22070482024014,psi,,simulated
FI-PT,pressure,1103.620841879,1779487705.1082907,1.7367847844105702,,309.19619610264255,psi,,simulated
thrust,thrust,1103.620926729,1779487705.108375,2.4990794061517008,2.5009205938482992,184.11876965984675,N,,simulated
tank_temp,temperature,1103.62390628,1779487705.111355,0.02695083939443104,-0.02695083939443104,20.26691306806593,°C,,simulated
CC-PT,pressure,1103.630912348,1779487705.1183608,1.373238131193892,,218.309532798473,psi,,simulated
FI-PT,pressure,1103.63097968,1779487705.1184285,1.7499895989882468,,312.4973997470617,psi,,simulated
thrust,thrust,1103.631057605,1779487705.118506,2.499047219639685,2.500952780360315,190.5560720629751,N,,simulated
CC-PT,pressure,1103.641051297,1779487705.1285,1.3654019076111208,,216.3504769027802,psi,,simulated
FI-PT,pressure,1103.641124593,1779487705.1285732,1.7361929102173936,,309.0482275543484,psi,,simulated
thrust,thrust,1103.641206777,1779487705.1286552,2.499072253593475,2.500927746406525,185.54928130498638,N,,simulated
CC-PT,pressure,1103.651196228,1779487705.1386447,1.3720955100173367,,218.02387750433417,psi,,simulated
FI-PT,pressure,1103.651264172,1779487705.138713,1.7272742661564666,,306.81856653911666,psi,,simulated
thrust,thrust,1103.651343282,1779487705.1387916,2.499094307314671,2.500905692685329,181.13853706580585,N,,simulated
CC-PT,pressure,1103.661334585,1779487705.1487832,1.3640387492226065,,216.00968730565162,psi,,simulated
FI-PT,pressure,1103.661407603,1779487705.1488564,1.7357709092820774,,308.94272732051934,psi,,simulated
thrust,thrust,1103.661490343,1779487705.1489387,2.499096691500746,2.500903308499254,180.6616998507593,N,,simulated
CC-PT,pressure,1103.671510942,1779487705.1589594,1.367029710653986,,216.7574276634965,psi,,simulated
FI-PT,pressure,1103.671576756,1779487705.1590254,1.7430009535552207,,310.75023838880514,psi,,simulated
thrust,thrust,1103.671655236,1779487705.1591036,2.4991241096406114,2.5008758903593886,175.17807187772405,N,,simulated
CC-PT,pressure,1103.681649503,1779487705.169098,1.3674165448446924,,216.8541362111731,psi,,simulated
FI-PT,pressure,1103.681721539,1779487705.16917,1.7283703957045549,,307.0925989261387,psi,,simulated
thrust,thrust,1103.681805667,1779487705.169254,2.499113380803273,2.500886619196727,177.3238393454335,N,,simulated
CC-PT,pressure,1103.69179386,1779487705.1792426,1.3742561786480163,,218.56404466200408,psi,,simulated
FI-PT,pressure,1103.691858859,1779487705.1793075,1.7395242142110126,,309.88105355275314,psi,,simulated
thrust,thrust,1103.691934969,1779487705.1793833,2.4991294740592807,2.5008705259407193,174.10518814386933,N,,simulated
CC-PT,pressure,1103.701930606,1779487705.189379,1.3708974565145322,,217.72436412863306,psi,,simulated
FI-PT,pressure,1103.702002753,1779487705.1894512,1.7311628736451714,,307.79071841129286,psi,,simulated
thrust,thrust,1103.702084955,1779487705.1895335,2.499156892199146,2.500843107800854,168.62156017083407,N,,simulated
CC-PT,pressure,1103.712090425,1779487705.1995394,1.3640906052697428,,216.0226513174357,psi,,simulated
FI-PT,pressure,1103.712173091,1779487705.1996217,1.7425914695967994,,310.64786739919987,psi,,simulated
thrust,thrust,1103.712255201,1779487705.1997035,2.499168813129522,2.500831186870478,166.23737409560135,N,,simulated
CC-PT,pressure,1103.722241208,1779487705.2096896,1.3665522773924206,,216.63806934810515,psi,,simulated
FI-PT,pressure,1103.722318448,1779487705.2097669,1.7397906470049198,,309.94766175122993,psi,,simulated
thrust,thrust,1103.722401706,1779487705.20985,2.499184310339011,2.500815689660989,163.13793219779882,N,,simulated
tank_temp,temperature,1103.72406896,1779487705.2115173,0.02695143544094985,-0.02695143544094985,20.274653931946553,°C,,simulated
CC-PT,pressure,1103.732392047,1779487705.2198405,1.3665266473921118,,216.63166184802796,psi,,simulated
FI-PT,pressure,1103.732457972,1779487705.2199068,1.7370237990646122,,309.25594976615304,psi,,simulated
thrust,thrust,1103.732536174,1779487705.2199845,2.4992200731301395,2.5007799268698605,155.98537397210066,N,,simulated
CC-PT,pressure,1103.742530126,1779487705.2299786,1.3660271604093506,,216.50679010233765,psi,,simulated
FI-PT,pressure,1103.742602162,1779487705.2300506,1.7473205026770235,,311.8301256692559,psi,,simulated
thrust,thrust,1103.742685142,1779487705.2301335,2.499237358479185,2.500762641520815,152.52830416301322,N,,simulated
CC-PT,pressure,1103.752672724,1779487705.2401214,1.360317630805687,,215.07940770142176,psi,,simulated
FI-PT,pressure,1103.752738575,1779487705.2401872,1.7329855838996868,,308.2463959749217,psi,,simulated
thrust,thrust,1103.752814518,1779487705.240263,2.499255239874749,2.500744760125251,148.95202505016414,N,,simulated
CC-PT,pressure,1103.76281034,1779487705.2502587,1.369825764873715,,217.45644121842878,psi,,simulated
FI-PT,pressure,1103.76288232,1779487705.2503312,1.7314400352764172,,307.8600088191043,psi,,simulated
thrust,thrust,1103.762966004,1779487705.2504144,2.4992731212703134,2.5007268787296866,145.37574593731506,N,,simulated
CC-PT,pressure,1103.772985308,1779487705.260434,1.3659335811058977,,216.48339527647443,psi,,simulated
FI-PT,pressure,1103.773053325,1779487705.260502,1.7468019422056604,,311.7004855514151,psi,,simulated
thrust,thrust,1103.773132546,1779487705.2605808,2.499301731503216,2.500698268496784,139.65369935675653,N,,simulated
CC-PT,pressure,1103.783123479,1779487705.2705717,1.364866657837231,,216.21666445930776,psi,,simulated
FI-PT,pressure,1103.783196775,1779487705.2706451,1.7305286801491595,,307.6321700372899,psi,,simulated
thrust,thrust,1103.783279348,1779487705.2707276,2.499321401038337,2.500678598961663,135.71979233262255,N,,simulated
CC-PT,pressure,1103.793268707,1779487705.2807171,1.3781441900902023,,219.53604752255058,psi,,simulated
FI-PT,pressure,1103.793335169,1779487705.2807837,1.749093741070478,,312.2734352676195,psi,,simulated
thrust,thrust,1103.793414742,1779487705.280863,2.4993386863873823,2.5006613136126177,132.2627225235351,N,,simulated
CC-PT,pressure,1103.803404434,1779487705.2908528,1.3597388696359243,,214.93471740898107,psi,,simulated
FI-PT,pressure,1103.803475322,1779487705.2909238,1.7357715053285963,,308.94287633214907,psi,,simulated
thrust,thrust,1103.803558784,1779487705.2910073,2.4993756412715484,2.5006243587284516,124.87174569031367,N,,simulated
CC-PT,pressure,1103.813554958,1779487705.3010035,1.3660206038976437,,216.50515097441092,psi,,simulated
FI-PT,pressure,1103.813636734,1779487705.3010852,1.729902831304411,,307.47570782610273,psi,,simulated
thrust,thrust,1103.813716696,1779487705.301165,2.4993994831323008,2.5006005168676992,120.10337353984823,N,,simulated
CC-PT,pressure,1103.823707592,1779487705.3111563,1.3522018614055944,,213.0504653513986,psi,,simulated
FI-PT,pressure,1103.82378461,1779487705.3112333,1.73621973231074,,309.054933077685,psi,,simulated
thrust,thrust,1103.823869683,1779487705.311318,2.4994221329000155,2.5005778670999845,115.57341999690607,N,,simulated
tank_temp,temperature,1103.824300177,1779487705.311749,0.026952627533987465,-0.026952627533987465,20.287039314155553,°C,,simulated
CC-PT,pressure,1103.833857801,1779487705.3213062,1.3720025267604026,,218.00063169010065,psi,,simulated
FI-PT,pressure,1103.833922911,1779487705.3213716,1.7371215506936968,,309.2803876734242,psi,,simulated
thrust,thrust,1103.834000595,1779487705.321449,2.49945491545855,2.50054508454145,109.01690829001609,N,,simulated
CC-PT,pressure,1103.843995103,1779487705.3314435,1.3545091574799009,,213.62728936997522,psi,,simulated
FI-PT,pressure,1103.844123175,1779487705.3315718,1.737652032095436,,309.413008023859,psi,,simulated
thrust,thrust,1103.844209896,1779487705.3316581,2.499463856156332,2.500536143843668,107.22876873359155,N,,simulated
CC-PT,pressure,1103.854192607,1779487705.341641,1.3531781856034022,,213.29454640085055,psi,,simulated
FI-PT,pressure,1103.854259328,1779487705.3417077,1.7353977841613035,,308.84944604032586,psi,,simulated
thrust,thrust,1103.854336512,1779487705.3417847,2.499500811040498,2.500499188959502,99.83779190037012,N,,simulated
CC-PT,pressure,1103.864881049,1779487705.3523295,1.357404751468271,,214.35118786706775,psi,,simulated
FI-PT,pressure,1103.864958363,1779487705.352407,1.7431451968127722,,310.78629920319304,psi,,simulated
thrust,thrust,1103.865014529,1779487705.3524628,2.499526441040807,2.500473558959193,94.71179183861977,N,,simulated
CC-PT,pressure,1103.875072461,1779487705.3625216,1.3521702709400976,,213.0425677350244,psi,,simulated
FI-PT,pressure,1103.875159219,1779487705.362608,1.7228402761030526,,305.7100690257631,psi,,simulated
thrust,thrust,1103.875210903,1779487705.3626592,2.4995735287157927,2.5004264712842073,85.29425684145053,N,,simulated
CC-PT,pressure,1103.885228207,1779487705.3726766,1.3497944295161282,,212.44860737903204,psi,,simulated
FI-PT,pressure,1103.885306928,1779487705.3727555,1.7335315625109151,,308.3828906277288,psi,,simulated
thrust,thrust,1103.885391556,1779487705.37284,2.4995937942974322,2.5004062057025678,81.24114051355491,N,,simulated
CC-PT,pressure,1103.895377212,1779487705.3828256,1.361010832907061,,215.25270822676524,psi,,simulated
FI-PT,pressure,1103.895443896,1779487705.3828926,1.7353846711378897,,308.8461677844724,psi,,simulated
thrust,thrust,1103.89552258,1779487705.3829708,2.4996390938328616,2.5003609061671384,72.18123342767058,N,,simulated
CC-PT,pressure,1103.90551705,1779487705.3929656,1.3597484063802252,,214.9371015950563,psi,,simulated
FI-PT,pressure,1103.905592605,1779487705.3930411,1.7479725775685997,,311.99314439214993,psi,,simulated
thrust,thrust,1103.905679566,1779487705.393128,2.499663531740133,2.500336468259867,67.2936519734435,N,,simulated
CC-PT,pressure,1103.915672592,1779487705.4031217,1.3551290458594614,,213.78226146486534,psi,,simulated
FI-PT,pressure,1103.915755221,1779487705.4032037,1.7251934677593073,,306.2983669398268,psi,,simulated
thrust,thrust,1103.915836942,1779487705.4032853,2.4996742605774713,2.5003257394225287,65.14788450573405,N,,simulated
tank_temp,temperature,1103.924464209,1779487705.4119127,0.026968422766735882,-0.026968422766735882,20.449597455648693,°C,,simulated
CC-PT,pressure,1103.925821523,1779487705.41327,1.3521017255904346,,213.02543139760866,psi,,simulated
FI-PT,pressure,1103.925896337,1779487705.413345,1.7352052611357285,,308.8013152839321,psi,,simulated
thrust,thrust,1103.925982984,1779487705.4134314,2.499697506391705,2.500302493608295,60.49872165903025,N,,simulated
CC-PT,pressure,1103.935964806,1779487705.4234133,1.3574238249568733,,214.35595623921833,psi,,simulated
FI-PT,pressure,1103.936072342,1779487705.4235213,1.730477420148542,,307.6193550371355,psi,,simulated
thrust,thrust,1103.936155785,1779487705.4236042,2.499743998020172,2.500256001979828,51.20039596562265,N,,simulated
CC-PT,pressure,1103.946184032,1779487705.433634,1.3490231453207904,,212.2557863301976,psi,,simulated
FI-PT,pressure,1103.946332067,1779487705.4337807,1.7334391753004998,,308.35979382512494,psi,,simulated
thrust,thrust,1103.946432158,1779487705.4338808,2.4997672438344054,2.5002327561655946,46.551233118918844,N,,simulated
CC-PT,pressure,1103.95638824,1779487705.4438372,1.347603958559508,,211.90098963987703,psi,,simulated
FI-PT,pressure,1103.956475832,1779487705.4439244,1.7413600374889417,,310.34000937223544,psi,,simulated
thrust,thrust,1103.956563923,1779487705.4440124,2.499799430346421,2.500200569653579,40.1139307157905,N,,simulated
CC-PT,pressure,1103.966548208,1779487705.4539971,1.3567854591352293,,214.19636478380733,psi,,simulated
FI-PT,pressure,1103.966640411,1779487705.4540894,1.7400701928222408,,310.0175482055602,psi,,simulated
thrust,thrust,1103.96673352,1779487705.454182,2.4998220801141358,2.5001779198858642,35.583977172848336,N,,simulated
CC-PT,pressure,1103.976790527,1779487705.4642394,1.3449950629466847,,211.24876573667117,psi,,simulated
FI-PT,pressure,1103.976865303,1779487705.4643137,1.7463322575488396,,311.5830643872099,psi,,simulated
thrust,thrust,1103.976915377,1779487705.4643638,2.499870359882159,2.500129640117841,25.928023568155822,N,,simulated
CC-PT,pressure,1103.986932421,1779487705.474381,1.3444556408471633,,211.11391021179082,psi,,simulated
FI-PT,pressure,1103.987004994,1779487705.4744534,1.7341788690303408,,308.5447172575852,psi,,simulated
thrust,thrust,1103.987078141,1779487705.4745264,2.4998977780220244,2.5001022219779756,20.444395595120568,N,,simulated
CC-PT,pressure,1103.9970715,1779487705.48452,1.3519986095426808,,212.9996523856702,psi,,simulated
FI-PT,pressure,1103.997131333,1779487705.4845798,1.7394711660708386,,309.86779151770963,psi,,simulated
thrust,thrust,1103.997201072,1779487705.4846492,2.4999317526735965,2.5000682473264035,13.649465280707318,N,,simulated
CC-PT,pressure,1104.007200802,1779487705.4946494,1.3462086136589781,,211.55215341474454,psi,,simulated
FI-PT,pressure,1104.00726693,1779487705.4947155,1.7449810200907014,,311.24525502267534,psi,,simulated
thrust,thrust,1104.007341448,1779487705.4947896,2.4999627470925745,2.5000372529074255,7.450581485102248,N,,simulated
CC-PT,pressure,1104.017364288,1779487705.5048132,1.3412882496462166,,210.32206241155416,psi,,simulated
FI-PT,pressure,1104.017456379,1779487705.504905,1.74344143193262,,310.860357983155,psi,,simulated
thrust,thrust,1104.01753386,1779487705.5049822,2.499982416627695,2.500017583372305,3.516674460968261,N,,simulated
tank_temp,temperature,1104.024624778,1779487705.5120733,0.026971402999329923,-0.026971402999329923,20.480560911171196,°C,,simulated
CC-PT,pressure,1104.027512626,1779487705.514961,1.3454492503940165,,211.36231259850413,psi,,simulated
FI-PT,pressure,1104.027577496,1779487705.5150259,1.736083237657933,,309.0208094144832,psi,,simulated
thrust,thrust,1104.027650754,1779487705.515099,2.500000894069778,2.499999105930222,0.17881395564245395,N,,simulated
CC-PT,pressure,1104.037647372,1779487705.5250957,1.3440074138650195,,211.0018534662549,psi,,simulated
FI-PT,pressure,1104.037705557,1779487705.525154,1.7449446612530541,,311.23616531326354,psi,,simulated
thrust,thrust,1104.037772445,1779487705.5252206,2.5000521540703957,2.4999478459296043,10.430814079143147,N,,simulated
CC-PT,pressure,1104.047774711,1779487705.535223,1.3403721261468085,,210.0930315367021,psi,,simulated
FI-PT,pressure,1104.047838692,1779487705.5352871,1.732708422268441,,308.17710556711023,psi,,simulated
thrust,thrust,1104.04791095,1779487705.5353591,2.5000807643032985,2.4999192356967015,16.152860659701673,N,,simulated
CC-PT,pressure,1104.057906365,1779487705.5453548,1.3454653436500243,,211.3663359125061,psi,,simulated
FI-PT,pressure,1104.057962475,1779487705.5454109,1.7491450010710956,,312.2862502677739,psi,,simulated
thrust,thrust,1104.058028789,1779487705.5454772,2.500112950815314,2.499887049184686,22.590163062830015,N,,simulated
CC-PT,pressure,1104.068035351,1779487705.5554838,1.34707288111125,,211.7682202778125,psi,,simulated
FI-PT,pressure,1104.068098591,1779487705.5555472,1.7393233465341742,,309.8308366335435,psi,,simulated
thrust,thrust,1104.068171609,1779487705.55562,2.500159442443781,2.499840557556219,31.88848875623762,N,,simulated
CC-PT,pressure,1104.078237152,1779487705.5656855,1.3483239827542284,,212.0809956885571,psi,,simulated
FI-PT,pressure,1104.078297466,1779487705.5657458,1.737792103027356,,309.448025756839,psi,,simulated
thrust,thrust,1104.078340225,1779487705.5657887,2.5001803040719395,2.4998196959280605,36.06081438789488,N,,simulated
CC-PT,pressure,1104.088375842,1779487705.5758245,1.33362964792605,,208.40741198151252,psi,,simulated
FI-PT,pressure,1104.088454434,1779487705.5759032,1.7401625800326561,,310.040645008164,psi,,simulated
thrust,thrust,1104.088541266,1779487705.5759897,2.500227987793444,2.499772012206556,45.59755868882576,N,,simulated
CC-PT,pressure,1104.098525866,1779487705.5859742,1.3410468508060993,,210.26171270152483,psi,,simulated
FI-PT,pressure,1104.098593587,1779487705.5860424,1.743698924028745,,310.92473100718627,psi,,simulated
thrust,thrust,1104.098671401,1779487705.5861197,2.5002458691890084,2.4997541308109916,49.173837801674836,N,,simulated
CC-PT,pressure,1104.110566659,1779487705.5980153,1.33981124637261,,209.9528115931525,psi,,simulated
FI-PT,pressure,1104.11064801,1779487705.5980964,1.7491318880476818,,312.28297201192044,psi,,simulated
thrust,thrust,1104.110704305,1779487705.5981526,2.500286996398806,2.499713003601194,57.39927976122772,N,,simulated
CC-PT,pressure,1104.120730108,1779487705.6081786,1.3260461480672536,,206.5115370168134,psi,,simulated
FI-PT,pressure,1104.120807922,1779487705.6082566,1.7378952190751098,,309.4738047687774,psi,,simulated
thrust,thrust,1104.120889069,1779487705.6083374,2.5003162026782277,2.4996837973217723,63.24053564554788,N,,simulated
tank_temp,temperature,1104.124790625,1779487705.6122394,0.026972297069108135,-0.026972297069108135,20.491398120604075,°C,,simulated
CC-PT,pressure,1104.130876891,1779487705.6183252,1.332405964422937,,208.10149110573423,psi,,simulated
FI-PT,pressure,1104.130951464,1779487705.6183999,1.7366041823153713,,309.1510455788428,psi,,simulated
thrust,thrust,1104.131034963,1779487705.6184835,2.500348985236762,2.499651014763238,69.79704735243786,N,,simulated
CC-PT,pressure,1104.141022396,1779487705.628471,1.3368655844766597,,209.21639611916493,psi,,simulated
FI-PT,pressure,1104.141088858,1779487705.6285374,1.7423900058734423,,310.5975014683606,psi,,simulated
thrust,thrust,1104.141166154,1779487705.6286147,2.500358521981063,2.499641478018937,71.70439621262403,N,,simulated
CC-PT,pressure,1104.151165068,1779487705.6386137,1.3250966459627922,,206.27416149069805,psi,,simulated
FI-PT,pressure,1104.151239956,1779487705.6386886,1.7337008397222566,,308.42520993056417,psi,,simulated
thrust,thrust,1104.151323159,1779487705.6387715,2.5004109740747182,2.4995890259252818,82.194814943648,N,,simulated
CC-PT,pressure,1104.161310851,1779487705.6487594,1.337119500293672,,209.279875073418,psi,,simulated
FI-PT,pressure,1104.161377091,1779487705.6488256,1.7288108740819543,,307.2027185204886,psi,,simulated
thrust,thrust,1104.161452794,1779487705.6489012,2.50043004756332,2.49956995243668,86.00951266402035,N,,simulated
CC-PT,pressure,1104.171449264,1779487705.6588976,1.3417072703489388,,210.4268175872347,psi,,simulated
FI-PT,pressure,1104.171521837,1779487705.6589704,1.744059532172624,,311.014883043156,psi,,simulated
thrust,thrust,1104.17160478,1779487705.659053,2.5004479289588843,2.4995520710411157,89.58579177686943,N,,simulated
CC-PT,pressure,1104.181625435,1779487705.6690738,1.3252545982902764,,206.3136495725691,psi,,simulated
FI-PT,pressure,1104.181693527,1779487705.6691418,1.736822335341255,,309.20558383531375,psi,,simulated
thrust,thrust,1104.181769877,1779487705.6692183,2.500492036401276,2.499507963598724,98.40728025523049,N,,simulated
CC-PT,pressure,1104.191763144,1779487705.6792116,1.3408823419669083,,210.22058549172706,psi,,simulated
FI-PT,pressure,1104.191834513,1779487705.679283,1.7459126407995986,,311.47816019989966,psi,,simulated
thrust,thrust,1104.191915123,1779487705.6793635,2.500517070355066,2.499482929644934,103.4140710132192,N,,simulated
CC-PT,pressure,1104.201909001,1779487705.6893575,1.3525773707124435,,213.1443426781109,psi,,simulated
FI-PT,pressure,1104.201976981,1779487705.6894255,1.7330428043654924,,308.2607010913731,psi,,simulated
thrust,thrust,1104.202054129,1779487705.6895025,2.5005534291927134,2.4994465708072866,110.685838542679,N,,simulated
CC-PT,pressure,1104.212063099,1779487705.6995118,1.3285257015854957,,207.1314253963739,psi,,simulated
FI-PT,pressure,1104.212152708,1779487705.6996014,1.721875872835621,,305.4689682089052,psi,,simulated
thrust,thrust,1104.212238559,1779487705.699687,2.5005742908208717,2.4994257091791283,114.85816417433625,N,,simulated
CC-PT,pressure,1104.222220455,1779487705.7096689,1.3273979815719106,,206.84949539297764,psi,,simulated
FI-PT,pressure,1104.222287306,1779487705.7097359,1.7409994293450628,,310.2498573362657,psi,,simulated
thrust,thrust,1104.222363787,1779487705.709812,2.5005969405885864,2.4994030594114136,119.38811771727842,N,,simulated
tank_temp,temperature,1104.224952009,1779487705.712401,0.026978257534296217,-0.026978257534296217,20.553325031649077,°C,,simulated
CC-PT,pressure,1104.232360109,1779487705.7198086,1.3256044775968168,,206.4011193992042,psi,,simulated
FI-PT,pressure,1104.232432274,1779487705.7198808,1.740277617010786,,310.06940425269653,psi,,simulated
thrust,thrust,1104.232512107,1779487705.7199607,2.5006023050072557,2.4993976949927443,120.46100145113314,N,,simulated
CC-PT,pressure,1104.242503151,1779487705.7299514,1.3099028241518527,,202.47570603796316,psi,,simulated
FI-PT,pressure,1104.242568076,1779487705.7300167,1.7489953933948748,,312.2488483487187,psi,,simulated
thrust,thrust,1104.242644908,1779487705.7300932,2.50066012151958,2.49933987848042,132.02430391601183,N,,simulated
CC-PT,pressure,1104.252640878,1779487705.7400892,1.3190169714709488,,204.7542428677372,psi,,simulated
FI-PT,pressure,1104.252713266,1779487705.740162,1.742589681457243,,310.64742036431073,psi,,simulated
thrust,thrust,1104.252798783,1779487705.740247,2.500682175240776,2.499317824759224,136.43504815519236,N,,simulated
CC-PT,pressure,1104.262783513,1779487705.750232,1.3306541837041597,,207.66354592603992,psi,,simulated
FI-PT,pressure,1104.262849679,1779487705.750298,1.741334407488633,,310.3336018721582,psi,,simulated
thrust,thrust,1104.262926289,1779487705.7503746,2.500698268496784,2.499301731503216,139.65369935675653,N,,simulated
CC-PT,pressure,1104.272920722,1779487705.760369,1.3227774289581096,,205.6943572395274,psi,,simulated
FI-PT,pressure,1104.272992258,1779487705.7604408,1.7430385044859056,,310.7596261214764,psi,,simulated
thrust,thrust,1104.273074164,1779487705.7605226,2.5007179380319045,2.4992820619680955,143.58760638089052,N,,simulated
CC-PT,pressure,1104.283092319,1779487705.7705407,1.3272853287798558,,206.82133219496396,psi,,simulated
FI-PT,pressure,1104.283159948,1779487705.7706084,1.737354008836032,,309.33850220900797,psi,,simulated
thrust,thrust,1104.283237391,1779487705.7706857,2.500747740357845,2.499252259642155,149.54807156897232,N,,simulated
CC-PT,pressure,1104.293232954,1779487705.7806814,1.3224209931398623,,205.60524828496557,psi,,simulated
FI-PT,pressure,1104.293305342,1779487705.7807539,1.7400594639849023,,310.0148659962256,psi,,simulated
thrust,thrust,1104.293389267,1779487705.7808375,2.500747740357845,2.499252259642155,149.54807156897232,N,,simulated
CC-PT,pressure,1104.303377237,1779487705.7908258,1.3211210156823416,,205.2802539205854,psi,,simulated
FI-PT,pressure,1104.303442718,1779487705.7908912,1.731518117370381,,307.8795293425953,psi,,simulated
thrust,thrust,1104.303518642,1779487705.790967,2.500784099195492,2.499215900804508,156.8198390984321,N,,simulated
CC-PT,pressure,1104.313524538,1779487705.8009737,1.323785939667933,,205.94648491698325,psi,,simulated
FI-PT,pressure,1104.313618907,1779487705.8010676,1.7427786282037052,,310.6946570509263,psi,,simulated
thrust,thrust,1104.313706165,1779487705.8011546,2.500797212218906,2.499202787781094,159.4424437811881,N,,simulated
CC-PT,pressure,1104.323687543,1779487705.811136,1.312949813956,,203.23745348900002,psi,,simulated
FI-PT,pressure,1104.323754135,1779487705.8112028,1.7348637264804514,,308.7159316201128,psi,,simulated
thrust,thrust,1104.323832449,1779487705.811281,2.5008055568701693,2.4991944431298307,161.111374033851,N,,simulated
tank_temp,temperature,1104.325114634,1779487705.8125632,0.026967230673698266,-0.026967230673698266,20.437212073439692,°C,,simulated
CC-PT,pressure,1104.333826771,1779487705.8212755,1.3210280324254076,,205.2570081063519,psi,,simulated
FI-PT,pressure,1104.333900251,1779487705.821349,1.7370512172044774,,309.26280430111933,psi,,simulated
thrust,thrust,1104.333984157,1779487705.8214326,2.500837147335666,2.499162852664334,167.4294671332177,N,,simulated
CC-PT,pressure,1104.343968757,1779487705.831417,1.319308438218646,,204.8271095546615,psi,,simulated
FI-PT,pressure,1104.344079145,1779487705.8315277,1.743954031938795,,310.98850798469874,psi,,simulated
thrust,thrust,1104.344159329,1779487705.8316076,2.5008544326847115,2.4991455673152885,170.88653694230516,N,,simulated
CC-PT,pressure,1104.354149373,1779487705.8415978,1.3093490969358799,,202.33727423396996,psi,,simulated
FI-PT,pressure,1104.354221705,1779487705.84167,1.7452760631175115,,311.3190157793779,psi,,simulated
thrust,thrust,1104.354304667,1779487705.841753,2.500884235010652,2.499115764989348,176.84700213038695,N,,simulated
CC-PT,pressure,1104.364292304,1779487705.8517406,1.305728710380639,,201.43217759515974,psi,,simulated
FI-PT,pressure,1104.364359192,1779487705.8518078,1.733765212746288,,308.441303186572,psi,,simulated
thrust,thrust,1104.36443621,1779487705.8518846,2.5008919836153964,2.4991080163846036,178.39672307928822,N,,simulated
CC-PT,pressure,1104.374430717,1779487705.861879,1.3114543332403104,,202.8635833100776,psi,,simulated
FI-PT,pressure,1104.374502197,1779487705.8619506,1.7518558206386352,,312.9639551596588,psi,,simulated
thrust,thrust,1104.374585455,1779487705.8620338,2.500881254778058,2.499118745221942,176.25095561157877,N,,simulated
CC-PT,pressure,1104.384602092,1779487705.8720505,1.3298960125322357,,207.47400313305891,psi,,simulated
FI-PT,pressure,1104.38466935,1779487705.8721178,1.7363049669629296,,309.07624174073237,psi,,simulated
thrust,thrust,1104.38474646,1779487705.8721948,2.5008913875688776,2.4991086124311224,178.2775137755266,N,,simulated
CC-PT,pressure,1104.394741153,1779487705.8821898,1.3220693256937655,,205.51733142344136,psi,,simulated
FI-PT,pressure,1104.394818818,1779487705.8822675,1.744886248694211,,311.22156217355274,psi,,simulated
thrust,thrust,1104.394901428,1779487705.8823497,2.5009229780343745,2.4990770219656255,184.5956068748933,N,,simulated
CC-PT,pressure,1104.404890417,1779487705.892339,1.318475761231871,,204.61894030796773,psi,,simulated
FI-PT,pressure,1104.404957934,1779487705.8924065,1.7456032926563372,,311.4008231640843,psi,,simulated
thrust,thrust,1104.405036452,1779487705.892485,2.500933110825194,2.499066889174806,186.6221650388411,N,,simulated
CC-PT,pressure,1104.41512418,1779487705.9025736,1.308559335298459,,202.13983382461475,psi,,simulated
FI-PT,pressure,1104.415232456,1779487705.902681,1.7412575174877067,,310.3143793719267,psi,,simulated
thrust,thrust,1104.415294604,1779487705.902743,2.500936687104307,2.499063312895693,187.33742086141092,N,,simulated
CC-PT,pressure,1104.425269778,1779487705.9127183,1.3110102785837983,,202.75256964594956,psi,,simulated
tank_temp,temperature,1104.425345999,1779487705.9127946,0.026981535790149662,-0.026981535790149662,20.58738483272383,°C,,simulated
FI-PT,pressure,1104.425436646,1779487705.912885,1.7409618784143779,,310.2404696035945,psi,,simulated
thrust,thrust,1104.425486349,1779487705.912935,2.5009414554764575,2.4990585445235425,188.291095291504,N,,simulated
CC-PT,pressure,1104.435412061,1779487705.9228606,1.307484067378529,,201.87101684463227,psi,,simulated
FI-PT,pressure,1104.435516578,1779487705.922965,1.7507269085320125,,312.6817271330031,psi,,simulated
thrust,thrust,1104.435600058,1779487705.9230485,2.5009629131511346,2.4990370868488654,192.5826302269229,N,,simulated
CC-PT,pressure,1104.445554918,1779487705.9330034,1.31400004792214,,203.50001198053502,psi,,simulated
FI-PT,pressure,1104.445652768,1779487705.9331014,1.7452969247456698,,311.3242311864174,psi,,simulated
thrust,thrust,1104.445702527,1779487705.933151,2.500961125011578,2.499038874988422,192.225002315638,N,,simulated
CC-PT,pressure,1104.455691682,1779487705.94314,1.309609569264599,,202.40239231614976,psi,,simulated
FI-PT,pressure,1104.455766126,1779487705.943215,1.742639749364823,,310.6599373412057,psi,,simulated
thrust,thrust,1104.455853013,1779487705.9433014,2.5009724498954355,2.4990275501045645,194.48997908710908,N,,simulated
CC-PT,pressure,1104.465848946,1779487705.9532979,1.293947254889876,,198.486813722469,psi,,simulated
FI-PT,pressure,1104.465932482,1779487705.953381,1.7290308152473945,,307.2577038118486,psi,,simulated
thrust,thrust,1104.466018814,1779487705.9534671,2.5009939075701126,2.4990060924298874,198.78151402252797,N,,simulated
CC-PT,pressure,1104.476042766,1779487705.9634917,1.3092996250748188,,202.3249062687047,psi,,simulated
FI-PT,pressure,1104.476127246,1779487705.9635758,1.735502092302095,,308.87552307552374,psi,,simulated
thrust,thrust,1104.476215041,1779487705.9636633,2.500992715477075,2.499007284522925,198.5430954150047,N,,simulated
CC-PT,pressure,1104.486232807,1779487705.9736812,1.3088209997202158,,202.20524993005395,psi,,simulated
FI-PT,pressure,1104.486301639,1779487705.9737504,1.7469670470913703,,311.74176177284255,psi,,simulated
thrust,thrust,1104.486381416,1779487705.97383,2.500986755011887,2.499013244988113,197.35100237738834,N,,simulated
CC-PT,pressure,1104.496371757,1779487705.9838202,1.29915670146426,,199.789175366065,psi,,simulated
FI-PT,pressure,1104.49644633,1779487705.983895,1.7411597658586222,,310.28994146465556,psi,,simulated
thrust,thrust,1104.496532217,1779487705.983981,2.500986158965368,2.499013841034632,197.2317930736267,N,,simulated
CC-PT,pressure,1104.506518077,1779487705.9939666,1.2968732472507054,,199.21831181267635,psi,,simulated
FI-PT,pressure,1104.506584891,1779487705.9940333,1.734268276008162,,308.5670690020405,psi,,simulated
thrust,thrust,1104.506664556,1779487705.994113,2.5009974838492255,2.4990025161507745,199.4967698450978,N,,simulated
CC-PT,pressure,1104.516689878,1779487706.0041394,1.3037075166353604,,200.9268791588401,psi,,simulated
FI-PT,pressure,1104.516804635,1779487706.0042531,1.736145226495889,,309.0363066239722,psi,,simulated
thrust,thrust,1104.516902115,1779487706.0043504,2.501017153384346,2.498982846615654,203.43067686923177,N,,simulated
tank_temp,temperature,1104.52551855,1779487706.012967,0.026986900208818936,-0.026986900208818936,20.643119052664336,°C,,simulated
CC-PT,pressure,1104.526862197,1779487706.0143106,1.2958313579358287,,198.95783948395717,psi,,simulated
FI-PT,pressure,1104.526929715,1779487706.0143783,1.7381628439620547,,309.5407109905137,psi,,simulated
thrust,thrust,1104.527009232,1779487706.0144577,2.5009945036166314,2.4990054963833686,198.9007233262896,N,,simulated
CC-PT,pressure,1104.537002388,1779487706.0244508,1.300023949149126,,200.00598728728147,psi,,simulated
FI-PT,pressure,1104.537077109,1779487706.0245256,1.7441143684523543,,311.02859211308856,psi,,simulated
thrust,thrust,1104.537162385,1779487706.0246108,2.5010159612913085,2.4989840387086915,203.1922582617085,N,,simulated
CC-PT,pressure,1104.547145022,1779487706.0345936,1.2974883672581154,,199.37209181452886,psi,,simulated
FI-PT,pressure,1104.54721117,1779487706.0346599,1.74231609610511,,310.5790240262775,psi,,simulated
thrust,thrust,1104.547289743,1779487706.034738,2.5009885431514434,2.4990114568485566,197.70863028867325,N,,simulated
CC-PT,pressure,1104.557285028,1779487706.0447338,1.293046032553438,,198.26150813835952,psi,,simulated
FI-PT,pressure,1104.557360823,1779487706.0448096,1.745973437544517,,311.49335938612927,psi,,simulated
thrust,thrust,1104.557445488,1779487706.044894,2.5009909273375186,2.4990090726624814,198.1854675037198,N,,simulated
CC-PT,pressure,1104.567430959,1779487706.0548794,1.28828898528683,,197.0722463217075,psi,,simulated
FI-PT,pressure,1104.567498624,1779487706.0549471,1.7350800913667788,,308.7700228416947,psi,,simulated
thrust,thrust,1104.567576901,1779487706.055025,2.500995695709669,2.499004304290331,199.13914193381288,N,,simulated
CC-PT,pressure,1104.577572001,1779487706.0650203,1.3076074490079224,,201.9018622519806,psi,,simulated
FI-PT,pressure,1104.577642926,1779487706.0650914,1.745889991031884,,311.472497757971,psi,,simulated
thrust,thrust,1104.577727073,1779487706.0651755,2.5009760261745484,2.4990239738254516,195.2052349096789,N,,simulated
CC-PT,pressure,1104.587744117,1779487706.0751927,1.288540516917767,,197.13512922944176,psi,,simulated
FI-PT,pressure,1104.587810116,1779487706.0752583,1.736952869528874,,309.2382173822185,psi,,simulated
thrust,thrust,1104.587887152,1779487706.0753355,2.500977814314105,2.499022185685895,195.5628628209638,N,,simulated
CC-PT,pressure,1104.597882418,1779487706.085331,1.2936820141890064,,198.4205035472516,psi,,simulated
FI-PT,pressure,1104.597953751,1779487706.0854023,1.738158671636423,,309.53966790910573,psi,,simulated
thrust,thrust,1104.598038731,1779487706.0854871,2.5009569526859465,2.4990430473140535,191.39053718930654,N,,simulated
CC-PT,pressure,1104.608061016,1779487706.0955095,1.290237461356814,,197.55936533920348,psi,,simulated
FI-PT,pressure,1104.608127904,1779487706.0955765,1.7503376901552308,,312.5844225388077,psi,,simulated
thrust,thrust,1104.608206384,1779487706.095655,2.5009688736163227,2.4990311263836773,193.77472326453926,N,,simulated
CC-PT,pressure,1104.618209243,1779487706.1056578,1.2901170599600147,,197.52926499000367,psi,,simulated
FI-PT,pressure,1104.618299853,1779487706.1057484,1.7403688121281637,,310.0922030320409,psi,,simulated
thrust,thrust,1104.618388574,1779487706.105837,2.500964701290691,2.499035298709309,192.9402581382078,N,,simulated
tank_temp,temperature,1104.625678064,1779487706.1131268,0.026994052767044634,-0.026994052767044634,20.718979518694468,°C,,simulated
CC-PT,pressure,1104.628365841,1779487706.1158142,1.279827508905829,,194.95687722645727,psi,,simulated
FI-PT,pressure,1104.628432247,1779487706.115881,1.7390712188567183,,309.7678047141796,psi,,simulated
thrust,thrust,1104.628508153,1779487706.1159565,2.5009360910577882,2.4990639089422118,187.21821155764928,N,,simulated
CC-PT,pressure,1104.638501975,1779487706.1259506,1.2828405240584044,,195.7101310146011,psi,,simulated
FI-PT,pressure,1104.638577049,1779487706.1260257,1.738627760246725,,309.65694006168127,psi,,simulated
thrust,thrust,1104.638662492,1779487706.126111,2.500933706871713,2.499066293128287,186.74137434260274,N,,simulated
CC-PT,pressure,1104.64864437,1779487706.1360927,1.279292855178458,,194.82321379461447,psi,,simulated
FI-PT,pressure,1104.648709924,1779487706.1361585,1.7375608369780584,,309.3902092445146,psi,,simulated
thrust,thrust,1104.64878946,1779487706.1362379,2.50091522942963,2.49908477057037,183.04588592599202,N,,simulated
CC-PT,pressure,1104.65878169,1779487706.14623,1.2931592813920116,,198.2898203480029,psi,,simulated
FI-PT,pressure,1104.658853115,1779487706.1463017,1.7492046057229764,,312.3011514307441,psi,,simulated
thrust,thrust,1104.65893628,1779487706.1463847,2.5008848310571707,2.4991151689428293,176.9662114341486,N,,simulated
CC-PT,pressure,1104.668923287,1779487706.1563716,1.2802077865848287,,195.05194664620717,psi,,simulated
FI-PT,pressure,1104.668988175,1779487706.1564367,1.7480846343141359,,312.02115857853397,psi,,simulated
thrust,thrust,1104.669064582,1779487706.156513,2.5009199978017804,2.4990800021982196,183.9995603560851,N,,simulated
CC-PT,pressure,1104.679059996,1779487706.1665082,1.2789441679649551,,194.73604199123878,psi,,simulated
FI-PT,pressure,1104.679130884,1779487706.1665795,1.7441024475219782,,311.0256118804945,psi,,simulated
thrust,thrust,1104.67921442,1779487706.166663,2.500884235010652,2.499115764989348,176.84700213038695,N,,simulated
CC-PT,pressure,1104.689233501,1779487706.176682,1.2884856806380367,,197.12142015950917,psi,,simulated
FI-PT,pressure,1104.689300593,1779487706.176749,1.7408796239947824,,310.2199059986956,psi,,simulated
thrust,thrust,1104.689378573,1779487706.176827,2.5008705259407193,2.4991294740592807,174.10518814386933,N,,simulated
CC-PT,pressure,1104.699368673,1779487706.186817,1.284224544075077,,196.05613601876925,psi,,simulated
FI-PT,pressure,1104.699442154,1779487706.1868908,1.7460020477774199,,311.50051194435497,psi,,simulated
thrust,thrust,1104.699525578,1779487706.186974,2.500849664312561,2.499150335687439,169.93286251221207,N,,simulated
CC-PT,pressure,1104.710494905,1779487706.1979432,1.28874913319935,,197.18728329983747,psi,,simulated
FI-PT,pressure,1104.710565256,1779487706.1980138,1.7392476486262856,,309.8119121565714,psi,,simulated
thrust,thrust,1104.710615885,1779487706.1980643,2.500828206637884,2.499171793362116,165.64132757679317,N,,simulated
CC-PT,pressure,1104.72065004,1779487706.208099,1.283484850345236,,195.871212586309,psi,,simulated
FI-PT,pressure,1104.720736909,1779487706.2081857,1.7423983505247056,,310.5995876311764,psi,,simulated
thrust,thrust,1104.720823556,1779487706.208272,2.500831782916997,2.499168217083003,166.356583399363,N,,simulated
tank_temp,temperature,1104.725843467,1779487706.2132921,0.026980939743630854,-0.026980939743630854,20.582740314395455,°C,,simulated
CC-PT,pressure,1104.730806786,1779487706.218255,1.279261264712961,,194.81531617824027,psi,,simulated
FI-PT,pressure,1104.730871785,1779487706.2183201,1.7420609881950602,,310.51524704876505,psi,,simulated
thrust,thrust,1104.730948469,1779487706.218397,2.5007703901255596,2.4992296098744404,154.07802511191449,N,,simulated
CC-PT,pressure,1104.740942328,1779487706.2283907,1.2727864113791478,,193.19660284478695,psi,,simulated
FI-PT,pressure,1104.74101329,1779487706.2284617,1.7401494670092423,,310.03736675231056,psi,,simulated
thrust,thrust,1104.741096103,1779487706.2285445,2.500765621753409,2.499234378246591,153.1243506818214,N,,simulated
CC-PT,pressure,1104.751081129,1779487706.2385294,1.286281500611484,,196.570375152871,psi,,simulated
FI-PT,pressure,1104.751145036,1779487706.2385936,1.749469846423846,,312.3674616059615,psi,,simulated
thrust,thrust,1104.751221813,1779487706.23867,2.500743568032213,2.499256431967787,148.71360644264087,N,,simulated
CC-PT,pressure,1104.761213635,1779487706.248662,1.275063309080995,,193.76582727024876,psi,,simulated
FI-PT,pressure,1104.761284782,1779487706.2487335,1.7500736415473988,,312.51841038684967,psi,,simulated
thrust,thrust,1104.761367244,1779487706.2488155,2.5007244945436113,2.4992755054563887,144.89890872226852,N,,simulated
CC-PT,pressure,1104.771354936,1779487706.2588034,1.269818099715483,,192.45452492887077,psi,,simulated
FI-PT,pressure,1104.771419843,1779487706.2588685,1.7474444803529356,,311.8611200882339,psi,,simulated
thrust,thrust,1104.771495545,1779487706.258944,2.5007113815201976,2.4992886184798024,142.27630403951252,N,,simulated
CC-PT,pressure,1104.781491941,1779487706.2689402,1.2729324427762558,,193.23311069406395,psi,,simulated
FI-PT,pressure,1104.781564089,1779487706.2690125,1.7279829654673295,,306.99574136683236,psi,,simulated
thrust,thrust,1104.781647291,1779487706.2690957,2.5006738305895126,2.4993261694104874,134.76611790252946,N,,simulated
CC-PT,pressure,1104.791664705,1779487706.2791133,1.2720359888119683,,193.00899720299208,psi,,simulated
FI-PT,pressure,1104.791733667,1779487706.2791822,1.7504348457377965,,312.6087114344491,psi,,simulated
thrust,thrust,1104.791812037,1779487706.2792604,2.5006440282635722,2.4993559717364278,128.80565271444766,N,,simulated
CC-PT,pressure,1104.801808137,1779487706.2892568,1.2810297347342652,,195.2574336835663,psi,,simulated
FI-PT,pressure,1104.80188271,1779487706.2893312,1.7435892514692843,,310.8973128673211,psi,,simulated
thrust,thrust,1104.801968431,1779487706.2894168,2.5006219745423763,2.4993780254576237,124.39490847526713,N,,simulated
CC-PT,pressure,1104.811963864,1779487706.2994125,1.2858851296764766,,196.47128241911915,psi,,simulated
FI-PT,pressure,1104.812104806,1779487706.2995536,1.7366256399900484,,309.15640999751207,psi,,simulated
thrust,thrust,1104.812191064,1779487706.2996395,2.5006124377980754,2.4993875622019246,122.48755961508095,N,,simulated
CC-PT,pressure,1104.822169368,1779487706.309618,1.2688834987739919,,192.22087469349796,psi,,simulated
FI-PT,pressure,1104.822247108,1779487706.3096957,1.7391355918807496,,309.7838979701874,psi,,simulated
thrust,thrust,1104.822331755,1779487706.3097801,2.500592172216436,2.499407827783564,118.43444328718533,N,,simulated
tank_temp,temperature,1104.826000814,1779487706.3134491,0.026987496255337744,-0.026987496255337744,20.650859916544963,°C,,simulated
CC-PT,pressure,1104.832318503,1779487706.319767,1.2752451032692316,,193.8112758173079,psi,,simulated
FI-PT,pressure,1104.832383372,1779487706.319832,1.7460628445223383,,311.5157111305846,psi,,simulated
thrust,thrust,1104.832461779,1779487706.31991,2.500564158030052,2.499435841969948,112.83160601038844,N,,simulated
CC-PT,pressure,1104.84245636,1779487706.3299048,1.2637068347581428,,190.9267086895357,psi,,simulated
FI-PT,pressure,1104.842528026,1779487706.3299766,1.746231525687161,,311.5578814217902,psi,,simulated
thrust,thrust,1104.842611673,1779487706.33006,2.500545680587969,2.499454319412031,109.13611759377773,N,,simulated
CC-PT,pressure,1104.852596958,1779487706.3400452,1.266043337111871,,191.51083427796772,psi,,simulated
FI-PT,pressure,1104.852662327,1779487706.3401108,1.7442603998494624,,311.0650999623656,psi,,simulated
thrust,thrust,1104.8527404,1779487706.340189,2.5004968047734266,2.4995031952265734,99.36095468532358,N,,simulated
CC-PT,pressure,1104.862733593,1779487706.3501818,1.2622143342750471,,190.55358356876178,psi,,simulated
FI-PT,pressure,1104.862805721,1779487706.350254,1.7399217772390576,,309.9804443097644,psi,,simulated
thrust,thrust,1104.862887979,1779487706.3503366,2.5004842877965316,2.4995157122034684,96.85755930632922,N,,simulated
CC-PT,pressure,1104.872873635,1779487706.360322,1.266300829207996,,191.575207301999,psi,,simulated
FI-PT,pressure,1104.872938393,1779487706.360387,1.7392363237424282,,309.809080935607,psi,,simulated
thrust,thrust,1104.87301504,1779487706.3604634,2.5004532933775536,2.4995467066224464,90.65867551072415,N,,simulated
CC-PT,pressure,1104.88301164,1779487706.3704603,1.2683756671399673,,192.09391678499182,psi,,simulated
FI-PT,pressure,1104.883086232,1779487706.370535,1.743957012171389,,310.9892530428472,psi,,simulated
thrust,thrust,1104.883173656,1779487706.370622,2.5004157424468687,2.4995842575531313,83.14848937374109,N,,simulated
CC-PT,pressure,1104.893187274,1779487706.3806357,1.2649841624479488,,191.24604061198718,psi,,simulated
FI-PT,pressure,1104.893254866,1779487706.3807034,1.738357751173705,,309.5894377934262,psi,,simulated
thrust,thrust,1104.893333402,1779487706.380782,2.500380575702259,2.499619424297741,76.11514045180456,N,,simulated
CC-PT,pressure,1104.903323613,1779487706.3907719,1.2606747461169656,,190.1686865292414,psi,,simulated
FI-PT,pressure,1104.903395871,1779487706.3908443,1.733457652742583,,308.36441318564573,psi,,simulated
thrust,thrust,1104.903479333,1779487706.3909276,2.5003674626788452,2.4996325373211548,73.49253576904857,N,,simulated
CC-PT,pressure,1104.91347684,1779487706.4009256,1.2617172314783611,,190.42930786959028,psi,,simulated
FI-PT,pressure,1104.913558395,1779487706.4010072,1.7350443285756503,,308.7610821439126,psi,,simulated
thrust,thrust,1104.913639134,1779487706.4010875,2.500321567096897,2.499678432903103,64.3134193794026,N,,simulated
CC-PT,pressure,1104.923627179,1779487706.4110756,1.256760508627952,,189.190127156988,psi,,simulated
FI-PT,pressure,1104.923703437,1779487706.411152,1.7378832981447336,,309.4708245361834,psi,,simulated
thrust,thrust,1104.923785973,1779487706.4112344,2.5002953410500695,2.4997046589499305,59.06821001389062,N,,simulated
tank_temp,temperature,1104.926162791,1779487706.4136112,0.026974383231923964,-0.026974383231923964,20.513072539469825,°C,,simulated
CC-PT,pressure,1104.933774776,1779487706.4212234,1.2633265570791432,,190.8316392697858,psi,,simulated
FI-PT,pressure,1104.933840387,1779487706.421289,1.7406519342245976,,310.1629835561494,psi,,simulated
thrust,thrust,1104.93391796,1779487706.4213665,2.5002583861659033,2.4997416138340967,51.67723318066919,N,,simulated
CC-PT,pressure,1104.943988188,1779487706.431438,1.2570168086310396,,189.2542021577599,psi,,simulated
FI-PT,pressure,1104.944206222,1779487706.431655,1.7521711292470847,,313.0427823117712,psi,,simulated
thrust,thrust,1104.944271314,1779487706.4317198,2.500253617793753,2.499746382206247,50.7235587505761,N,,simulated
CC-PT,pressure,1104.954253728,1779487706.4417021,1.259893925177327,,189.97348129433172,psi,,simulated
FI-PT,pressure,1104.954355357,1779487706.4418037,1.7303021824720124,,307.5755456180031,psi,,simulated
thrust,thrust,1104.954407134,1779487706.4418557,2.5002047419792106,2.4997952580207894,40.948395842121954,N,,simulated
CC-PT,pressure,1104.964413567,1779487706.4518626,1.263333709637369,,190.83342740934222,psi,,simulated
FI-PT,pressure,1104.964519658,1779487706.4519682,1.7413147379535123,,310.3286844883781,psi,,simulated
thrust,thrust,1104.964615416,1779487706.452064,2.500168979188082,2.499831020811918,33.795837616423796,N,,simulated
CC-PT,pressure,1104.97457859,1779487706.462027,1.2530668083508978,,188.26670208772444,psi,,simulated
FI-PT,pressure,1104.9746492,1779487706.4620976,1.7378302500045597,,309.45756250113993,psi,,simulated
thrust,thrust,1104.974730495,1779487706.4621787,2.5001397729086605,2.4998602270913395,27.954581732103634,N,,simulated
CC-PT,pressure,1104.984719947,1779487706.4721684,1.2647707777942154,,191.19269444855385,psi,,simulated
FI-PT,pressure,1104.984795483,1779487706.472244,1.740113108171595,,310.02827704289876,psi,,simulated
thrust,thrust,1104.984881926,1779487706.4723303,2.5001087784896825,2.4998912215103175,21.755697936498564,N,,simulated
CC-PT,pressure,1104.994940155,1779487706.4823887,1.2412442256503373,,185.31105641258432,psi,,simulated
FI-PT,pressure,1104.995011728,1779487706.4824605,1.7463566954561107,,311.58917386402766,psi,,simulated
thrust,thrust,1104.995061635,1779487706.48251,2.5000801682567797,2.4999198317432203,16.033651355940037,N,,simulated
CC-PT,pressure,1105.005076957,1779487706.4925253,1.2504084408770133,,187.60211021925332,psi,,simulated
FI-PT,pressure,1105.005144437,1779487706.4925928,1.7456056768424124,,311.4014192106031,psi,,simulated
thrust,thrust,1105.005220047,1779487706.4926684,2.5000301003492,2.4999698996508,6.020069839962616,N,,simulated
CC-PT,pressure,1105.015315109,1779487706.5027642,1.2590719770278902,,189.76799425697254,psi,,simulated
FI-PT,pressure,1105.015409052,1779487706.5028577,1.7371358558101482,,309.283963952537,psi,,simulated
thrust,thrust,1105.015456292,1779487706.5029047,2.5000032782558534,2.4999967217441466,0.6556511706889978,N,,simulated
CC-PT,pressure,1105.025471984,1779487706.5129204,1.2505753339022796,,187.6438334755699,psi,,simulated
FI-PT,pressure,1105.025547353,1779487706.512996,1.7346545141523497,,308.66362853808744,psi,,simulated
thrust,thrust,1105.025626,1779487706.5130744,2.4999883770928832,2.5000116229071168,2.3245814233519013,N,,simulated
tank_temp,temperature,1105.026310454,1779487706.5137587,0.026991072534450593,-0.026991072534450593,20.688016063171965,°C,,simulated
CC-PT,pressure,1105.0356141,1779487706.5230625,1.2457163626809553,,186.42909067023882,psi,,simulated
FI-PT,pressure,1105.035672729,1779487706.523121,1.7297430908373703,,307.4357727093426,psi,,simulated
thrust,thrust,1105.035740284,1779487706.5231886,2.4999621510460557,2.5000378489539443,7.569790788863884,N,,simulated
CC-PT,pressure,1105.045743346,1779487706.5331922,1.2477894124733702,,186.94735311834253,psi,,simulated
FI-PT,pressure,1105.045809012,1779487706.5332575,1.7374106332553187,,309.3526583138297,psi,,simulated
thrust,thrust,1105.045882807,1779487706.533331,2.4999091029058818,2.5000908970941182,18.179418823649485,N,,simulated
CC-PT,pressure,1105.05587487,1779487706.5433233,1.259380133078114,,189.8450332695285,psi,,simulated
FI-PT,pressure,1105.055931592,1779487706.54338,1.745237320093789,,311.3093300234472,psi,,simulated
thrust,thrust,1105.055998961,1779487706.5434473,2.4998888373242423,2.5001111626757577,22.232535151545108,N,,simulated
CC-PT,pressure,1105.066002413,1779487706.5534508,1.2599445891314256,,189.9861472828564,psi,,simulated
FI-PT,pressure,1105.066066338,1779487706.5535147,1.73607966137882,,309.019915344705,psi,,simulated
thrust,thrust,1105.066140262,1779487706.5535884,2.4998506903470386,2.5001493096529614,29.86193059228981,N,,simulated
CC-PT,pressure,1105.076133177,1779487706.5635815,1.2402458477313336,,185.0614619328334,psi,,simulated
FI-PT,pressure,1105.076191047,1779487706.5636394,1.7418070723780479,,310.451768094512,psi,,simulated
thrust,thrust,1105.076259175,1779487706.5637074,2.499802410579015,2.500197589420985,39.51788419698232,N,,simulated
CC-PT,pressure,1105.086258553,1779487706.573707,1.243696957075233,,185.92423926880824,psi,,simulated
FI-PT,pressure,1105.086320978,1779487706.5737696,1.741744487493573,,310.43612187339323,psi,,simulated
thrust,thrust,1105.086392995,1779487706.573841,2.499790489648639,2.500209510351361,41.90207027221504,N,,simulated
CC-PT,pressure,1105.09645552,1779487706.583904,1.2428350738090364,,185.70876845225908,psi,,simulated
FI-PT,pressure,1105.096514575,1779487706.5839632,1.7397894549118822,,309.9473637279705,psi,,simulated
thrust,thrust,1105.096556463,1779487706.5840049,2.4997517466249164,2.5002482533750836,49.65067501672138,N,,simulated
CC-PT,pressure,1105.106592489,1779487706.594041,1.2546928232542065,,188.67320581355162,psi,,simulated
FI-PT,pressure,1105.106668228,1779487706.594117,1.7438193254255443,,310.9548313563861,psi,,simulated
thrust,thrust,1105.106753134,1779487706.5942016,2.499740421741059,2.500259578258941,51.91565178819246,N,,simulated
CC-PT,pressure,1105.116752882,1779487706.604202,1.2441231303361808,,186.0307825840452,psi,,simulated
FI-PT,pressure,1105.116833789,1779487706.6042824,1.7365404053378588,,309.1351013344647,psi,,simulated
thrust,thrust,1105.116917676,1779487706.604366,2.4996986984847425,2.5003013015152575,60.26030305150698,N,,simulated
tank_temp,temperature,1105.126467579,1779487706.6139162,0.0269770654412586,-0.0269770654412586,20.540939649440077,°C,,simulated
CC-PT,pressure,1105.127572897,1779487706.6150215,1.2470062073476562,,186.75155183691405,psi,,simulated
FI-PT,pressure,1105.127642821,1779487706.6150916,1.7321451583081673,,308.0362895770418,psi,,simulated
thrust,thrust,1105.127698654,1779487706.6151474,2.4996683001122832,2.5003316998877168,66.33997754335041,N,,simulated
CC-PT,pressure,1105.137725253,1779487706.6251738,1.2449766689511141,,186.24416723777853,psi,,simulated
FI-PT,pressure,1105.137794141,1779487706.6252427,1.7299910461891945,,307.49776154729864,psi,,simulated
thrust,thrust,1105.137873937,1779487706.6253223,2.4996241926698914,2.5003758073301086,75.16146602171148,N,,simulated
CC-PT,pressure,1105.147862925,1779487706.6353114,1.2432374052092319,,185.80935130230796,psi,,simulated
FI-PT,pressure,1105.147935813,1779487706.6353843,1.742490141688602,,310.6225354221505,psi,,simulated
thrust,thrust,1105.148067867,1779487706.6355164,2.499610483599959,2.500389516400041,77.9032800082291,N,,simulated
CC-PT,pressure,1105.158004616,1779487706.645453,1.240393667267998,,185.0984168169995,psi,,simulated
FI-PT,pressure,1105.158070226,1779487706.6455188,1.7346580904314626,,308.66452260786565,psi,,simulated
thrust,thrust,1105.158149354,1779487706.6455977,2.499560415692379,2.500439584307621,87.91686152420652,N,,simulated
CC-PT,pressure,1105.168141195,1779487706.6555896,1.2478174266597541,,186.95435666493853,psi,,simulated
FI-PT,pressure,1105.168212213,1779487706.6556609,1.7348643225269702,,308.71608063174256,psi,,simulated
thrust,thrust,1105.168296397,1779487706.6557448,2.499553859180672,2.500446140819328,89.22816386558452,N,,simulated
CC-PT,pressure,1105.178282367,1779487706.6657307,1.241422443559461,,185.35561088986523,psi,,simulated
FI-PT,pressure,1105.178347996,1779487706.6657965,1.7416342188875935,,310.4085547218984,psi,,simulated
thrust,thrust,1105.178426346,1779487706.6658747,2.4995371698781454,2.5004628301218546,92.56602437091033,N,,simulated
CC-PT,pressure,1105.188419817,1779487706.6758683,1.2339414637018995,,183.48536592547487,psi,,simulated
FI-PT,pressure,1105.188500686,1779487706.6759493,1.7317905106294764,,307.9476276573691,psi,,simulated
thrust,thrust,1105.188593277,1779487706.6760418,2.4994835256914527,2.5005164743085473,103.29486170945756,N,,simulated
CC-PT,pressure,1105.198604729,1779487706.686053,1.238982825157979,,184.74570628949476,psi,,simulated
FI-PT,pressure,1105.198673987,1779487706.6861227,1.7470415529062213,,311.76038822655534,psi,,simulated
thrust,thrust,1105.198752708,1779487706.6862013,2.499476373133227,2.500523626866773,104.7253733545972,N,,simulated
CC-PT,pressure,1105.21048732,1779487706.6979358,1.231047061806567,,182.76176545164174,psi,,simulated
FI-PT,pressure,1105.210566245,1779487706.6980147,1.7402925181737563,,310.07312954343905,psi,,simulated
thrust,thrust,1105.210620633,1779487706.6980693,2.4994507431329183,2.5005492568670817,109.85137341634754,N,,simulated
CC-PT,pressure,1105.220649307,1779487706.7080984,1.238895802366233,,184.72395059155826,psi,,simulated
FI-PT,pressure,1105.220729695,1779487706.7081785,1.7330261150629658,,308.25652876574145,psi,,simulated
thrust,thrust,1105.220811564,1779487706.7082598,2.4994090198766017,2.5005909801233983,118.19602467966206,N,,simulated
tank_temp,temperature,1105.226624519,1779487706.7140732,0.026986900208818936,-0.026986900208818936,20.64157087988821,°C,,simulated
CC-PT,pressure,1105.230798441,1779487706.718247,1.234977988598107,,183.74449714952672,psi,,simulated
FI-PT,pressure,1105.230871718,1779487706.7183204,1.732276288542305,,308.0690721355763,psi,,simulated
thrust,thrust,1105.230954532,1779487706.718403,2.4993965028997067,2.5006034971002933,120.69942005865641,N,,simulated
CC-PT,pressure,1105.240941428,1779487706.72839,1.2313659466941294,,182.84148667353233,psi,,simulated
FI-PT,pressure,1105.241008464,1779487706.728457,1.7424573591300676,,310.6143397825169,psi,,simulated
thrust,thrust,1105.241085871,1779487706.7285342,2.499361336155097,2.500638663844903,127.73276898059294,N,,simulated
CC-PT,pressure,1105.251078563,1779487706.738527,1.2242926626554325,,181.0731656638581,psi,,simulated
FI-PT,pressure,1105.251149858,1779487706.7385986,1.7287518654765923,,307.18796636914806,psi,,simulated
thrust,thrust,1105.251231376,1779487706.73868,2.4993315338291566,2.5006684661708434,133.69323416867473,N,,simulated
CC-PT,pressure,1105.261221124,1779487706.7486694,1.2490041552787012,,187.2510388196753,psi,,simulated
FI-PT,pressure,1105.261286567,1779487706.7487352,1.7318948187702679,,307.97370469256697,psi,,simulated
thrust,thrust,1105.261362751,1779487706.748811,2.499292790805434,2.500707209194566,141.44183891318107,N,,simulated
CC-PT,pressure,1105.27135737,1779487706.7588058,1.2344951909178723,,183.62379772946807,psi,,simulated
FI-PT,pressure,1105.271427517,1779487706.758876,1.735663620908692,,308.91590522717297,psi,,simulated
thrust,thrust,1105.271508608,1779487706.7589571,2.4992790817355015,2.5007209182644985,144.1836528996987,N,,simulated
CC-PT,pressure,1105.28149706,1779487706.7689455,1.2449868017419339,,186.24670043548346,psi,,simulated
FI-PT,pressure,1105.281563856,1779487706.7690125,1.736726371851727,,309.18159296293175,psi,,simulated
thrust,thrust,1105.281641595,1779487706.76909,2.499252855688674,2.500747144311326,149.42886226521068,N,,simulated
CC-PT,pressure,1105.291634102,1779487706.7790828,1.2288989101527823,,182.22472753819557,psi,,simulated
FI-PT,pressure,1105.291709453,1779487706.779158,1.7354824227669743,,308.87060569174355,psi,,simulated
thrust,thrust,1105.291792971,1779487706.7792416,2.499270737084238,2.500729262915762,145.8525831523616,N,,simulated
CC-PT,pressure,1105.301814218,1779487706.789263,1.2358273548874086,,183.95683872185214,psi,,simulated
FI-PT,pressure,1105.301886273,1779487706.7893348,1.7375948116296305,,309.3987029074076,psi,,simulated
thrust,thrust,1105.301965475,1779487706.789414,2.499228417781403,2.500771582218597,154.31644371943776,N,,simulated
CC-PT,pressure,1105.311967112,1779487706.7994163,1.24392345475238,,185.980863688095,psi,,simulated
FI-PT,pressure,1105.312116851,1779487706.7995653,1.732966510411085,,308.24162760277125,psi,,simulated
thrust,thrust,1105.312212275,1779487706.7996604,2.4992045759206505,2.5007954240793495,159.0848158699032,N,,simulated
CC-PT,pressure,1105.322184672,1779487706.8096333,1.2370218321111002,,184.25545802777503,psi,,simulated
FI-PT,pressure,1105.322251486,1779487706.8097,1.7342998664736589,,308.5749666184147,psi,,simulated
thrust,thrust,1105.322332096,1779487706.8097806,2.4991735815016725,2.5008264184983275,165.28369966550827,N,,simulated
tank_temp,temperature,1105.3267892,1779487706.8142378,0.027013424278905903,-0.027013424278905903,20.917145634038487,°C,,simulated
CC-PT,pressure,1105.332323714,1779487706.8197722,1.2279565606065466,,181.98914015163663,psi,,simulated
FI-PT,pressure,1105.332395861,1779487706.8198447,1.7424943140142337,,310.6235785035584,psi,,simulated
thrust,thrust,1105.332483397,1779487706.819932,2.4991860984785674,2.5008139015214326,162.7803042865139,N,,simulated
CC-PT,pressure,1105.34246733,1779487706.8299158,1.21890261398585,,179.7256534964625,psi,,simulated
FI-PT,pressure,1105.342533459,1779487706.829982,1.7386539862935526,,309.66349657338816,psi,,simulated
thrust,thrust,1105.342611032,1779487706.8300595,2.499140202896619,2.500859797103381,171.95942067615988,N,,simulated
CC-PT,pressure,1105.352602632,1779487706.840051,1.2221570279785428,,180.53925699463568,psi,,simulated
FI-PT,pressure,1105.35267402,1779487706.8401227,1.7319538273756299,,307.98845684390744,psi,,simulated
thrust,thrust,1105.352758389,1779487706.8402069,2.499150335687439,2.500849664312561,169.93286251221207,N,,simulated
CC-PT,pressure,1105.362741471,1779487706.85019,1.232957986945866,,183.2394967364665,psi,,simulated
FI-PT,pressure,1105.362807562,1779487706.8502562,1.74481174287936,,311.20293571983996,psi,,simulated
thrust,thrust,1105.362886024,1779487706.8503344,2.4991306661523183,2.5008693338476817,173.86676953634606,N,,simulated
