sensor_name,sensor_kind,t_monotonic,t_wall,Voltage 1,Voltage 2,value,units,filtered_value,source
XF-PT,pressure,440.45879959,1779489285.7063637,0.0,,-125.0,psi,,hardware
LF-PT,pressure,440.4580749,1779489285.7056394,5.841255884320245e-05,,-62.4926984301446,psi,,hardware
FT-PT,pressure,440.465457315,1779489285.713021,2.9576543519084875,,307.20679398856095,psi,,hardware
FM-PT,pressure,440.469708068,1779489285.7172718,1.7718203987861156,,158.97754984826446,psi,,hardware
FI-PT,pressure,440.474059745,1779489285.7216232,1.0588539908950318,,69.85674886187898,psi,,hardware
WM-PT,pressure,440.477774544,1779489285.7253382,0.7239163784881089,,27.989547311013606,psi,,hardware
WI-RTD,temperature,440.459440263,1779489285.7070038,,,-1759.1646378053888,°C,,hardware
CC-PT,pressure,440.480138148,1779489285.7277017,0.17139377252981336,,-41.07577843377333,psi,,hardware
LF-PT,pressure,440.48504124,1779489285.7326047,0.16609491897760856,,-41.738135127798934,psi,,hardware
FT-PT,pressure,440.488750318,1779489285.7363138,2.952031249050051,,306.5039061312564,psi,,hardware
E-LC,thrust,440.482960335,1779489285.730524,0.078125,0.078125,0.0,N,,hardware
FM-PT,pressure,440.492512487,1779489285.740076,1.7714049543625063,,158.92561929531328,psi,,hardware
FI-PT,pressure,440.49568339,1779489285.7432468,1.0592038702015723,,69.90048377519653,psi,,hardware
WM-PT,pressure,440.498819775,1779489285.7463832,0.724161353607339,,28.020169200917376,psi,,hardware
CC-PT,pressure,440.501900939,1779489285.749464,0.17214181091091765,,-40.9822736361353,psi,,hardware
LF-PT,pressure,440.505031342,1779489285.7525945,0.1664036710743512,,-41.699541115706104,psi,,hardware
FT-PT,pressure,440.508862844,1779489285.7564263,2.946688288055454,,305.83603600693175,psi,,hardware
FM-PT,pressure,440.512595032,1779489285.7601583,1.7710628236607104,,158.8828529575888,psi,,hardware
E-LC,thrust,440.50516247,1779489285.752726,0.078125,0.078125,0.0,N,,hardware
FI-PT,pressure,440.516423423,1779489285.7639868,1.0594959329957883,,69.93699162447354,psi,,hardware
WM-PT,pressure,440.519573474,1779489285.767137,0.7245577245423465,,28.069715567793306,psi,,hardware
LF-PT,pressure,440.5226996,1779489285.770263,0.1669585903833616,,-41.6301762020798,psi,,hardware
FT-PT,pressure,440.525788301,1779489285.7733517,2.94168924590221,,305.21115573777627,psi,,hardware
CC-PT,pressure,440.52888789,1779489285.776451,0.17432870558842486,,-40.708911801446895,psi,,hardware
FM-PT,pressure,440.532617782,1779489285.7801812,1.7688312254942926,,158.60390318678657,psi,,hardware
FI-PT,pressure,440.534976941,1779489285.7825403,1.059782631371335,,69.97282892141688,psi,,hardware
LF-PT,pressure,440.539147399,1779489285.786711,0.16769709202016497,,-41.53786349747938,psi,,hardware
FT-PT,pressure,440.542117861,1779489285.7896812,2.9366502686322056,,304.5812835790257,psi,,hardware
E-LC,thrust,440.529045109,1779489285.7766082,0.078125,0.078125,0.0,N,,hardware
WM-PT,pressure,440.546429742,1779489285.7939932,0.7259196908378232,,28.239961354727892,psi,,hardware
FM-PT,pressure,440.549582109,1779489285.7971456,1.7673953494304833,,158.4244186788104,psi,,hardware
FI-PT,pressure,440.553564015,1779489285.801128,1.0600979399797845,,70.01224249747307,psi,,hardware
CC-PT,pressure,440.556685122,1779489285.8042486,0.175254365832134,,-40.59320427098325,psi,,hardware
LF-PT,pressure,440.560147705,1779489285.8077111,0.16805412388493107,,-41.493234514383616,psi,,hardware
FT-PT,pressure,440.564415568,1779489285.811979,2.9311630643800575,,303.8953830475072,psi,,hardware
WM-PT,pressure,440.569582322,1779489285.817146,0.7272661599238108,,28.408269990476352,psi,,hardware
E-LC,thrust,440.558107077,1779489285.8056703,0.078125,0.078125,0.0,N,,hardware
FM-PT,pressure,440.572093126,1779489285.8196564,1.765699597084474,,158.21244963555924,psi,,hardware
FI-PT,pressure,440.575257918,1779489285.8228214,1.0603911948670381,,70.04889935837977,psi,,hardware
CC-PT,pressure,440.578336952,1779489285.8259003,0.17616035654072243,,-40.479955432409696,psi,,hardware
LF-PT,pressure,440.580846664,1779489285.82841,0.16827168086429606,,-41.46603989196299,psi,,hardware
FT-PT,pressure,440.583320969,1779489285.8308845,2.926077595481586,,303.2596994351983,psi,,hardware
FM-PT,pressure,440.588473056,1779489285.8360364,1.7654212433601906,,158.17765542002383,psi,,hardware
FI-PT,pressure,440.592231337,1779489285.8397946,1.06075537929003,,70.09442241125375,psi,,hardware
WI-RTD,temperature,440.583012289,1779489285.8305757,,,-1120.7079965284706,°C,,hardware
WM-PT,pressure,440.595875157,1779489285.8434386,0.7276845845800144,,28.4605730725018,psi,,hardware
LF-PT,pressure,440.60030011,1779489285.8478632,0.16900779831502416,,-41.37402521062198,psi,,hardware
FT-PT,pressure,440.604485401,1779489285.8520489,2.9209331179777527,,302.6166397472191,psi,,hardware
CC-PT,pressure,440.608180405,1779489285.8557436,0.17823698261225016,,-40.22037717346873,psi,,hardware
FM-PT,pressure,440.611136737,1779489285.8587,1.7634858803136204,,157.93573503920254,psi,,hardware
E-LC,thrust,440.599743842,1779489285.8473072,0.06626223072555432,0.04332073549279398,1361.1953838104466,N,,hardware
FI-PT,pressure,440.615461618,1779489285.863025,1.0610295606886817,,70.12869508608522,psi,,hardware
WM-PT,pressure,440.619476246,1779489285.8670397,0.7279373083039891,,28.492163537998632,psi,,hardware
LF-PT,pressure,440.621949032,1779489285.869512,0.16955437297277126,,-41.30570337840359,psi,,hardware
FT-PT,pressure,440.625007067,1779489285.8725703,2.915661682565413,,301.95771032067665,psi,,hardware
CC-PT,pressure,440.628759885,1779489285.8763232,0.18045606380177304,,-39.94299202477837,psi,,hardware
FM-PT,pressure,440.63267407,1779489285.8802373,1.761492104708207,,157.68651308852588,psi,,hardware
E-LC,thrust,440.627202248,1779489285.8747654,0.06749400742280572,0.04252458498174966,1481.5190648359928,N,,hardware
FI-PT,pressure,440.636454535,1779489285.884018,1.0613925530186359,,70.17406912732949,psi,,hardware
WM-PT,pressure,440.639589476,1779489285.8871527,0.7281381759808274,,28.517271997603427,psi,,hardware
LF-PT,pressure,440.642711916,1779489285.890275,0.17005803228116423,,-41.24274596485447,psi,,hardware
FT-PT,pressure,440.645778469,1779489285.8933418,2.9103836906413667,,301.29796133017084,psi,,hardware
CC-PT,pressure,440.648863763,1779489285.896427,0.18250765591951085,,-39.68654301006114,psi,,hardware
FM-PT,pressure,440.652697375,1779489285.9002607,1.7594208430553486,,157.42760538191857,psi,,hardware
FI-PT,pressure,440.655678356,1779489285.9032416,1.0618002488375007,,70.22503110468759,psi,,hardware
WM-PT,pressure,440.660048773,1779489285.9076118,0.7285977278468285,,28.574715980853565,psi,,hardware
LF-PT,pressure,440.663834368,1779489285.9113977,0.17063679345092697,,-41.17040081863413,psi,,hardware
E-LC,thrust,440.649071518,1779489285.8966346,0.06694516033770566,0.04393159935553066,1365.4712849423831,N,,hardware
FT-PT,pressure,440.668340264,1779489285.915904,2.9048499947607507,,300.60624934509383,psi,,hardware
CC-PT,pressure,440.672376206,1779489285.91994,0.18452229315308252,,-39.43471335586468,psi,,hardware
FM-PT,pressure,440.675573034,1779489285.9231365,1.7573603102398287,,157.1700387799786,psi,,hardware
FI-PT,pressure,440.678689827,1779489285.9262533,1.0623176172158262,,70.28970215197828,psi,,hardware
WM-PT,pressure,440.684211796,1779489285.931776,0.7288689290128862,,28.60861612661078,psi,,hardware
LF-PT,pressure,440.687228443,1779489285.9347916,0.17128231183079623,,-41.08971102115047,psi,,hardware
FT-PT,pressure,440.69174832,1779489285.9393115,2.899411070276626,,299.92638378457826,psi,,hardware
E-LC,thrust,440.679213817,1779489285.9267771,0.06748106203747535,0.043916400169301054,1398.169937511675,N,,hardware
CC-PT,pressure,440.696129033,1779489285.9436922,0.1865601762008877,,-39.179977974889034,psi,,hardware
FM-PT,pressure,440.70011042,1779489285.9476736,1.755470246728688,,156.933780841086,psi,,hardware
FI-PT,pressure,440.705181547,1779489285.952745,1.0626066997774481,,70.32583747218102,psi,,hardware
WM-PT,pressure,440.707680573,1779489285.955244,0.7293630515769782,,28.670381447122278,psi,,hardware
LF-PT,pressure,440.712017084,1779489285.9595804,0.1719433274201545,,-41.00708407248069,psi,,hardware
WI-RTD,temperature,440.699768057,1779489285.9473317,,,-1114.3849156485574,°C,,hardware
FT-PT,pressure,440.715717254,1779489285.9632807,2.8940156571883744,,299.2519571485468,psi,,hardware
CC-PT,pressure,440.720366703,1779489285.9679298,0.18851401668954093,,-38.93574791380738,psi,,hardware
FM-PT,pressure,440.723935987,1779489285.9714992,1.75342878740177,,156.67859842522125,psi,,hardware
FI-PT,pressure,440.727514086,1779489285.9750774,1.0628814772226187,,70.36018465282734,psi,,hardware
WM-PT,pressure,440.730517677,1779489285.978081,0.7296175634405093,,28.702195430063664,psi,,hardware
E-LC,thrust,440.719406369,1779489285.96697,0.06804295695340119,0.042815800272321736,1496.8112964107145,N,,hardware
LF-PT,pressure,440.735010499,1779489285.982574,0.1723045316105523,,-40.96193354868097,psi,,hardware
FT-PT,pressure,440.738613968,1779489285.9861772,2.8886923657288985,,298.5865457161123,psi,,hardware
CC-PT,pressure,440.741105402,1779489285.988669,0.19047202950382586,,-38.69099631202177,psi,,hardware
FM-PT,pressure,440.743575985,1779489285.9911394,1.7514391841219883,,156.42989801524854,psi,,hardware
FI-PT,pressure,440.746719203,1779489285.9942825,1.0633285121117249,,70.41606401396561,psi,,hardware
LF-PT,pressure,440.750938623,1779489285.9985018,0.1730770078989277,,-40.86537401263404,psi,,hardware
WM-PT,pressure,440.754532111,1779489286.0020957,0.7294083511124076,,28.676043889050955,psi,,hardware
FT-PT,pressure,440.757551257,1779489286.0051143,2.883893595205974,,297.9866994007467,psi,,hardware
E-LC,thrust,440.746345581,1779489285.993909,0.06744012109221471,0.043060030333403394,1446.5520516894715,N,,hardware
FM-PT,pressure,440.762028097,1779489286.0095916,1.7511596383046673,,156.3949547880834,psi,,hardware
CC-PT,pressure,440.765631288,1779489286.0131948,0.1918071737059562,,-38.52410328675547,psi,,hardware
LF-PT,pressure,440.769225886,1779489286.0167904,0.17330827394822526,,-40.836465756471846,psi,,hardware
FI-PT,pressure,440.771735134,1779489286.0192988,1.062874324664393,,70.35929058304913,psi,,hardware
WM-PT,pressure,440.776515562,1779489286.0240788,0.7298696911179652,,28.733711389745647,psi,,hardware
FT-PT,pressure,440.780143955,1779489286.0277073,2.8791311835206965,,297.3913979400871,psi,,hardware
E-LC,thrust,440.773354511,1779489286.0209177,0.06781441036634568,0.04493773519250574,1357.3493936478367,N,,hardware
FM-PT,pressure,440.78386307,1779489286.0314262,1.7505469024833324,,156.31836281041655,psi,,hardware
CC-PT,pressure,440.786951474,1779489286.034515,0.19302906906951298,,-38.37136636631087,psi,,hardware
LF-PT,pressure,440.789449796,1779489286.037013,0.17356755418390682,,-40.80405572701165,psi,,hardware
FI-PT,pressure,440.791907601,1779489286.039471,1.0621990039585834,,70.27487549482292,psi,,hardware
FT-PT,pressure,440.79497045,1779489286.0425336,2.8752044290547882,,296.90055363184854,psi,,hardware
WM-PT,pressure,440.79840744,1779489286.0459707,0.7313514627637223,,28.91893284546529,psi,,hardware
LF-PT,pressure,440.802567972,1779489286.050131,0.17406048465496118,,-40.742439418129855,psi,,hardware
FM-PT,pressure,440.805619914,1779489286.0531833,1.7485114036216025,,156.06392545270032,psi,,hardware
E-LC,thrust,440.796452274,1779489286.0440154,0.06657603059125311,0.04343571659156282,1372.991963981624,N,,hardware
CC-PT,pressure,440.811348138,1779489286.0589123,0.19441785745833606,,-38.19776781770799,psi,,hardware
FT-PT,pressure,440.814290341,1779489286.061854,2.870154126900926,,296.2692658626158,psi,,hardware
FI-PT,pressure,440.817405985,1779489286.0649695,1.0630847290855323,,70.38559113569154,psi,,hardware
WM-PT,pressure,440.819936159,1779489286.0674996,0.7318724074211607,,28.984050927645082,psi,,hardware
LF-PT,pressure,440.825286798,1779489286.07285,0.17475368675633512,,-40.65578915545811,psi,,hardware
FM-PT,pressure,440.829491699,1779489286.077055,1.7464961703415118,,155.81202129268897,psi,,hardware
WI-RTD,temperature,440.81944928,1779489286.0670125,,,-1104.1033449519864,°C,,hardware
CC-PT,pressure,440.833200388,1779489286.0807636,0.19572260328800717,,-38.0346745889991,psi,,hardware
FT-PT,pressure,440.837865558,1779489286.0854287,2.864629371718093,,295.5786714647616,psi,,hardware
FI-PT,pressure,440.841729188,1779489286.0892923,1.0640568809577085,,70.50711011971356,psi,,hardware
WM-PT,pressure,440.845454617,1779489286.0930178,0.7320935406796385,,29.01169258495481,psi,,hardware
LF-PT,pressure,440.847968439,1779489286.0955317,0.17524184885523902,,-40.59476889309512,psi,,hardware
E-LC,thrust,440.836973482,1779489286.0845368,0.06675959429259232,0.04497848056000239,1292.346081467002,N,,hardware
FM-PT,pressure,440.851690405,1779489286.0992537,1.7443748407810735,,155.5468550976342,psi,,hardware
CC-PT,pressure,440.855347576,1779489286.102911,0.19696416818668463,,-37.87947897666442,psi,,hardware
FT-PT,pressure,440.858429592,1779489286.105993,2.8596601318907893,,294.95751648634865,psi,,hardware
FI-PT,pressure,440.860919322,1779489286.1084828,1.0649020749213784,,70.61275936517231,psi,,hardware
WM-PT,pressure,440.863374034,1779489286.1109376,0.7325572648712713,,29.069658108908907,psi,,hardware
LF-PT,pressure,440.868633712,1779489286.1161976,0.17587067793258165,,-40.51616525842729,psi,,hardware
FM-PT,pressure,440.873432583,1779489286.1209967,1.7423268249424486,,155.29085311780608,psi,,hardware
CC-PT,pressure,440.876474377,1779489286.1240377,0.19831242541222874,,-37.71094682347141,psi,,hardware
E-LC,thrust,440.86452029,1779489286.1120834,0.06615309833325128,0.04372409134794371,1330.787747794916,N,,hardware
FT-PT,pressure,440.880918311,1779489286.1284816,2.854276043686395,,294.2845054607994,psi,,hardware
FI-PT,pressure,440.88344117,1779489286.1310046,1.0658116419090797,,70.72645523863497,psi,,hardware
WM-PT,pressure,440.886524278,1779489286.1340876,0.7328058162696143,,29.100727033701784,psi,,hardware
LF-PT,pressure,440.889586905,1779489286.13715,0.17631413654257494,,-40.46073293217813,psi,,hardware
FM-PT,pressure,440.892043839,1779489286.139607,1.7404200721287812,,155.05250901609764,psi,,hardware
FT-PT,pressure,440.895672048,1779489286.1432354,2.8507259906203735,,293.8407488275467,psi,,hardware
CC-PT,pressure,440.898736137,1779489286.1462996,0.20021262171418924,,-37.47342228572634,psi,,hardware
LF-PT,pressure,440.903174164,1779489286.1507375,0.1765233488706766,,-40.43458139116542,psi,,hardware
E-LC,thrust,440.892511145,1779489286.1400743,0.0664305766142102,0.04313280388805913,1382.3345150849636,N,,hardware
FI-PT,pressure,440.907167495,1779489286.1547308,1.0651649314361729,,70.64561642952161,psi,,hardware
WM-PT,pressure,440.910232492,1779489286.157796,0.7330478111562504,,29.1309763945313,psi,,hardware
FT-PT,pressure,440.913327989,1779489286.160891,2.8464410121966615,,293.3051265245827,psi,,hardware
FM-PT,pressure,440.915766257,1779489286.1633298,1.73992058514602,,154.9900731432525,psi,,hardware
CC-PT,pressure,440.918882068,1779489286.1664453,0.20152988452075538,,-37.30876443490558,psi,,hardware
LF-PT,pressure,440.922561979,1779489286.1701252,0.17675699910604942,,-40.40537511174382,psi,,hardware
FI-PT,pressure,440.925568792,1779489286.173132,1.0646183567784258,,70.57729459730322,psi,,hardware
FT-PT,pressure,440.930441403,1779489286.1780052,2.8422764351697487,,292.7845543962186,psi,,hardware
E-LC,thrust,440.918731441,1779489286.1662948,0.06708041633134083,0.04291009669424256,1434.1056318011642,N,,hardware
FM-PT,pressure,440.934824838,1779489286.1823883,1.7397548842137913,,154.9693605267239,psi,,hardware
WM-PT,pressure,440.940410861,1779489286.1879752,0.7338930051199204,,29.23662563999005,psi,,hardware
LF-PT,pressure,440.945179622,1779489286.1927438,0.17723622050717122,,-40.34547243660359,psi,,hardware
FT-PT,pressure,440.947546021,1779489286.1951094,2.837608794880962,,292.2010993601202,psi,,hardware
FI-PT,pressure,440.951258876,1779489286.1988225,1.0654826242306976,,70.6853280288372,psi,,hardware
CC-PT,pressure,440.95422819,1779489286.2017915,0.20236673383316206,,-37.20415827085474,psi,,hardware
WI-RTD,temperature,440.937028592,1779489286.1845918,,,-1090.6139573102723,°C,,hardware
LF-PT,pressure,440.958581533,1779489286.206145,0.17759682865105017,,-40.300396418618725,psi,,hardware
FM-PT,pressure,440.963314331,1779489286.2108777,1.7375477239546446,,154.69346549433058,psi,,hardware
WM-PT,pressure,440.965800043,1779489286.2133634,0.7346660774548146,,29.333259681851825,psi,,hardware
FT-PT,pressure,440.972603006,1779489286.2201672,2.832701543891614,,291.58769298645177,psi,,hardware
FI-PT,pressure,440.97631688,1779489286.2238803,1.0662974198219084,,70.78717747773855,psi,,hardware
E-LC,thrust,440.961302611,1779489286.2088661,0.06735782941971176,0.06791632500783502,33.13740489531369,N,,hardware
CC-PT,pressure,440.979361155,1779489286.2269247,0.20315828361013932,,-37.10521454873258,psi,,hardware
LF-PT,pressure,440.983017048,1779489286.2305806,0.177802464700039,,-40.27469191249512,psi,,hardware
FM-PT,pressure,440.986108656,1779489286.233672,1.73557957834954,,154.4474472936925,psi,,hardware
WM-PT,pressure,440.98856709,1779489286.2361305,0.7354331893245207,,29.42914866556509,psi,,hardware
FT-PT,pressure,440.992166392,1779489286.2397296,2.828256825000861,,291.03210312510765,psi,,hardware
FI-PT,pressure,440.995842489,1779489286.2434058,1.067389377044365,,70.92367213054563,psi,,hardware
E-LC,thrust,440.990317983,1779489286.2378814,0.0665097204160357,0.044360147489326894,1314.2079936513892,N,,hardware
LF-PT,pressure,440.999615713,1779489286.247179,0.17851235610393953,,-40.185955487007554,psi,,hardware
FM-PT,pressure,441.00277556,1779489286.2503388,1.7337002436757378,,154.21253045946722,psi,,hardware
CC-PT,pressure,441.005889815,1779489286.253453,0.20430924943795795,,-36.96134382025526,psi,,hardware
FT-PT,pressure,441.009464914,1779489286.2570283,2.8235486535487953,,290.4435816935994,psi,,hardware
WM-PT,pressure,441.012580058,1779489286.2601433,0.7368100567829676,,29.601257097870953,psi,,hardware
LF-PT,pressure,441.016918975,1779489286.264482,0.17894448983007546,,-40.13193877124056,psi,,hardware
FM-PT,pressure,441.020626145,1779489286.2681894,1.7318209090019356,,153.97761362524196,psi,,hardware
E-LC,thrust,441.012236731,1779489286.2598,0.06709657477993665,0.04117454892987596,1538.0402004369341,N,,hardware
FI-PT,pressure,441.024287242,1779489286.2718506,1.06758190006994,,70.9477375087425,psi,,hardware
FT-PT,pressure,441.027411238,1779489286.2749743,2.81947527163926,,289.9344089549075,psi,,hardware
WM-PT,pressure,441.030483865,1779489286.2780473,0.7379890367971703,,29.74862959964629,psi,,hardware
CC-PT,pressure,441.032918744,1779489286.280482,0.20493748246878177,,-36.88281469140228,psi,,hardware
LF-PT,pressure,441.035977982,1779489286.2835412,0.17924191704296075,,-40.0947603696299,psi,,hardware
FM-PT,pressure,441.03963882,1779489286.2872024,1.729697195255422,,153.71214940692775,psi,,hardware
FT-PT,pressure,441.042660225,1779489286.2902236,2.815901972759005,,289.48774659487566,psi,,hardware
FI-PT,pressure,441.047134899,1779489286.2946982,1.0685367665930707,,71.06709582413384,psi,,hardware
E-LC,thrust,441.036871169,1779489286.2844343,0.06778278264794142,0.04340007487238346,1446.7073280164389,N,,hardware
LF-PT,pressure,441.051502112,1779489286.2990654,0.17994227170256039,,-40.00721603717995,psi,,hardware
WM-PT,pressure,441.054620867,1779489286.302184,0.7377226040032631,,29.715325500407882,psi,,hardware
CC-PT,pressure,441.057124727,1779489286.304688,0.20554962224359777,,-36.80629721955028,psi,,hardware
FT-PT,pressure,441.059592458,1779489286.3071556,2.8113326801458216,,288.9165850182277,psi,,hardware
FM-PT,pressure,441.065500271,1779489286.313064,1.729405728507725,,153.67571606346561,psi,,hardware
LF-PT,pressure,441.07072969,1779489286.318294,0.18082620868995292,,-39.896723913755885,psi,,hardware
FI-PT,pressure,441.07440486,1779489286.3219683,1.0680241665868957,,71.00302082336196,psi,,hardware
WI-RTD,temperature,441.061344276,1779489286.3089075,,,-876.1725824576542,°C,,hardware
WM-PT,pressure,441.078020976,1779489286.3255842,0.7381183788917517,,29.76479736146896,psi,,hardware
CC-PT,pressure,441.082714276,1779489286.3302777,0.2061492450415188,,-36.73134436981015,psi,,hardware
LF-PT,pressure,441.086247319,1779489286.3338108,0.18104555380887433,,-39.86930577389071,psi,,hardware
FT-PT,pressure,441.090360945,1779489286.3379242,2.80580732891647,,288.22591611455874,psi,,hardware
FM-PT,pressure,441.093303629,1779489286.3408668,1.7289682303629197,,153.62102879536496,psi,,hardware
E-LC,thrust,441.081777164,1779489286.3293405,0.06674655577499339,0.04313980743465513,1400.6670681934036,N,,hardware
FI-PT,pressure,441.097649176,1779489286.3452125,1.068243511705817,,71.03043896322714,psi,,hardware
WM-PT,pressure,441.100727543,1779489286.348291,0.7384736226169614,,29.80920282712017,psi,,hardware
CC-PT,pressure,441.103773004,1779489286.3513362,0.2069133766786309,,-36.635827915171134,psi,,hardware
LF-PT,pressure,441.106852815,1779489286.354416,0.18119039311294471,,-39.85120086088191,psi,,hardware
FT-PT,pressure,441.109376193,1779489286.3569396,2.8010478974637865,,287.6309871829733,psi,,hardware
FM-PT,pressure,441.113036105,1779489286.3605993,1.728251782447312,,153.531472805914,psi,,hardware
FI-PT,pressure,441.115549464,1779489286.3631127,1.0684622607782197,,71.05778259727747,psi,,hardware
WM-PT,pressure,441.119287782,1779489286.366851,0.7386840270381007,,29.83550337976258,psi,,hardware
CC-PT,pressure,441.122239151,1779489286.3698025,0.2076548585480283,,-36.54314268149646,psi,,hardware
E-LC,thrust,441.109270399,1779489286.3568335,0.06793886301682746,0.04300687974773404,1479.2976739662095,N,,hardware
LF-PT,pressure,441.126565847,1779489286.374129,0.1814520575347015,,-39.81849280816231,psi,,hardware
FT-PT,pressure,441.129685602,1779489286.3772488,2.7962962146158477,,287.03702682698093,psi,,hardware
FM-PT,pressure,441.132143629,1779489286.3797069,1.7277946147673862,,153.47432684592326,psi,,hardware
FI-PT,pressure,441.135224589,1779489286.382788,1.0687227331069389,,71.09034163836736,psi,,hardware
WM-PT,pressure,441.138353325,1779489286.3859167,0.7391018556477852,,29.88773195597315,psi,,hardware
LF-PT,pressure,441.142053607,1779489286.389617,0.18183650753933278,,-39.7704365575834,psi,,hardware
CC-PT,pressure,441.144576651,1779489286.3921402,0.2080858001811266,,-36.48927497735917,psi,,hardware
FT-PT,pressure,441.148301173,1779489286.3958645,2.7913955201382064,,286.4244400172758,psi,,hardware
FM-PT,pressure,441.150757255,1779489286.3983204,1.7273118170871515,,153.41397713589393,psi,,hardware
FI-PT,pressure,441.154511628,1779489286.4020753,1.0688461147363322,,71.10576434204152,psi,,hardware
E-LC,thrust,441.138166959,1779489286.3857303,0.06702892350005192,0.04280550915664544,1437.2559177087846,N,,hardware
WM-PT,pressure,441.156938619,1779489286.4045017,0.7393110679758869,,29.913883496985857,psi,,hardware
LF-PT,pressure,441.159818768,1779489286.4073822,0.1822716214980628,,-39.71604731274215,psi,,hardware
CC-PT,pressure,441.162914301,1779489286.4104776,0.2083772669288238,,-36.45284163389702,psi,,hardware
FT-PT,pressure,441.165368495,1779489286.412932,2.786754105896247,,285.8442632370309,psi,,hardware
FM-PT,pressure,441.170541693,1779489286.4181054,1.7267908724297132,,153.34885905371414,psi,,hardware
LF-PT,pressure,441.17417692,1779489286.42174,0.1833558301157749,,-39.58052123552814,psi,,hardware
E-LC,thrust,441.168755171,1779489286.416319,0.06796209020460726,0.04360626040175681,1445.1125683024602,N,,hardware
FI-PT,pressure,441.177884275,1779489286.4254477,1.0683454356605333,,71.04317945756667,psi,,hardware
WM-PT,pressure,441.18101366,1779489286.428577,0.7396406817007878,,29.955085212598473,psi,,hardware
FT-PT,pressure,441.184919715,1779489286.4324827,2.782425616076662,,285.3032020095828,psi,,hardware
FM-PT,pressure,441.189406851,1779489286.4369702,1.7262806566096134,,153.28508207620166,psi,,hardware
CC-PT,pressure,441.195161056,1779489286.442726,0.20952763671012364,,-36.30904541123454,psi,,hardware
LF-PT,pressure,441.198797432,1779489286.4463606,0.18340232174424193,,-39.57470978196976,psi,,hardware
WI-RTD,temperature,441.181847847,1779489286.4294112,,,-1123.7508198449416,°C,,hardware
FI-PT,pressure,441.201736412,1779489286.4492998,1.0677797875141843,,70.97247343927305,psi,,hardware
WM-PT,pressure,441.206625634,1779489286.454189,0.7400459933335773,,30.005749166697168,psi,,hardware
FT-PT,pressure,441.210128475,1779489286.457692,2.777966592069458,,284.74582400868223,psi,,hardware
FM-PT,pressure,441.214245563,1779489286.461809,1.7255433470658477,,153.19291838323096,psi,,hardware
E-LC,thrust,441.204521156,1779489286.4520845,0.03018077822694519,0.04517497102021825,889.655439067535,N,,hardware
CC-PT,pressure,441.216756644,1779489286.46432,0.21071674951514596,,-36.16040631060675,psi,,hardware
LF-PT,pressure,441.219903714,1779489286.467467,0.1835102061641462,,-39.561224229481724,psi,,hardware
FI-PT,pressure,441.222991174,1779489286.4705544,1.0671664556463307,,70.89580695579134,psi,,hardware
FT-PT,pressure,441.225440423,1779489286.4730039,2.7742824285367047,,284.2853035670881,psi,,hardware
WM-PT,pressure,441.228581974,1779489286.4761453,0.7413191486977516,,30.164893587218952,psi,,hardware
FM-PT,pressure,441.232282459,1779489286.4798455,1.7237200407648134,,152.96500509560167,psi,,hardware
CC-PT,pressure,441.235316661,1779489286.48288,0.21193685673914633,,-36.00789290760671,psi,,hardware
LF-PT,pressure,441.240216789,1779489286.48778,0.18380405709791864,,-39.52449286276017,psi,,hardware
E-LC,thrust,441.228393608,1779489286.4759567,0.06677755019397141,0.0436399090903889,1372.8333721458957,N,,hardware
FT-PT,pressure,441.244579114,1779489286.4921424,2.7695378982469916,,283.69223728087394,psi,,hardware
FI-PT,pressure,441.247726183,1779489286.4952893,1.0679097256552845,,70.98871570691057,psi,,hardware
FM-PT,pressure,441.250198488,1779489286.4977617,1.7226477530774775,,152.8309691346847,psi,,hardware
WM-PT,pressure,441.253247596,1779489286.5008109,0.7419825484731851,,30.24781855914814,psi,,hardware
CC-PT,pressure,441.256329056,1779489286.5038922,0.21252277046713478,,-35.934653691608155,psi,,hardware
LF-PT,pressure,441.259974783,1779489286.5075378,0.18387737081973204,,-39.515328647533494,psi,,hardware
FT-PT,pressure,441.262344441,1779489286.5099077,2.7650013881923425,,283.1251735240428,psi,,hardware
FM-PT,pressure,441.266041204,1779489286.5136044,1.7224868205173993,,152.81085256467492,psi,,hardware
FI-PT,pressure,441.272254697,1779489286.5198188,1.06810701705301,,71.01337713162626,psi,,hardware
E-LC,thrust,441.256225169,1779489286.5037882,0.06787720014181138,0.04452867964251991,1385.3455496246274,N,,hardware
LF-PT,pressure,441.274646133,1779489286.5222096,0.18445851617557005,,-39.44268547805374,psi,,hardware
WM-PT,pressure,441.27781872,1779489286.525382,0.7417041947489017,,30.213024343612712,psi,,hardware
CC-PT,pressure,441.28028184,1779489286.5278451,0.213208820010283,,-35.84889749871463,psi,,hardware
FT-PT,pressure,441.283356874,1779489286.5309203,2.760233612088396,,282.5292015110495,psi,,hardware
FM-PT,pressure,441.286523313,1779489286.5340867,1.7219587233017353,,152.7448404127169,psi,,hardware
LF-PT,pressure,441.290195984,1779489286.5377593,0.1854306680477462,,-39.32116649403172,psi,,hardware
FI-PT,pressure,441.292691455,1779489286.5402548,1.0674722275104793,,70.93402843880992,psi,,hardware
WM-PT,pressure,441.296334497,1779489286.5438976,0.7420028140548246,,30.250351756853075,psi,,hardware
CC-PT,pressure,441.29927257,1779489286.5468357,0.21380546257561,,-35.77431717804875,psi,,hardware
E-LC,thrust,441.286304188,1779489286.5338674,0.06749636366920038,0.04422983681915245,1380.4805931028438,N,,hardware
LF-PT,pressure,441.30361771,1779489286.551181,0.18580856154067057,,-39.273929807416174,psi,,hardware
FT-PT,pressure,441.309135419,1779489286.5566986,2.7551630443528947,,281.89538054411184,psi,,hardware
FM-PT,pressure,441.312773757,1779489286.560337,1.7213185693405353,,152.6648211675669,psi,,hardware
WI-RTD,temperature,441.30521966,1779489286.5527833,,,-1075.5584562716047,°C,,hardware
FI-PT,pressure,441.317296171,1779489286.5648594,1.0679621777489396,,70.99527221861746,psi,,hardware
WM-PT,pressure,441.324632568,1779489286.5721958,0.742222159173746,,30.27776989671825,psi,,hardware
CC-PT,pressure,441.328301702,1779489286.5758648,0.21440687351308746,,-35.699140810864066,psi,,hardware
E-LC,thrust,441.322550774,1779489286.5701149,0.06769567603715372,0.04467286702071035,1366.0200016423069,N,,hardware
LF-PT,pressure,441.33191891,1779489286.579482,0.18586995433210782,,-39.26625570848652,psi,,hardware
FT-PT,pressure,441.335090683,1779489286.582654,2.7500203549886173,,281.25254437357717,psi,,hardware
FM-PT,pressure,441.338157551,1779489286.5857208,1.720769610496713,,152.5962013120891,psi,,hardware
FI-PT,pressure,441.341281028,1779489286.5888443,1.0681320510068,,71.01650637585,psi,,hardware
WM-PT,pressure,441.344350432,1779489286.5919137,0.7426471403416562,,30.33089254270703,psi,,hardware
LF-PT,pressure,441.348049436,1779489286.5956128,0.18623890712725008,,-39.220136609093736,psi,,hardware
CC-PT,pressure,441.350994565,1779489286.5985577,0.2147603290987407,,-35.65495886265741,psi,,hardware
FT-PT,pressure,441.355296724,1779489286.60286,2.745295494234025,,280.6619367792531,psi,,hardware
E-LC,thrust,441.344566151,1779489286.5921292,0.028931390217708377,0.046251431033185846,1027.6557550516632,N,,hardware
FM-PT,pressure,441.358962561,1779489286.606526,1.7202522421183875,,152.53153026479842,psi,,hardware
FI-PT,pressure,441.362450643,1779489286.610014,1.0683800063586242,,71.04750079482803,psi,,hardware
LF-PT,pressure,441.364905763,1779489286.6124692,0.1870185359738512,,-39.1226830032686,psi,,hardware
WM-PT,pressure,441.369130756,1779489286.6166947,0.7423568656869967,,30.294608210874582,psi,,hardware
FT-PT,pressure,441.372314047,1779489286.619877,2.74144205348993,,280.18025668624125,psi,,hardware
CC-PT,pressure,441.378138547,1779489286.6257021,0.21659853656274516,,-35.42518292965685,psi,,hardware
E-LC,thrust,441.372074255,1779489286.619638,0.058013393940138096,0.04474123541906302,787.481405583788,N,,hardware
LF-PT,pressure,441.381743867,1779489286.6293075,0.18719138946430558,,-39.1010763169618,psi,,hardware
FM-PT,pressure,441.384901603,1779489286.6324651,1.7180093190681123,,152.25116488351404,psi,,hardware
FI-PT,pressure,441.387963378,1779489286.635527,1.0685862384541318,,71.07327980676648,psi,,hardware
FT-PT,pressure,441.391037616,1779489286.638601,2.7376273557695576,,279.7034194711947,psi,,hardware
WM-PT,pressure,441.394604418,1779489286.6421676,0.74362048430687,,30.45256053835875,psi,,hardware
LF-PT,pressure,441.398264848,1779489286.645828,0.1875347122591391,,-39.05816096760761,psi,,hardware
FM-PT,pressure,441.401298772,1779489286.6488621,1.7160966057892568,,152.0120757236571,psi,,hardware
CC-PT,pressure,441.405811038,1779489286.6533742,0.2177524826231578,,-35.28093967210527,psi,,hardware
FT-PT,pressure,441.409457264,1779489286.6570206,2.7331385294364132,,279.14231617955164,psi,,hardware
E-LC,thrust,441.394380256,1779489286.6419437,0.06583737062959322,0.0456901973563668,1195.3989475447675,N,,hardware
FI-PT,pressure,441.412421578,1779489286.6599848,1.0693140112535966,,71.16425140669958,psi,,hardware
WM-PT,pressure,441.415451595,1779489286.663015,0.7439131431476048,,30.4891428934506,psi,,hardware
LF-PT,pressure,441.418532851,1779489286.6660962,0.18804015970708843,,-38.994980036613946,psi,,hardware
FM-PT,pressure,441.421778659,1779489286.6693423,1.7141099827420692,,151.76374784275865,psi,,hardware
FT-PT,pressure,441.425658381,1779489286.6732216,2.7299061691649165,,278.73827114561453,psi,,hardware
FI-PT,pressure,441.430141925,1779489286.6777053,1.0703243101029767,,71.29053876287209,psi,,hardware
CC-PT,pressure,441.434426621,1779489286.68199,0.21856191379569934,,-35.17976077553758,psi,,hardware
LF-PT,pressure,441.438141569,1779489286.6857047,0.18816473342951934,,-38.97940832131008,psi,,hardware
WI-RTD,temperature,441.422609921,1779489286.6701732,,,-1081.2666369335755,°C,,hardware
FM-PT,pressure,441.441083791,1779489286.6886473,1.7123647585349988,,151.54559481687485,psi,,hardware
WM-PT,pressure,441.445953216,1779489286.6935165,0.7446647578078219,,30.58309472597774,psi,,hardware
LF-PT,pressure,441.451437945,1779489286.699002,0.1886135564581819,,-38.92330544272726,psi,,hardware
E-LC,thrust,441.443878719,1779489286.691442,0.06746350660485108,0.045333118925466404,1313.069668976824,N,,hardware
FT-PT,pressure,441.4551398,1779489286.7027035,2.7246210246826443,,278.07762808533056,psi,,hardware
FI-PT,pressure,441.458249334,1779489286.7058132,1.071053274995479,,71.38165937443489,psi,,hardware
CC-PT,pressure,441.461324942,1779489286.7088883,0.21923544636195258,,-35.095569204755925,psi,,hardware
FM-PT,pressure,441.46377108,1779489286.7113345,1.7102219712998834,,151.2777464124854,psi,,hardware
WM-PT,pressure,441.468353456,1779489286.7159173,0.7454604799104309,,30.682559988803856,psi,,hardware
LF-PT,pressure,441.473001756,1779489286.7205658,0.18901290762578338,,-38.87338654677708,psi,,hardware
FT-PT,pressure,441.477149751,1779489286.7247136,2.719877686485969,,277.4847108107461,psi,,hardware
FI-PT,pressure,441.479521446,1779489286.7270849,1.071936019889834,,71.49200248622925,psi,,hardware
E-LC,thrust,441.468097794,1779489286.715661,0.06633737915305843,0.044841799642658185,1275.4043842837477,N,,hardware
FM-PT,pressure,441.483256171,1779489286.7308192,1.7091318022169832,,151.1414752771229,psi,,hardware
WM-PT,pressure,441.48638113,1779489286.7339447,0.7459921534052077,,30.749019175650968,psi,,hardware
CC-PT,pressure,441.488861805,1779489286.736425,0.2196377777621481,,-35.045277779731485,psi,,hardware
LF-PT,pressure,441.49132761,1779489286.7388911,0.18918039669756848,,-38.85245041280394,psi,,hardware
FT-PT,pressure,441.494393089,1779489286.7419562,2.7154264110835094,,276.92830138543866,psi,,hardware
FM-PT,pressure,441.497851782,1779489286.745415,1.7086549650019365,,151.08187062524206,psi,,hardware
FI-PT,pressure,441.501334604,1779489286.748898,1.0720564212866333,,71.50705266082916,psi,,hardware
LF-PT,pressure,441.50546097,1779489286.7530243,0.18975081321606796,,-38.781148347991504,psi,,hardware
E-LC,thrust,441.495852524,1779489286.7434158,0.06757068321951427,0.04406430352500719,1394.711861874087,N,,hardware
WM-PT,pressure,441.507802629,1779489286.7553658,0.7457102234018115,,30.713777925226434,psi,,hardware
CC-PT,pressure,441.510995864,1779489286.7585592,0.2201986575363466,,-34.97516780795667,psi,,hardware
FT-PT,pressure,441.514048639,1779489286.761612,2.710934008471251,,276.3667510589064,psi,,hardware
FM-PT,pressure,441.517140043,1779489286.7647035,1.7080833563903994,,151.01041954879992,psi,,hardware
LF-PT,pressure,441.521184985,1779489286.768748,0.1907593239258914,,-38.655084509263574,psi,,hardware
FI-PT,pressure,441.524956691,1779489286.7725203,1.0715670670946917,,71.44588338683647,psi,,hardware
E-LC,thrust,441.51955396,1779489286.767117,0.06630544409816791,0.044139340193789026,1315.1888316598138,N,,hardware
WM-PT,pressure,441.528614991,1779489286.7761784,0.7460153992194413,,30.751924902430158,psi,,hardware
FT-PT,pressure,441.531727265,1779489286.7792907,2.7069244035392286,,275.86555044240356,psi,,hardware
FM-PT,pressure,441.534827447,1779489286.7823908,1.707531417313983,,150.94142716424787,psi,,hardware
CC-PT,pressure,441.53790287,1779489286.7854662,0.22137704150403043,,-34.827869811996194,psi,,hardware
LF-PT,pressure,441.540922071,1779489286.7884853,0.19092204462552603,,-38.634744421809245,psi,,hardware
FI-PT,pressure,441.544650185,1779489286.7922134,1.0709740008084776,,71.3717501010597,psi,,hardware
FT-PT,pressure,441.548880197,1779489286.7964437,2.7032450083786257,,275.4056260473282,psi,,hardware
FM-PT,pressure,441.55301547,1779489286.8005788,1.707074845680576,,150.884355710072,psi,,hardware
E-LC,thrust,441.541187251,1779489286.7887504,0.030803525767150612,0.04525257813961245,857.310440766069,N,,hardware
WM-PT,pressure,441.555946451,1779489286.8035097,0.7467568810888386,,30.84461013610483,psi,,hardware
LF-PT,pressure,441.561276387,1779489286.8088398,0.19127132788554763,,-38.591084014306546,psi,,hardware
FI-PT,pressure,441.564292496,1779489286.8118558,1.0704810703374232,,71.31013379217791,psi,,hardware
CC-PT,pressure,441.56908359,1779489286.816647,0.22203507686079466,,-34.745615392400666,psi,,hardware
FT-PT,pressure,441.573227085,1779489286.8207905,2.698492729484168,,274.811591185521,psi,,hardware
WI-RTD,temperature,441.55721789,1779489286.8047812,,,-1119.8836484819315,°C,,hardware
FM-PT,pressure,441.57810964,1779489286.825674,1.7063440926485172,,150.79301158106463,psi,,hardware
WM-PT,pressure,441.583624608,1779489286.831188,0.747368424817136,,30.921053102141993,psi,,hardware
LF-PT,pressure,441.586643162,1779489286.8342066,0.19167306323922437,,-38.54086709509695,psi,,hardware
FI-PT,pressure,441.590887692,1779489286.8384511,1.0699547612613156,,71.24434515766445,psi,,hardware
CC-PT,pressure,441.594566066,1779489286.8421295,0.22269788058970935,,-34.66276492628633,psi,,hardware
E-LC,thrust,441.581007621,1779489286.8285708,0.06746558345444005,0.0460311732180325,1271.775007360181,N,,hardware
FT-PT,pressure,441.59758799,1779489286.8451512,2.6939949624532415,,274.2493703066552,psi,,hardware
FM-PT,pressure,441.601219662,1779489286.848783,1.7056431419423987,,150.70539274279983,psi,,hardware
WM-PT,pressure,441.604287103,1779489286.8518505,0.7479203638935523,,30.99004548669404,psi,,hardware
LF-PT,pressure,441.60673726,1779489286.8543005,0.19205274487170518,,-38.49340689103685,psi,,hardware
FI-PT,pressure,441.610309266,1779489286.8578727,1.0693712317194024,,71.1714039649253,psi,,hardware
FT-PT,pressure,441.614078787,1779489286.861642,2.6904496777593705,,273.8062097199213,psi,,hardware
E-LC,thrust,441.608512819,1779489286.856076,0.06796525670173843,0.04421729190257691,1409.045911416917,N,,hardware
CC-PT,pressure,441.617688681,1779489286.865252,0.22449615293695366,,-34.43798088288079,psi,,hardware
LF-PT,pressure,441.620847565,1779489286.8684108,0.19221188929222696,,-38.473513838471625,psi,,hardware
FM-PT,pressure,441.623333906,1779489286.8708973,1.70337697307789,,150.42212163473624,psi,,hardware
WM-PT,pressure,441.626140538,1779489286.873704,0.7484723029699687,,31.059037871246087,psi,,hardware
FT-PT,pressure,441.629197276,1779489286.8767605,2.6866439207367803,,273.33049009209753,psi,,hardware
FI-PT,pressure,441.632872206,1779489286.8804355,1.070180662891944,,71.27258286149299,psi,,hardware
LF-PT,pressure,441.635852501,1779489286.8834157,0.1928854218584802,,-38.38932226768997,psi,,hardware
CC-PT,pressure,441.640125419,1779489286.8876886,0.22477808294034993,,-34.40273963245625,psi,,hardware
FT-PT,pressure,441.643869089,1779489286.8914325,2.6826414683629833,,272.8301835453729,psi,,hardware
E-LC,thrust,441.630331384,1779489286.8778946,0.06653626311257638,0.045746439933352465,1233.529508633952,N,,hardware
FM-PT,pressure,441.646918994,1779489286.8944821,1.702739799349284,,150.3424749186605,psi,,hardware
WM-PT,pressure,441.650530388,1779489286.8980935,0.7490236459998663,,31.127955749983283,psi,,hardware
LF-PT,pressure,441.653636921,1779489286.9012,0.19316317953624482,,-38.35460255796939,psi,,hardware
FI-PT,pressure,441.656122022,1779489286.9036853,1.0696138226525573,,71.20172783156967,psi,,hardware
FT-PT,pressure,441.659727842,1779489286.9072912,2.679174861809595,,272.39685772619936,psi,,hardware
CC-PT,pressure,441.663500492,1779489286.911064,0.2265602620315864,,-34.179967246051696,psi,,hardware
E-LC,thrust,441.657839322,1779489286.9054027,0.029427720016565323,0.04619905344534558,995.0991167742951,N,,hardware
LF-PT,pressure,441.669044738,1779489286.9166086,0.19330980697987163,,-38.33627412751604,psi,,hardware
FM-PT,pressure,441.672986922,1779489286.9205508,1.7005689979277847,,150.0711247409731,psi,,hardware
WM-PT,pressure,441.676129251,1779489286.9236925,0.7495779692623579,,31.197246157794734,psi,,hardware
FT-PT,pressure,441.679224988,1779489286.9267883,2.6751515478076393,,271.8939434759549,psi,,hardware
FI-PT,pressure,441.683750754,1779489286.9313142,1.070416697313392,,71.302087164174,psi,,hardware
CC-PT,pressure,441.688111411,1779489286.935675,0.22742214529778304,,-34.07223183777712,psi,,hardware
LF-PT,pressure,441.691799582,1779489286.9393628,0.1932782165143748,,-38.340222935703146,psi,,hardware
FM-PT,pressure,441.694811784,1779489286.9423752,1.6983952162736913,,149.7994020342114,psi,,hardware
WI-RTD,temperature,441.681046954,1779489286.9286106,,,-1076.9617470556227,°C,,hardware
WM-PT,pressure,441.699286661,1779489286.94685,0.7502801120615139,,31.285014007689238,psi,,hardware
FT-PT,pressure,441.704147698,1779489286.951711,2.6709190214775824,,271.36487768469783,psi,,hardware
FI-PT,pressure,441.710007253,1779489286.9575717,1.0712809647656638,,71.41012059570798,psi,,hardware
E-LC,thrust,441.702492619,1779489286.9500558,0.06823421338012378,0.04764705533052151,1221.5047109430682,N,,hardware
CC-PT,pressure,441.714273283,1779489286.9618366,0.22812846042257073,,-33.983942447178656,psi,,hardware
LF-PT,pressure,441.717419871,1779489286.9649835,0.19343736093489658,,-38.32032988313792,psi,,hardware
FM-PT,pressure,441.720495182,1779489286.9680583,1.6961785192702437,,149.52231490878046,psi,,hardware
WM-PT,pressure,441.722951469,1779489286.9705148,0.7509464920695414,,31.36831150869268,psi,,hardware
FT-PT,pressure,441.726034373,1779489286.9735978,2.6669749816626287,,270.8718727078286,psi,,hardware
FI-PT,pressure,441.729655397,1779489286.9772189,1.0719127740756005,,71.48909675945006,psi,,hardware
LF-PT,pressure,441.732635988,1779489286.980199,0.19412579466412005,,-38.23427566698499,psi,,hardware
CC-PT,pressure,441.736949757,1779489286.984513,0.2283191953085894,,-33.96010058642632,psi,,hardware
FT-PT,pressure,441.740640706,1779489286.988204,2.6629480913815606,,270.36851142269506,psi,,hardware
E-LC,thrust,441.726866061,1779489286.9744291,0.06687675468644556,0.04659899134623901,1203.1472915189224,N,,hardware
FM-PT,pressure,441.743148991,1779489286.9907124,1.6955830687979543,,149.44788359974427,psi,,hardware
WM-PT,pressure,441.746252876,1779489286.9938161,0.7514060439355426,,31.42575549194282,psi,,hardware
LF-PT,pressure,441.748698681,1779489286.9962618,0.19445362024946455,,-38.19329746881693,psi,,hardware
FI-PT,pressure,441.751724939,1779489286.9992883,1.0713918294181621,,71.42397867727027,psi,,hardware
FT-PT,pressure,441.75481275,1779489287.0023758,2.6595249962240453,,269.9406245280057,psi,,hardware
CC-PT,pressure,441.758560697,1779489287.006124,0.2299446141653793,,-33.75692322932758,psi,,hardware
FM-PT,pressure,441.760927596,1779489287.0084908,1.6934313408650568,,149.17891760813208,psi,,hardware
WM-PT,pressure,441.764655283,1779489287.0122185,0.7521129551068491,,31.514119388356132,psi,,hardware
LF-PT,pressure,441.769049199,1779489287.0166135,0.19474389490412414,,-38.15701313698448,psi,,hardware
E-LC,thrust,441.754937044,1779489287.0025003,0.06682479619381382,0.04846162740428774,1089.5480148452139,N,,hardware
FT-PT,pressure,441.773155954,1779489287.0207198,2.655253130823747,,269.4066413529684,psi,,hardware
FI-PT,pressure,441.776322171,1779489287.0238855,1.0719944324486772,,71.49930405608465,psi,,hardware
FM-PT,pressure,441.779414278,1779489287.0269775,1.6920711627091365,,149.00889533864205,psi,,hardware
WM-PT,pressure,441.782936507,1779489287.0305,0.752868146046179,,31.608518255772378,psi,,hardware
CC-PT,pressure,441.786503475,1779489287.0340667,0.23046317463674243,,-33.692103170407194,psi,,hardware
LF-PT,pressure,441.790197979,1779489287.0377612,0.1948583358357353,,-38.142708020533085,psi,,hardware
E-LC,thrust,441.784794193,1779489287.0323577,0.06706812287189041,0.047015544043844226,1189.7863437974072,N,,hardware
FT-PT,pressure,441.793869667,1779489287.0414329,2.650769668909272,,268.846208613659,psi,,hardware
FI-PT,pressure,441.797029273,1779489287.0445926,1.0727424708297815,,71.59280885372269,psi,,hardware
FM-PT,pressure,441.799488263,1779489287.0470514,1.6906811822272758,,148.83514777840946,psi,,hardware
WM-PT,pressure,441.802512613,1779489287.050076,0.7535458509380639,,31.69323136725799,psi,,hardware
LF-PT,pressure,441.806565072,1779489287.0541284,0.1952070230492381,,-38.09912211884524,psi,,hardware
CC-PT,pressure,441.811053782,1779489287.058617,0.2308154381293581,,-33.64807023383023,psi,,hardware
FT-PT,pressure,441.815294404,1779489287.0628576,2.6463374669954143,,268.29218337442677,psi,,hardware
FM-PT,pressure,441.819027814,1779489287.066591,1.6901417601277544,,148.7677200159693,psi,,hardware
WI-RTD,temperature,441.80263561,1779489287.050199,,,-1073.0774078016261,°C,,hardware
FI-PT,pressure,441.821962369,1779489287.0695257,1.0730434743217796,,71.63043429022245,psi,,hardware
LF-PT,pressure,441.82687109,1779489287.0744343,0.1957905525911513,,-38.026180926106086,psi,,hardware
WM-PT,pressure,441.830644017,1779489287.0782073,0.7534987632630781,,31.68734540788476,psi,,hardware
E-LC,thrust,441.825220714,1779489287.072784,0.0647633693085157,0.04858504628658847,959.913832634349,N,,hardware
CC-PT,pressure,441.83607695,1779489287.0836413,0.23132863418205193,,-33.5839207272435,psi,,hardware
FT-PT,pressure,441.839329258,1779489287.0868926,2.6416823436835224,,267.7102929604403,psi,,hardware
FM-PT,pressure,441.842411606,1779489287.0899749,1.689415179421327,,148.67689742766586,psi,,hardware
FI-PT,pressure,441.8454499,1779489287.0930133,1.0732282487426101,,71.65353109282627,psi,,hardware
LF-PT,pressure,441.848545026,1779489287.0961082,0.1963448758536429,,-37.956890518294635,psi,,hardware
WM-PT,pressure,441.85237623,1779489287.0999396,0.7533372346564811,,31.667154332060132,psi,,hardware
FT-PT,pressure,441.855367802,1779489287.1029313,2.6380780503842893,,267.25975629803617,psi,,hardware
CC-PT,pressure,441.859709274,1779489287.1072726,0.2329868355973763,,-33.37664555032796,psi,,hardware
E-LC,thrust,441.848741003,1779489287.0963042,0.06682508490384637,0.048064017810108405,1113.1566475617856,N,,hardware
LF-PT,pressure,441.864486794,1779489287.1120503,0.19644083934317103,,-37.94489508210362,psi,,hardware
FM-PT,pressure,441.868716268,1779489287.1162803,1.687202654743511,,148.40033184293887,psi,,hardware
FI-PT,pressure,441.871976132,1779489287.1195397,1.073346861999853,,71.66835774998162,psi,,hardware
FT-PT,pressure,441.874482898,1779489287.1220462,2.6345905822027422,,266.82382277534276,psi,,hardware
WM-PT,pressure,441.878667633,1779489287.1262307,0.7543397849011164,,31.792473112639552,psi,,hardware
CC-PT,pressure,441.880984718,1779489287.1285481,0.23355844420891336,,-33.30519447388583,psi,,hardware
LF-PT,pressure,441.884720072,1779489287.1322834,0.19652368980928536,,-37.93453877383933,psi,,hardware
FM-PT,pressure,441.88775444,1779489287.1353178,1.6849734407631685,,148.12168009539604,psi,,hardware
E-LC,thrust,441.876154903,1779489287.1237183,0.06656935300759709,0.048550112372650195,1069.141611006849,N,,hardware
FI-PT,pressure,441.891740919,1779489287.1393046,1.0735560743279546,,71.69450929099433,psi,,hardware
FT-PT,pressure,441.894923876,1779489287.1424873,2.630973771926614,,266.37172149082676,psi,,hardware
WM-PT,pressure,441.897406125,1779489287.1449695,0.7554430670074304,,31.930383375928795,psi,,hardware
CC-PT,pressure,441.899858948,1779489287.1474223,0.23414137770430776,,-33.23232778696153,psi,,hardware
LF-PT,pressure,441.902943352,1779489287.1505067,0.19679548702186192,,-37.90056412226726,psi,,hardware
FM-PT,pressure,441.906624707,1779489287.154188,1.6827662805040218,,147.84578506300272,psi,,hardware
FT-PT,pressure,441.909610058,1779489287.1571732,2.628078773984763,,266.00984674809536,psi,,hardware
FI-PT,pressure,441.913943437,1779489287.161507,1.0742611973597047,,71.78264966996309,psi,,hardware
E-LC,thrust,441.90341988,1779489287.150983,0.06692810781933163,0.04826939308874525,1107.0837406814587,N,,hardware
LF-PT,pressure,441.917614237,1779489287.1651776,0.19732418028404478,,-37.834477464494405,psi,,hardware
WM-PT,pressure,441.921190817,1779489287.168754,0.7552070325859823,,31.90087907324779,psi,,hardware
CC-PT,pressure,441.924265665,1779489287.171829,0.23466589864085896,,-33.16676266989263,psi,,hardware
FT-PT,pressure,441.928248904,1779489287.175812,2.6239249257951887,,265.4906157243986,psi,,hardware
FM-PT,pressure,441.932737077,1779489287.1803002,1.6823484518943372,,147.79355648679214,psi,,hardware
WI-RTD,temperature,441.925232906,1779489287.1727962,,,-1105.6079743626092,°C,,hardware
FI-PT,pressure,441.938553373,1779489287.186117,1.0745967715497937,,71.82459644372422,psi,,hardware
LF-PT,pressure,441.944489148,1779489287.1920528,0.197836184243701,,-37.77047696953738,psi,,hardware
FT-PT,pressure,441.948083671,1779489287.195647,2.619704320395508,,264.9630400494385,psi,,hardware
E-LC,thrust,441.942735589,1779489287.1902997,0.0671425728073803,0.049167104338658375,1066.5444624775007,N,,hardware
WM-PT,pressure,441.951705546,1779489287.199269,0.7563115067853339,,32.03893834816674,psi,,hardware
CC-PT,pressure,441.954816672,1779489287.20238,0.2352077049264556,,-33.09903688419305,psi,,hardware
FM-PT,pressure,441.957876446,1779489287.2054398,1.680239043264275,,147.5298804080344,psi,,hardware
FI-PT,pressure,441.960913258,1779489287.2084768,1.0748024075987825,,71.85030094984782,psi,,hardware
LF-PT,pressure,441.964062013,1779489287.211625,0.1982444761090846,,-37.71944048636443,psi,,hardware
FT-PT,pressure,441.972348428,1779489287.2199123,0.7575041958694693,,32.188024483683655,psi,,hardware
FM-PT,pressure,441.976999283,1779489287.224563,1.678760251851112,,147.345031481389,psi,,hardware
FI-PT,pressure,441.980682749,1779489287.228246,1.0752941459767993,,71.91176824709991,psi,,hardware
E-LC,thrust,441.966207323,1779489287.2137716,0.06774723406103063,0.049420824577906676,1087.3669626653545,N,,hardware
WM-PT,pressure,441.983653378,1779489287.231217,0.7578713605250551,,32.233920065631885,psi,,hardware
CC-PT,pressure,441.987265049,1779489287.2348282,0.23550095981370922,,-33.062380023286345,psi,,hardware
LF-PT,pressure,441.989722354,1779489287.2372856,0.1983165977378604,,-37.71042528276745,psi,,hardware
FT-PT,pressure,441.99275824,1779489287.2403216,2.6105800402855923,,263.82250503569907,psi,,hardware
FM-PT,pressure,441.996513149,1779489287.2440765,1.6780974481221973,,147.26218101527465,psi,,hardware
FI-PT,pressure,442.000133765,1779489287.247697,1.0755397171425483,,71.94246464281854,psi,,hardware
E-LC,thrust,441.994989641,1779489287.2425528,0.06650900329756776,0.04857018237652569,1064.3700413151628,N,,hardware
LF-PT,pressure,442.003902878,1779489287.2514663,0.19888761030287863,,-37.63904871214017,psi,,hardware
WM-PT,pressure,442.006995152,1779489287.2545588,0.7576400944757575,,32.20501180946969,psi,,hardware
CC-PT,pressure,442.010104666,1779489287.2576683,0.2360809130765096,,-32.9898858654363,psi,,hardware
FT-PT,pressure,442.013134904,1779489287.2606983,2.606351686281167,,263.2939607851459,psi,,hardware
FM-PT,pressure,442.016118384,1779489287.263682,1.677461466486629,,147.18268331082862,psi,,hardware
LF-PT,pressure,442.020342118,1779489287.2679052,0.19972565170832296,,-37.53429353645963,psi,,hardware
FI-PT,pressure,442.022660407,1779489287.2702236,1.0749865859730943,,71.87332324663679,psi,,hardware
WM-PT,pressure,442.026358521,1779489287.2739217,0.7577944705241288,,32.2243088155161,psi,,hardware
FT-PT,pressure,442.029372352,1779489287.2769356,2.602852893215763,,262.8566116519704,psi,,hardware
E-LC,thrust,442.016629578,1779489287.2641928,0.06716450545662707,0.04854077120611325,1105.0082321971533,N,,hardware
CC-PT,pressure,442.033649844,1779489287.2812133,0.23759367914124477,,-32.800790107344405,psi,,hardware
LF-PT,pressure,442.036758747,1779489287.284322,0.19972445961528534,,-37.53444254808933,psi,,hardware
FM-PT,pressure,442.039855373,1779489287.2874186,1.675292453204686,,146.91155665058574,psi,,hardware
FI-PT,pressure,442.042970276,1779489287.2905335,1.0752530187670015,,71.9066273458752,psi,,hardware
FT-PT,pressure,442.048067475,1779489287.2956307,2.5994685410819702,,262.4335676352463,psi,,hardware
WM-PT,pressure,442.051688554,1779489287.2992518,0.75895914542188,,32.369893177735,psi,,hardware
WI-RTD,temperature,442.042750262,1779489287.2903135,,,-1092.6402527020089,°C,,hardware
CC-PT,pressure,442.05530378,1779489287.302867,0.23819449403220344,,-32.72568824597457,psi,,hardware
LF-PT,pressure,442.059997394,1779489287.3075607,0.19982161519785108,,-37.522298100268614,psi,,hardware
FM-PT,pressure,442.063548104,1779489287.3111115,1.673300465738829,,146.66255821735362,psi,,hardware
FI-PT,pressure,442.068708708,1779489287.3162727,1.0754300445830876,,71.92875557288595,psi,,hardware
LF-PT,pressure,442.073539301,1779489287.3211029,0.2003270626458004,,-37.45911716927495,psi,,hardware
E-LC,thrust,442.059056949,1779489287.3066201,0.06672692349278014,0.049366034864310605,1030.0793919558594,N,,hardware
FT-PT,pressure,442.076495503,1779489287.3240588,2.5947478526530086,,261.84348158162607,psi,,hardware
WM-PT,pressure,442.079553093,1779489287.3271165,0.7600803089237582,,32.510038615469774,psi,,hardware
CC-PT,pressure,442.082571924,1779489287.3301353,0.23867729171243807,,-32.66533853594524,psi,,hardware
FM-PT,pressure,442.085650457,1779489287.333214,1.6712160910625569,,146.4020113828196,psi,,hardware
FI-PT,pressure,442.088179872,1779489287.3357432,1.0757405848193866,,71.96757310242333,psi,,hardware
LF-PT,pressure,442.092421327,1779489287.3399847,0.20084919939627638,,-37.39385007546545,psi,,hardware
FT-PT,pressure,442.097401621,1779489287.344966,2.5904730070201163,,261.30912587751453,psi,,hardware
E-LC,thrust,442.087842045,1779489287.3354053,0.06758172870656594,0.05047922624399975,1014.7484794455937,N,,hardware
FM-PT,pressure,442.101575522,1779489287.349139,1.6709407175708675,,146.36758969635844,psi,,hardware
WM-PT,pressure,442.104728795,1779489287.352292,0.7606489373027012,,32.58111716283765,psi,,hardware
CC-PT,pressure,442.107747256,1779489287.3553107,0.23901286590252707,,-32.62339176218411,psi,,hardware
LF-PT,pressure,442.110264004,1779489287.3578274,0.2010321856775505,,-37.37097679030619,psi,,hardware
FI-PT,pressure,442.112724327,1779489287.3602874,1.0750396341132682,,71.87995426415853,psi,,hardware
FT-PT,pressure,442.116151502,1779489287.363715,2.5870636209325335,,260.8829526165667,psi,,hardware
FM-PT,pressure,442.12027883,1779489287.367842,1.6701539361660407,,146.2692420207551,psi,,hardware
LF-PT,pressure,442.123320512,1779489287.3708835,0.2019387724326578,,-37.257653445917775,psi,,hardware
E-LC,thrust,442.114211002,1779489287.361774,0.06720543708866085,0.04900671194573783,1079.7910251467658,N,,hardware
WM-PT,pressure,442.127746724,1779489287.3753102,0.7603133631126122,,32.539170389076524,psi,,hardware
CC-PT,pressure,442.130881775,1779489287.3784451,0.23948731893149838,,-32.5640851335627,psi,,hardware
FT-PT,pressure,442.133348746,1779489287.3809118,2.583144019024851,,260.39300237810636,psi,,hardware
FM-PT,pressure,442.136432094,1779489287.3839953,1.669623454764301,,146.20293184553762,psi,,hardware
FI-PT,pressure,442.13887064,1779489287.3864338,1.075214275743279,,71.90178446790988,psi,,hardware
LF-PT,pressure,442.142505922,1779489287.390069,0.2023625615075304,,-37.2046798115587,psi,,hardware
WM-PT,pressure,442.145460754,1779489287.3930242,0.7601887893901813,,32.52359867377266,psi,,hardware
FT-PT,pressure,442.149775579,1779489287.3973389,2.579691717587914,,259.96146469848924,psi,,hardware
FM-PT,pressure,442.153441434,1779489287.4010048,1.6690649591761777,,146.13311989702223,psi,,hardware
E-LC,thrust,442.139417278,1779489287.3869805,0.06800990431128791,0.049573887461291245,1093.8703330998019,N,,hardware
CC-PT,pressure,442.156470098,1779489287.404034,0.24060132987515093,,-32.42483376560613,psi,,hardware
LF-PT,pressure,442.161160268,1779489287.4087234,0.20248832732299893,,-37.18895908462513,psi,,hardware
FI-PT,pressure,442.165781253,1779489287.4133446,1.0747249215513375,,71.84061519391719,psi,,hardware
WM-PT,pressure,442.170647382,1779489287.4182117,0.7605350924176089,,32.566886552201105,psi,,hardware
WI-RTD,temperature,442.159089604,1779489287.406653,,,-1073.5536824698584,°C,,hardware
FT-PT,pressure,442.174911467,1779489287.4224753,2.575605222654965,,259.4506528318706,psi,,hardware
FM-PT,pressure,442.180476138,1779489287.4280393,1.668249567538448,,146.03119594230603,psi,,hardware
CC-PT,pressure,442.184251788,1779489287.4318151,0.2415103008163334,,-32.31121239795832,psi,,hardware
E-LC,thrust,442.178477732,1779489287.4260414,0.057836656834084614,0.0495868142201679,489.4906617590585,N,,hardware
LF-PT,pressure,442.187901699,1779489287.435465,0.2024126294151103,,-37.19842132311121,psi,,hardware
FI-PT,pressure,442.191065935,1779489287.4386296,1.0740406601477457,,71.75508251846821,psi,,hardware
WM-PT,pressure,442.194130339,1779489287.4416938,0.760767550559944,,32.595943819993,psi,,hardware
FT-PT,pressure,442.196580884,1779489287.444144,2.571950861448152,,258.993857681019,psi,,hardware
FM-PT,pressure,442.199600752,1779489287.4471638,1.667621930554143,,145.9527413192679,psi,,hardware
LF-PT,pressure,442.20331807,1779489287.4508815,0.20329716244902163,,-37.087854693872295,psi,,hardware
CC-PT,pressure,442.206308087,1779489287.4538713,0.2418089201222563,,-32.27388498471796,psi,,hardware
FT-PT,pressure,442.21051495,1779489287.4580784,2.5681993446587734,,258.5249180823467,psi,,hardware
FI-PT,pressure,442.214168436,1779489287.4617317,1.0746653168994567,,71.83316461243209,psi,,hardware
E-LC,thrust,442.200528123,1779489287.4480915,0.06793340546588962,0.05047177566251465,1036.056701666915,N,,hardware
WM-PT,pressure,442.21712025,1779489287.4646835,0.7609272910269846,,32.61591137837308,psi,,hardware
LF-PT,pressure,442.220185061,1779489287.4677484,0.20365598245334415,,-37.04300219333198,psi,,hardware
FM-PT,pressure,442.22504506,1779489287.4726095,1.665319998898506,,145.66499986231324,psi,,hardware
FT-PT,pressure,442.228152649,1779489287.475716,2.5653317648567873,,258.1664706070984,psi,,hardware
FI-PT,pressure,442.231841949,1779489287.4794054,1.0753024906280626,,71.91281132850783,psi,,hardware
CC-PT,pressure,442.23481228,1779489287.4823754,0.24242225199010992,,-32.19721850123626,psi,,hardware
LF-PT,pressure,442.239155697,1779489287.486719,0.2038049940830462,,-37.024375739619224,psi,,hardware
FM-PT,pressure,442.242829756,1779489287.4903932,1.663321454920942,,145.41518186511777,psi,,hardware
E-LC,thrust,442.228468384,1779489287.4760315,0.06651030714932765,0.048925137391702817,1043.3867389524069,N,,hardware
WM-PT,pressure,442.245857846,1779489287.493421,0.7614869787081455,,32.68587233851819,psi,,hardware
FT-PT,pressure,442.249480369,1779489287.4970434,2.5614616348101658,,257.68270435127073,psi,,hardware
FI-PT,pressure,442.252356185,1779489287.4999194,1.0758097262155684,,71.97621577694605,psi,,hardware
CC-PT,pressure,442.254812989,1779489287.5023766,0.2432132057205684,,-32.09834928492895,psi,,hardware
LF-PT,pressure,442.25846716,1779489287.5060303,0.2038765196653032,,-37.0154350418371,psi,,hardware
FM-PT,pressure,442.262137571,1779489287.5097008,1.6613276793155287,,145.1659599144411,psi,,hardware
E-LC,thrust,442.256784692,1779489287.5043478,0.06696843409161975,0.049724351954382885,1023.1488734760537,N,,hardware
FT-PT,pressure,442.265899832,1779489287.513463,2.5587007473350463,,257.3375934168808,psi,,hardware
FI-PT,pressure,442.270752628,1779489287.5183167,1.0764743180840395,,72.05928976050494,psi,,hardware
WM-PT,pressure,442.273826976,1779489287.5213907,0.7617534115020528,,32.719176437756595,psi,,hardware
LF-PT,pressure,442.276854696,1779489287.524418,0.20422699501836242,,-36.9716256227047,psi,,hardware
FM-PT,pressure,442.280993894,1779489287.528557,1.659505565107532,,144.93819563844153,psi,,hardware
CC-PT,pressure,442.285546492,1779489287.53311,0.24411204387093113,,-31.985994516133612,psi,,hardware
FT-PT,pressure,442.289224366,1779489287.536788,2.554480737981884,,256.8100922477355,psi,,hardware
FI-PT,pressure,442.292247863,1779489287.5398114,1.0771007629753069,,72.13759537191336,psi,,hardware
WI-RTD,temperature,442.278558978,1779489287.5261226,,,-1118.5630597789097,°C,,hardware
WM-PT,pressure,442.296644649,1779489287.5442078,0.7620311691798174,,32.75389614747717,psi,,hardware
LF-PT,pressure,442.30067172,1779489287.548235,0.20434501222908644,,-36.9568734713642,psi,,hardware
FM-PT,pressure,442.304266503,1779489287.5518298,1.6574951001995921,,144.68688752494901,psi,,hardware
CC-PT,pressure,442.307971451,1779489287.5555346,0.24513962806935644,,-31.85754649133045,psi,,hardware
E-LC,thrust,442.299347024,1779489287.5469103,0.06708018350066942,0.04927831358055038,1056.2442819270632,N,,hardware
FT-PT,pressure,442.311690453,1779489287.5592537,2.5504633844451168,,256.3079230556396,psi,,hardware
FI-PT,pressure,442.314778135,1779489287.5623417,1.0776985976336715,,72.21232470420894,psi,,hardware
WM-PT,pressure,442.317258032,1779489287.5648212,0.762237401275325,,32.779675159415625,psi,,hardware
LF-PT,pressure,442.319727244,1779489287.5672903,0.2046984678147397,,-36.91269152315754,psi,,hardware
FM-PT,pressure,442.322788092,1779489287.5703514,1.6555537766878339,,144.44422208597925,psi,,hardware
FT-PT,pressure,442.326251748,1779489287.573815,2.5477179941794863,,255.9647492724358,psi,,hardware
CC-PT,pressure,442.330924769,1779489287.5784883,0.2466428573897907,,-31.669642826276164,psi,,hardware
E-LC,thrust,442.324277175,1779489287.5718403,0.06747824012973787,0.05007080399344015,1032.8412107536649,N,,hardware
LF-PT,pressure,442.33450546,1779489287.5820687,0.20472528990808606,,-36.909338761489245,psi,,hardware
FI-PT,pressure,442.337680658,1779489287.5852442,1.0769493671595296,,72.1186708949412,psi,,hardware
WM-PT,pressure,442.340740563,1779489287.5883038,0.7624853566271492,,32.81066957839365,psi,,hardware
FT-PT,pressure,442.343820466,1779489287.5913837,2.544207280183706,,255.52591002296327,psi,,hardware
FM-PT,pressure,442.346263457,1779489287.5938268,1.6548671310981669,,144.35839138727087,psi,,hardware
LF-PT,pressure,442.351524837,1779489287.5990894,0.205726052013165,,-36.78424349835438,psi,,hardware
FI-PT,pressure,442.356245987,1779489287.6038096,1.0763557048267967,,72.04446310334959,psi,,hardware
CC-PT,pressure,442.35928267,1779489287.6068459,0.24723711576904245,,-31.595360528869694,psi,,hardware
E-LC,thrust,442.347137514,1779489287.5947008,0.06753688551925248,0.04930028348270458,1082.0383875018422,N,,hardware
FT-PT,pressure,442.36345933,1779489287.6110227,2.54022449734503,,255.02806216812874,psi,,hardware
FM-PT,pressure,442.36653116,1779489287.6140943,1.6542687003932834,,144.28358754916044,psi,,hardware
WM-PT,pressure,442.370822263,1779489287.6183863,0.7630432561687537,,32.88040702109421,psi,,hardware
LF-PT,pressure,442.373896445,1779489287.62146,0.20599486899314748,,-36.75064137585657,psi,,hardware
FI-PT,pressure,442.37751145,1779489287.6250749,1.0756231636551814,,71.95289545689768,psi,,hardware
CC-PT,pressure,442.3804728,1779489287.628036,0.24795296763813113,,-31.50587904523361,psi,,hardware
FT-PT,pressure,442.384820643,1779489287.632384,2.536241118459835,,254.53013980747934,psi,,hardware
FM-PT,pressure,442.388458073,1779489287.6360216,1.6535254303843296,,144.1906787980412,psi,,hardware
E-LC,thrust,442.375016942,1779489287.6225803,0.06669432719878282,0.049146922576060605,1041.1460076148514,N,,hardware
WM-PT,pressure,442.391425923,1779489287.6389892,0.7636065201290274,,32.95081501612842,psi,,hardware
LF-PT,pressure,442.395055872,1779489287.6426194,0.20609440876178844,,-36.738198904776446,psi,,hardware
FI-PT,pressure,442.397542621,1779489287.6451058,1.0749818176009438,,71.87272720011798,psi,,hardware
CC-PT,pressure,442.400032406,1779489287.647596,0.24865511043728716,,-31.418111195339105,psi,,hardware
FT-PT,pressure,442.405089532,1779489287.6526527,2.532216016318323,,254.0270020397904,psi,,hardware
FM-PT,pressure,442.409688869,1779489287.657252,1.6528358045620686,,144.1044755702586,psi,,hardware
WI-RTD,temperature,442.399380493,1779489287.6469438,,,-1091.4675275481507,°C,,hardware
WM-PT,pressure,442.413355132,1779489287.6609185,0.7643187957190032,,33.039849464875395,psi,,hardware
LF-PT,pressure,442.417968933,1779489287.665532,0.20642223434713297,,-36.69722070660838,psi,,hardware
FI-PT,pressure,442.421501754,1779489287.669065,1.0744203417802265,,71.80254272252832,psi,,hardware
CC-PT,pressure,442.425095518,1779489287.6726587,0.24933996788739776,,-31.33250401407528,psi,,hardware
FT-PT,pressure,442.428063628,1779489287.675627,2.5282445583635043,,253.53056979543803,psi,,hardware
E-LC,thrust,442.417025284,1779489287.6645885,0.06770102182936928,0.04987548699980819,1057.6483998872914,N,,hardware
FM-PT,pressure,442.432358675,1779489287.6799219,1.651982861993654,,143.99785774920676,psi,,hardware
WM-PT,pressure,442.435464689,1779489287.683028,0.7647926527014557,,33.09908158768196,psi,,hardware
LF-PT,pressure,442.438572704,1779489287.686136,0.20663442690782868,,-36.67069663652141,psi,,hardware
FI-PT,pressure,442.441613738,1779489287.689177,1.0737092582832883,,71.71365728541105,psi,,hardware
CC-PT,pressure,442.444133449,1779489287.6916966,0.2499628364995523,,-31.25464543755596,psi,,hardware
FT-PT,pressure,442.447818175,1779489287.6953812,2.524342241804867,,253.0427802256084,psi,,hardware
FM-PT,pressure,442.450831987,1779489287.6983955,1.6512103857052787,,143.90129821315983,psi,,hardware
LF-PT,pressure,442.454823448,1779489287.7023866,0.20741643994050502,,-36.57294500743687,psi,,hardware
FI-PT,pressure,442.458545006,1779489287.706108,1.0730595675777874,,71.63244594722343,psi,,hardware
E-LC,thrust,442.443966897,1779489287.6915302,0.06784856196922802,0.05126093194018983,984.1993817229325,N,,hardware
WM-PT,pressure,442.461543504,1779489287.7091067,0.765006037355189,,33.125754669398624,psi,,hardware
FT-PT,pressure,442.465117269,1779489287.7126803,2.5210258389742184,,252.6282298717773,psi,,hardware
FM-PT,pressure,442.469144284,1779489287.7167084,1.650513011278273,,143.81412640978414,psi,,hardware
CC-PT,pressure,442.472294909,1779489287.7198582,0.0,,-62.5,psi,,hardware
LF-PT,pressure,442.475912006,1779489287.7234755,0.1842671852430326,,-39.466601844620925,psi,,hardware
FI-PT,pressure,442.480413531,1779489287.7279778,1.0724992838501077,,71.56241048126347,psi,,hardware
WM-PT,pressure,442.484735263,1779489287.7322986,0.7653964478250084,,33.174555978126044,psi,,hardware
E-LC,thrust,442.472434073,1779489287.7199972,0.06702127734080283,0.05084040249471694,960.065240867763,N,,hardware
FT-PT,pressure,442.489469116,1779489287.7370327,2.5172886273012907,,252.16107841266134,psi,,hardware
FM-PT,pressure,442.492599426,1779489287.7401626,1.6495986759184211,,143.69983448980264,psi,,hardware
CC-PT,pressure,442.495641424,1779489287.7432046,0.25197747373312396,,-31.002815783359505,psi,,hardware
LF-PT,pressure,442.498757123,1779489287.7463205,0.20718398179816983,,-36.60200227522877,psi,,hardware
FI-PT,pressure,442.502641882,1779489287.7502053,1.071945556634135,,71.49319457926687,psi,,hardware
FT-PT,pressure,442.506256313,1779489287.7538197,2.514133753077239,,251.76671913465486,psi,,hardware
E-LC,thrust,442.501121059,1779489287.7486844,0.0664779529992286,0.05095904369164034,920.7886189169031,N,,hardware
FM-PT,pressure,442.510023629,1779489287.7575872,1.649033623818591,,143.62920297732387,psi,,hardware
WM-PT,pressure,442.513248327,1779489287.7608118,0.7658142764346929,,33.22678455433661,psi,,hardware
LF-PT,pressure,442.515743445,1779489287.7633069,0.20751180738351432,,-36.56102407706071,psi,,hardware
CC-PT,pressure,442.519503447,1779489287.7670667,0.2520537676875314,,-30.993279039058574,psi,,hardware
FT-PT,pressure,442.523838031,1779489287.7714012,2.5103971374508305,,251.29964218135382,psi,,hardware
FM-PT,pressure,442.527452702,1779489287.7750163,1.6484870491608439,,143.5608811451055,psi,,hardware
FI-PT,pressure,442.530461348,1779489287.7780247,1.0720313873328433,,71.50392341660542,psi,,hardware
WI-RTD,temperature,442.517065235,1779489287.7646284,,,-1090.3972609439418,°C,,hardware
LF-PT,pressure,442.534948299,1779489287.7825117,0.2081507692516767,,-36.48115384354041,psi,,hardware
WM-PT,pressure,442.540362806,1779489287.7879262,0.7654375750348061,,33.179696879350765,psi,,hardware
CC-PT,pressure,442.542714206,1779489287.7902775,0.25259736211268446,,-30.925329735914442,psi,,hardware
FT-PT,pressure,442.546477763,1779489287.794041,2.5064328320542373,,250.80410400677965,psi,,hardware
FM-PT,pressure,442.549433003,1779489287.7969964,1.6478600082230577,,143.48250102788222,psi,,hardware
E-LC,thrust,442.537695246,1779489287.7852585,0.06666470182415268,0.050762767435642175,943.51477371829,N,,hardware
FI-PT,pressure,442.553768623,1779489287.801332,1.0720969524499122,,71.51211905623903,psi,,hardware
LF-PT,pressure,442.556876675,1779489287.8044398,0.20859124762907594,,-36.426094046365506,psi,,hardware
WM-PT,pressure,442.559974467,1779489287.8075376,0.7652063089855086,,33.15078862318857,psi,,hardware
CC-PT,pressure,442.563405142,1779489287.8109684,0.2529734674660525,,-30.87831656674344,psi,,hardware
FT-PT,pressure,442.565930593,1779489287.8134937,2.5025632980541346,,250.32041225676682,psi,,hardware
FM-PT,pressure,442.571950885,1779489287.819515,1.647082167516013,,143.38527093950162,psi,,hardware
LF-PT,pressure,442.575680999,1779489287.8232443,0.20934107414973668,,-36.33236573128291,psi,,hardware
FI-PT,pressure,442.578722163,1779489287.8262856,1.0714126910463204,,71.42658638079006,psi,,hardware
E-LC,thrust,442.56540077,1779489287.8129642,0.06737413687993728,0.05137538218502786,949.2594452312923,N,,hardware
WM-PT,pressure,442.583159374,1779489287.8307228,0.765441151313919,,33.18014391423987,psi,,hardware
FT-PT,pressure,442.586275203,1779489287.8338387,2.49926477661905,,249.90809707738126,psi,,hardware
FM-PT,pressure,442.589356292,1779489287.8369195,1.646380024716857,,143.29750308960712,psi,,hardware
CC-PT,pressure,442.591798245,1779489287.8393614,0.253857404453445,,-30.767824443319373,psi,,hardware
LF-PT,pressure,442.594887241,1779489287.8424504,0.20950379484937132,,-36.312025643828584,psi,,hardware
FI-PT,pressure,442.598525505,1779489287.846089,1.0706700170838854,,71.33375213548568,psi,,hardware
FT-PT,pressure,442.601547632,1779489287.8491108,2.496101557743735,,249.5126947179669,psi,,hardware
WM-PT,pressure,442.606015621,1779489287.853579,0.7665444334202329,,33.31805417752911,psi,,hardware
E-LC,thrust,442.594773855,1779489287.8423374,0.06801323844650249,0.050623693018995886,1031.779695365392,N,,hardware
LF-PT,pressure,442.611516034,1779489287.8590806,0.20980539438788826,,-36.274325701513966,psi,,hardware
FM-PT,pressure,442.615157871,1779489287.862721,1.6440459065492041,,143.00573831865051,psi,,hardware
CC-PT,pressure,442.618261015,1779489287.8658242,0.254628092602264,,-30.671488424717,psi,,hardware
FT-PT,pressure,442.620729505,1779489287.8682926,2.492444216304328,,249.05552703804102,psi,,hardware
FI-PT,pressure,442.623824649,1779489287.871388,1.0715056743032545,,71.43820928790682,psi,,hardware
LF-PT,pressure,442.627498394,1779489287.8750618,0.21025660160262605,,-36.21792479967174,psi,,hardware
WM-PT,pressure,442.630451744,1779489287.878015,0.766488405047465,,33.31105063093312,psi,,hardware
FT-PT,pressure,442.634788754,1779489287.882352,2.489295898591983,,248.66198732399786,psi,,hardware
FM-PT,pressure,442.638429813,1779489287.8859932,1.6433032325867691,,142.91290407334614,psi,,hardware
E-LC,thrust,442.623665152,1779489287.8712285,0.06706777828249673,0.050680801726079194,972.2939423474404,N,,hardware
CC-PT,pressure,442.641434793,1779489287.888998,0.2556020326139966,,-30.549745923250423,psi,,hardware
LF-PT,pressure,442.647201849,1779489287.8947651,0.2101874602064443,,-36.22656747419446,psi,,hardware
FI-PT,pressure,442.650896445,1779489287.8984597,1.0708959187145137,,71.36198983931422,psi,,hardware
WM-PT,pressure,442.654523449,1779489287.902087,0.7665909250487,,33.32386563108749,psi,,hardware
FT-PT,pressure,442.657503466,1779489287.9050667,2.4858233315734064,,248.2279164466758,psi,,hardware
WI-RTD,temperature,442.642733694,1779489287.8902972,,,-1074.473973149391,°C,,hardware
FM-PT,pressure,442.661794735,1779489287.909358,1.6427560618825032,,142.8445077353129,psi,,hardware
CC-PT,pressure,442.666472831,1779489287.9140363,0.25653186518333737,,-30.43351685208283,psi,,hardware
LF-PT,pressure,442.67258088,1779489287.920145,0.21019044043903834,,-36.226194945120206,psi,,hardware
E-LC,thrust,442.664524294,1779489287.9120874,0.06792293739890305,0.050913846601706336,1009.2060539670052,N,,hardware
FT-PT,pressure,442.67636516,1779489287.9239285,2.482089696179592,,247.761212022449,psi,,hardware
FI-PT,pressure,442.679461637,1779489287.927025,1.071330436626725,,71.41630457834061,psi,,hardware
WM-PT,pressure,442.68190572,1779489287.9294689,0.7668835838894349,,33.36044798617936,psi,,hardware
FM-PT,pressure,442.684969198,1779489287.9325325,1.6411902476775941,,142.64878095969928,psi,,hardware
CC-PT,pressure,442.688042843,1779489287.9356062,0.25755170077701817,,-30.30603740287273,psi,,hardware
LF-PT,pressure,442.691678032,1779489287.9392412,0.2101588499735415,,-36.23014375330731,psi,,hardware
FT-PT,pressure,442.694633365,1779489287.9421968,2.478391823576906,,247.29897794711326,psi,,hardware
FM-PT,pressure,442.698969244,1779489287.9465327,1.6408761311621822,,142.60951639527278,psi,,hardware
FI-PT,pressure,442.702639952,1779489287.9502032,1.071395405697275,,71.42442571215938,psi,,hardware
E-LC,thrust,442.68896777,1779489287.9365308,0.06813623823359469,0.05083575519451561,1026.4953269853586,N,,hardware
WM-PT,pressure,442.705644857,1779489287.953208,0.7670117338909787,,33.37646673637233,psi,,hardware
LF-PT,pressure,442.709269528,1779489287.956833,0.2103692543946808,,-36.2038432006649,psi,,hardware
FT-PT,pressure,442.711747369,1779489287.9593105,2.4746343463223393,,246.8292932902924,psi,,hardware
CC-PT,pressure,442.714209656,1779489287.961773,0.25895539032881143,,-30.13057620889857,psi,,hardware
FM-PT,pressure,442.718126951,1779489287.9656901,1.6388722227659491,,142.35902784574364,psi,,hardware
FI-PT,pressure,442.722612568,1779489287.970176,1.0715682591877294,,71.44603239846617,psi,,hardware
LF-PT,pressure,442.725662936,1779489287.9732263,0.21082582602808786,,-36.146771746489016,psi,,hardware
E-LC,thrust,442.716582369,1779489287.9641457,0.06751865953429455,0.0516573401281047,941.1049514339306,N,,hardware
FT-PT,pressure,442.730178886,1779489287.9777422,2.470868524416509,,246.35856555206365,psi,,hardware
WM-PT,pressure,442.733770299,1779489287.9813337,0.7679838857631548,,33.49798572039435,psi,,hardware
FM-PT,pressure,442.736848499,1779489287.9844117,1.6372354790253019,,142.15443487816273,psi,,hardware
FI-PT,pressure,442.73939608,1779489287.9869595,1.071948536866729,,71.49356710834113,psi,,hardware
CC-PT,pressure,442.744901918,1779489287.9924662,0.2594620298697984,,-30.067246266275202,psi,,hardware
LF-PT,pressure,442.748658698,1779489287.9962223,0.2108139050977117,,-36.148261862786036,psi,,hardware
E-LC,thrust,442.741497984,1779489287.989061,0.06769460501606524,0.0510662296195304,986.6169401944006,N,,hardware
FT-PT,pressure,442.752414404,1779489287.9999778,2.4669858773929927,,245.8732346741241,psi,,hardware
WM-PT,pressure,442.755522992,1779489288.0030863,0.7690067015894296,,33.6258376986787,psi,,hardware
FM-PT,pressure,442.758620173,1779489288.0061836,1.635479525980893,,141.93494074761162,psi,,hardware
FI-PT,pressure,442.761079793,1779489288.0086432,1.0720564212866333,,71.50705266082916,psi,,hardware
LF-PT,pressure,442.76416153,1779489288.0117247,0.21150770324560444,,-36.061537094299446,psi,,hardware
CC-PT,pressure,442.771031156,1779489288.0185952,0.2595734905688155,,-30.05331367889806,psi,,hardware
FT-PT,pressure,442.77469766,1779489288.0222611,2.463156874556169,,245.39460931952112,psi,,hardware
WI-RTD,temperature,442.764564262,1779489288.0121274,,,-1087.1677816698475,°C,,hardware
FM-PT,pressure,442.778399384,1779489288.0259628,1.6348930162063857,,141.8616270257982,psi,,hardware
FI-PT,pressure,442.783056757,1779489288.03062,1.0722197380327867,,71.52746725409834,psi,,hardware
WM-PT,pressure,442.786572319,1779489288.0341358,0.7692278348479075,,33.65347935598843,psi,,hardware
LF-PT,pressure,442.790245878,1779489288.0378091,0.21177711627210574,,-36.027860465986784,psi,,hardware
FT-PT,pressure,442.793263894,1779489288.0408273,2.4594107221854595,,244.92634027318243,psi,,hardware
E-LC,thrust,442.782120461,1779489288.0296838,0.06650852832299808,0.05124015413107325,905.9235353875399,N,,hardware
CC-PT,pressure,442.797798584,1779489288.045362,0.2608508182586215,,-29.893647717672312,psi,,hardware
FM-PT,pressure,442.800676417,1779489288.04824,1.6327484408317139,,141.59355510396423,psi,,hardware
FI-PT,pressure,442.803162203,1779489288.0507257,1.0722674217542913,,71.53342771928642,psi,,hardware
WM-PT,pressure,442.805616415,1779489288.05318,0.7694340669434151,,33.679258367926884,psi,,hardware
LF-PT,pressure,442.808696392,1779489288.0562596,0.2120363965077873,,-35.99545043652659,psi,,hardware
FT-PT,pressure,442.812376581,1779489288.0599399,2.4557158298153676,,244.46447872692096,psi,,hardware
FM-PT,pressure,442.815321153,1779489288.0628843,1.6323735275713835,,141.54669094642296,psi,,hardware
CC-PT,pressure,442.819622422,1779489288.0671859,0.2617401196646833,,-29.782485041914587,psi,,hardware
LF-PT,pressure,442.823324925,1779489288.0708883,0.21214904929984205,,-35.981368837519746,psi,,hardware
E-LC,thrust,442.809160809,1779489288.056724,0.06696536072675714,0.052799393197821766,840.514073383499,N,,hardware
FI-PT,pressure,442.826368533,1779489288.073932,1.0716302480256854,,71.45378100321068,psi,,hardware
WM-PT,pressure,442.829968686,1779489288.077532,0.7695300304329432,,33.6912538041179,psi,,hardware
FT-PT,pressure,442.832447397,1779489288.0800104,2.4523004832625968,,244.0375604078246,psi,,hardware
FM-PT,pressure,442.834878832,1779489288.082442,1.6315223731425255,,141.4402966428157,psi,,hardware
LF-PT,pressure,442.838849014,1779489288.0864122,0.2129465595420074,,-35.88168005724908,psi,,hardware
CC-PT,pressure,442.84253561,1779489288.0900989,0.26191952966684456,,-29.76005879164443,psi,,hardware
E-LC,thrust,442.837283007,1779489288.084846,0.029004191712044682,0.05153276640567379,1336.6954318219937,N,,hardware
FT-PT,pressure,442.846236649,1779489288.0937998,2.4488624869421107,,243.60781086776385,psi,,hardware
FI-PT,pressure,442.849290739,1779489288.096854,1.0721112575663636,,71.51390719579545,psi,,hardware
WM-PT,pressure,442.851719914,1779489288.0992832,0.7697320902028192,,33.716511275352396,psi,,hardware
LF-PT,pressure,442.85477891,1779489288.1023421,0.21321299233591465,,-35.84837595801067,psi,,hardware
FM-PT,pressure,442.857834814,1779489288.105398,1.6295381342814128,,141.1922667851766,psi,,hardware
FT-PT,pressure,442.861489244,1779489288.1090524,2.4463066394694613,,243.28832993368266,psi,,hardware
CC-PT,pressure,442.864449742,1779489288.112013,0.2635425643375593,,-29.557179457805088,psi,,hardware
LF-PT,pressure,442.871505791,1779489288.11907,0.21337273280295524,,-35.8284083996306,psi,,hardware
E-LC,thrust,442.858792314,1779489288.1063554,0.028903245646148403,0.05238456344718498,1393.2248561948368,N,,hardware
FM-PT,pressure,442.875187128,1779489288.1227505,1.6277863535626356,,140.97329419532946,psi,,hardware
FI-PT,pressure,442.879299511,1779489288.1268628,1.072147020357492,,71.51837754468652,psi,,hardware
WM-PT,pressure,442.882388378,1779489288.1299515,0.7701111757887812,,33.763896973597646,psi,,hardware
LF-PT,pressure,442.887461298,1779489288.1350245,0.21367552443450982,,-35.79055944568627,psi,,hardware
FT-PT,pressure,442.891156949,1779489288.1387203,2.4421361019773604,,242.76701274717004,psi,,hardware
WI-RTD,temperature,442.882154327,1779489288.1297178,,,-1086.5897227814326,°C,,hardware
CC-PT,pressure,442.894792916,1779489288.1423562,0.26475492295681513,,-29.405634630398108,psi,,hardware
FM-PT,pressure,442.899084815,1779489288.1466482,1.625846222143915,,140.73077776798937,psi,,hardware
FI-PT,pressure,442.904933091,1779489288.1524963,1.0722179498932303,,71.52724373665379,psi,,hardware
E-LC,thrust,442.898572788,1779489288.1461363,0.06834073806890703,0.05314903967369076,901.3741047828321,N,,hardware
WM-PT,pressure,442.908647926,1779489288.1562111,0.7703823769548389,,33.79779711935486,psi,,hardware
LF-PT,pressure,442.911742237,1779489288.1593056,0.21385851071578393,,-35.767686160527006,psi,,hardware
FT-PT,pressure,442.9148379,1779489288.162401,2.4381855056507,,242.27318820633747,psi,,hardware
CC-PT,pressure,442.917894007,1779489288.1654572,0.26612463785703633,,-29.23442026787046,psi,,hardware
FM-PT,pressure,442.920375756,1779489288.1679387,1.6238250283986364,,140.47812854982956,psi,,hardware
FI-PT,pressure,442.924109091,1779489288.1716726,1.0723699417555264,,71.5462427194408,psi,,hardware
LF-PT,pressure,442.927156347,1779489288.1747198,0.2142721669998368,,-35.7159791250204,psi,,hardware
WM-PT,pressure,442.93158141,1779489288.1791446,0.770124288812195,,33.76553610152437,psi,,hardware
E-LC,thrust,442.921205166,1779489288.1687682,0.06778100382161185,0.05268629337087791,895.6194867435474,N,,hardware
FT-PT,pressure,442.935929326,1779489288.1834927,2.4348303597963286,,241.85379497454107,psi,,hardware
FM-PT,pressure,442.939076469,1779489288.1866398,1.6231997756004066,,140.39997195005083,psi,,hardware
CC-PT,pressure,442.941648604,1779489288.1892126,0.26691797577357,,-29.135253028303747,psi,,hardware
LF-PT,pressure,442.944925486,1779489288.1924891,0.21433355979127405,,-35.70830502609074,psi,,hardware
FI-PT,pressure,442.949169682,1779489288.1967332,1.0718203868651852,,71.47754835814816,psi,,hardware
FT-PT,pressure,442.952900128,1779489288.2004633,2.4319347658079584,,241.4918457259948,psi,,hardware
FM-PT,pressure,442.957456911,1779489288.2050202,1.6225548532670562,,140.31935665838202,psi,,hardware
E-LC,thrust,442.947603064,1779489288.195166,0.06744471251305491,0.050793240313916244,987.9873504822275,N,,hardware
WM-PT,pressure,442.960555017,1779489288.2081184,0.770608874631986,,33.82610932899825,psi,,hardware
LF-PT,pressure,442.963588292,1779489288.2111516,0.21457436258487256,,-35.67820467689093,psi,,hardware
FI-PT,pressure,442.967932856,1779489288.2154963,1.0712261284859335,,71.40326606074169,psi,,hardware
CC-PT,pressure,442.971619526,1779489288.2191832,0.26740434973291755,,-29.074456283385306,psi,,hardware
FT-PT,pressure,442.97536625,1779489288.2229297,2.4281284127388494,,241.01605159235618,psi,,hardware
FM-PT,pressure,442.978405321,1779489288.2259686,1.6216494586049865,,140.20618232562333,psi,,hardware
E-LC,thrust,442.971854114,1779489288.2194173,0.06786259700210058,0.051932396970080966,945.191868566497,N,,hardware
E-LC,thrust,442.998036035,1779489288.2455995,0.06709117310835995,0.05238091266225728,872.8087864687585,N,,hardware
WI-RTD,temperature,443.009818974,1779489288.2573824,,,-1079.4963923314044,°C,,hardware
E-LC,thrust,443.02593933,1779489288.2735038,0.06705909835506658,0.052918257912189716,839.0231996106943,N,,hardware
E-LC,thrust,443.04774402,1779489288.2953076,0.06710049564844318,0.05213473613676263,887.9683976930462,N,,hardware
E-LC,thrust,443.069511544,1779489288.3170755,0.06729788017843726,0.054027109328163785,787.3990704495592,N,,hardware
E-LC,thrust,443.091374363,1779489288.3389378,0.06695515343012255,0.053510979609010176,797.6876467193343,N,,hardware
E-LC,thrust,443.113060463,1779489288.360624,0.06646848144751566,0.05277118343367379,812.7063488212842,N,,hardware
WI-RTD,temperature,443.125948455,1779489288.3735118,,,-1082.509090216525,°C,,hardware
E-LC,thrust,443.140653209,1779489288.3882165,0.06777115974082466,0.05314320028045181,867.9255946487893,N,,hardware
E-LC,thrust,443.162408863,1779489288.4099722,0.06696151436406546,0.05265892179714701,848.6204923038277,N,,hardware
E-LC,thrust,443.185007797,1779489288.4325716,0.06741018838109832,0.05251134440438085,883.9980759519029,N,,hardware
E-LC,thrust,443.206912893,1779489288.4544764,0.06748325995901346,0.05415030469301995,791.0886791156146,N,,hardware
E-LC,thrust,443.228766767,1779489288.4763303,0.06807859867258056,0.05362870810970165,857.3601733974824,N,,hardware
WI-RTD,temperature,443.240704389,1779489288.4882677,,,-1087.2219891668965,°C,,hardware
E-LC,thrust,443.255407939,1779489288.5029712,0.06780918564607925,0.05377561495013415,832.6585279594094,N,,hardware
E-LC,thrust,443.278589954,1779489288.5261538,0.06723017301919139,0.05306138358251853,840.681506575923,N,,hardware
E-LC,thrust,443.300510013,1779489288.5480738,0.06703051606184436,0.052606078547963925,855.8499591569059,N,,hardware
E-LC,thrust,443.322232279,1779489288.5697958,0.06628923908343781,0.05306703671122035,784.5173407515692,N,,hardware
E-LC,thrust,443.343917675,1779489288.591481,0.06705595048438913,0.052700747498959005,851.7420438021874,N,,hardware
WI-RTD,temperature,443.355684707,1779489288.6032481,,,-1069.2336305614606,°C,,hardware
E-LC,thrust,443.373342755,1779489288.620907,0.06763806441582017,0.05346188959025021,841.119706317151,N,,hardware
E-LC,thrust,443.395307443,1779489288.642871,0.06761133545474236,0.054757210434342674,762.6780845437149,N,,hardware
E-LC,thrust,443.416990413,1779489288.6645536,0.0674517812522389,0.05326762499125302,841.5932714851624,N,,hardware
E-LC,thrust,443.438624921,1779489288.6861885,0.06791930524042906,0.054228330907622684,812.3311437465119,N,,hardware
E-LC,thrust,443.46035565,1779489288.7079191,0.06761645772951337,0.05416379955873484,798.1910514661927,N,,hardware
WI-RTD,temperature,443.473382843,1779489288.720947,,,-1069.3908204572622,°C,,hardware
E-LC,thrust,443.488681659,1779489288.7362452,0.06783591460715706,0.05408437636010365,815.9246026585021,N,,hardware
E-LC,thrust,443.510364093,1779489288.7579277,0.0672580754468531,0.05429349555593676,769.2317401943693,N,,hardware
E-LC,thrust,443.532111488,1779489288.7796752,0.06670971264954956,0.054258226365831656,738.7881861672621,N,,hardware
E-LC,thrust,443.553822606,1779489288.8013859,0.06769500548482006,0.05560737766115399,717.1992508708535,N,,hardware
E-LC,thrust,443.575546057,1779489288.8231099,0.06709996479451237,0.055703480849084955,676.1913807620267,N,,hardware
WI-RTD,temperature,443.588677378,1779489288.8362417,,,-1086.1582323958019,°C,,hardware
E-LC,thrust,443.603387094,1779489288.8509507,0.06743653549987501,0.05486931374601289,745.6551573958188,N,,hardware
E-LC,thrust,443.625167766,1779489288.8727312,0.06787410815049506,0.05491216390277909,769.0753586978145,N,,hardware
E-LC,thrust,443.64691655,1779489288.89448,0.06669807111597909,0.0559771127673522,636.1101953518619,N,,hardware
E-LC,thrust,443.668614391,1779489288.9161782,0.06803967869754775,0.05510247969358917,767.6071409015424,N,,hardware
E-LC,thrust,443.690477858,1779489288.9380414,0.06741996726929751,0.05583639922277918,687.2917040934211,N,,hardware
WI-RTD,temperature,443.703427367,1779489288.950991,,,-1098.1388242580188,°C,,hardware
E-LC,thrust,443.719877327,1779489288.9674416,0.06737751758128614,0.057119538366143516,608.6401000984624,N,,hardware
E-LC,thrust,443.741753053,1779489288.9893165,0.06744497328340689,0.05603919473757681,676.7428603859178,N,,hardware
E-LC,thrust,443.763437616,1779489289.011001,0.06747027732077567,0.05599896159755726,680.6313995776253,N,,hardware
E-LC,thrust,443.78608838,1779489289.0336523,0.06771413485278306,0.0560805734044997,690.2579792648129,N,,hardware
E-LC,thrust,443.807815588,1779489289.0553792,0.06723957006508947,0.05665048700874889,628.2855946762079,N,,hardware
WI-RTD,temperature,443.819899798,1779489289.0674636,,,-1075.4784567888141,°C,,hardware
E-LC,thrust,443.834597587,1779489289.082161,0.06648709858800156,0.05610669700583184,615.9038272087366,N,,hardware
E-LC,thrust,443.856268203,1779489289.1038315,0.06817437589757155,0.05530374783918236,763.6572647977587,N,,hardware
E-LC,thrust,443.878438236,1779489289.126002,0.06702039258425148,0.0560927644184547,648.3726045039424,N,,hardware
E-LC,thrust,443.900205073,1779489289.1477685,0.06725610104275954,0.05552761918635597,695.8899234799453,N,,hardware
E-LC,thrust,443.921896041,1779489289.1694593,0.03352888328181306,0.05634635427252701,1353.8366121156944,N,,hardware
WI-RTD,temperature,443.934616072,1779489289.1821797,,,-1090.8519707579921,°C,,hardware
E-LC,thrust,443.949082717,1779489289.1966467,0.06682000919520964,0.05624340586285661,627.5451310529464,N,,hardware
E-LC,thrust,443.970930441,1779489289.2184942,0.06722704377496765,0.056292989482639964,648.7538880114424,N,,hardware
E-LC,thrust,443.992813239,1779489289.240377,0.06723986808834888,0.056033401910472146,664.9169932206861,N,,hardware
E-LC,thrust,444.014464078,1779489289.2620277,0.0615203547054952,0.05659996275305304,291.94325584490167,N,,hardware
E-LC,thrust,444.036249062,1779489289.2838125,0.06787476938960187,0.05673803134119884,660.7797908719127,N,,hardware
WI-RTD,temperature,444.049098332,1779489289.2966619,,,-1088.8681485228922,°C,,hardware
E-LC,thrust,444.065624529,1779489289.3131888,0.06711509878815398,0.05624322891154634,645.064279345387,N,,hardware
E-LC,thrust,444.087298072,1779489289.334862,0.06837000954091663,0.0569724173214933,676.2571383524506,N,,hardware
E-LC,thrust,444.109072094,1779489289.3566353,0.06828032316628971,0.05659973923560849,693.0479798870858,N,,hardware
E-LC,thrust,444.130807542,1779489289.378371,0.06771745036154393,0.056304351619404745,677.1771920335917,N,,hardware
E-LC,thrust,444.152648915,1779489289.4002125,0.06718887817131021,0.05583842950623387,673.4599541278628,N,,hardware
WI-RTD,temperature,444.165637996,1779489289.4132016,,,-1105.3730047083814,°C,,hardware
E-LC,thrust,444.181879199,1779489289.4294431,0.06806059620506719,0.056502527773681616,685.7787269288772,N,,hardware
E-LC,thrust,444.203790959,1779489289.4513543,0.06807492926119915,0.057269490631758055,641.122692013505,N,,hardware
E-LC,thrust,444.225583407,1779489289.473147,0.06817916289617573,0.057971354034108406,605.6633258159947,N,,hardware
E-LC,thrust,444.247346522,1779489289.49491,0.06631968402203131,0.056617667197307014,575.6529982669749,N,,hardware
E-LC,thrust,444.269033786,1779489289.5165975,0.06748990960298891,0.056757281781110974,636.8025840980907,N,,hardware
WI-RTD,temperature,444.281901333,1779489289.5294647,,,-1086.7790307137232,°C,,hardware
E-LC,thrust,444.296554437,1779489289.5441177,0.06712626534715478,0.05671069702037537,617.9903873889116,N,,hardware
E-LC,thrust,444.318342718,1779489289.5659063,0.0669176118126645,0.05682192488872109,599.0107574873084,N,,hardware
E-LC,thrust,444.340023723,1779489289.587587,0.06756966807778693,0.05713442090266001,619.1579990575307,N,,hardware
E-LC,thrust,444.36180093,1779489289.6093643,0.06825655581135223,0.057473459613139585,639.7970410939503,N,,hardware
E-LC,thrust,444.383410418,1779489289.6309743,0.06757880435333304,0.057411778111669795,603.2435570053523,N,,hardware
WI-RTD,temperature,444.396593551,1779489289.644157,,,-1090.55616789592,°C,,hardware
E-LC,thrust,444.41324021,1779489289.6608047,0.06847713027621868,0.05697787487243114,682.289153958061,N,,hardware
E-LC,thrust,444.435095212,1779489289.682659,0.0678028340253632,0.057142448904210205,632.5161838550779,N,,hardware
E-LC,thrust,444.456743514,1779489289.7043068,0.06722209845150691,0.0582531722787824,532.156286248321,N,,hardware
E-LC,thrust,444.478720643,1779489289.7262847,0.0668338113974108,0.05586527022603396,650.800109501693,N,,hardware
E-LC,thrust,444.501226873,1779489289.7487905,0.06767799021935346,0.05733129320517698,613.9040228411378,N,,hardware
WI-RTD,temperature,444.513262491,1779489289.760826,,,-1103.0694535976165,°C,,hardware
E-LC,thrust,444.527934095,1779489289.7754972,0.06803871012195468,0.05746249794512963,627.52192249162,N,,hardware
E-LC,thrust,444.549761783,1779489289.7973254,0.06770922678222975,0.05777371804698921,589.5068516242719,N,,hardware
E-LC,thrust,444.571432066,1779489289.818996,0.06684836797098732,0.05772862340255063,541.1048443939104,N,,hardware
E-LC,thrust,444.593335771,1779489289.8408992,0.0662983381060765,0.057751757458061874,507.09711844886743,N,,hardware
E-LC,thrust,444.6151012,1779489289.8626647,0.0679833057353861,0.05813496880352125,584.3346579573139,N,,hardware
WI-RTD,temperature,444.627977358,1779489289.875541,,,-1102.5046560626827,°C,,hardware
E-LC,thrust,444.642604685,1779489289.8901677,0.06696225942221397,0.05831366168721458,513.1501322766304,N,,hardware
E-LC,thrust,444.66438417,1779489289.9119477,0.06716706659401257,0.0567508929074875,618.0263054004877,N,,hardware
E-LC,thrust,444.687129414,1779489289.9346933,0.06738080515036644,0.05784489903985251,565.7970958904934,N,,hardware
E-LC,thrust,444.708831918,1779489289.9563956,0.06688288278971706,0.057661540229504135,547.1329919059668,N,,hardware
E-LC,thrust,444.730648476,1779489289.978212,0.067304511195959,0.05704821767487736,608.5400822508436,N,,hardware
WI-RTD,temperature,444.742643984,1779489289.9902077,,,-1105.3091595400726,°C,,hardware
E-LC,thrust,444.759290291,1779489290.0068548,0.06824769893261182,0.055977531862560735,728.0299128230308,N,,hardware
E-LC,thrust,444.782349545,1779489290.0299137,0.06649217429663828,0.05836843277435694,482.00866365535984,N,,hardware
E-LC,thrust,444.804136231,1779489290.0516999,0.06736663973231789,0.05776807423151425,569.5148863810163,N,,hardware
E-LC,thrust,444.825873399,1779489290.0734367,0.06750667341133039,0.05646363573832938,655.2202352647264,N,,hardware
E-LC,thrust,444.847604475,1779489290.0951676,0.06720342543165987,0.05730394957112665,587.3689010583043,N,,hardware
WI-RTD,temperature,444.859275062,1779489290.1068385,,,-1098.2326201986255,°C,,hardware
E-LC,thrust,444.873702077,1779489290.1212661,0.06785737228183415,0.05860484903810609,548.9830457945318,N,,hardware
E-LC,thrust,444.895579354,1779489290.1431432,0.06759327710786785,0.05939297154760021,486.5514632425464,N,,hardware
E-LC,thrust,444.917399021,1779489290.1649623,0.06822610155953188,0.05919155439037733,536.0497987031698,N,,hardware
E-LC,thrust,444.93913693,1779489290.1867006,0.06789276254388839,0.05731400785613154,627.6727781402395,N,,hardware
E-LC,thrust,444.96119437,1779489290.2087586,0.0675537052069551,0.05729157229263453,608.8865529163538,N,,hardware
WI-RTD,temperature,444.973732681,1779489290.2212968,,,-1099.8688184468342,°C,,hardware
E-LC,thrust,444.98851417,1779489290.2360778,0.06780682008645773,0.05797450190478586,583.384212112531,N,,hardware
E-LC,thrust,445.010734829,1779489290.2582986,0.06670543787842248,0.05959726649192172,421.7515022657117,N,,hardware
E-LC,thrust,445.032613162,1779489290.2801766,0.06703171746810883,0.057055481991825335,591.9233049261542,N,,hardware
E-LC,thrust,445.054552011,1779489290.3021154,0.0667758458734567,0.05957705678964338,427.12815230625665,N,,hardware
E-LC,thrust,445.076472528,1779489290.3240361,0.0679752125412479,0.058042218377258585,589.3576537300327,N,,hardware
WI-RTD,temperature,445.089704826,1779489290.337269,,,-1099.1837242666318,°C,,hardware
E-LC,thrust,445.104467797,1779489290.3520315,0.06797496108412278,0.05861887475775179,555.1277886980118,N,,hardware
E-LC,thrust,445.126413424,1779489290.373977,0.0671795928841344,0.0580481509027661,541.7988908945193,N,,hardware
E-LC,thrust,445.148115279,1779489290.3956785,0.0672020098211777,0.0578857002867103,552.7676990450659,N,,hardware
E-LC,thrust,445.169934723,1779489290.4174988,0.06756031759802313,0.05799474885997163,567.5570784577222,N,,hardware
E-LC,thrust,445.191223104,1779489290.438787,0.0662584123025432,0.05987582510719598,378.7001735906017,N,,hardware
WI-RTD,temperature,445.204522011,1779489290.4520862,,,-1097.4661821670657,°C,,hardware
E-LC,thrust,445.219386314,1779489290.4669504,0.0682048115229382,0.05891578974315998,551.1486256001741,N,,hardware
E-LC,thrust,445.240739323,1779489290.4883032,0.06651347364645882,0.05828967081483255,487.945634676492,N,,hardware
E-LC,thrust,445.261832115,1779489290.5093956,0.06765688644729691,0.05932370907946933,494.43519049110296,N,,hardware
E-LC,thrust,445.283425953,1779489290.5309901,0.06701573597082329,0.05949854628724411,446.019921225698,N,,hardware
E-LC,thrust,445.304664558,1779489290.5522285,0.06705278398725796,0.05781190227710036,548.2923148026841,N,,hardware
WI-RTD,temperature,445.319418177,1779489290.566982,,,-1097.6937488289693,°C,,hardware
E-LC,thrust,445.334188352,1779489290.5817523,0.06826148250835926,0.058460438142471094,581.5286323760309,N,,hardware
E-LC,thrust,445.35550188,1779489290.6030655,0.0308678335985939,0.059095944803469753,1674.8679314893006,N,,hardware
E-LC,thrust,445.376744799,1779489290.624309,0.06707265841336947,0.058641235815433956,500.2644074775072,N,,hardware
E-LC,thrust,445.398115716,1779489290.6456797,0.06720283869836792,0.05745718009259464,578.2424106092147,N,,hardware
E-LC,thrust,445.419310432,1779489290.666874,0.06700090931366794,0.05935752540618484,453.50744517733057,N,,hardware
WI-RTD,temperature,445.434229511,1779489290.6817942,,,-1094.348265067458,°C,,hardware
E-LC,thrust,445.44911298,1779489290.696677,0.06817001730740277,0.058493500097811235,574.140021102431,N,,hardware
E-LC,thrust,445.470486693,1779489290.718051,0.06661413100232255,0.06054376973733541,360.17476838923693,N,,hardware
E-LC,thrust,445.491805091,1779489290.7393687,0.06724019405128885,0.0596696675175032,449.18457433794845,N,,hardware
E-LC,thrust,445.514343374,1779489290.7619073,0.06600923691800081,0.05970364216907527,374.13195510291564,N,,hardware
E-LC,thrust,445.535600496,1779489290.7831643,0.030737932710401143,0.05982513321341672,1725.840563178924,N,,hardware
WI-RTD,temperature,445.549143825,1779489290.796708,,,-1098.673858477294,°C,,hardware
E-LC,thrust,445.563884815,1779489290.8114483,0.06712481248376519,0.05929388812707521,464.63484516360546,N,,hardware
E-LC,thrust,445.587112176,1779489290.8346767,0.057962282951150294,0.05882169821222999,50.991972157395224,N,,hardware
E-LC,thrust,445.608420038,1779489290.8559833,0.030440896653043826,0.05851817083575378,1665.918268174124,N,,hardware
E-LC,thrust,445.629643939,1779489290.8772078,0.06805959968979355,0.05961518514039339,501.0352632644096,N,,hardware
E-LC,thrust,445.650957634,1779489290.8985214,0.04455808149970549,0.059094370868131026,862.4865025265817,N,,hardware
WI-RTD,temperature,445.663917882,1779489290.911482,,,-1088.5146601414508,°C,,hardware
E-LC,thrust,445.681150471,1779489290.928715,0.06750324614384724,0.058840939338915266,513.9635370926306,N,,hardware
E-LC,thrust,445.70408082,1779489290.951645,0.06797056524104657,0.05860473727938381,555.7057923919903,N,,hardware
E-LC,thrust,445.725685547,1779489290.9732494,0.06621262847931725,0.05826091157030005,471.80186993502053,N,,hardware
E-LC,thrust,445.747258737,1779489290.9948227,0.06642034137789504,0.05966952781910036,400.5482711551514,N,,hardware
E-LC,thrust,445.768911406,1779489291.0164754,0.06733995733737437,0.059446103506815846,468.3686606131391,N,,hardware
WI-RTD,temperature,445.783362604,1779489291.0309274,,,-1098.957738896283,°C,,hardware
E-LC,thrust,445.798319385,1779489291.0458832,0.06725202184939645,0.06043185269020232,404.66337011218513,N,,hardware
E-LC,thrust,445.819654485,1779489291.0672178,0.06701483258781822,0.05913257372469589,467.68069254525847,N,,hardware
E-LC,thrust,445.840916438,1779489291.0884798,0.0670583253572375,0.05927369705125058,461.88794615522426,N,,hardware
E-LC,thrust,445.862129874,1779489291.1096935,0.06783912767042251,0.059816937573783105,475.9832790672712,N,,hardware
E-LC,thrust,445.884645228,1779489291.1322098,0.06599074084946405,0.05957571568497606,380.62482642628703,N,,hardware
WI-RTD,temperature,445.898351015,1779489291.1459148,,,-1101.6559191276565,°C,,hardware
E-LC,thrust,445.91321252,1779489291.1607761,0.06750138349847597,0.05970885757611484,462.35653806009344,N,,hardware
E-LC,thrust,445.934579082,1779489291.1821427,0.06817286715482082,0.059967197175883905,486.86975208359036,N,,hardware
E-LC,thrust,445.955995421,1779489291.2035599,0.029230354113024964,0.060465752835959535,1853.300324227451,N,,hardware
E-LC,thrust,445.979211207,1779489291.2267754,0.06628323205211545,0.059967914294351846,374.7088536273071,N,,hardware
E-LC,thrust,446.000504659,1779489291.2480686,0.028755705506289662,0.06026508073688516,1869.5562636819998,N,,hardware
WI-RTD,temperature,446.013244798,1779489291.260809,,,-624.5600095627029,°C,,hardware
E-LC,thrust,446.028162228,1779489291.2757266,0.028479456571275777,0.05313393361972971,1462.8323048749337,N,,hardware
E-LC,thrust,446.049547623,1779489291.2971115,0.06760991053103334,0.027215893830763557,2396.7116575493405,N,,hardware
E-LC,thrust,446.070713319,1779489291.3182778,0.06737874692723118,0.05984286559735126,447.1289589062087,N,,hardware
E-LC,thrust,446.092050586,1779489291.3396144,0.06741102657151539,0.0599352155548591,443.564786988273,N,,hardware
E-LC,thrust,446.115945432,1779489291.3635101,0.06710296365356012,0.06088094580244372,369.1730591662399,N,,hardware
WI-RTD,temperature,446.128182988,1779489291.3757465,,,-1096.2361481354974,°C,,hardware
E-LC,thrust,446.142949995,1779489291.3905137,0.06729072762021156,0.06087263840408783,380.806626823341,N,,hardware
E-LC,thrust,446.164295151,1779489291.4118598,0.06748424716106023,0.06094368901177514,388.0731168575822,N,,hardware
E-LC,thrust,446.18726607,1779489291.4348304,0.027903992283820185,0.059881450296217234,1897.329175402225,N,,hardware
E-LC,thrust,446.208258659,1779489291.4558222,0.06700502575993846,0.05916570087262402,465.133276647323,N,,hardware
E-LC,thrust,446.229495409,1779489291.4770594,0.06719935555152363,0.060435205451870616,401.33957257941245,N,,hardware
WI-RTD,temperature,446.242977348,1779489291.490541,,,-1087.4243619759852,°C,,hardware
E-LC,thrust,446.257841408,1779489291.5054052,0.06685905024219159,0.06032751660973032,387.53766219270204,N,,hardware
E-LC,thrust,446.28050963,1779489291.528074,0.0667038546298569,0.06031450603181196,379.1013501506662,N,,hardware
E-LC,thrust,446.301751288,1779489291.549315,0.06693415210356142,0.06077341528515998,365.5370512251519,N,,hardware
E-LC,thrust,446.323099684,1779489291.5706637,0.06832863087399374,0.06063475996372222,456.5030073427766,N,,hardware
E-LC,thrust,446.344392562,1779489291.5919561,0.03391045549934572,0.05948112123979583,1517.192833933373,N,,hardware
WI-RTD,temperature,446.357879779,1779489291.6054435,,,-1097.19005050807,°C,,hardware
E-LC,thrust,446.374420177,1779489291.6219845,0.06754933730355946,0.06044290749048084,421.6481689093312,N,,hardware
E-LC,thrust,446.396174065,1779489291.643738,0.06834982777831886,0.06010730536071125,489.05633011138445,N,,hardware
E-LC,thrust,446.417827955,1779489291.6653917,0.06647545705443109,0.06086187231384186,333.07269460829406,N,,hardware
E-LC,thrust,446.439418106,1779489291.686982,0.0665013943912261,0.060086629997090094,380.60935405206965,N,,hardware
E-LC,thrust,446.463862108,1779489291.7114267,0.06762988740264027,0.06169376698956096,352.20981117603907,N,,hardware
WI-RTD,temperature,446.477175791,1779489291.7247403,,,-1084.3017067941996,°C,,hardware
E-LC,thrust,446.492126535,1779489291.7396903,0.0668184166334172,0.05970278535220448,422.1941226852879,N,,hardware
E-LC,thrust,446.515180305,1779489291.762744,0.02908866267963203,0.06054001650691229,1866.1136604186286,N,,hardware
E-LC,thrust,446.536305317,1779489291.7838693,0.06721340921084991,0.05961077067086347,451.089886705862,N,,hardware
E-LC,thrust,446.557416032,1779489291.8049796,0.0672552349126619,0.06194400408196497,315.1330292880177,N,,hardware
E-LC,thrust,446.580342008,1779489291.8279066,0.067061082072387,0.06072847896557795,375.73445100400306,N,,hardware
WI-RTD,temperature,446.592162165,1779489291.8397267,,,-1091.0711752807576,°C,,hardware
E-LC,thrust,446.607016948,1779489291.8545804,0.0676235823480585,0.060974962827558855,394.48475821631223,N,,hardware
E-LC,thrust,446.628399029,1779489291.8759627,0.06656735997704982,0.061084421182801864,325.32103512537884,N,,hardware
E-LC,thrust,446.649600576,1779489291.8971643,0.028936205155993124,0.06007300474619921,1847.4501090188946,N,,hardware
E-LC,thrust,446.670929176,1779489291.9184937,0.06747503637969927,0.05921422278454575,490.1416066457757,N,,hardware
E-LC,thrust,446.692672638,1779489291.9402366,0.06802546671336492,0.061116374864146096,409.9394497203166,N,,hardware
WI-RTD,temperature,446.707038523,1779489291.9546027,,,-1089.07399223664,°C,,hardware
E-LC,thrust,446.722464073,1779489291.9700277,0.067920087551485,0.06073930093518507,426.06000590046244,N,,hardware
E-LC,thrust,446.74421972,1779489291.9917831,0.06659830782989357,0.06128536336545507,315.2347048900173,N,,hardware
E-LC,thrust,446.765801851,1779489292.0133657,0.06682051210945988,0.06141800234234361,320.54891284889885,N,,hardware
E-LC,thrust,446.788784009,1779489292.0363483,0.06703519130172626,0.06056898064243563,383.66183245124444,N,,hardware
E-LC,thrust,446.812554948,1779489292.0601194,0.0680856580985377,0.060781610924793596,433.37346564215017,N,,hardware
WI-RTD,temperature,446.823764727,1779489292.0713289,,,-1100.8320677358972,°C,,hardware
E-LC,thrust,446.838796597,1779489292.0863602,0.0659464937086694,0.0606488136230485,314.3290184135066,N,,hardware
E-LC,thrust,446.860080807,1779489292.1076443,0.037478827682593786,0.059223806094980964,1290.2020524683057,N,,hardware
E-LC,thrust,446.883009151,1779489292.1305733,0.0673885630683378,0.06099855323118606,379.1405836710036,N,,hardware
E-LC,thrust,446.904254362,1779489292.151818,0.06735973863121732,0.06154809880830035,344.82396282640656,N,,hardware
E-LC,thrust,446.925537424,1779489292.1731014,0.06640709796930527,0.06026290144180077,364.55566063193385,N,,hardware
WI-RTD,temperature,446.938833736,1779489292.1863976,,,-1086.8315901940769,°C,,hardware
E-LC,thrust,446.953788978,1779489292.201353,0.06718292701934898,0.06102963146920579,365.09553597516265,N,,hardware
E-LC,thrust,446.975172093,1779489292.2227364,0.06680039553945011,0.05972728845206361,419.67102051826544,N,,hardware
E-LC,thrust,446.996884221,1779489292.244448,0.06813243843703728,0.05972115103556526,499.06971915400686,N,,hardware
E-LC,thrust,447.019727178,1779489292.2672913,0.06650574366816803,0.060701526487055596,344.3835527460042,N,,hardware
E-LC,thrust,447.041454231,1779489292.2890182,0.06725547705656017,0.06024012128891007,416.24444221390576,N,,hardware
WI-RTD,temperature,447.053781988,1779489292.3013458,,,-1085.602023964545,°C,,hardware
E-LC,thrust,447.071131238,1779489292.3186953,0.0670997226506141,0.0590301561689563,478.7942779116964,N,,hardware
E-LC,thrust,447.092804163,1779489292.340368,0.06609676262399705,0.05983047900563228,371.79949468964327,N,,hardware
E-LC,thrust,447.113892284,1779489292.361456,0.06731383373604223,0.06077457943851703,387.9957549864952,N,,hardware
E-LC,thrust,447.137597817,1779489292.3851624,0.028944102772367333,0.03213446970396873,189.29510460834953,N,,hardware
E-LC,thrust,447.159353869,1779489292.4069176,0.03139044532363955,0.06047897761809559,1725.919582804392,N,,hardware
WI-RTD,temperature,447.172976489,1779489292.4205413,,,-1079.0094290322475,°C,,hardware
E-LC,thrust,447.187925787,1779489292.43549,0.030348462876494273,0.060470353570026586,1787.2321811495838,N,,hardware
E-LC,thrust,447.209302273,1779489292.456866,0.06734403653073746,0.06085746715753879,384.8697828097878,N,,hardware
E-LC,thrust,447.230588687,1779489292.4781523,0.06726665292878782,0.061265274735125864,356.08177282394274,N,,hardware
E-LC,thrust,447.251737751,1779489292.4993012,0.0660447668784579,0.06156605470967945,265.73692201418777,N,,hardware
E-LC,thrust,447.273006517,1779489292.5205705,0.06724755150050539,0.06121258049757248,358.0749461740194,N,,hardware
WI-RTD,temperature,447.287961093,1779489292.535525,,,-1086.915714834759,°C,,hardware
E-LC,thrust,447.303449065,1779489292.5510132,0.0675385246471792,0.060805704242671045,399.4806773341506,N,,hardware
E-LC,thrust,447.32515947,1779489292.5727234,0.06696439215116408,0.06112196280025992,346.65080815364655,N,,hardware
E-LC,thrust,447.346718434,1779489292.5942824,0.06722153034466867,0.06108582748005718,364.05170330028193,N,,hardware
E-LC,thrust,447.368540115,1779489292.616104,0.03028354968530532,0.061643252047091965,1860.6756734660073,N,,hardware
E-LC,thrust,447.390892841,1779489292.6384568,0.06769855382425234,0.06123445726745811,383.53639570312436,N,,hardware
WI-RTD,temperature,447.40347663,1779489292.6510406,,,-1088.5089598226136,°C,,hardware
E-LC,thrust,447.4183458,1779489292.6659095,0.06739093794118618,0.06106335466365274,375.43660780031774,N,,hardware
E-LC,thrust,447.439626028,1779489292.6871898,0.06696604990554451,0.061494817837455015,324.6264360399769,N,,hardware
E-LC,thrust,447.460866295,1779489292.7084298,0.0667407256949813,0.061837041671519474,290.95191872540136,N,,hardware
E-LC,thrust,447.486309663,1779489292.733874,0.06734558252639562,0.06146100151073951,349.1518069289295,N,,hardware
E-LC,thrust,447.507338804,1779489292.7549024,0.06740459113175763,0.06293725972619768,265.0616633965571,N,,hardware
WI-RTD,temperature,447.518622434,1779489292.7661862,,,-1072.7358347979505,°C,,hardware
E-LC,thrust,447.533527621,1779489292.7810912,0.06783790763770432,0.062046756913871404,343.60827628075316,N,,hardware
E-LC,thrust,447.554799609,1779489292.8023632,0.06536893394517111,0.06172153903204668,216.4120981787165,N,,hardware
E-LC,thrust,447.57605419,1779489292.8236187,0.06794026931408277,0.061520838993291735,380.8861990336015,N,,hardware
E-LC,thrust,447.597444787,1779489292.8450084,0.06660618681981406,0.06121520682754598,319.864812874573,N,,hardware
E-LC,thrust,447.61879107,1779489292.866355,0.06795594347488206,0.06255343370776578,320.54891284889885,N,,hardware
WI-RTD,temperature,447.633561093,1779489292.881125,,,-1083.8848437237527,°C,,hardware
E-LC,thrust,447.648362672,1779489292.8959262,0.06720305290258562,0.06141178110680355,343.61545988306926,N,,hardware
E-LC,thrust,447.669641271,1779489292.9172056,0.06809659182686709,0.06142392555462427,395.91153215307395,N,,hardware
E-LC,thrust,447.69111031,1779489292.9386742,0.06744022353771013,0.0634207652116734,238.4878606781792,N,,hardware
E-LC,thrust,447.712218116,1779489292.9597816,0.06710115688754999,0.06267020294609105,262.9032671932304,N,,hardware
E-LC,thrust,447.733376755,1779489292.9809406,0.06808189555488772,0.06269261056990749,319.76424244216037,N,,hardware
WI-RTD,temperature,447.748395773,1779489292.9959595,,,-1095.257124307663,°C,,hardware
E-LC,thrust,447.763298146,1779489293.0108616,0.06729301867401823,0.0623904242980986,290.8872663045644,N,,hardware
E-LC,thrust,447.786480316,1779489293.034045,0.06777643102722537,0.06212870399698067,335.09847046118557,N,,hardware
E-LC,thrust,447.807737783,1779489293.0553014,0.06746462419207384,0.06203208858157261,322.3304462230733,N,,hardware
E-LC,thrust,447.831532071,1779489293.0790968,0.06807832858900173,0.06175513184131763,375.1763403625898,N,,hardware
E-LC,thrust,447.852825131,1779489293.1003885,0.06728968453880364,0.06275187994562148,269.2430725288083,N,,hardware
WI-RTD,temperature,447.86407263,1779489293.1116364,,,-1083.4069428959372,°C,,hardware
E-LC,thrust,447.881069163,1779489293.1286333,0.06780579563150353,0.06321995341419619,272.09330489356915,N,,hardware
E-LC,thrust,447.902415926,1779489293.1499796,0.06760893264221342,0.06300321599879455,273.2725208428529,N,,hardware
E-LC,thrust,447.92358958,1779489293.171153,0.06724011023224714,0.06196087033580189,313.2349005224185,N,,hardware
E-LC,thrust,447.944756975,1779489293.1923215,0.06614724962678548,0.062230814216234,232.37516769272096,N,,hardware
E-LC,thrust,447.965997054,1779489293.213561,0.06670949844533186,0.06299287831698397,220.51946094864155,N,,hardware
WI-RTD,temperature,447.981097588,1779489293.228662,,,-1089.0682990681225,°C,,hardware
E-LC,thrust,447.996346342,1779489293.24391,0.06730242503314317,0.061924483558474006,319.0911941637036,N,,hardware
E-LC,thrust,448.020129889,1779489293.2676938,0.06765236021904471,0.062293585365245985,317.95397465872423,N,,hardware
E-LC,thrust,448.041663555,1779489293.2892275,0.06839579786608194,0.06322004654646475,307.0945782972864,N,,hardware
E-LC,thrust,448.063206535,1779489293.3107703,0.06700419688274824,0.061739616005374906,312.36513205748435,N,,hardware
E-LC,thrust,448.087097821,1779489293.3346624,0.06741223729100672,0.06222424839130025,307.820674715917,N,,hardware
WI-RTD,temperature,448.098179713,1779489293.3457434,,,-1079.1213550279629,°C,,hardware
E-LC,thrust,448.113815236,1779489293.361379,0.06744738540916269,0.061611987544535105,346.23360663457,N,,hardware
E-LC,thrust,448.135033075,1779489293.3825963,0.0680975510892333,0.06216902095604193,351.75945456935415,N,,hardware
E-LC,thrust,448.156162267,1779489293.4037259,0.06728325841227274,0.06276822465875442,267.8920027087536,N,,hardware
E-LC,thrust,448.181691483,1779489293.4292557,0.06721425671449384,0.06231913154651303,290.4440933001947,N,,hardware
E-LC,thrust,448.203437182,1779489293.451001,0.06632408917833438,0.06350089621554568,167.50944912546277,N,,hardware
WI-RTD,temperature,448.214483278,1779489293.4620469,,,-1079.7994235937679,°C,,hardware
E-LC,thrust,448.229335762,1779489293.4768994,0.06705601567697712,0.06181881568656154,310.7405327646578,N,,hardware
E-LC,thrust,448.250676172,1779489293.4982398,0.06705709601129246,0.06260741317062535,264.0145152129155,N,,hardware
E-LC,thrust,448.27174968,1779489293.5193138,0.06815446421855262,0.06163218793358659,386.98839290798446,N,,hardware
E-LC,thrust,448.292981759,1779489293.5405457,0.028878370017215018,0.06186142369942947,1956.9945184780574,N,,hardware
E-LC,thrust,448.314250671,1779489293.5618145,0.06716793272411022,0.06337210360134883,225.21919461717548,N,,hardware
WI-RTD,temperature,448.329370835,1779489293.5769348,,,-1076.7010010087733,°C,,hardware
E-LC,thrust,448.344247095,1779489293.5918112,0.03909373190626286,0.062054440326027915,1362.3353662393931,N,,hardware
E-LC,thrust,448.365464934,1779489293.6130288,0.05224525619986728,0.06313418790807579,646.0766146870383,N,,hardware
E-LC,thrust,448.387207318,1779489293.6347718,0.06688711099470986,0.062171656599242286,279.7836274644091,N,,hardware
E-LC,thrust,448.408728114,1779489293.6562917,0.049274886313067236,0.06253794581150363,786.9415302405591,N,,hardware
E-LC,thrust,448.430292223,1779489293.6778557,0.06659926709225977,0.06233839129965202,252.81196369472673,N,,hardware
WI-RTD,temperature,448.444284279,1779489293.6918483,,,-1072.2076487790582,°C,,hardware
E-LC,thrust,448.459572458,1779489293.707136,0.03155427429727009,0.062102263745935415,1812.514040620809,N,,hardware
E-LC,thrust,448.483794348,1779489293.7313588,0.06794365001543164,0.06251510046602493,322.0939399314645,N,,hardware
E-LC,thrust,448.50517548,1779489293.7527394,0.06741165055771477,0.0612702200585866,364.39154294827114,N,,hardware
E-LC,thrust,448.531523939,1779489293.779088,0.06679244204371476,0.06229721752371997,266.7166548530241,N,,hardware
E-LC,thrust,448.552722593,1779489293.800286,0.06739851890784727,0.062343597393464734,299.9253431866974,N,,hardware
WI-RTD,temperature,448.563808596,1779489293.811372,,,-1087.6943314290438,°C,,hardware
E-LC,thrust,448.580918368,1779489293.8284829,0.04437452711159314,0.06250164285321747,1075.54220066971,N,,hardware
E-LC,thrust,448.603001449,1779489293.8505657,0.027469167035122755,0.031358081860313636,230.74227962799225,N,,hardware
E-LC,thrust,448.624207325,1779489293.871771,0.02901302065110453,0.0628762394638347,2009.217649555323,N,,hardware
E-LC,thrust,448.645376942,1779489293.8929405,0.02858632584945272,0.061471907299388326,1951.2111660295127,N,,hardware
E-LC,thrust,448.66655156,1779489293.9141157,0.05097478304502762,0.0615250951379651,625.9851841809569,N,,hardware
WI-RTD,temperature,448.680950163,1779489293.9285145,,,-981.5579429533037,°C,,hardware
E-LC,thrust,448.696461634,1779489293.9440253,0.0284023151132244,0.0623085703472579,2011.7711438859876,N,,hardware
E-LC,thrust,448.718214314,1779489293.9657784,0.06753879473075804,0.062234958602185086,314.694276961995,N,,hardware
E-LC,thrust,448.739800275,1779489293.9873638,0.028561133570806217,0.06273251774698707,2027.5021277867306,N,,hardware
E-LC,thrust,448.761330459,1779489294.0088944,0.033551784506652894,0.06298259651453453,1746.22817913431,N,,hardware
E-LC,thrust,448.784526015,1779489294.0320904,0.06590537581209849,0.03177310718871441,2025.1812716541222,N,,hardware
WI-RTD,temperature,448.796485795,1779489294.04405,,,-1081.0741079648526,°C,,hardware
E-LC,thrust,448.811367684,1779489294.058931,0.06739984138606088,0.027212419997146128,2384.4536690756086,N,,hardware
E-LC,thrust,448.832819313,1779489294.0803833,0.06669660893936263,0.062149109277022996,269.8183132988185,N,,hardware
E-LC,thrust,448.854006261,1779489294.10157,0.06659919258644492,0.06227176447472149,256.7607346289235,N,,hardware
E-LC,thrust,448.879221333,1779489294.1267858,0.06658020291688477,0.06291976017293455,217.18626947437974,N,,hardware
E-LC,thrust,448.900333098,1779489294.1478968,0.06746661722262111,0.061828249985367054,334.5431227437406,N,,hardware
WI-RTD,temperature,448.911533171,1779489294.1590972,,,-1075.8283478789788,°C,,hardware
E-LC,thrust,448.926473466,1779489294.1740375,0.0672496190368675,0.06253056973583337,279.99692519469176,N,,hardware
E-LC,thrust,448.947820948,1779489294.195385,0.029990425183227677,0.06315177128038063,1967.5732017644086,N,,hardware
E-LC,thrust,448.969238614,1779489294.2168026,0.030122961714620797,0.06207693176888607,1895.935556553073,N,,hardware
E-LC,thrust,448.990553578,1779489294.2381177,0.028499060913808452,0.06253422983398793,2019.4200225973157,N,,hardware
E-LC,thrust,449.011669213,1779489294.259233,0.06726297420417955,0.0628566816874363,261.4400226600996,N,,hardware
WI-RTD,temperature,449.026510714,1779489294.274075,,,-1080.1777605437767,°C,,hardware
E-LC,thrust,449.041464787,1779489294.2890286,0.06742379500553548,0.062479039651637036,293.3888176646412,N,,hardware
E-LC,thrust,449.062830324,1779489294.3103938,0.06734233221022275,0.06316855371517582,247.64419070611743,N,,hardware
E-LC,thrust,449.086219303,1779489294.3337836,0.06668098134469763,0.06277956816906549,231.48384842084027,N,,hardware
E-LC,thrust,449.107665672,1779489294.3552296,0.06675323335864941,0.06408460270876917,158.33875189289412,N,,hardware
E-LC,thrust,449.128939563,1779489294.376503,0.06693987042485124,0.0637885817931392,186.9764588149139,N,,hardware
WI-RTD,temperature,449.141503498,1779489294.389067,,,-1063.7249762280765,°C,,hardware
E-LC,thrust,449.156349165,1779489294.4039128,0.048440663330634036,0.06271548385506676,846.9726844496747,N,,hardware
E-LC,thrust,449.179164674,1779489294.426729,0.06705675142189878,0.06244413367737933,273.6819861748204,N,,hardware
E-LC,thrust,449.203095752,1779489294.4506607,0.028607243356972144,0.04425913623084262,928.6789771829815,N,,hardware
E-LC,thrust,449.224233628,1779489294.4717975,0.06665508126081005,0.06208276184889816,271.29095177343845,N,,hardware
E-LC,thrust,449.245382632,1779489294.4929464,0.06744589529286567,0.04922463214095022,1081.1282803469833,N,,hardware
WI-RTD,temperature,449.256613316,1779489294.504177,,,-1004.7373575804125,°C,,hardware
E-LC,thrust,449.273674995,1779489294.5212395,0.06710082161138316,0.06248242966621276,274.02458874677706,N,,hardware
E-LC,thrust,449.294985885,1779489294.5425496,0.05674916064729221,0.06326028899971116,386.3269489101908,N,,hardware
E-LC,thrust,449.316104076,1779489294.563668,0.06765677468857463,0.06312013424874952,269.1739994296235,N,,hardware
E-LC,thrust,449.33734719,1779489294.584911,0.060151170659204806,0.06282790381645009,158.81950066322034,N,,hardware
E-LC,thrust,449.35846251,1779489294.6060262,0.06623368568523952,0.06248405016768577,222.47837404152256,N,,hardware
WI-RTD,temperature,449.37369591,1779489294.6212604,,,-1071.2946964481866,°C,,hardware
E-LC,thrust,449.388648223,1779489294.6362119,0.044858796281671075,0.06366881369576617,1116.061033236309,N,,hardware
E-LC,thrust,449.410404364,1779489294.657968,0.06733770353647513,0.06353235629586652,225.7839362761104,N,,hardware
E-LC,thrust,449.431874029,1779489294.6794379,0.06701177784940933,0.06393458525056664,182.5800941979996,N,,hardware
E-LC,thrust,449.453461081,1779489294.701025,0.029857907278288277,0.0625442508660854,1939.3897195426289,N,,hardware
E-LC,thrust,449.475074872,1779489294.7226388,0.06834925035825376,0.0626840051482922,336.1378824577193,N,,hardware
WI-RTD,temperature,449.488685212,1779489294.736249,,,-1065.3093780136712,°C,,hardware
E-LC,thrust,449.503551861,1779489294.7511153,0.02806916236211805,0.0642562920458665,2147.1030279024076,N,,hardware
E-LC,thrust,449.524977527,1779489294.772542,0.02921627251401812,0.06265528315666713,1984.0479647971745,N,,hardware
E-LC,thrust,449.546303139,1779489294.7938673,0.06639224337246935,0.06273925121000423,216.744201639597,N,,hardware
E-LC,thrust,449.568080872,1779489294.8156445,0.06730884184644721,0.062470946457498844,287.04845974426985,N,,hardware
E-LC,thrust,449.590002361,1779489294.8375666,0.03132892214702632,0.06260336191694282,1855.6167596817124,N,,hardware
WI-RTD,temperature,449.603575813,1779489294.8511395,,,-1086.0321429708426,°C,,hardware
E-LC,thrust,449.618474794,1779489294.8660383,0.06656370919212212,0.0627816170789739,224.4041320467948,N,,hardware
E-LC,thrust,449.639793129,1779489294.887357,0.0662600141775625,0.06325242863624438,178.45007545154192,N,,hardware
E-LC,thrust,449.66095467,1779489294.908518,0.06813048265939745,0.027558592639397694,2407.265474519985,N,,hardware
E-LC,thrust,449.683862492,1779489294.931427,0.0674689455293352,0.06320701734209268,252.8744057763898,N,,hardware
E-LC,thrust,449.705190308,1779489294.9527543,0.06780451971942421,0.06307969621773912,280.33952776664836,N,,hardware
WI-RTD,temperature,449.71850632,1779489294.9660702,,,-1068.7767347028378,°C,,hardware
E-LC,thrust,449.733225675,1779489294.9807892,0.029833879152998823,0.06283783171627899,1958.2345187546234,N,,hardware
E-LC,thrust,449.754582805,1779489295.0021465,0.06807775116893663,0.06308124221339728,296.4595313620016,N,,hardware
E-LC,thrust,449.775785678,1779489295.02335,0.06749700628185347,0.06308621547653859,261.70692111534964,N,,hardware
E-LC,thrust,449.797007419,1779489295.0445714,0.05613260640294628,0.06302006362617774,408.65579524506626,N,,hardware
E-LC,thrust,449.818325456,1779489295.0658891,0.06714527364316865,0.06250378489539443,275.39499903460353,N,,hardware
WI-RTD,temperature,449.833258805,1779489295.0808225,,,-1063.2100286933264,°C,,hardware
E-LC,thrust,449.848190747,1779489295.0957541,0.0679180386415766,0.06419288759742828,221.02562861946697,N,,hardware
E-LC,thrust,449.86943184,1779489295.1169958,0.06725028027597431,0.06334144445853764,231.92425850124258,N,,hardware
E-LC,thrust,449.893578561,1779489295.141143,0.06710718254532606,0.06437745712726797,161.96370813811336,N,,hardware
E-LC,thrust,449.914722304,1779489295.1622858,0.06802973217126514,0.0634218548592156,273.40072051493905,N,,hardware
E-LC,thrust,449.935900306,1779489295.1834636,0.06397264840872866,0.06471413959135289,43.99514350237111,N,,hardware
WI-RTD,temperature,449.948222134,1779489295.1957867,,,-1053.7367474055993,°C,,hardware
E-LC,thrust,449.963061355,1779489295.210625,0.06692255713612523,0.06234829125980035,271.4064419952763,N,,hardware
E-LC,thrust,449.98657781,1779489295.2341423,0.06616724512484612,0.06376013919831981,142.82161830722754,N,,hardware
E-LC,thrust,450.007823626,1779489295.2553875,0.06634652474183139,0.06335228505459846,177.65822144248736,N,,hardware
E-LC,thrust,450.028917,1779489295.2764804,0.06814039193277263,0.06338536563639231,282.13156025189886,N,,hardware
E-LC,thrust,450.050068317,1779489295.297632,0.06668461350317162,0.0634410494197666,192.45146894869805,N,,hardware
WI-RTD,temperature,450.063094112,1779489295.3106577,,,-666.8634144579872,°C,,hardware
E-LC,thrust,450.078552395,1779489295.3261168,0.02831198612594439,0.06243761441857987,2024.7872786963717,N,,hardware
E-LC,thrust,450.099940153,1779489295.347504,0.027777723554101415,0.02791202959859724,7.968825306752247,N,,hardware
E-LC,thrust,450.121075841,1779489295.3686395,0.06592726189521098,0.06492610863460405,59.40176012934448,N,,hardware
E-LC,thrust,450.142308953,1779489295.3898726,0.028292828818300822,0.06415465680118285,2127.801793651,N,,hardware
E-LC,thrust,450.163456511,1779489295.41102,0.030849365469737704,0.06215194981121419,1857.286670927605,N,,hardware
WI-RTD,temperature,450.178570079,1779489295.4261343,,,-681.0629505579709,°C,,hardware
E-LC,thrust,450.193422504,1779489295.4409862,0.06663198445820623,0.06392081098804606,160.86295922950353,N,,hardware
E-LC,thrust,450.218046252,1779489295.4656107,0.029657197926306476,0.057676553151196616,1662.4817433434816,N,,hardware
E-LC,thrust,450.239695763,1779489295.4872596,0.06653888012932302,0.02614543153589148,2396.6779498769383,N,,hardware
E-LC,thrust,450.261255757,1779489295.5088193,0.029017276795777893,0.026696113326682248,137.7223658330083,N,,hardware
E-LC,thrust,450.284534199,1779489295.5320988,0.028444438838295796,0.028367465018327834,4.567113318099114,N,,hardware
WI-RTD,temperature,450.296054172,1779489295.5436177,,,-630.8331711342481,°C,,hardware
E-LC,thrust,450.310997706,1779489295.5585616,0.028506939903728948,0.028137800844049553,21.902250874310727,N,,hardware
E-LC,thrust,450.332405703,1779489295.5799696,0.027890152828711608,0.06466980863151653,2182.259577633092,N,,hardware
E-LC,thrust,450.353506781,1779489295.6010702,0.06760359616322471,0.06391312757588954,218.96780284855336,N,,hardware
E-LC,thrust,450.374729319,1779489295.6222932,0.06618147573548266,0.06285687726520028,197.25950923675458,N,,hardware
E-LC,thrust,450.396041893,1779489295.6436057,0.029871998190521977,0.06356298749899715,1998.998698969527,N,,hardware
WI-RTD,temperature,450.411035482,1779489295.6585994,,,-1076.7183454928227,°C,,hardware
E-LC,thrust,450.426413507,1779489295.6739771,0.06685899436283045,0.06444181152484554,143.4195150537712,N,,hardware
E-LC,thrust,450.448165424,1779489295.6957293,0.06744312926448932,0.0636703876311049,223.84933691414247,N,,hardware
E-LC,thrust,450.469700381,1779489295.7172642,0.0674687313251175,0.06365210576678583,226.45311646101277,N,,hardware
E-LC,thrust,450.491387336,1779489295.7389512,0.06754261315376915,0.06433590150903482,190.26489092090395,N,,hardware
E-LC,thrust,450.512992293,1779489295.7605557,0.06670061362691088,0.0634350703281248,193.7555690613071,N,,hardware
WI-RTD,temperature,450.526447098,1779489295.7740111,,,-1699.4297541344547,°C,,hardware
E-LC,thrust,450.541934565,1779489295.7894983,0.0678180145851391,0.06456448534899775,193.04273467771995,N,,hardware
E-LC,thrust,450.565948177,1779489295.8135128,0.06651841896991956,0.0634707679266653,180.8272952330861,N,,hardware
E-LC,thrust,450.588884996,1779489295.8364496,0.059898651826220964,0.0640019291939651,243.4611238194858,N,,hardware
E-LC,thrust,450.610142589,1779489295.8577065,0.06805046341424743,0.0639869442119532,241.10213933612482,N,,hardware
E-LC,thrust,450.631399627,1779489295.8789632,0.06750108547521656,0.06337592202435995,244.75969808415925,N,,hardware
WI-RTD,temperature,450.642567699,1779489295.8901315,,,-1082.305538564424,°C,,hardware
E-LC,thrust,450.65747566,1779489295.9050395,0.06692236155836125,0.06388502957046385,180.215031281912,N,,hardware
E-LC,thrust,450.680393757,1779489295.927958,0.06810737654356677,0.06415307355261726,234.6219774630042,N,,hardware
E-LC,thrust,450.70167335,1779489295.9492376,0.04085312153138179,0.06339334707180823,1337.3867153986353,N,,hardware
E-LC,thrust,450.722903665,1779489295.9704676,0.06601509493769347,0.06345316592790674,152.00778791401274,N,,hardware
E-LC,thrust,450.744120074,1779489295.9916835,0.06680377624079897,0.06395011971296308,169.31695398492982,N,,hardware
WI-RTD,temperature,450.757509288,1779489296.0050728,,,-1080.619820913034,°C,,hardware
E-LC,thrust,450.774195952,1779489296.0217602,0.06759270900102961,0.06561961807246425,117.07006176154471,N,,hardware
E-LC,thrust,450.795488061,1779489296.043052,0.06606836659531196,0.06309566840179781,176.3800928151726,N,,hardware
E-LC,thrust,450.817041998,1779489296.0646062,0.029323914790024136,0.06462317730464665,2094.4229092009355,N,,hardware
E-LC,thrust,450.838644452,1779489296.0862086,0.06805507346154135,0.06367823868134483,259.6921969583273,N,,hardware
E-LC,thrust,450.860219629,1779489296.1077833,0.02976782974813339,0.06406626496508896,2035.040489539364,N,,hardware
WI-RTD,temperature,450.874222533,1779489296.1217868,,,-1099.5144552526767,°C,,hardware
E-LC,thrust,450.889749369,1779489296.1373131,0.029107717541780178,0.06385917605271055,2061.9198716485353,N,,hardware
E-LC,thrust,450.914193748,1779489296.1617582,0.06691053376025365,0.06420459432358674,160.55240657556948,N,,hardware
E-LC,thrust,450.93537197,1779489296.1829357,0.06666458075220355,0.06416315977730272,148.41764451078262,N,,hardware
E-LC,thrust,450.956712633,1779489296.204277,0.06788524676981529,0.06427613853229744,214.1404220927259,N,,hardware
E-LC,thrust,450.979096146,1779489296.2266605,0.02888314770259234,0.0636484177289507,2062.7393548972627,N,,hardware
WI-RTD,temperature,450.990303643,1779489296.2378674,,,-1087.881690493526,°C,,hardware
E-LC,thrust,451.006386819,1779489296.253951,0.03170985175190589,0.06435802973604557,1937.1252270589544,N,,hardware
E-LC,thrust,451.028218362,1779489296.275782,0.06804652391928719,0.064970141571181,182.53201932096698,N,,hardware
E-LC,thrust,451.048783133,1779489296.2963471,0.0667233472136673,0.06346723821368673,193.19580066551347,N,,hardware
E-LC,thrust,451.070375681,1779489296.31794,0.06631071538456862,0.02648807446516448,2362.810027884646,N,,hardware
E-LC,thrust,451.092131836,1779489296.339696,0.02782717678870878,0.06393069232174067,2142.141921626559,N,,hardware
WI-RTD,temperature,451.106404345,1779489296.3539684,,,-1018.8593522802954,°C,,hardware
E-LC,thrust,451.121266324,1779489296.3688302,0.028752669394334483,0.06292796512579502,2027.7342133999916,N,,hardware
E-LC,thrust,451.142748799,1779489296.3903127,0.06662976791021441,0.06325118066384562,200.46284328454814,N,,hardware
E-LC,thrust,451.163884207,1779489296.4114475,0.06716066840716224,0.06398176605782105,188.6148727275774,N,,hardware
E-LC,thrust,451.186612917,1779489296.4341774,0.03278534318928041,0.06374372929259887,1836.8642421302288,N,,hardware
E-LC,thrust,451.207879693,1779489296.4554436,0.029621453761631698,0.06398774514946284,2039.0666223446483,N,,hardware
WI-RTD,temperature,451.221302293,1779489296.4688663,,,-1085.7766705517959,°C,,hardware
E-LC,thrust,451.235981776,1779489296.4835455,0.067266187267445,0.06388825194695616,200.42416234900466,N,,hardware
E-LC,thrust,451.259897425,1779489296.5074615,0.06739246531039063,0.06465769212337638,162.26320909617866,N,,hardware
E-LC,thrust,451.2828495,1779489296.5304139,0.06686901539492791,0.04957200618946626,1026.2892128573917,N,,hardware
E-LC,thrust,451.304074981,1779489296.5516386,0.06679791822110631,0.06443198607051207,140.3786409352586,N,,hardware
E-LC,thrust,451.325295128,1779489296.5728586,0.06796430675259908,0.06368933073453077,253.64857707205306,N,,hardware
WI-RTD,temperature,451.336364776,1779489296.5839283,,,-1077.8408232585891,°C,,hardware
E-LC,thrust,451.351048647,1779489296.5986123,0.06630660825152496,0.06363101130795613,158.75208531841682,N,,hardware
E-LC,thrust,451.372380755,1779489296.6199448,0.04236120304300821,0.06390190513752761,1278.081657608151,N,,hardware
E-LC,thrust,451.393675993,1779489296.64124,0.06795276766452403,0.06402968260999711,232.76971323526377,N,,hardware
E-LC,thrust,451.414754995,1779489296.6623182,0.0672195373141214,0.027066854261380942,2382.3925277959343,N,,hardware
E-LC,thrust,451.435854108,1779489296.6834178,0.02764300772762391,0.06349980656800348,2127.5033978625215,N,,hardware
WI-RTD,temperature,451.451086783,1779489296.6986508,,,-1058.3509065562698,°C,,hardware
E-LC,thrust,451.465844153,1779489296.7134078,0.06657746482818899,0.0646922535082404,111.85587165028318,N,,hardware
E-LC,thrust,451.49029968,1779489296.7378645,0.06760434122137322,0.06378004156411189,226.90844633083898,N,,hardware
E-LC,thrust,451.511433496,1779489296.7589972,0.06745710841800075,0.063752604797793,219.80054813232616,N,,hardware
E-LC,thrust,451.532780733,1779489296.7803442,0.06829980643687325,0.0646805747217625,214.74108176323776,N,,hardware
E-LC,thrust,451.554019565,1779489296.801583,0.06716878022775415,0.06375744767575832,202.40573141841907,N,,hardware
WI-RTD,temperature,451.565875993,1779489296.8134398,,,-1074.744526460442,°C,,hardware
E-LC,thrust,451.58524803,1779489296.8328125,0.06328736255018265,0.06355747406869817,16.02661676525452,N,,hardware
E-LC,thrust,451.606621007,1779489296.8541849,0.0656966570850202,0.06456815476037917,66.95780459536836,N,,hardware
E-LC,thrust,451.627829044,1779489296.8753924,0.02860758794636583,0.06281167086203943,2029.4422529966334,N,,hardware
E-LC,thrust,451.648984433,1779489296.896548,0.06823161498983085,0.0641599839669447,241.5834406912453,N,,hardware
E-LC,thrust,451.670080231,1779489296.917644,0.06838476169225713,0.06356215862180693,286.1411155133783,N,,hardware
WI-RTD,temperature,451.685261333,1779489296.9328256,,,-1050.0802465208674,°C,,hardware
E-LC,thrust,451.70026055,1779489296.9478245,0.06774855653924423,0.06419610997392058,210.7784962092032,N,,hardware
E-LC,thrust,451.721912744,1779489296.9694767,0.06758944005840302,0.06381144576507161,224.16099473766351,N,,hardware
E-LC,thrust,451.743372831,1779489296.9909365,0.06773270542713468,0.06412022580149482,214.3404577879651,N,,hardware
E-LC,thrust,451.764967322,1779489297.012531,0.06741745269804629,0.0644163491626202,178.06547643528094,N,,hardware
E-LC,thrust,451.787862767,1779489297.035427,0.06566949971550701,0.06446140655415136,71.6801942404349,N,,hardware
WI-RTD,temperature,451.800294886,1779489297.0478587,,,-1076.0099214797006,°C,,hardware
E-LC,thrust,451.815154511,1779489297.0627182,0.06801235368995114,0.06311654865640981,290.48443199011865,N,,hardware
E-LC,thrust,451.836418137,1779489297.0839815,0.067375841200452,0.06484739324121394,150.02124558145783,N,,hardware
E-LC,thrust,451.857518748,1779489297.1050825,0.028274388629125194,0.06395635957495685,2117.130276119345,N,,hardware
E-LC,thrust,451.880249715,1779489297.127814,0.06791823421934058,0.06451836624960497,201.72549953764633,N,,hardware
E-LC,thrust,451.901534822,1779489297.1490984,0.06718921344747704,0.06223057207233573,294.2127215917175,N,,hardware
WI-RTD,temperature,451.915190768,1779489297.1627543,,,-1104.1257722638663,°C,,hardware
E-LC,thrust,451.933500435,1779489297.1810648,0.029362890644418077,0.028792874594673466,33.8209522848469,N,,hardware
E-LC,thrust,451.955578193,1779489297.2031424,0.02822875381752894,0.06525918687989556,2197.1390283670858,N,,hardware
E-LC,thrust,451.979068366,1779489297.2266326,0.06700150536018674,0.0634268094959032,212.09862128082398,N,,hardware
E-LC,thrust,452.000829945,1779489297.248394,0.06759037138108866,0.02900121147945064,2289.6234874971888,N,,hardware
E-LC,thrust,452.022129737,1779489297.2696936,0.06490375689014874,0.06344157096047055,86.75636516090572,N,,hardware
WI-RTD,temperature,452.035920273,1779489297.283484,,,-1079.533663200425,°C,,hardware
E-LC,thrust,452.050945729,1779489297.2985094,0.0661781788531755,0.06471607674253901,86.75139189776525,N,,hardware
E-LC,thrust,452.072283742,1779489297.3198476,0.030222594615530327,0.06257051416582038,1919.3098933172098,N,,hardware
E-LC,thrust,452.093577682,1779489297.3411415,0.06723684128962056,0.02862052401846934,2291.234824754972,N,,hardware
E-LC,thrust,452.114832382,1779489297.3623962,0.06634945840829115,0.06500357605559541,79.85568625994725,N,,hardware
E-LC,thrust,452.136055416,1779489297.383619,0.06843834068636187,0.0635343679528675,290.9690488539992,N,,hardware
WI-RTD,temperature,452.150975152,1779489297.3985388,,,-1001.0467501804499,°C,,hardware
E-LC,thrust,452.165655022,1779489297.4132187,0.06774630273834499,0.0641262514592709,214.78970922506304,N,,hardware
E-LC,thrust,452.188113346,1779489297.4356778,0.06777959752435654,0.027302413708259306,2401.6462397551027,N,,hardware
E-LC,thrust,452.209354917,1779489297.4569185,0.06636263662429293,0.06369611076368221,158.21386772956882,N,,hardware
E-LC,thrust,452.230615283,1779489297.4781787,0.06672278842005591,0.06385736928670041,170.01486857909305,N,,hardware
E-LC,thrust,452.25182641,1779489297.4993904,0.0678267038257961,0.02749813117064609,2392.8286442055673,N,,hardware
WI-RTD,temperature,452.26569076,1779489297.5132544,,,-1080.3461652151461,°C,,hardware
E-LC,thrust,452.285174996,1779489297.5327394,0.052089911575902884,0.06366213611211015,686.6186558149644,N,,hardware
E-LC,thrust,452.306739671,1779489297.554304,0.029386220277693303,0.06328757675440035,2011.480484284618,N,,hardware
E-LC,thrust,452.327921169,1779489297.5754852,0.06741954817408898,0.06409693342112702,197.14180867574285,N,,hardware
E-LC,thrust,452.349100537,1779489297.5966644,0.0668543284361754,0.06269748138755338,246.63959155157366,N,,hardware
E-LC,thrust,452.370390218,1779489297.617954,0.06551357767147752,0.027893738421051313,2232.1104621919544,N,,hardware
WI-RTD,temperature,452.385163364,1779489297.6327271,,,-1092.2535248407617,°C,,hardware
E-LC,thrust,452.400082081,1779489297.6476457,0.029577569836684445,0.06439116619720056,2065.606717390623,N,,hardware
E-LC,thrust,452.42139191,1779489297.6689556,0.03002778053614861,0.02836729738024442,98.52200058364859,N,,hardware
E-LC,thrust,452.442621963,1779489297.6901855,0.06772069136448995,0.026197082692036952,2463.7341145655446,N,,hardware
E-LC,thrust,452.463931588,1779489297.7114954,0.02988733707515443,0.06363589143882888,2002.414225578017,N,,hardware
E-LC,thrust,452.486756775,1779489297.7343209,0.027130193517231168,0.027257989616154384,7.582568536110834,N,,hardware
WI-RTD,temperature,452.500121764,1779489297.747686,,,-625.6552955149688,°C,,hardware
E-LC,thrust,452.515350919,1779489297.762915,0.030885556669301588,0.06494051619655086,2020.594265283457,N,,hardware
E-LC,thrust,452.537080313,1779489297.784644,0.06701358461541947,0.027412579868743403,2349.6596149694465,N,,hardware
E-LC,thrust,452.558617637,1779489297.8061814,0.028154760230155017,0.06311998523711981,2074.6033504132442,N,,hardware
E-LC,thrust,452.581820372,1779489297.8293848,0.06795063493557392,0.03026778239223747,2235.849250904629,N,,hardware
E-LC,thrust,452.603406843,1779489297.8509705,0.06671368008419037,0.06375115193440341,175.77667022069335,N,,hardware
WI-RTD,temperature,452.615390027,1779489297.8629537,,,-1082.663136716463,°C,,hardware
E-LC,thrust,452.633148113,1779489297.880713,0.029237609116746083,0.06387772800060845,2055.3137204425007,N,,hardware
E-LC,thrust,452.65448046,1779489297.902044,0.029699088820706463,0.06396184506557526,2032.9235371955485,N,,hardware
E-LC,thrust,452.675661995,1779489297.9232264,0.02881155692774736,0.06442908965695973,2113.3069419332674,N,,hardware
E-LC,thrust,452.697032452,1779489297.9445963,0.06733059754438371,0.06331813345171612,238.07286949827693,N,,hardware
E-LC,thrust,452.71817758,1779489297.9657414,0.06658569772073003,0.06357472216483619,178.65121631636808,N,,hardware
WI-RTD,temperature,452.733145741,1779489297.9807096,,,-627.5373970574257,°C,,hardware
E-LC,thrust,452.747866388,1779489297.99543,0.030681643567281196,0.06343550804978705,1943.3959592953474,N,,hardware
E-LC,thrust,452.76924888,1779489298.0168128,0.026948920869698627,0.028077637398557353,66.97051404561773,N,,hardware
E-LC,thrust,452.790597188,1779489298.0381608,0.02833204681659303,0.06353999314188875,2089.0048153008797,N,,hardware
E-LC,thrust,452.811751203,1779489298.059315,0.06712201851570827,0.06465126599684548,146.59798278585905,N,,hardware
E-LC,thrust,452.833413318,1779489298.0809772,0.029158772651406845,0.06314141497211634,2016.3034443620968,N,,hardware
WI-RTD,temperature,452.847902321,1779489298.095466,,,-892.0731817693776,°C,,hardware
E-LC,thrust,452.8631524,1779489298.1107159,0.06763973148342746,0.06440051667696436,192.19341185014363,N,,hardware
E-LC,thrust,452.887058044,1779489298.134622,0.03004330568531819,0.02850821581580827,91.08199892425519,N,,hardware
E-LC,thrust,452.908699698,1779489298.1562636,0.02893107356799526,0.06366465068336137,2060.858908845056,N,,hardware
E-LC,thrust,452.929861324,1779489298.1774251,0.02609015753449887,0.027903480056343084,107.5904696294233,N,,hardware
E-LC,thrust,452.950924637,1779489298.198489,0.029852868822558977,0.06390607746315927,2020.4903793422839,N,,hardware
WI-RTD,temperature,452.963182221,1779489298.2107463,,,-1759.1646378053888,°C,,hardware
E-LC,thrust,453.071004662,1779489298.3185687,0.06829724529948775,0.047846172120710864,1213.4303419407615,N,,hardware
E-LC,thrust,453.092946272,1779489298.3405097,0.028113763405533242,0.06453038962547655,2160.719822383303,N,,hardware
E-LC,thrust,453.114721534,1779489298.362285,0.02833878027961019,0.06095178220591333,1935.0381142939864,N,,hardware
E-LC,thrust,453.136420297,1779489298.3839836,0.066972308393992,0.06266652422148278,255.4765275688805,N,,hardware
E-LC,thrust,453.158137727,1779489298.405701,0.040578455844933484,0.06377704270506414,1376.4494870344188,N,,hardware
WI-RTD,temperature,453.171033317,1779489298.4185975,,,-1079.0497601506966,°C,,hardware
E-LC,thrust,453.185719889,1779489298.4332833,0.02683022379341409,0.06369883022592428,2187.5373149956044,N,,hardware
E-LC,thrust,453.207553409,1779489298.4551167,0.028435293249522833,0.029417782803509568,58.29438020321291,N,,hardware
E-LC,thrust,453.229247746,1779489298.476811,0.028412168507238447,0.028096049648052412,18.7563856450381,N,,hardware
E-LC,thrust,453.250976102,1779489298.4985392,0.0286100280118022,0.050316058509476,1287.8911428619788,N,,hardware
E-LC,thrust,453.272651717,1779489298.5202155,0.028683835334638995,0.028129241988568542,32.90587186684685,N,,hardware
WI-RTD,temperature,453.285754247,1779489298.5333178,,,-1099.5352594426645,°C,,hardware
E-LC,thrust,453.300524651,1779489298.548088,0.029364129303589975,0.028672109982026815,41.05981307941416,N,,hardware
E-LC,thrust,453.323744236,1779489298.5713084,0.02738926886192189,0.028599196728968233,71.78905344474974,N,,hardware
E-LC,thrust,453.345591162,1779489298.5931547,0.02903134908155788,0.06309393614160252,2021.0468322293154,N,,hardware
E-LC,thrust,453.367709343,1779489298.615273,0.043197661199886946,0.05120161599834156,474.9013180416405,N,,hardware
E-LC,thrust,453.389924133,1779489298.6374881,0.06658911567498632,0.0643152820247748,134.91412991255055,N,,hardware
WI-RTD,temperature,453.401701746,1779489298.649265,,,-1085.994139320311,°C,,hardware
E-LC,thrust,453.416478686,1779489298.6640422,0.052083532015506265,0.06446936936311357,734.8930159580332,N,,hardware
E-LC,thrust,453.438353742,1779489298.6859171,0.030442424022248272,0.06428915842344265,2008.239574470867,N,,hardware
E-LC,thrust,453.460199521,1779489298.707763,0.06599928107849135,0.06394115107550039,122.11571351079694,N,,hardware
E-LC,thrust,453.482299313,1779489298.7298632,0.06690635212139513,0.06359214721228447,196.64282460723265,N,,hardware
E-LC,thrust,453.504028317,1779489298.7515917,0.06685006297827518,0.06288568307586706,235.2198742095487,N,,hardware
WI-RTD,temperature,453.516517174,1779489298.7640803,,,-1099.3434535200756,°C,,hardware
E-LC,thrust,453.531235968,1779489298.7787993,0.061736738218276285,0.06323951119059458,89.16452969088549,N,,hardware
E-LC,thrust,453.552988415,1779489298.800552,0.06611153340179127,0.06372043691223107,141.87172504723813,N,,hardware
E-LC,thrust,453.574767399,1779489298.8223307,0.06800707309032357,0.06074254193813109,431.02884836342037,N,,hardware
E-LC,thrust,453.596503865,1779489298.8440673,0.06807943686299764,0.06429041570906827,224.81525513314276,N,,hardware
E-LC,thrust,453.618252146,1779489298.8658156,0.06749489217935707,0.06384958342904848,216.2883191849765,N,,hardware
WI-RTD,temperature,453.631644689,1779489298.8792093,,,-1070.9629445228086,°C,,hardware
E-LC,thrust,453.646460611,1779489298.894024,0.03140909040380602,0.06365916519274296,1913.5044374769257,N,,hardware
FT-PT,pressure,453.566123482,1779489298.8136868,2.0378395364093227,,192.22994205116532,psi,,hardware
E-LC,thrust,453.668262335,1779489298.9158258,0.06692001462519344,0.06380314767994258,184.93410541821768,N,,hardware
E-LC,thrust,453.691411476,1779489298.9389749,0.02816450186544679,0.06423177963278051,2139.991814195134,N,,hardware
E-LC,thrust,453.713060777,1779489298.9606242,0.06672659752984017,0.06341719824578741,196.35769085379698,N,,hardware
E-LC,thrust,453.7347638,1779489298.9823272,0.06836694548928088,0.0370404913473715,1858.7029457532894,N,,hardware
WI-RTD,temperature,453.74650595,1779489298.9940693,,,-1075.3795243983163,°C,,hardware
E-LC,thrust,453.761194392,1779489299.0087583,0.03017993072330126,0.06483548162406463,2056.2293534452933,N,,hardware
FM-PT,pressure,453.67593529,1779489298.9234993,1.4485825834968784,,118.5728229371098,psi,,hardware
E-LC,thrust,453.783135297,1779489299.030699,0.06681291251634508,0.06399096752595515,167.4354027631358,N,,hardware
E-LC,thrust,453.804879761,1779489299.0524435,0.0672762641789036,0.0592818274982962,474.336576382706,N,,hardware
E-LC,thrust,453.826635558,1779489299.074199,0.06769088903854954,0.06300494825898983,278.032486253876,N,,hardware
E-LC,thrust,453.848361208,1779489299.0959249,0.06630985856769783,0.06360701112234725,160.36894842413466,N,,hardware
WI-RTD,temperature,453.861229612,1779489299.108793,,,-1092.0003380192543,°C,,hardware
E-LC,thrust,453.877184583,1779489299.1247485,0.029009584070394525,0.06334828968027707,2037.4298661863643,N,,hardware
FI-PT,pressure,453.78476756,1779489299.032331,1.0077233323721089,,63.46541654651361,psi,,hardware
E-LC,thrust,453.899035804,1779489299.146599,0.06653781842146139,0.0632209313030161,196.80196902775361,N,,hardware
E-LC,thrust,453.920762028,1779489299.1683252,0.06648991118251218,0.0636666716535892,167.51221204943016,N,,hardware
E-LC,thrust,453.942556824,1779489299.190121,0.02753872752651304,0.06356959057683832,2137.8312076526336,N,,hardware
E-LC,thrust,453.96635669,1779489299.213921,0.029432749159067767,0.026850293797289586,153.22568479883876,N,,hardware
WI-RTD,temperature,453.979625809,1779489299.2271898,,,-1096.3344928610366,°C,,hardware
WM-PT,pressure,453.893027186,1779489299.140591,0.7488633094863069,,31.107913685788358,psi,,hardware
E-LC,thrust,453.99437049,1779489299.241934,0.02763521255674512,0.06457559602863741,2191.7960859989425,N,,hardware
E-LC,thrust,454.016665424,1779489299.2642288,0.06740206724727955,0.02741800948000067,2372.3874275252138,N,,hardware
E-LC,thrust,454.038410295,1779489299.2859738,0.06706672588786196,0.06421261301191009,169.3440306398111,N,,hardware
E-LC,thrust,454.060124538,1779489299.307688,0.0606199053668863,0.06310375228270915,147.37491700548884,N,,hardware
E-LC,thrust,454.082320807,1779489299.329884,0.026957181701920234,0.02716438237302093,12.293906485308021,N,,hardware
WI-RTD,temperature,454.094404616,1779489299.341968,,,-617.9140222645557,°C,,hardware
CC-PT,pressure,454.001245183,1779489299.2488089,0.20291509663046559,,-37.1356129211918,psi,,hardware
E-LC,thrust,454.109153742,1779489299.3567176,0.0681482336697857,0.04672317391314196,1271.2202122275287,N,,hardware
E-LC,thrust,454.132321677,1779489299.379885,0.030591389085816035,0.06416783501718462,1992.2024585945364,N,,hardware
E-LC,thrust,454.154026901,1779489299.4015903,0.06767646285014901,0.0641848130297438,207.1712226773761,N,,hardware
E-LC,thrust,454.17576468,1779489299.423329,0.06766656289000068,0.06440489389358686,193.5256937872201,N,,hardware
E-LC,thrust,454.197639623,1779489299.4452026,0.06686191871606335,0.0643255079478631,150.49370557988186,N,,hardware
LF-PT,pressure,454.110451956,1779489299.3580153,0.18941404693294134,,-38.82324413338233,psi,,hardware
WI-RTD,temperature,454.209347199,1779489299.4569108,,,-1076.4307729884135,°C,,hardware
E-LC,thrust,454.225084563,1779489299.472648,0.055850462195332316,0.062419313927807085,389.7518694601696,N,,hardware
E-LC,thrust,454.246749306,1779489299.4943125,0.06836227024939898,0.05305997728526322,907.9360492053883,N,,hardware
E-LC,thrust,454.268492659,1779489299.5160563,0.06797620905652153,0.06350069132455484,265.5473854300238,N,,hardware
E-LC,thrust,454.291952385,1779489299.5395167,0.06693451531940882,0.06286299605524492,241.5768096737244,N,,hardware
E-LC,thrust,454.313703941,1779489299.5612674,0.06687050551122493,0.06420778876039848,157.98786054903616,N,,hardware
FT-PT,pressure,454.218667768,1779489299.4662313,2.0279284748945803,,190.99105936182252,psi,,hardware
WI-RTD,temperature,454.325355722,1779489299.5729191,,,-1093.043156301378,°C,,hardware
E-LC,thrust,454.341503782,1779489299.5890675,0.04637180449030453,0.06424704401159811,1060.597544930086,N,,hardware
E-LC,thrust,454.363364206,1779489299.6109276,0.06687356956286068,0.06422529762688847,157.13080153435112,N,,hardware
E-LC,thrust,454.386019244,1779489299.6335833,0.0678476492729961,0.06423493681668482,214.35427240780206,N,,hardware
E-LC,thrust,454.407763338,1779489299.6553266,0.06731076968440648,0.0639714656289179,198.13204062565617,N,,hardware
FM-PT,pressure,454.327819079,1779489299.5753825,1.4465387399838852,,118.31734249798565,psi,,hardware
E-LC,thrust,454.429487543,1779489299.6770506,0.028481440288596185,0.06376216016854765,2093.32271287712,N,,hardware
WI-RTD,temperature,454.442347966,1779489299.6899114,,,-1086.8434576051309,°C,,hardware
E-LC,thrust,454.456998353,1779489299.7045622,0.056816132061616426,0.06308066479333219,371.6956087484685,N,,hardware
E-LC,thrust,454.480047864,1779489299.727612,0.028968941148393292,0.06458992908476938,2113.5119508916473,N,,hardware
E-LC,thrust,454.501736551,1779489299.7493,0.02978434209934975,0.064166642924147,2040.016515604637,N,,hardware
E-LC,thrust,454.523537199,1779489299.7711008,0.029090013097526204,0.029181087142954726,5.403726695425643,N,,hardware
FI-PT,pressure,454.437360679,1779489299.684924,1.0119642033534293,,63.99552541917866,psi,,hardware
E-LC,thrust,454.545289867,1779489299.7928529,0.06746483839629154,0.06393430585376095,209.4782641901485,N,,hardware
WI-RTD,temperature,454.558001978,1779489299.805565,,,-1066.8411057837868,°C,,hardware
E-LC,thrust,454.573422645,1779489299.8209865,0.013747393861102325,0.013203985700486387,32.242217529878964,N,,hardware
E-LC,thrust,454.594341885,1779489299.841905,0.06696738169698498,0.064933568529316,120.67291461502563,N,,hardware
E-LC,thrust,454.618020865,1779489299.8655849,0.029658715982284065,0.06349103350830478,2007.3841732105625,N,,hardware
E-LC,thrust,454.639708442,1779489299.8872716,0.06752474107143176,0.06448271521719875,180.4935340178251,N,,hardware
WM-PT,pressure,454.545081242,1779489299.7926445,0.7552541202609682,,31.90676503262102,psi,,hardware
E-LC,thrust,454.661507997,1779489299.9090712,0.0680608290357386,0.06381789051805623,251.7476853824873,N,,hardware
WI-RTD,temperature,454.673435884,1779489299.9210002,,,-1087.1624876152619,°C,,hardware
E-LC,thrust,454.688255915,1779489299.9358196,0.0669233953265423,0.06404692139290827,170.67078672895278,N,,hardware
E-LC,thrust,454.710172079,1779489299.9577355,0.028795212214614417,0.06415383723721949,2097.945084674567,N,,hardware
E-LC,thrust,454.731877822,1779489299.9794412,0.02697989666222294,0.027946777247998388,57.36824808934329,N,,hardware
LF-PT,pressure,454.653110372,1779489299.9006739,0.19556107468141015,,-38.05486566482373,psi,,hardware
E-LC,thrust,454.753645267,1779489300.0012085,0.06682370654627162,0.0636424200108552,188.75633443470787,N,,hardware
E-LC,thrust,454.77623936,1779489300.0238032,0.02932565636344628,0.027215903143990413,125.17869102104802,N,,hardware
WI-RTD,temperature,454.788287909,1779489300.0358515,,,-1085.5414553083904,°C,,hardware
E-LC,thrust,454.802944368,1779489300.0505078,0.02832232380775497,0.06393814290322578,2113.205266331268,N,,hardware
E-LC,thrust,454.824762588,1779489300.072326,0.02859691498838842,0.026867551206654454,102.60891771621536,N,,hardware
E-LC,thrust,454.846498643,1779489300.094062,0.027855274794134473,0.06384559736795395,2135.4258060466223,N,,hardware
FT-PT,pressure,454.760825546,1779489300.0083888,2.021494152724046,,190.18676909050575,psi,,hardware
E-LC,thrust,454.868201717,1779489300.1157653,0.029913069520958603,0.06337180557808943,1985.2183393897621,N,,hardware
E-LC,thrust,454.890050788,1779489300.1376143,0.028416648169356365,0.06357240317134895,2085.908130118227,N,,hardware
WI-RTD,temperature,454.902980097,1779489300.1505442,,,-1084.9823468164793,°C,,hardware
E-LC,thrust,454.917682315,1779489300.1652458,0.027668842618923502,0.028735132588163924,63.2665381749317,N,,hardware
E-LC,thrust,454.94141868,1779489300.188983,0.06796232303527867,0.06416195837103825,225.48830341159868,N,,hardware
E-LC,thrust,454.963416748,1779489300.2109807,0.028847776066991817,0.027451732674447615,82.83190795762263,N,,hardware
FM-PT,pressure,454.86989046,1779489300.117454,1.4464153583544919,,118.30191979431149,psi,,hardware
E-LC,thrust,454.986109376,1779489300.2336726,0.029398252966791744,0.028406124223008658,58.86630546446307,N,,hardware
E-LC,thrust,455.00778084,1779489300.2553444,0.06831990438042931,0.026732323152699848,2467.529819511948,N,,hardware
WI-RTD,temperature,455.019432768,1779489300.2669961,,,-618.0523277922805,°C,,hardware
E-LC,thrust,455.03416391,1779489300.2817278,0.06658955339664857,0.0650827850500089,89.4015885672869,N,,hardware
E-LC,thrust,455.055948835,1779489300.3035123,0.02831962297196662,0.04169233640341,793.4476635989739,N,,hardware
FI-PT,pressure,454.977740751,1779489300.2253048,1.0168875475987849,,64.61094344984811,psi,,hardware
E-LC,thrust,455.078388116,1779489300.3259518,0.02691574715563621,0.027473693263374954,33.104802392498875,N,,hardware
E-LC,thrust,455.101033152,1779489300.3485966,0.06774173925718537,0.062949040958171,284.3667657415191,N,,hardware
E-LC,thrust,455.122764318,1779489300.3703277,0.02834605390978502,0.02801534122411504,19.62228601641878,N,,hardware
WI-RTD,temperature,455.134523762,1779489300.3820875,,,-1084.0309502045689,°C,,hardware
E-LC,thrust,455.149172907,1779489300.3967366,0.027782845828872423,0.0634436757497401,2115.8759086381483,N,,hardware
E-LC,thrust,455.171512505,1779489300.4190764,0.03009217218663361,0.06358651271003636,1987.3308710552299,N,,hardware
CC-PT,pressure,455.085645263,1779489300.3332086,0.20727219668295344,,-36.59097541463082,psi,,hardware
E-LC,thrust,455.193371539,1779489300.4409351,0.06704018319132128,0.0639424921801677,183.7963333284456,N,,hardware
E-LC,thrust,455.216322346,1779489300.4638855,0.027620106502784077,0.06410211157525916,2164.5989676335216,N,,hardware
E-LC,thrust,455.238056512,1779489300.4856198,0.02912776891920196,0.06295683612904979,2007.1913211176377,N,,hardware
WI-RTD,temperature,455.249829253,1779489300.4973927,,,-1088.2791973846795,°C,,hardware
E-LC,thrust,455.268298134,1779489300.5158617,0.06826054187244676,0.06152778666052659,399.4768092405967,N,,hardware
LF-PT,pressure,455.193614571,1779489300.4411778,0.20021858217937732,,-37.47267722757783,psi,,hardware
E-LC,thrust,455.290348034,1779489300.537912,0.029094790782903526,0.02986810526169601,45.88332574168747,N,,hardware
E-LC,thrust,455.313184492,1779489300.5607479,0.031656431082657706,0.06371987811861969,1902.4311908004113,N,,hardware
E-LC,thrust,455.334827197,1779489300.5823905,0.030348686393938826,0.032565504469335614,131.5312058068761,N,,hardware
E-LC,thrust,455.356536937,1779489300.6041,0.06709406020868543,0.06397303025102977,185.18111082090252,N,,hardware
WI-RTD,temperature,455.368453342,1779489300.6160173,,,-1068.6692259704937,°C,,hardware
E-LC,thrust,455.383293464,1779489300.6308575,0.06833522463860806,0.06461045543676083,221.0029726429352,N,,hardware
FT-PT,pressure,455.301534045,1779489300.5490975,2.0152356642765596,,189.40445803456996,psi,,hardware
E-LC,thrust,455.405105572,1779489300.652669,0.029319835596661042,0.06426240152268428,2073.2589116107124,N,,hardware
E-LC,thrust,455.426602391,1779489300.6741655,0.06798632322088756,0.06373365238114027,252.32513649167225,N,,hardware
E-LC,thrust,455.448291484,1779489300.6958551,0.06716604213905837,0.02768271001371265,2342.6777061038465,N,,hardware
E-LC,thrust,455.470050187,1779489300.7176142,0.027267582239816453,0.025953113401307272,77.99181775154476,N,,hardware
WI-RTD,temperature,455.483327544,1779489300.7308912,,,-1082.77842269165,°C,,hardware
E-LC,thrust,455.498037558,1779489300.7456007,0.02887276345464748,0.02767573440679722,71.02372350578193,N,,hardware
FM-PT,pressure,455.410374187,1779489300.6579378,1.446209722305503,,118.27621528818788,psi,,hardware
E-LC,thrust,455.519835315,1779489300.7673984,0.030461618582799267,0.06330186324439803,1948.5211832548603,N,,hardware
E-LC,thrust,455.5417312,1779489300.7892945,0.06811621479585347,0.06402245554595656,242.89638216055002,N,,hardware
E-LC,thrust,455.563461792,1779489300.8110251,0.06653592783640955,0.06350152951497191,180.0409670719663,N,,hardware
E-LC,thrust,455.586429674,1779489300.8339932,0.06674968501921713,0.02967443670921763,2199.798066393304,N,,hardware
WI-RTD,temperature,455.599486202,1779489300.8470504,,,-1079.797485885026,°C,,hardware
E-LC,thrust,455.614431174,1779489300.8619945,0.06586182716331807,0.06232030501309693,210.13031424645385,N,,hardware
FI-PT,pressure,455.518301124,1779489300.7658646,1.021530153933782,,65.19126924172275,psi,,hardware
E-LC,thrust,455.636281634,1779489300.8838449,0.05809005111039294,0.06380126640811759,338.8654409983292,N,,hardware
E-LC,thrust,455.658040374,1779489300.9056036,0.06708912419845155,0.06383641452627356,192.99410721589385,N,,hardware
E-LC,thrust,455.679831872,1779489300.927396,0.06601531845513803,0.028970161181111478,2198.012664925575,N,,hardware
E-LC,thrust,455.701736719,1779489300.9493005,0.06723286454175288,0.0633278098944199,231.69990907509035,N,,hardware
WI-RTD,temperature,455.71445994,1779489300.9620235,,,-1085.3656532539128,°C,,hardware
WM-PT,pressure,455.62668796,1779489300.8742516,0.760220975902197,,32.527621987774616,psi,,hardware
E-LC,thrust,455.729181231,1779489300.9767444,0.06636218958940382,0.02795013932289354,2279.1149824796094,N,,hardware
E-LC,thrust,455.750679791,1779489300.9982433,0.06195798323547641,0.029420334627668215,1930.567150729953,N,,hardware
E-LC,thrust,455.772400252,1779489301.019964,0.06707003208339597,0.06435905419099977,160.8513549488413,N,,hardware
E-LC,thrust,455.794199063,1779489301.0417624,0.02910136592106413,0.0637566839911561,2056.2155388254564,N,,hardware
E-LC,thrust,455.815827507,1779489301.063391,0.029755396590280127,0.0630937498770654,1978.0756283492594,N,,hardware
LF-PT,pressure,455.734899318,1779489300.982463,0.20439686827622275,,-36.95039146547216,psi,,hardware
WI-RTD,temperature,455.829217231,1779489301.0767808,,,-1079.5491738533085,°C,,hardware
E-LC,thrust,455.84539451,1779489301.092958,0.06719142999546886,0.06425522102477801,174.21506559432333,N,,hardware
E-LC,thrust,455.867700014,1779489301.1152632,0.06731745658128936,0.06373344749014943,212.6512060743024,N,,hardware
E-LC,thrust,455.889812967,1779489301.137377,0.06754189603530121,0.0635001232177166,239.8118538433535,N,,hardware
E-LC,thrust,455.913322705,1779489301.160887,0.06784956779772851,0.06446035415951659,201.09334253390702,N,,hardware
E-LC,thrust,455.935219384,1779489301.182783,0.06798696583354065,0.06278694424473574,308.5346142690911,N,,hardware
FT-PT,pressure,455.842713102,1779489301.0902767,2.0091834079245814,,188.64792599057267,psi,,hardware
WI-RTD,temperature,455.947130528,1779489301.1946948,,,-1082.892609735253,°C,,hardware
E-LC,thrust,455.96185917,1779489301.2094223,0.06710846777063224,0.06339844140689867,220.12823091485885,N,,hardware
E-LC,thrust,455.985060359,1779489301.2326243,0.06639752397209692,0.06446612836016755,114.59613964114264,N,,hardware
E-LC,thrust,456.006876207,1779489301.2544394,0.06718816105284227,0.06408694032871012,184.00576296517394,N,,hardware
E-LC,thrust,456.028594612,1779489301.2761579,0.06707084233413248,0.06374312393285321,197.44462514256983,N,,hardware
FM-PT,pressure,455.950744195,1779489301.1983075,1.4459605748606412,,118.24507185758016,psi,,hardware
E-LC,thrust,456.050386978,1779489301.2979505,0.06776951129967108,0.06216804306722201,332.3537817919783,N,,hardware
WI-RTD,temperature,456.06184215,1779489301.3094053,,,-1069.7173672309034,°C,,hardware
E-LC,thrust,456.077148798,1779489301.3247128,0.06748505741179674,0.06402766163976928,205.1388158069625,N,,hardware
E-LC,thrust,456.099109328,1779489301.3466733,0.029835108498943864,0.06354057056195385,1999.8574157385924,N,,hardware
E-LC,thrust,456.120929101,1779489301.3684928,0.06741070060857542,0.06423346532684152,188.51596004954476,N,,hardware
E-LC,thrust,456.142700765,1779489301.390264,0.06781934637657956,0.0635145773457977,255.41629582639052,N,,hardware
FI-PT,pressure,456.059346201,1779489301.3069098,1.0260922939887398,,65.76153674859248,psi,,hardware
E-LC,thrust,456.164308968,1779489301.4118721,0.06767359437627725,0.06306047371750756,273.7118257536683,N,,hardware
WI-RTD,temperature,456.178178924,1779489301.4257429,,,-1075.4708473896344,°C,,hardware
E-LC,thrust,456.192950305,1779489301.4405138,0.06656803984261034,0.0642027037385349,140.34327550847598,N,,hardware
E-LC,thrust,456.214874243,1779489301.4624376,0.030043724780526727,0.062447160476107655,1922.603851271135,N,,hardware
E-LC,thrust,456.237972083,1779489301.4855366,0.068108075035581,0.06439452827209571,220.3371079667937,N,,hardware
E-LC,thrust,456.259725006,1779489301.5072882,0.06755913481821237,0.06457076246389895,177.31009302259596,N,,hardware
CC-PT,pressure,456.168772451,1779489301.4163363,0.21092655788976644,,-36.13418026377919,psi,,hardware
E-LC,thrust,456.282429039,1779489301.529992,0.06610831102529896,0.06349681702218259,154.94864418490488,N,,hardware
WI-RTD,temperature,456.294039133,1779489301.5416026,,,-1076.8024566098343,°C,,hardware
E-LC,thrust,456.308775626,1779489301.5563393,0.06812402859318598,0.06394865753634663,247.73868270580138,N,,hardware
E-LC,thrust,456.330600585,1779489301.5781639,0.03055985449968034,0.06436765029938821,2005.9292174493337,N,,hardware
E-LC,thrust,456.352313768,1779489301.599877,0.06640317710079874,0.06320723154631037,189.62610289964292,N,,hardware
LF-PT,pressure,456.277225035,1779489301.5247893,0.2077073106416834,,-36.53658616978957,psi,,hardware
E-LC,thrust,456.374016581,1779489301.6215806,0.06645617867483838,0.06299361406190562,205.44550036734384,N,,hardware
E-LC,thrust,456.397231862,1779489301.6447952,0.06776462185557149,0.027439541660492617,2392.621424908013,N,,hardware
WI-RTD,temperature,456.408851845,1779489301.6564152,,,-612.5318075135449,°C,,hardware
E-LC,thrust,456.423598375,1779489301.671162,0.06708865853710873,0.06460462535674874,147.38596870135925,N,,hardware
E-LC,thrust,456.445406538,1779489301.69297,0.0679222854730231,0.06385668010791304,241.225918329864,N,,hardware
E-LC,thrust,456.46760073,1779489301.715164,0.04289860417230179,0.0642808230854062,1268.678322177528,N,,hardware
FT-PT,pressure,456.385400698,1779489301.6329641,2.0032765869231923,,187.90957336539904,psi,,hardware
E-LC,thrust,456.489772514,1779489301.7373364,0.04994737579791257,0.06423787979637144,847.9032372418928,N,,hardware
E-LC,thrust,456.51141131,1779489301.7589748,0.050219983261225606,0.06364253176957747,796.4045448288774,N,,hardware
WI-RTD,temperature,456.523637651,1779489301.7712014,,,-1067.8073271402582,°C,,hardware
E-LC,thrust,456.538242628,1779489301.7858062,0.06755445957833046,0.06393573077746997,214.7112421843891,N,,hardware
E-LC,thrust,456.56129408,1779489301.8088584,0.028494348421019125,0.06421753970891711,2119.5760164152803,N,,hardware
E-LC,thrust,456.582872895,1779489301.8304365,-0.0007190742455809409,0.06405545230870871,3843.28857555452,N,,hardware
FM-PT,pressure,456.495148978,1779489301.7427125,1.4456017548563187,,118.20021935703984,psi,,hardware
E-LC,thrust,456.60475689,1779489301.8523202,0.029908850629192664,0.05616312584735463,1557.7536629442766,N,,hardware
E-LC,thrust,456.626441092,1779489301.8740044,0.06651295210575486,0.06379227914420119,161.4265957188515,N,,hardware
WI-RTD,temperature,456.638282552,1779489301.885846,,,-1080.572324837008,°C,,hardware
E-LC,thrust,456.652853197,1779489301.9004169,0.06686819583096455,0.0646713732536284,130.34480625527837,N,,hardware
E-LC,thrust,456.674771524,1779489301.9223351,0.028741176872393713,0.027747716337170165,58.945325089930485,N,,hardware
E-LC,thrust,456.696639555,1779489301.9442034,0.06784899969089027,0.02856652592915606,2330.760109862896,N,,hardware
FI-PT,pressure,456.603145127,1779489301.8507087,1.0304398572969267,,66.30498216211583,psi,,hardware
E-LC,thrust,456.718422144,1779489301.9659853,0.06708356420201829,0.04916678768894526,1063.0620731089998,N,,hardware
E-LC,thrust,456.740057292,1779489301.9876206,0.06797244651287156,0.06378722206201817,248.32331741730076,N,,hardware
WI-RTD,temperature,456.75289075,1779489302.0004542,,,-1081.6119925072223,°C,,hardware
E-LC,thrust,456.769148655,1779489302.0167127,0.02810371443375521,0.055484163669844114,1624.5733213412748,N,,hardware
E-LC,thrust,456.791493212,1779489302.0390573,0.057687524132433436,0.06336455057436831,336.8369022214691,N,,hardware
WM-PT,pressure,456.710940835,1779489301.9585044,0.7653326708474959,,33.166583855936985,psi,,hardware
E-LC,thrust,456.813359335,1779489302.0609226,0.06865837498407065,0.027320425488999545,2452.718336707552,N,,hardware
E-LC,thrust,456.834883983,1779489302.0824478,0.03078843833964328,0.027210762242765692,212.27544841473687,N,,hardware
E-LC,thrust,456.856588738,1779489302.104152,0.06750097371649429,0.0635542237525253,234.17383119549322,N,,hardware
WI-RTD,temperature,456.86918157,1779489302.1167452,,,-630.2991299823461,°C,,hardware
E-LC,thrust,456.88600313,1779489302.1335676,0.06433108657075007,0.06420564671822152,7.442764583360795,N,,hardware
E-LC,thrust,456.907937344,1779489302.155501,0.04424701040947561,0.047744993224143176,207.54698033694226,N,,hardware
LF-PT,pressure,456.819062439,1779489302.0666258,0.21091284881983385,,-36.135893897520766,psi,,hardware
E-LC,thrust,456.929718486,1779489302.1772819,0.030098160591502263,0.06362486457823092,1989.2511032125674,N,,hardware
E-LC,thrust,456.951605423,1779489302.1991699,0.06776266607793165,0.063352638957219,261.6616091622836,N,,hardware
E-LC,thrust,456.973524952,1779489302.221089,0.06721056867665871,0.02757994786857937,2351.416834612708,N,,hardware
WI-RTD,temperature,456.986015675,1779489302.2335792,,,-1074.114722585408,°C,,hardware
E-LC,thrust,457.000741667,1779489302.2483048,0.02909346830468992,0.02820697017991187,52.59888873683087,N,,hardware
E-LC,thrust,457.02254031,1779489302.2701035,0.06764348471385058,0.06393425928762667,220.08070862261889,N,,hardware
FT-PT,pressure,456.926771547,1779489302.1743352,1.9977673289498483,,187.22091611873105,psi,,hardware
E-LC,thrust,457.044496338,1779489302.2920597,0.02801164387305306,0.028582228029635913,33.8546599572493,N,,hardware
E-LC,thrust,457.066200649,1779489302.3137639,0.06790762645395117,0.026717598941039915,2443.941632432734,N,,hardware
E-LC,thrust,457.088895161,1779489302.3364584,0.0672258144290226,0.06427901631939606,174.8433545045083,N,,hardware
WI-RTD,temperature,457.100781138,1779489302.3483448,,,-942.7141270993269,°C,,hardware
E-LC,thrust,457.115390929,1779489302.3629541,0.028730708805407144,0.06375086322437086,2077.8624955251803,N,,hardware
FM-PT,pressure,457.034936794,1779489302.2825003,1.445252471596297,,118.15655894953714,psi,,hardware
E-LC,thrust,457.137179645,1779489302.384743,0.030872471585568377,0.06432846955400343,1985.0558794604797,N,,hardware
E-LC,thrust,457.159853251,1779489302.4074166,0.06704006211937215,0.06433550104027999,160.4706240261347,N,,hardware
E-LC,thrust,457.182367619,1779489302.4299319,0.031300209468628104,0.06380145267265472,1928.407096772246,N,,hardware
E-LC,thrust,457.204241112,1779489302.4518049,0.02851456743652432,0.06404159422714642,2107.9369229102444,N,,hardware
WI-RTD,temperature,457.217863201,1779489302.4654276,,,-1072.9300520617865,°C,,hardware
E-LC,thrust,457.232659969,1779489302.4802234,0.06608964731867878,0.06430594085823785,105.83324998616193,N,,hardware
FI-PT,pressure,457.14293536,1779489302.3904989,1.0345913213004256,,66.8239151625532,psi,,hardware
E-LC,thrust,457.254566128,1779489302.5021293,0.06731872318014183,0.06344071414359977,230.09520283482902,N,,hardware
E-LC,thrust,457.276357474,1779489302.5239217,0.06689373269900474,0.06350738753466457,200.92314641751648,N,,hardware
E-LC,thrust,457.298255355,1779489302.5458188,0.02835513430596999,0.06460732619253709,2150.963385269648,N,,hardware
E-LC,thrust,457.320027738,1779489302.5675912,0.06791348447364383,0.056578197741889685,672.5603460840791,N,,hardware
WI-RTD,temperature,457.332696051,1779489302.5802593,,,-1073.7809337859837,°C,,hardware
CC-PT,pressure,457.250834149,1779489302.498398,0.21409037281160032,,-35.73870339854996,psi,,hardware
E-LC,thrust,457.347380618,1779489302.594944,0.06668892552720612,0.06461164752979845,123.25182784618856,N,,hardware
E-LC,thrust,457.370466585,1779489302.6180305,0.06801726176050445,0.06373626008466006,254.0060994334336,N,,hardware
E-LC,thrust,457.392223988,1779489302.6397872,0.050865129112020624,0.06428593604695035,796.301211472497,N,,hardware
E-LC,thrust,457.413949595,1779489302.6615129,0.029957568118878376,0.06417037752811641,2029.9600249481234,N,,hardware
E-LC,thrust,457.43571796,1779489302.6832814,0.06764659533162061,0.06324462415213873,261.18362331592476,N,,hardware
WI-RTD,temperature,457.447439643,1779489302.6950028,,,-1067.6092946755607,°C,,hardware
LF-PT,pressure,457.358840437,1779489302.6064038,0.21344664257128745,,-35.81916967858907,psi,,hardware
E-LC,thrust,457.462082267,1779489302.7096455,0.06777120630695894,0.06239877826258877,318.76406396596354,N,,hardware
E-LC,thrust,457.485089088,1779489302.7326522,0.029363980291960273,0.06410023961666103,2061.018053265578,N,,hardware
E-LC,thrust,457.50678901,1779489302.7543526,0.06765114018632652,0.06423510445476824,202.68478673912486,N,,hardware
E-LC,thrust,457.52842797,1779489302.7759912,0.06809810056961782,0.06444564857431037,216.71215172157528,N,,hardware
E-LC,thrust,457.551969595,1779489302.7995338,0.06691584229956178,0.06367767057450659,192.13152235327487,N,,hardware
FT-PT,pressure,457.468485338,1779489302.7160492,1.992358802838183,,186.54485035477285,psi,,hardware
WI-RTD,temperature,457.563656206,1779489302.81122,,,-1084.8244187023574,°C,,hardware
E-LC,thrust,457.579856075,1779489302.8274193,0.06793329370716734,0.06339040409212161,269.5447838260467,N,,hardware
E-LC,thrust,457.60152496,1779489302.8490887,0.06774565081246504,0.06342379201040173,256.4302889224234,N,,hardware
E-LC,thrust,457.622740707,1779489302.870304,0.06591391604112579,0.060936266369970606,295.34054715520733,N,,hardware
E-LC,thrust,457.644460814,1779489302.8920243,0.028544062425978477,0.06331750946551674,2063.2245243459374,N,,hardware
E-LC,thrust,457.666266771,1779489302.9138298,0.02813775427791527,0.06380763665528735,2116.41302105741,N,,hardware
FM-PT,pressure,457.577098002,1779489302.8246622,1.4447500043809418,,118.09375054761773,psi,,hardware
WI-RTD,temperature,457.679895675,1779489302.9274595,,,-1077.084589143919,°C,,hardware
E-LC,thrust,457.69544628,1779489302.9430096,0.0664132633254842,0.06366810589052509,162.87934114090712,N,,hardware
E-LC,thrust,457.717264607,1779489302.9648283,0.06806227258590133,0.06455011503995836,208.3880143926164,N,,hardware
E-LC,thrust,457.738902549,1779489302.986466,0.06730524694088065,0.0639879686669074,196.82517758907971,N,,hardware
E-LC,thrust,457.760808873,1779489303.0083725,0.06607577061066278,0.06339344951730365,159.1510515393082,N,,hardware
FI-PT,pressure,457.685110475,1779489302.932674,1.038521055998928,,67.315131999866,psi,,hardware
E-LC,thrust,457.783736768,1779489303.0313008,0.0684223871287569,0.06528356890780555,186.2365477764463,N,,hardware
WI-RTD,temperature,457.795517227,1779489303.0430808,,,-1068.81359511864,°C,,hardware
E-LC,thrust,457.810131795,1779489303.0576952,0.06725551430946759,0.06389467807348706,199.40961666817827,N,,hardware
E-LC,thrust,457.831975879,1779489303.0795395,0.06735536141459482,0.06358427753559083,223.75097682090333,N,,hardware
E-LC,thrust,457.853800463,1779489303.1013644,0.066269513668956,0.06394734437135988,137.78204499070353,N,,hardware
E-LC,thrust,457.87559477,1779489303.1231585,0.06685628421381525,0.0643011911125411,151.6021906755996,N,,hardware
WM-PT,pressure,457.792934096,1779489303.0404978,0.77052185184024,,33.81523148003,psi,,hardware
E-LC,thrust,457.897488205,1779489303.145052,0.0678007012964131,0.06534302454805667,145.82215373581448,N,,hardware
WI-RTD,temperature,457.910169164,1779489303.1577332,,,-1078.7254977163138,°C,,hardware
E-LC,thrust,457.924857526,1779489303.172421,0.06797738252310544,0.06290186946414345,301.1471081650782,N,,hardware
E-LC,thrust,457.946728332,1779489303.1942925,0.06719472687777601,0.06398576143214244,190.39861644092574,N,,hardware
E-LC,thrust,457.968729505,1779489303.216293,0.0671277554634518,0.0640965515788259,179.85143048780319,N,,hardware
E-LC,thrust,457.990649791,1779489303.2382133,0.0661818296381032,0.06107622554316825,302.9325096328073,N,,hardware
LF-PT,pressure,457.900807636,1779489303.148371,0.21616223051097758,,-35.4797211861278,psi,,hardware
E-LC,thrust,458.012595187,1779489303.260159,0.06807231224445251,0.06439345725100723,218.2787296110866,N,,hardware
WI-RTD,temperature,458.02495695,1779489303.2725208,,,-1081.8495098650783,°C,,hardware
E-LC,thrust,458.040398944,1779489303.2879627,0.06747029594722938,0.06511743025391463,139.6033644700084,N,,hardware
E-LC,thrust,458.062001496,1779489303.309565,0.0677430337957184,0.06344041612034036,255.288648739097,N,,hardware
E-LC,thrust,458.086605523,1779489303.3341699,0.01594423506489218,0.013304996958970661,156.59479428467674,N,,hardware
FT-PT,pressure,458.008815858,1779489303.2563796,1.9872238620786504,,185.9029827598313,psi,,hardware
E-LC,thrust,458.109075538,1779489303.3566399,0.030724223640468555,0.06421396342980426,1987.057894167252,N,,hardware
E-LC,thrust,458.131927082,1779489303.3794909,0.02932634554223365,0.02793728706983174,82.4174693625134,N,,hardware
WI-RTD,temperature,458.143174368,1779489303.3907385,,,-1065.8218788054244,°C,,hardware
E-LC,thrust,458.158163631,1779489303.4057274,0.06816007078112016,0.06389544175808928,253.03465536649853,N,,hardware
E-LC,thrust,458.183606233,1779489303.4311707,0.06679409048486834,0.06436597391855406,144.068249601314,N,,hardware
E-LC,thrust,458.205346319,1779489303.4529102,0.03016164885898219,0.06368717937912695,1989.181477528589,N,,hardware
FM-PT,pressure,458.118199812,1779489303.365764,1.4442755513519705,,118.03444391899632,psi,,hardware
E-LC,thrust,458.226579434,1779489303.4741433,0.028573408403802923,0.06375488653837282,2087.4343693178134,N,,hardware
E-LC,thrust,458.249257352,1779489303.496821,0.03012555079168687,0.028499880477771813,96.45643862562667,N,,hardware
WI-RTD,temperature,458.260442694,1779489303.5080063,,,-1069.7807976997988,°C,,hardware
E-LC,thrust,458.27756808,1779489303.5251322,0.06771719890441881,0.0644219650384146,195.51720938291632,N,,hardware
E-LC,thrust,458.299571642,1779489303.5471356,0.06631343484681068,0.0641651062417157,127.4674972356354,N,,hardware
E-LC,thrust,458.320770443,1779489303.568334,0.030205225447443182,0.06460396411764194,2040.9918277651261,N,,hardware
FI-PT,pressure,458.226918593,1779489303.474482,1.0423601916265717,,67.79502395332146,psi,,hardware
E-LC,thrust,458.341957189,1779489303.5895207,0.06700833195547247,0.0641691854350788,168.45602687669128,N,,hardware
E-LC,thrust,458.363183396,1779489303.610747,0.028280069697507584,0.04419905660439212,944.5265564751489,N,,hardware
WI-RTD,temperature,458.377587246,1779489303.6251514,,,-636.9592108564202,°C,,hardware
E-LC,thrust,458.392489159,1779489303.640053,0.02877543092077147,0.02654004227102307,132.63305988507187,N,,hardware
E-LC,thrust,458.413850975,1779489303.6614146,0.06731234361974521,0.06436248145848292,175.0251549015627,N,,hardware
CC-PT,pressure,458.335141126,1779489303.5827053,0.21682145796077942,,-35.397317754902566,psi,,hardware
E-LC,thrust,458.435014536,1779489303.682578,0.0518000001370907,0.06354403508234442,696.8127400850542,N,,hardware
E-LC,thrust,458.457763786,1779489303.7053275,0.06684940173916838,0.06431453696662628,150.40197650416445,N,,hardware
E-LC,thrust,458.480330929,1779489303.727895,0.06800045138602868,0.06355603983176229,263.7017522198059,N,,hardware
WI-RTD,temperature,458.492521862,1779489303.7400858,,,-1071.908362579367,°C,,hardware
E-LC,thrust,458.510005184,1779489303.75757,0.06895309204794074,0.06371001541137879,311.0892137693427,N,,hardware
E-LC,thrust,458.531326631,1779489303.7788901,0.06752960257585079,0.06333249444752866,249.02841561378003,N,,hardware
LF-PT,pressure,458.444108088,1779489303.6916718,0.218217994954347,,-35.22275063070662,psi,,hardware
E-LC,thrust,458.552672466,1779489303.800236,0.06753204264128716,0.06402409467388329,208.13824606596336,N,,hardware
E-LC,thrust,458.575204184,1779489303.8227684,0.06746338553290195,0.06373461164350648,221.2405841041309,N,,hardware
E-LC,thrust,458.596691553,1779489303.844255,0.06753065497048556,0.06381286137555378,220.58908663261903,N,,hardware
WI-RTD,temperature,458.610011184,1779489303.8575747,,,-1071.6257608973315,°C,,hardware
E-LC,thrust,458.625711154,1779489303.8732748,0.06535163928289882,0.06400839257340343,79.69930476339286,N,,hardware
E-LC,thrust,458.647189987,1779489303.8947535,0.06814584017048361,0.06422009153307576,232.92775248619938,N,,hardware
FT-PT,pressure,458.552416675,1779489303.7999804,1.9823613145782129,,185.2951643222766,psi,,hardware
E-LC,thrust,458.668574895,1779489303.9161391,0.0679249769955846,0.06453970285233293,200.85959916626564,N,,hardware
E-LC,thrust,458.690680677,1779489303.938245,0.06786987063227541,0.06361551409846712,252.42515433929185,N,,hardware
E-LC,thrust,458.71190407,1779489303.959468,0.0313520468893107,0.06396466697331274,1935.0154583174542,N,,hardware
WI-RTD,temperature,458.725703876,1779489303.9732678,,,-1057.3645833982062,°C,,hardware
E-LC,thrust,458.740559828,1779489303.9881234,0.06737517996134519,0.06323383012221219,245.72009045522472,N,,hardware
FM-PT,pressure,458.660977886,1779489303.9085414,1.4437563948340886,,117.96954935426108,psi,,hardware
E-LC,thrust,458.761819238,1779489304.009383,0.032729417262007864,0.0635849667143782,1830.7626008406403,N,,hardware
E-LC,thrust,458.785755239,1779489304.0333192,0.06785525817933775,0.06527489829360227,153.10135322030567,N,,hardware
E-LC,thrust,458.806990112,1779489304.0545537,0.06594219099786175,0.06350581359932585,144.55839231313018,N,,hardware
E-LC,thrust,458.828120542,1779489304.0756845,0.06601454545730895,0.06309858344180386,173.0137462533021,N,,hardware
WI-RTD,temperature,458.842364931,1779489304.0899298,,,-1076.5993053104637,°C,,hardware
E-LC,thrust,458.857893367,1779489304.105457,0.06725467611905052,0.06413059142298597,185.36235863316344,N,,hardware
FI-PT,pressure,458.770043641,1779489304.017608,1.0459770019026997,,68.24712523783747,psi,,hardware
E-LC,thrust,458.88061743,1779489304.128181,0.06711580659339507,0.0632659793813204,228.42308124976333,N,,hardware
E-LC,thrust,458.901805322,1779489304.1493688,0.0677112663789113,0.06366594522189441,240.02238864966878,N,,hardware
E-LC,thrust,458.922961363,1779489304.1705248,0.06776332731703845,0.05778357144100326,592.1321819780878,N,,hardware
E-LC,thrust,458.944074034,1779489304.1916385,0.029912603859615784,0.04239371551796382,740.5459583953169,N,,hardware
WI-RTD,temperature,458.957937875,1779489304.2055018,,,-1069.8867150824951,°C,,hardware
E-LC,thrust,458.974487364,1779489304.2220519,0.06625480808374978,0.0644664356966538,106.11009496769461,N,,hardware
WM-PT,pressure,458.878405939,1779489304.1259704,0.7757146091120969,,34.46432613901211,psi,,hardware
E-LC,thrust,458.995855974,1779489304.2434194,0.06754503459275181,0.06362122310653008,232.81281484915587,N,,hardware
E-LC,thrust,459.017144105,1779489304.2647078,0.067156598527026,0.06392913701285566,191.49604984077388,N,,hardware
E-LC,thrust,459.038405866,1779489304.2859697,0.06780355114383115,0.06464571531363908,187.36492592472922,N,,hardware
E-LC,thrust,459.059714811,1779489304.3072786,0.06612638799862719,0.06449844525735918,96.59126931523541,N,,hardware
WI-RTD,temperature,459.074511077,1779489304.3220754,,,-1068.6990308092193,°C,,hardware
LF-PT,pressure,458.98646754,1779489304.2340314,0.22043349986475702,,-34.94581251690537,psi,,hardware
E-LC,thrust,459.089487247,1779489304.3370512,0.06728715134109871,0.0648607018423917,143.9693369232822,N,,hardware
E-LC,thrust,459.112608913,1779489304.3601725,0.06637424090495597,0.06420489234684615,128.7146811145162,N,,hardware
E-LC,thrust,459.133843582,1779489304.3814073,0.028587434123448628,0.06339551705366576,2065.2795871928834,N,,hardware
E-LC,thrust,459.155016771,1779489304.4025803,0.06665806149340409,0.06361323235788731,180.65986204066212,N,,hardware
E-LC,thrust,459.180234301,1779489304.4277987,0.028385169462581808,0.06375504486322937,2098.612607105089,N,,hardware
FT-PT,pressure,459.095344199,1779489304.3429077,1.9776322814979888,,184.7040351872486,psi,,hardware
WI-RTD,temperature,459.191355051,1779489304.4389188,,,-1060.6995101017246,°C,,hardware
E-LC,thrust,459.207679007,1779489304.4552424,0.06776996764778705,0.06443162285466467,198.0751243919279,N,,hardware
E-LC,thrust,459.229057636,1779489304.4766212,0.06774816538371627,0.06396040151541252,224.74065618602236,N,,hardware
E-LC,thrust,459.250211714,1779489304.4977753,0.02825722435202889,0.06429648793297862,2138.329639136351,N,,hardware
E-LC,thrust,459.271439327,1779489304.5190036,0.06773843306165135,0.0278926953396434,2364.180438172472,N,,hardware
E-LC,thrust,459.29274218,1779489304.5403056,0.031010419101765052,0.05478149001675725,1410.4168742895372,N,,hardware
FM-PT,pressure,459.20363248,1779489304.4511962,1.4432998232006815,,117.9124779000852,psi,,hardware
WI-RTD,temperature,459.30771346,1779489304.555277,,,-1055.0449430348795,°C,,hardware
E-LC,thrust,459.324367854,1779489304.5719316,0.02988399362671299,0.043896190467022714,831.3903458583769,N,,hardware
E-LC,thrust,459.346114735,1779489304.5936785,0.028915948887580502,0.06366350515645804,2061.688338620067,N,,hardware
E-LC,thrust,459.36841327,1779489304.615977,0.03256304577744553,0.06467542450731092,1905.3344713053468,N,,hardware
E-LC,thrust,459.390965375,1779489304.6385298,0.06713569033273344,0.06431236698476875,167.51718531257146,N,,hardware
FI-PT,pressure,459.311984334,1779489304.559548,1.0495914279927525,,68.69892849909407,psi,,hardware
E-LC,thrust,459.41278755,1779489304.6603515,0.06742437242560058,0.06373210638548212,219.0744517136955,N,,hardware
WI-RTD,temperature,459.425844407,1779489304.6734083,,,-1069.6418114154874,°C,,hardware
E-LC,thrust,459.440662247,1779489304.6882262,0.06709465625520424,0.06427065304167903,167.55752400249537,N,,hardware
E-LC,thrust,459.461930693,1779489304.709495,0.06780784454141194,0.02693721414354016,2424.990736940392,N,,hardware
E-LC,thrust,459.484586277,1779489304.7321506,0.028011066452987964,0.06258801371908351,2051.565537788336,N,,hardware
E-LC,thrust,459.508317264,1779489304.755882,0.02911763612838222,0.06359701802993036,2045.7766594918558,N,,hardware
CC-PT,pressure,459.420651423,1779489304.668215,0.21929266682775816,,-35.08841664653023,psi,,hardware
E-LC,thrust,459.529507637,1779489304.777071,0.029607837823967673,0.06377638146595734,2027.3335894247202,N,,hardware
WI-RTD,temperature,459.541903027,1779489304.7894666,,,-1055.2580443974953,°C,,hardware
E-LC,thrust,459.55676868,1779489304.8043323,0.06792787340913693,0.06480173048993712,185.48447987252217,N,,hardware
E-LC,thrust,459.579578372,1779489304.8271425,0.06753587969075199,0.0643972011682035,186.22825900454413,N,,hardware
E-LC,thrust,459.600906076,1779489304.8484695,0.06645785505567253,0.06419261751384944,134.40409414816997,N,,hardware
E-LC,thrust,459.622125541,1779489304.8696892,0.0277652158904333,0.06386726924684874,2142.055165813983,N,,hardware
LF-PT,pressure,459.529214643,1779489304.7767785,0.22225382593319726,,-34.71827175835034,psi,,hardware
E-LC,thrust,459.643307859,1779489304.8908713,0.06756519772889587,0.0284848954957599,2318.764599166067,N,,hardware
WI-RTD,temperature,459.656792264,1779489304.9043558,,,-1055.8878637975758,°C,,hardware
E-LC,thrust,459.674090329,1779489304.9216547,0.06822425754061431,0.06362079469809469,273.13879532283113,N,,hardware
E-LC,thrust,459.69550018,1779489304.943064,0.06653051685160599,0.027807004339337867,2297.595075727909,N,,hardware
E-LC,thrust,459.716817236,1779489304.9643812,0.06626189544938749,0.06330606350971026,175.37936175418236,N,,hardware
FT-PT,pressure,459.637303392,1779489304.884867,1.9731005398154902,,184.13756747693628,psi,,hardware
E-LC,thrust,459.738048034,1779489304.9856114,0.06614939166896244,0.029240356518668714,2189.9360855840946,N,,hardware
E-LC,thrust,459.760786801,1779489305.0083504,0.03952542791073655,0.06361938840083937,1429.574989079434,N,,hardware
WI-RTD,temperature,459.774080171,1779489305.0216444,,,-1065.71742591594,°C,,hardware
E-LC,thrust,459.789012637,1779489305.0365763,0.0670096264940055,0.06374924272289785,193.4494370857209,N,,hardware
E-LC,thrust,459.81038669,1779489305.0579507,0.06606081356833143,0.029933744884579762,2143.539408569266,N,,hardware
E-LC,thrust,459.834299875,1779489305.0818644,0.029519846456628616,0.06413998846888405,2054.1284260604893,N,,hardware
FM-PT,pressure,459.745540508,1779489304.9931042,1.4426942399375724,,117.83677999219655,psi,,hardware
E-LC,thrust,459.855404526,1779489305.102968,0.06706595289003288,0.06285534058276898,249.82966356432456,N,,hardware
E-LC,thrust,459.87658075,1779489305.1241453,0.029340911429037025,0.06491223192658804,2110.565016188027,N,,hardware
WI-RTD,temperature,459.889045508,1779489305.1366096,,,-1048.6261055757468,°C,,hardware
E-LC,thrust,459.903749515,1779489305.151313,0.06766698198520922,0.06339820857622726,253.28055559959643,N,,hardware
E-LC,thrust,459.92524901,1779489305.1728127,0.06678989021955611,0.0636576191970848,185.84808066663098,N,,hardware
E-LC,thrust,459.946369291,1779489305.1939337,0.03761635610358192,0.06420935338251035,1577.851171883087,N,,hardware
FI-PT,pressure,459.853959704,1779489305.1015234,1.052999025940779,,69.12487824259739,psi,,hardware
E-LC,thrust,459.968785081,1779489305.2163486,0.02975649555104918,0.06282737296251928,1962.2053930805594,N,,hardware
E-LC,thrust,459.990426962,1779489305.237991,0.028533333588639923,0.06408599037957077,2109.4576362618973,N,,hardware
WI-RTD,temperature,460.003786831,1779489305.2513514,,,-1062.0234704279862,°C,,hardware
E-LC,thrust,460.01863952,1779489305.2662032,0.06747088268052133,0.06341559637076812,240.61365437869068,N,,hardware
E-LC,thrust,460.040226328,1779489305.2877903,0.0680363166226526,0.06480733705250466,191.58612116211086,N,,hardware
WM-PT,pressure,459.96226831,1779489305.2098327,0.7808793521975699,,35.10991902469623,psi,,hardware
E-LC,thrust,460.061450884,1779489305.3090146,0.06717208642328816,0.06407446991794943,183.79191265009777,N,,hardware
E-LC,thrust,460.086226051,1779489305.33379,0.06703980134902017,0.06345828820267775,212.50311334965016,N,,hardware
E-LC,thrust,460.107430534,1779489305.354994,0.06656872902139771,0.06331614042116886,192.98692361357863,N,,hardware
WI-RTD,temperature,460.118671373,1779489305.3662355,,,-1067.8482501418614,°C,,hardware
E-LC,thrust,460.136503629,1779489305.3840683,0.06869154869813308,0.06393064575560639,282.4802412565838,N,,hardware
E-LC,thrust,460.157846183,1779489305.4054098,0.028205601135563984,0.03005529180828235,109.7483132479563,N,,hardware
LF-PT,pressure,460.07069758,1779489305.3182619,0.22421839525918905,,-34.47270059260136,psi,,hardware
E-LC,thrust,460.180514839,1779489305.4280791,0.0678078724810925,0.06378186695657576,238.87632778799374,N,,hardware
E-LC,thrust,460.202894445,1779489305.4504583,0.06689813785530781,0.06317175746521443,221.09856981220693,N,,hardware
E-LC,thrust,460.224067613,1779489305.4716313,0.06804468921359648,0.06420852450532014,227.6124393577297,N,,hardware
WI-RTD,temperature,460.236504279,1779489305.484068,,,-1050.8771297054761,°C,,hardware
E-LC,thrust,460.251284951,1779489305.4988482,0.06690151855665667,0.06382163443525249,182.73979120331487,N,,hardware
E-LC,thrust,460.272618875,1779489305.5201828,0.030049703872168522,0.06372378967389937,1997.9957575693636,N,,hardware
FT-PT,pressure,460.181007365,1779489305.4285712,1.9686641655760009,,183.5830206970001,psi,,hardware
E-LC,thrust,460.293953855,1779489305.5415173,0.029786642466383274,0.06409984846113306,2035.916889021821,N,,hardware
E-LC,thrust,460.315137857,1779489305.5627015,0.06787305575586029,0.06375255823165872,244.48285310262656,N,,hardware
E-LC,thrust,460.336424356,1779489305.5839882,0.06737824401298094,0.06437063053198225,178.45173320592235,N,,hardware
WI-RTD,temperature,460.351317711,1779489305.5988815,,,-1059.0451398784367,°C,,hardware
E-LC,thrust,460.366138642,1779489305.6137023,0.030004991070031052,0.06301346054833656,1958.5025223794605,N,,hardware
FM-PT,pressure,460.290914215,1779489305.5384784,1.4419980576036044,,117.74975720045056,psi,,hardware
E-LC,thrust,460.389192697,1779489305.6367571,0.06818574734756319,0.030824080058822638,2216.7922591319393,N,,hardware
E-LC,thrust,460.411826372,1779489305.65939,0.03702809544242566,0.06430794320201197,1618.604300402121,N,,hardware
E-LC,thrust,460.433126186,1779489305.6806898,0.0667928611389233,0.06440113134993689,141.90930081319382,N,,hardware
E-LC,thrust,460.454322298,1779489305.701886,0.06597323198297406,0.06389440798990823,123.34355692190599,N,,hardware
WI-RTD,temperature,460.466170161,1779489305.713734,,,-1059.5730974450164,°C,,hardware
E-LC,thrust,460.486023468,1779489305.7335877,0.0652323182204149,0.0641924778154466,61.697197361453,N,,hardware
FI-PT,pressure,460.399130008,1779489305.6466937,1.0562850303989686,,69.53562879987108,psi,,hardware
E-LC,thrust,460.508039545,1779489305.7556028,0.06779027048233395,0.06262023748400658,306.75529123409063,N,,hardware
E-LC,thrust,460.529706518,1779489305.7772703,0.06387790495191872,0.06424359811766125,21.69779450072351,N,,hardware
E-LC,thrust,460.551013628,1779489305.7985775,0.06712879854485972,0.06329078050443894,227.7224037316327,N,,hardware
E-LC,thrust,460.572338774,1779489305.8199031,0.06642265105815542,0.06490935413948942,89.78895050751609,N,,hardware
WI-RTD,temperature,460.58604121,1779489305.833605,,,-1056.5040701892533,°C,,hardware
E-LC,thrust,460.600856567,1779489305.8484206,0.0,-0.014820668750485032,879.3596791954452,N,,hardware
CC-PT,pressure,460.507169489,1779489305.7547336,0.22149803894734849,,-34.81274513158144,psi,,hardware
E-LC,thrust,460.621008905,1779489305.8685725,0.06756638050870663,0.06385798395967293,220.03152857599932,N,,hardware
E-LC,thrust,460.642216313,1779489305.88978,0.06725368891700374,0.06388398648905594,199.93567739156973,N,,hardware
E-LC,thrust,460.663517405,1779489305.9110813,0.028263333828846673,0.06343514483393965,2086.8607863021834,N,,hardware
E-LC,thrust,460.686552905,1779489305.9341173,0.028652691904031267,0.0636881945208543,2078.773155264833,N,,hardware
WI-RTD,temperature,460.700890716,1779489305.9484546,,,-1072.4323089159934,°C,,hardware
LF-PT,pressure,460.61559524,1779489305.863159,0.2259260685355745,,-34.259241433053184,psi,,hardware
E-LC,thrust,460.716211469,1779489305.9637752,0.02787695598625612,0.02726126787200783,36.530828112065265,N,,hardware
E-LC,thrust,460.739104954,1779489305.9866686,0.0664274380567596,0.06377865389331029,157.16119369799245,N,,hardware
E-LC,thrust,460.760317732,1779489306.0078812,0.06768839309375203,0.06408008579374383,214.09289980048678,N,,hardware
E-LC,thrust,460.783012867,1779489306.0305772,0.0671367241009145,0.06355199789130662,212.69375510340024,N,,hardware
E-LC,thrust,460.807350245,1779489306.0549147,0.027659780849192246,0.06145960452671105,2005.4562048661157,N,,hardware
WI-RTD,temperature,460.818632489,1779489306.0661964,,,-583.5725272041656,°C,,hardware
FT-PT,pressure,460.725431203,1779489305.972995,1.9644602494788468,,183.05753118485586,psi,,hardware
E-LC,thrust,460.833614378,1779489306.081178,0.06662387263761432,0.05825983123598471,496.26645649669047,N,,hardware
E-LC,thrust,460.856148053,1779489306.1037116,0.06814185410938908,0.06461965690489493,208.98370079998614,N,,hardware
E-LC,thrust,460.87895313,1779489306.1265178,0.029914680709204756,0.06282924492111741,1952.9308099068176,N,,hardware
E-LC,thrust,460.900169426,1779489306.1477332,0.028728333932558768,0.06412126888290273,2099.980807053742,N,,hardware
E-LC,thrust,460.921177947,1779489306.168742,0.06194500991046546,0.06412738767294737,129.48774724059334,N,,hardware
FM-PT,pressure,460.835290954,1779489306.082855,1.441244654803831,,117.65558185047887,psi,,hardware
WI-RTD,temperature,460.933656352,1779489306.1812203,,,-1052.3080117657514,°C,,hardware
E-LC,thrust,460.950814899,1779489306.1983788,0.028664454509550873,0.06440384149895209,2120.536961371139,N,,hardware
E-LC,thrust,460.972581424,1779489306.2201455,0.06714888717518892,0.0634920113971247,216.97462949847753,N,,hardware
E-LC,thrust,460.994268135,1779489306.241832,0.028213796775197596,0.06424425935676806,2137.8074465065138,N,,hardware
E-LC,thrust,461.016221026,1779489306.2637846,0.028983441842608672,0.06265794673954805,1998.0206238850699,N,,hardware
E-LC,thrust,461.037875016,1779489306.2854395,0.02731465128834859,0.06480240104227078,2224.27315206605,N,,hardware
FI-PT,pressure,460.943837435,1779489306.191402,1.0593731474129138,,69.92164342661422,psi,,hardware
WI-RTD,temperature,461.050832188,1779489306.2983959,,,-1063.3640175570517,°C,,hardware
E-LC,thrust,461.070450036,1779489306.3180144,0.06743520370843455,0.06466890524851146,164.13370862210311,N,,hardware
E-LC,thrust,461.091802828,1779489306.3393664,0.06670642508046926,0.06390197964334246,166.39709593618986,N,,hardware
E-LC,thrust,461.113005902,1779489306.3605692,0.0669471161153455,0.06402537058596261,173.35690141005136,N,,hardware
E-LC,thrust,461.137237226,1779489306.3848019,0.06732267198832893,0.06383031436268263,207.21321912168048,N,,hardware
WM-PT,pressure,461.053423523,1779489306.3009875,0.7862819178440473,,35.785239730505914,psi,,hardware
E-LC,thrust,461.158567816,1779489306.4061315,0.06561223268356713,0.06410922688057744,89.17834431072161,N,,hardware
WI-RTD,temperature,461.172964236,1779489306.4205287,,,-1059.7655393090954,°C,,hardware
E-LC,thrust,461.187848553,1779489306.4354124,0.06803938067428834,0.06338552396124887,276.128831640342,N,,hardware
E-LC,thrust,461.209239992,1779489306.4568036,0.06713772061618813,0.0636614003671885,206.26166810731146,N,,hardware
E-LC,thrust,461.230468732,1779489306.4780326,0.06582718195941234,0.06449257792443966,79.18650607504571,N,,hardware
E-LC,thrust,461.251648713,1779489306.4992123,0.06729335395018506,0.06314446039729837,246.1676841379431,N,,hardware
LF-PT,pressure,461.164206456,1779489306.4117699,0.22780003879070743,,-34.02499515116157,psi,,hardware
E-LC,thrust,461.272925211,1779489306.5204887,0.06720391903268326,0.06361401466894324,213.00099224857422,N,,hardware
WI-RTD,temperature,461.287873194,1779489306.5354373,,,-1052.544893105695,°C,,hardware
E-LC,thrust,461.302761677,1779489306.5503254,0.06790663925190439,0.06464496094226371,193.52624637201356,N,,hardware
E-LC,thrust,461.324759493,1779489306.5723233,0.06598379318222919,0.06349948060506351,147.40254624516362,N,,hardware
E-LC,thrust,461.346156118,1779489306.59372,0.06696994283437048,0.06395407783437704,178.94132333294425,N,,hardware
E-LC,thrust,461.368102231,1779489306.615666,0.0663297423070362,0.06315299131309882,188.4872256402847,N,,hardware
FT-PT,pressure,461.272640698,1779489306.5202055,1.9605036926869979,,182.56296158587475,psi,,hardware
E-LC,thrust,461.390334246,1779489306.6378977,0.06829634191648268,0.029074888417111446,2327.1395742960262,N,,hardware
WI-RTD,temperature,461.402799596,1779489306.6503632,,,-1040.0124099438071,°C,,hardware
E-LC,thrust,461.417725264,1779489306.665289,0.028599187415741377,0.06322648198622251,2054.5528111818803,N,,hardware
E-LC,thrust,461.438951966,1779489306.6865158,0.06721307393468308,0.06420202387297438,178.6556369947159,N,,hardware
E-LC,thrust,461.463196346,1779489306.7107604,0.06631268047543531,0.06297457782621119,198.06075718729826,N,,hardware
FM-PT,pressure,461.38126364,1779489306.628828,1.4406050968891497,,117.57563711114372,psi,,hardware
E-LC,thrust,461.486615391,1779489306.7341797,0.06639028759482951,0.06274435485832153,216.32534236614038,N,,hardware
E-LC,thrust,461.509282008,1779489306.7568455,0.06665988688586794,0.06365872747108071,178.06879194404183,N,,hardware
WI-RTD,temperature,461.520356868,1779489306.7679205,,,-1051.1768221577522,°C,,hardware
E-LC,thrust,461.535428737,1779489306.7829921,0.06786447827392557,0.04378708601440025,1428.5919407318356,N,,hardware
E-LC,thrust,461.557280426,1779489306.8048441,0.0286491621910527,0.027880569518276395,45.60316525139412,N,,hardware
E-LC,thrust,461.579877471,1779489306.8274417,0.0673228489396392,0.06439708009625436,173.59561804083404,N,,hardware
FI-PT,pressure,461.490129281,1779489306.7376928,1.062610276056561,,70.32628450707013,psi,,hardware
E-LC,thrust,461.601224652,1779489306.8487883,0.06660333697239601,0.06351848890107738,183.03431889823887,N,,hardware
E-LC,thrust,461.622620647,1779489306.8701842,0.06760545880859599,0.0635929947159284,238.07286949827693,N,,hardware
WI-RTD,temperature,461.635457544,1779489306.8830216,,,-1061.2295276179336,°C,,hardware
E-LC,thrust,461.650154606,1779489306.8977184,0.06741801149165767,0.06397303025102977,204.40222027725576,N,,hardware
E-LC,thrust,461.671676729,1779489306.9192407,0.030802305734432427,0.06427673457881625,1986.1494447667733,N,,hardware
E-LC,thrust,461.692978411,1779489306.9405425,0.06661522064986475,0.06325322026052717,199.47868976736308,N,,hardware
CC-PT,pressure,461.598350305,1779489306.8459144,0.22342922966828702,,-34.57134629146412,psi,,hardware
E-LC,thrust,461.714030136,1779489306.9615939,0.06761924238434343,0.06427985450981313,198.13701388879747,N,,hardware
E-LC,thrust,461.735334762,1779489306.9828985,0.06730283481512485,0.06396747956782337,197.89774467322133,N,,hardware
WI-RTD,temperature,461.750189321,1779489306.9977534,,,-1041.7324221368315,°C,,hardware
E-LC,thrust,461.76498051,1779489307.012544,0.06782365840061406,0.06436644889312373,205.12776411109294,N,,hardware
E-LC,thrust,461.790299865,1779489307.0378642,0.06673414124359384,0.0646676572761127,122.61138207054708,N,,hardware
LF-PT,pressure,461.706656068,1779489306.9542196,0.22932949415796927,,-33.83381323025384,psi,,hardware
E-LC,thrust,461.811450216,1779489307.059014,0.06848939579598853,0.0634242669849714,300.53097612034975,N,,hardware
E-LC,thrust,461.834065257,1779489307.081629,0.06643851148349184,0.06384312004961015,153.99322507697985,N,,hardware
E-LC,thrust,461.855292347,1779489307.102856,0.0572263331385056,0.06397669034918432,400.5211945002709,N,,hardware
WI-RTD,temperature,461.86640115,1779489307.1139648,,,-1042.8168735374386,°C,,hardware
E-LC,thrust,461.883402088,1779489307.1309664,0.06835549953347439,0.06350328971484777,287.89778257184616,N,,hardware
E-LC,thrust,461.904737509,1779489307.1523013,0.06736745929628125,0.06334220814313986,238.8315684197228,N,,hardware
FT-PT,pressure,461.816891101,1779489307.0644548,1.95658170659324,,182.07271332415502,psi,,hardware
E-LC,thrust,461.925900952,1779489307.1734645,0.043432484901843656,0.06368471137401001,1201.6321040152038,N,,hardware
E-LC,thrust,461.947890951,1779489307.1954553,0.0664280992958664,0.06448323675790271,115.39517725251244,N,,hardware
E-LC,thrust,461.969329518,1779489307.2168937,0.06723833140591758,0.06307164958973521,247.22312109348687,N,,hardware
WI-RTD,temperature,461.983423091,1779489307.230987,,,-1060.6606155006116,°C,,hardware
E-LC,thrust,461.998450775,1779489307.2460144,0.06780767690332852,0.0643625280246172,204.41216680353838,N,,hardware
E-LC,thrust,462.019901656,1779489307.2674654,0.06794134033517125,0.06431531927768222,215.14391607768272,N,,hardware
FM-PT,pressure,461.925157227,1779489307.1727211,1.4400239515333118,,117.50299394166397,psi,,hardware
E-LC,thrust,462.041071043,1779489307.2886345,0.06806796296751058,0.0641209336067359,234.19040873929757,N,,hardware
E-LC,thrust,462.062138951,1779489307.3097026,0.035259159759778946,0.06452756771773907,1736.592205505634,N,,hardware
E-LC,thrust,462.08453909,1779489307.3321033,0.06727584508369507,0.06415745076923976,185.02472932434813,N,,hardware
WI-RTD,temperature,462.098485814,1779489307.3460498,,,-1058.1042506749322,°C,,hardware
E-LC,thrust,462.11673156,1779489307.3642955,0.06582375469192919,0.06441258661897023,83.72930566223178,N,,hardware
FI-PT,pressure,462.033424167,1779489307.2809882,1.065487988649367,,70.68599858117086,psi,,hardware
E-LC,thrust,462.138122831,1779489307.3856866,0.02905345868211492,0.06362806832826952,2051.4268390051725,N,,hardware
E-LC,thrust,462.160821538,1779489307.408385,0.06812834993044734,0.06431892349647564,226.02596841565395,N,,hardware
E-LC,thrust,462.184964122,1779489307.4325287,0.0289234646616536,0.06442067981310842,2106.1680989863194,N,,hardware
E-LC,thrust,462.206190526,1779489307.4537547,0.06663479705271685,0.06369066252597123,174.68531525357346,N,,hardware
WI-RTD,temperature,462.217223349,1779489307.464787,,,-1047.9996339425936,°C,,hardware
E-LC,thrust,462.232059666,1779489307.4796238,0.0669872747495502,0.06320567623742536,224.37484505274045,N,,hardware
WM-PT,pressure,462.1416817,1779489307.3892455,0.7915533532563869,,36.44416915704836,psi,,hardware
E-LC,thrust,462.25347177,1779489307.5010352,0.06805015607776117,0.06410791371559069,233.9063801554489,N,,hardware
E-LC,thrust,462.274728304,1779489307.5222921,0.029201650747853608,0.0636990816830494,2046.847568821617,N,,hardware
E-LC,thrust,462.296059465,1779489307.5436232,0.06829843739252536,0.06372356615645482,271.44236000685237,N,,hardware
E-LC,thrust,462.317316258,1779489307.5648801,0.06817515820862749,0.0620260908634771,364.84466247892306,N,,hardware
WI-RTD,temperature,462.332089299,1779489307.579653,,,-1054.5137882077163,°C,,hardware
LF-PT,pressure,462.250035176,1779489307.497599,0.2311879672036132,,-33.60150409954834,psi,,hardware
E-LC,thrust,462.346761971,1779489307.5943258,0.06729720031287674,0.06359842432718567,219.46070848433692,N,,hardware
E-LC,thrust,462.371104625,1779489307.618669,0.06697833405176808,0.0638092478435335,188.03244835525115,N,,hardware
E-LC,thrust,462.392508599,1779489307.6400723,0.06720654536265676,0.06379978560504743,202.13441228482034,N,,hardware
E-LC,thrust,462.413596155,1779489307.66116,0.06713146212774064,0.06426130256191523,170.29613423897442,N,,hardware
E-LC,thrust,462.434828633,1779489307.6823926,0.06736240221409824,0.06375782951805943,213.87131329830274,N,,hardware
WI-RTD,temperature,462.448869467,1779489307.696434,,,-1056.9931483849998,°C,,hardware
FT-PT,pressure,462.358348356,1779489307.605913,1.9528617802693582,,181.60772253366977,psi,,hardware
E-LC,thrust,462.463949409,1779489307.7115133,0.06834759260387333,0.06375616245045214,272.42485576965703,N,,hardware
E-LC,thrust,462.48872135,1779489307.736286,0.0682162109126104,0.06446281285140668,222.7016182980878,N,,hardware
E-LC,thrust,462.509885718,1779489307.7574492,0.06739981344638031,0.06345917295922911,233.81133557097138,N,,hardware
E-LC,thrust,462.530986311,1779489307.77855,0.06719495039522057,0.06364149800139642,210.8381753668997,N,,hardware
E-LC,thrust,462.552130754,1779489307.7996945,0.06715349722248283,0.06405834872226104,183.645477679826,N,,hardware
FM-PT,pressure,462.466520743,1779489307.7140846,1.439376645013886,,117.42208062673576,psi,,hardware
WI-RTD,temperature,462.56398306,1779489307.8115466,,,-1076.5442194294565,°C,,hardware
E-LC,thrust,462.582654574,1779489307.8302183,0.06798562472887333,0.0647175947985166,193.90310920116585,N,,hardware
E-LC,thrust,462.604022383,1779489307.8515866,0.06796005060792572,0.0,4032.2963360702593,N,,hardware
E-LC,thrust,462.625496893,1779489307.873061,0.03028241347162884,0.06457860420091202,2034.9073166041353,N,,hardware
E-LC,thrust,462.647104141,1779489307.8946679,0.06791178946635597,0.06373218089129697,247.99010878683407,N,,hardware
E-LC,thrust,462.668577133,1779489307.9161408,0.0642838312576808,0.06379443049960501,29.03777831249732,N,,hardware
FI-PT,pressure,462.578227871,1779489307.825793,1.0683657012421728,,71.0457126552716,psi,,hardware
WI-RTD,temperature,462.682699558,1779489307.9302635,,,-1059.6855532163531,°C,,hardware
E-LC,thrust,462.699204117,1779489307.9467678,0.06694934197656417,0.06416990255354674,164.91340576570116,N,,hardware
E-LC,thrust,462.720516631,1779489307.96808,0.06689405866194471,0.06412969735320775,164.0187709850596,N,,hardware
E-LC,thrust,462.741625242,1779489307.989189,0.06743424444606834,0.06482985643504338,154.52702198748082,N,,hardware
E-LC,thrust,462.762952533,1779489308.0105162,0.06724770982536195,0.06380613722576348,204.19997424284267,N,,hardware
CC-PT,pressure,462.686910617,1779489307.9344745,0.22523823085286984,,-34.345221143391264,psi,,hardware
E-LC,thrust,462.788273423,1779489308.035838,0.06712140384273575,0.0640214869703635,183.92840109408695,N,,hardware
WI-RTD,temperature,462.800948951,1779489308.048513,,,-1038.3435499727002,°C,,hardware
E-LC,thrust,462.815738731,1779489308.0633028,0.06597887579844902,0.06487235268918903,65.6537044827593,N,,hardware
E-LC,thrust,462.837210869,1779489308.084775,0.06784466904040205,0.06452341401856113,197.061131295895,N,,hardware
E-LC,thrust,462.858457883,1779489308.1060214,0.06651798124825731,0.06388633342222375,156.1444376779913,N,,hardware
E-LC,thrust,462.881032183,1779489308.1285968,0.06772572982021925,0.06365043869917854,241.80060651508234,N,,hardware
LF-PT,pressure,462.795345403,1779489308.0429094,0.23257377535984222,,-33.428278080019716,psi,,hardware
E-LC,thrust,462.902311603,1779489308.1498754,0.06651340845387083,0.06411624905362714,142.23145774779175,N,,hardware
WI-RTD,temperature,462.915772392,1779489308.1633368,,,-1052.2426979613688,°C,,hardware
E-LC,thrust,462.930757872,1779489308.1783218,0.06757305809236265,0.06393909285236513,215.6152709065198,N,,hardware
E-LC,thrust,462.952247695,1779489308.1998124,0.05749738529293362,0.06489176145395772,438.7329855540969,N,,hardware
E-LC,thrust,462.973970883,1779489308.221535,0.06802425599387359,0.06414781157944341,230.00236858952385,N,,hardware
E-LC,thrust,462.995265396,1779489308.2428293,0.06683264724405374,0.04578411193598651,1248.879761611989,N,,hardware
FT-PT,pressure,462.904243747,1779489308.1518075,1.9495012699963177,,181.1876587495397,psi,,hardware
E-LC,thrust,463.016544483,1779489308.264108,0.06827743606596423,0.06322506637574034,299.7739349532843,N,,hardware
WI-RTD,temperature,463.030770163,1779489308.2783341,,,-734.60937895575,°C,,hardware
E-LC,thrust,463.045881325,1779489308.2934453,0.030787525643411355,0.06435292608772827,1991.5470930294705,N,,hardware
E-LC,thrust,463.068450144,1779489308.3160138,0.06789531436804704,0.06388726474490938,237.81094430616736,N,,hardware
E-LC,thrust,463.091197089,1779489308.3387618,0.0677489476947722,0.06396120245292217,224.73955101643543,N,,hardware
FM-PT,pressure,463.01260977,1779489308.260174,1.4387221859362347,,117.34027324202934,psi,,hardware
E-LC,thrust,463.115397614,1779489308.3629613,0.06771872627362326,0.06365985437153034,240.82639952417986,N,,hardware
E-LC,thrust,463.138293055,1779489308.3858569,0.028636729033199436,0.06282561276264342,2028.5404346136766,N,,hardware
WI-RTD,temperature,463.149617223,1779489308.397181,,,-1059.273901634828,°C,,hardware
E-LC,thrust,463.164690812,1779489308.4122546,0.06781130906180251,0.06417070349105639,216.0092638642699,N,,hardware
E-LC,thrust,463.187333407,1779489308.4348977,0.06770499857723696,0.06433731711951698,199.81576649138492,N,,hardware
E-LC,thrust,463.208611197,1779489308.456175,0.06782347213607694,0.06333107883704649,266.5486690758067,N,,hardware
FI-PT,pressure,463.121155436,1779489308.368719,1.071072348484081,,71.38404356051012,psi,,hardware
E-LC,thrust,463.229808971,1779489308.4773726,0.03425980395195531,0.06435641854779942,1785.7324660200832,N,,hardware
E-LC,thrust,463.252202109,1779489308.4997659,0.06687356024963383,0.06483219405498433,121.12106088253663,N,,hardware
WI-RTD,temperature,463.264722233,1779489308.5122862,,,-1051.364025814392,°C,,hardware
E-LC,thrust,463.282001497,1779489308.5295658,0.06719150450128371,0.06392142566101858,194.0246778557311,N,,hardware
E-LC,thrust,463.303256917,1779489308.5508206,0.06734790151988286,0.06356406783331249,224.50746540317527,N,,hardware
E-LC,thrust,463.324418581,1779489308.5719821,0.06763791540419047,0.06414363925381175,207.32705158913703,N,,hardware
WM-PT,pressure,463.229491237,1779489308.477055,0.7966775651785809,,37.08469564732261,psi,,hardware
E-LC,thrust,463.345687853,1779489308.5932515,0.06748349278968487,0.06420015191437625,194.81155860164438,N,,hardware
E-LC,thrust,463.368097972,1779489308.6156616,0.06811849653643329,0.06383316421010068,254.26305136240106,N,,hardware
WI-RTD,temperature,463.38202514,1779489308.6295896,,,-1058.8857935846263,°C,,hardware
E-LC,thrust,463.396889955,1779489308.644454,0.0680117855831129,0.06471236076502332,195.7658725399816,N,,hardware
E-LC,thrust,463.418538071,1779489308.6661015,0.029041519125285045,0.0644973928627244,2103.7151750880685,N,,hardware
LF-PT,pressure,463.337749743,1779489308.5853136,0.23431065491564929,,-33.211168135543836,psi,,hardware
E-LC,thrust,463.44230755,1779489308.689872,0.06690207735026805,0.06402335892896163,170.80395966418106,N,,hardware
E-LC,thrust,463.465246083,1779489308.7128098,0.06695047819024065,0.06163038116757645,315.6590900114092,N,,hardware
E-LC,thrust,463.486930347,1779489308.734495,0.06743653549987501,0.06307671598514508,258.6826245406423,N,,hardware
WI-RTD,temperature,463.49818422,1779489308.745748,,,-1058.9194281379332,°C,,hardware
E-LC,thrust,463.513178754,1779489308.760743,0.06697783113751783,0.06406365726156918,172.9076499729534,N,,hardware
E-LC,thrust,463.534463026,1779489308.7820268,0.05218595888447272,0.06490999675214251,754.9595801484076,N,,hardware
FT-PT,pressure,463.445976546,1779489308.6935403,1.9460680420479826,,180.75850525599782,psi,,hardware
E-LC,thrust,463.555710207,1779489308.8032737,0.06768780636046008,0.06302518590094874,276.64881393100603,N,,hardware
E-LC,thrust,463.578620833,1779489308.826185,0.06625673592170905,0.06318021387520002,182.54030809286917,N,,hardware
E-LC,thrust,463.599997973,1779489308.8475618,0.030066123091116323,0.059607436535648886,1752.784597708932,N,,hardware
WI-RTD,temperature,463.613212823,1779489308.8607767,,,-1059.5029952223588,°C,,hardware
E-LC,thrust,463.62911782,1779489308.8766818,0.04285420801987744,0.06297885259733826,1194.0622449293423,N,,hardware
E-LC,thrust,463.650439258,1779489308.8980029,0.0308744739293425,0.06432496778070543,1984.7293018475339,N,,hardware
FM-PT,pressure,463.55408426,1779489308.8016481,1.438164882441149,,117.27061030514363,psi,,hardware
E-LC,thrust,463.671660754,1779489308.919225,0.067426160565157,0.06416379307672895,193.56713764673097,N,,hardware
E-LC,thrust,463.69298108,1779489308.940545,0.06814175166389366,0.06466462116415753,206.30974298434407,N,,hardware
E-LC,thrust,463.714122744,1779489308.9616866,0.028843873824938995,0.0635020883085833,2056.3873926962283,N,,hardware
WI-RTD,temperature,463.729131464,1779489308.976695,,,-1031.710725818031,°C,,hardware
E-LC,thrust,463.74666576,1779489308.9942303,0.06780302960312719,0.0638587383310483,234.02794881001412,N,,hardware
FI-PT,pressure,463.662548409,1779489308.9101126,1.0737825720051017,,71.72282150063772,psi,,hardware
E-LC,thrust,463.768268542,1779489309.015832,0.06713026072147617,0.0625190772138926,273.59688811662477,N,,hardware
E-LC,thrust,463.792548897,1779489309.0401127,0.06689501792431092,0.06321080782542322,218.59646586733666,N,,hardware
E-LC,thrust,463.813776965,1779489309.0613403,0.06672487458287174,0.06329741152196068,203.36280828072287,N,,hardware
E-LC,thrust,463.835379266,1779489309.082943,0.06729066242762356,0.06357176987192271,220.6542916382503,N,,hardware
WI-RTD,temperature,463.846670933,1779489309.0942347,,,-655.8554602088633,°C,,hardware
E-LC,thrust,463.862108605,1779489309.1096723,0.0669223708715881,0.06474126902118552,129.4120431238868,N,,hardware
CC-PT,pressure,463.77096493,1779489309.0185287,0.22684815250017076,,-34.14398093747865,psi,,hardware
E-LC,thrust,463.885555811,1779489309.1331193,0.05875638455228621,0.06387573497006119,303.7481247879819,N,,hardware
E-LC,thrust,463.907037726,1779489309.1546016,0.029591139208214188,0.06366974501845181,2021.997278074099,N,,hardware
E-LC,thrust,463.928542899,1779489309.1761065,0.028603285235558183,0.041631474465903574,773.0058943338265,N,,hardware
E-LC,thrust,463.949958851,1779489309.1975229,0.029893474491652784,0.06415717137243407,2032.9793482596895,N,,hardware
WI-RTD,temperature,463.962129259,1779489309.2096932,,,-1040.5930143795147,°C,,hardware
LF-PT,pressure,463.88031333,1779489309.127878,0.23570361563010403,,-33.037048046237,psi,,hardware
E-LC,thrust,463.978391803,1779489309.2259557,0.06776044952993983,0.0645520056250102,190.36767169249094,N,,hardware
E-LC,thrust,464.001307724,1779489309.248871,0.031016435446314272,0.06377263754876107,1943.5346580785101,N,,hardware
E-LC,thrust,464.022574606,1779489309.270138,0.06599098299336231,0.06283425543716614,187.2991683343061,N,,hardware
E-LC,thrust,464.044332329,1779489309.2918959,0.06707768755587191,0.06324269631417946,227.54281367375222,N,,hardware
E-LC,thrust,464.065564415,1779489309.3131282,0.06853418310394085,0.06385373712822642,277.7064612257229,N,,hardware
WI-RTD,temperature,464.080924496,1779489309.3284893,,,-1050.213583320114,°C,,hardware
FT-PT,pressure,463.988572346,1779489309.2361364,1.9426908424724152,,180.3363553090519,psi,,hardware
E-LC,thrust,464.095965288,1779489309.343529,0.06756140724556532,0.06382664495130122,221.5958961263367,N,,hardware
E-LC,thrust,464.118831377,1779489309.366395,0.067092337261717,0.06436876788661097,161.59844958962412,N,,hardware
E-LC,thrust,464.140236126,1779489309.3877997,0.0664120246663123,0.0635954068416842,167.119324261267,N,,hardware
E-LC,thrust,464.161688967,1779489309.4092526,0.06738407409299303,0.06350724783626173,230.02502456605725,N,,hardware
E-LC,thrust,464.184544593,1779489309.432109,0.06713765542360013,0.06417273377451108,175.9186845126173,N,,hardware
FM-PT,pressure,464.098134909,1779489309.3456988,1.4374865815027453,,117.18582268784317,psi,,hardware
WI-RTD,temperature,464.196490283,1779489309.4440548,,,-1047.539557514562,°C,,hardware
E-LC,thrust,464.212825233,1779489309.4603887,0.06679694033228639,0.06362394256877214,188.2645339685121,N,,hardware
E-LC,thrust,464.23413478,1779489309.4816985,0.06726844106834425,0.06396211514915409,196.1753378719491,N,,hardware
E-LC,thrust,464.255246351,1779489309.5028095,0.0672602733683912,0.06410687063418277,187.1018955630335,N,,hardware
E-LC,thrust,464.276339329,1779489309.5239031,0.05320069082983623,0.06415877324745337,650.1795567786168,N,,hardware
E-LC,thrust,464.297681098,1779489309.5452452,0.027733234269408498,0.0642071647741991,2164.1198766175758,N,,hardware
FI-PT,pressure,464.206170411,1779489309.4537342,1.0763956399435568,,72.0494549929446,psi,,hardware
WI-RTD,temperature,464.312860183,1779489309.560424,,,-983.3159004308022,°C,,hardware
E-LC,thrust,464.328891565,1779489309.576455,0.06717057768053743,0.06509376534447257,123.22419860651465,N,,hardware
E-LC,thrust,464.350278185,1779489309.5978425,0.0677273410084654,0.06370344027321818,238.7514436246684,N,,hardware
E-LC,thrust,464.371490216,1779489309.6190543,0.06674946150177258,0.0645798242336302,128.731811243114,N,,hardware
E-LC,thrust,464.393208718,1779489309.6407726,0.06852707711184944,0.06410605107021941,262.31421180338157,N,,hardware
WM-PT,pressure,464.315856675,1779489309.5634208,0.8017183305881417,,37.71479132351771,psi,,hardware
E-LC,thrust,464.417049193,1779489309.6646142,0.06698013150455136,0.06415453572923371,167.65201600218018,N,,hardware
WI-RTD,temperature,464.42957289,1779489309.6771367,,,-1044.3018839602928,°C,,hardware
E-LC,thrust,464.444640366,1779489309.692204,0.02871840603272987,0.026757841394286323,116.32683521431704,N,,hardware
E-LC,thrust,464.465937247,1779489309.713501,0.06753968880053625,0.0634341948848003,243.59263900033284,N,,hardware
E-LC,thrust,464.489018017,1779489309.7365825,0.036635766447873884,0.06468905907142866,1664.4953623309166,N,,hardware
E-LC,thrust,464.510118643,1779489309.757682,0.028746550604289843,0.06378993221103338,2079.2406420001166,N,,hardware
LF-PT,pressure,464.425987114,1779489309.6735508,0.23732486216126228,,-32.834392229842216,psi,,hardware
E-LC,thrust,464.531311915,1779489309.7788756,0.06643605279160175,0.02863183027587298,2243.05053593324,N,,hardware
WI-RTD,temperature,464.544677964,1779489309.7922416,,,-630.4052268585366,°C,,hardware
E-LC,thrust,464.559897308,1779489309.807461,0.030846022021296264,0.06413268689902865,1975.008782745455,N,,hardware
E-LC,thrust,464.583577453,1779489309.8311422,0.06758498833596567,0.06439185537598793,189.4592222920124,N,,hardware
E-LC,thrust,464.605333788,1779489309.8528984,0.02990009619594767,0.06347424176028273,1992.0659701505467,N,,hardware
E-LC,thrust,464.626927792,1779489309.8744915,0.028236539675180874,0.03305158040542369,285.6924166610738,N,,hardware
FT-PT,pressure,464.534114133,1779489309.7816777,1.9395168947597616,,179.93961184497022,psi,,hardware
E-LC,thrust,464.648492575,1779489309.8960564,0.06719991434513502,0.06401911209751512,188.727600025447,N,,hardware
WI-RTD,temperature,464.659932425,1779489309.9074962,,,-1044.1520225663976,°C,,hardware
E-LC,thrust,464.676273818,1779489309.9238381,0.06774362984223721,0.06362626156225938,244.29718461201782,N,,hardware
E-LC,thrust,464.69765392,1779489309.945218,0.06614975488480984,0.06474527370873376,83.33254978051427,N,,hardware
E-LC,thrust,464.718964819,1779489309.9665282,0.029493126808777668,0.06331212642039376,2006.5939769558881,N,,hardware
FM-PT,pressure,464.642615477,1779489309.8901799,1.4368404670763573,,117.10505838454466,psi,,hardware
E-LC,thrust,464.743025086,1779489309.9905896,0.06731710267866882,0.06400110031677489,196.74947347237318,N,,hardware
E-LC,thrust,464.765710567,1779489310.0132744,0.0672538472418603,0.06405855361325188,189.5874219640994,N,,hardware
WI-RTD,temperature,464.778220115,1779489310.0257845,,,-1050.9837922525683,°C,,hardware
E-LC,thrust,464.793080576,1779489310.0406446,0.06793306087649593,0.06329684341512244,275.0822360414939,N,,hardware
E-LC,thrust,464.814366993,1779489310.061931,0.06608324913182845,0.06451615901484001,92.98068027464743,N,,hardware
E-LC,thrust,464.835535505,1779489310.0830994,0.06730694194816851,0.06386647762256595,204.13421665241873,N,,hardware
FI-PT,pressure,464.752071413,1779489309.9996352,1.07910467137154,,72.3880839214425,psi,,hardware
E-LC,thrust,464.856743942,1779489310.1043077,0.06699430623582676,0.060830235282210744,365.7348765812172,N,,hardware
E-LC,thrust,464.881073053,1779489310.128638,0.06773468914445509,0.06441321991839646,197.073840746145,N,,hardware
WI-RTD,temperature,464.893112667,1779489310.1406763,,,-1050.5997774060781,°C,,hardware
E-LC,thrust,464.907905648,1779489310.1554694,0.06748797245180278,0.06267929265550287,285.31500124712807,N,,hardware
E-LC,thrust,464.929352098,1779489310.1769154,0.02910976645168858,0.030366493283688224,74.56579203197879,N,,hardware
E-LC,thrust,464.950504703,1779489310.19808,0.0676785583261917,0.06394765170784614,221.36712602183664,N,,hardware
CC-PT,pressure,464.860595434,1779489310.1081593,0.2283835683326207,,-33.95205395842241,psi,,hardware
E-LC,thrust,464.971849822,1779489310.2194135,0.030509218485262213,0.06384351120513812,1977.834701379304,N,,hardware
E-LC,thrust,464.993053759,1779489310.2406173,0.029959495956837646,0.06336383345590037,1981.990691611055,N,,hardware
WI-RTD,temperature,465.00794122,1779489310.255505,,,-618.5570797566439,°C,,hardware
E-LC,thrust,465.022801644,1779489310.2703652,0.02997095122587099,0.026888431461266453,182.89617269986928,N,,hardware
E-LC,thrust,465.044414794,1779489310.2919786,0.06680497764706345,0.06274043398981499,241.16292366340824,N,,hardware
LF-PT,pressure,464.969245766,1779489310.2168097,0.2386582182238362,,-32.66772272202047,psi,,hardware
E-LC,thrust,465.068454634,1779489310.3160183,0.06785053637332157,0.0644983334986369,198.89737056462377,N,,hardware
E-LC,thrust,465.091815099,1779489310.3393788,0.06834118510379614,0.026725980845210655,2469.1687860094053,N,,hardware
E-LC,thrust,465.113017851,1779489310.3605816,0.03030069533594791,0.028684319622435527,95.90495900173481,N,,hardware
WI-RTD,temperature,465.123918433,1779489310.3714821,,,-1043.507405559603,°C,,hardware
E-LC,thrust,465.138862374,1779489310.3864264,0.06706447208696271,0.06362002170026561,204.3707229440283,N,,hardware
E-LC,thrust,465.160252289,1779489310.407816,0.02963278795871591,0.0641085935811512,2045.564466931161,N,,hardware
FT-PT,pressure,465.078073707,1779489310.325638,1.9363894386755751,,179.5486798344469,psi,,hardware
E-LC,thrust,465.183222707,1779489310.430787,0.029472460758383365,0.026591404717135992,170.94265844734417,N,,hardware
E-LC,thrust,465.205936963,1779489310.453501,0.06826988303898371,0.028383353383344814,2366.600759567908,N,,hardware
E-LC,thrust,465.227181214,1779489310.4747448,0.028809200681352697,0.06519013861598237,2158.602317454694,N,,hardware
WI-RTD,temperature,465.238884058,1779489310.4864476,,,-1050.1626944481295,°C,,hardware
E-LC,thrust,465.254073345,1779489310.5016372,0.029931602842402795,0.06416615863635047,2031.2503104408956,N,,hardware
E-LC,thrust,465.275485666,1779489310.52305,0.02798289394174742,0.05004994236528186,1309.3115397963766,N,,hardware
FM-PT,pressure,465.186805315,1779489310.434369,1.4362491889296995,,117.03114861621245,psi,,hardware
E-LC,thrust,465.296651808,1779489310.5442152,0.028777116614832475,0.06377053275949153,2076.276024583104,N,,hardware
E-LC,thrust,465.317747395,1779489310.565311,0.029762167306204713,0.03510259510309638,316.8653826155721,N,,hardware
E-LC,thrust,465.338885149,1779489310.5864491,0.02819108181489489,0.06339071142860787,2088.5113570803032,N,,hardware
WI-RTD,temperature,465.354112509,1779489310.6016762,,,-1068.7528951900658,°C,,hardware
E-LC,thrust,465.374138212,1779489310.6217024,0.030025731626240205,0.06377380170211812,2002.3854911687563,N,,hardware
FI-PT,pressure,465.295218727,1779489310.5427825,1.0814638234929828,,72.68297793662285,psi,,hardware
E-LC,thrust,465.395896508,1779489310.6434603,0.06232034226600436,0.06418553014821174,110.66781434430459,N,,hardware
E-LC,thrust,465.418871685,1779489310.6664355,0.028745395764159652,0.0566489689527713,1655.6120091909577,N,,hardware
E-LC,thrust,465.440558871,1779489310.6881225,0.031612463338668746,0.05966568145640867,1664.4909416525688,N,,hardware
E-LC,thrust,465.462019728,1779489310.7095835,0.029165319849886878,0.06467895422028949,2107.142305977222,N,,hardware
WI-RTD,temperature,465.474466074,1779489310.7220304,,,-1031.0531707596372,°C,,hardware
E-LC,thrust,465.489446477,1779489310.7370102,0.02956387939320557,0.06391011009038808,2037.8763546994958,N,,hardware
WM-PT,pressure,465.403434551,1779489310.6509984,0.8067281015787247,,38.34101269734058,psi,,hardware
E-LC,thrust,465.510822929,1779489310.7583866,0.06768772254141837,0.06450118334605495,189.0679922582297,N,,hardware
E-LC,thrust,465.533552686,1779489310.7811162,0.06688267789872622,0.06383505479515253,180.82563747870563,N,,hardware
E-LC,thrust,465.554806288,1779489310.80237,0.06715936455540235,0.06415209566379734,178.43128756856368,N,,hardware
E-LC,thrust,465.576031558,1779489310.823596,0.02865227280882273,0.026419948210710077,132.45125948801746,N,,hardware
WI-RTD,temperature,465.589480142,1779489310.837044,,,-1048.9827631984208,°C,,hardware
E-LC,thrust,465.604294289,1779489310.851858,0.02876630395845222,0.06421302279389177,2103.17198423608,N,,hardware
LF-PT,pressure,465.512782887,1779489310.7603464,0.24029138568537062,,-32.46357678932867,psi,,hardware
E-LC,thrust,465.62564376,1779489310.8732073,0.0,0.027551393515037714,1634.716015225571,N,,hardware
E-LC,thrust,465.646400059,1779489310.8939638,0.0673876038059716,0.06364295086478601,222.1827411770116,N,,hardware
E-LC,thrust,465.668638622,1779489310.9162023,0.06729776841971498,0.06371220401969004,212.74348773481327,N,,hardware
E-LC,thrust,465.690366733,1779489310.9379308,0.04163374689325653,0.06352484983502028,1298.8721078779827,N,,hardware
WI-RTD,temperature,465.704322658,1779489310.9518867,,,-1041.2558177339274,°C,,hardware
FT-PT,pressure,465.621308889,1779489310.8688726,1.933422319104948,,179.1777898881185,psi,,hardware
E-LC,thrust,465.72173562,1779489310.9693,0.026922983532903615,0.06492402247178822,2254.7283103738196,N,,hardware
E-LC,thrust,465.744819757,1779489310.9923832,0.06556777133855478,0.0637563207753087,107.47940008593413,N,,hardware
E-LC,thrust,465.766018027,1779489311.0135815,0.06764471405979562,0.06405425090244424,213.03414733618212,N,,hardware
E-LC,thrust,465.788491917,1779489311.0360565,0.06682491726576295,0.06345535453621799,199.92738861966754,N,,hardware
E-LC,thrust,465.809656724,1779489311.0572207,0.06681704758906931,0.0639538729433862,169.88169564386476,N,,hardware
WI-RTD,temperature,465.821744669,1779489311.0693088,,,-1053.761186400414,°C,,hardware
