sensor_name,sensor_kind,t_monotonic,t_wall,Voltage 1,Voltage 2,value,units,filtered_value,source
LF-PT,pressure,1185.033967818,1779490030.2815318,0.419121434583835,,-10.109820677020625,psi,,hardware
FT-PT,pressure,1185.041367051,1779490030.2889311,1.2552066153534192,,94.40082691917739,psi,,hardware
N-LC,thrust,1185.035737466,1779490030.2833016,-0.002903854820591786,0.03182116343929332,2060.3510834198496,N,,hardware
FM-PT,pressure,1185.045076834,1779490030.2926402,0.8020270826848843,,37.75338533561054,psi,,hardware
FI-PT,pressure,1185.049183473,1779490030.2967467,0.5258775384280132,,3.2346923035016517,psi,,hardware
WM-PT,pressure,1185.052774895,1779490030.3003383,0.3762895317422785,,-15.463808532215184,psi,,hardware
E-LC,thrust,1185.047606475,1779490030.2951698,0.078125,0.078125,0.0,N,,hardware
CC-PT,pressure,1185.056124523,1779490030.3036876,0.20428779176328085,,-36.964026029589895,psi,,hardware
LF-PT,pressure,1185.061542237,1779490030.3091054,0.4190487169085404,,-10.11891038643245,psi,,hardware
N-LC,thrust,1185.058102006,1779490030.3056653,0.078125,0.078125,0.0,N,,hardware
FT-PT,pressure,1185.065147399,1779490030.3127108,1.2542350595277618,,94.27938244097022,psi,,hardware
FM-PT,pressure,1185.067954127,1779490030.3155174,0.8020980122206225,,37.76225152757781,psi,,hardware
FI-PT,pressure,1185.07163032,1779490030.3191936,0.5263353021544579,,3.291912769307237,psi,,hardware
E-LC,thrust,1185.068162536,1779490030.3157258,0.078125,0.078125,0.0,N,,hardware
WM-PT,pressure,1185.076461824,1779490030.3240254,0.3766435833744506,,-15.419552078193677,psi,,hardware
CC-PT,pressure,1185.080576129,1779490030.3281395,0.2049333101431501,,-36.88333623210624,psi,,hardware
LF-PT,pressure,1185.087084548,1779490030.3346486,0.4190195106291188,,-10.12256117136015,psi,,hardware
N-LC,thrust,1185.079017666,1779490030.326581,0.078125,0.078125,0.0,N,,hardware
FT-PT,pressure,1185.091628687,1779490030.3391924,1.2534804646349507,,94.18505807936883,psi,,hardware
FM-PT,pressure,1185.095778248,1779490030.3433416,0.8021963598962258,,37.77454498702823,psi,,hardware
FI-PT,pressure,1185.099575801,1779490030.3471394,0.5266285570417115,,3.32856963021394,psi,,hardware
E-LC,thrust,1185.093195945,1779490030.3407593,0.078125,0.078125,0.0,N,,hardware
LF-PT,pressure,1185.103364392,1779490030.3509278,0.41918997993349794,,-10.101252508312758,psi,,hardware
WM-PT,pressure,1185.107575207,1779490030.3551385,0.3769594880294189,,-15.380063996322635,psi,,hardware
CC-PT,pressure,1185.111302415,1779490030.3588657,0.20561995573281713,,-36.79750553339786,psi,,hardware
N-LC,thrust,1185.104983461,1779490030.352547,0.078125,0.078125,0.0,N,,hardware
FT-PT,pressure,1185.115145538,1779490030.3627088,1.2525488439260535,,94.06860549075668,psi,,hardware
FM-PT,pressure,1185.119806297,1779490030.3673697,0.8022464278038057,,37.780803475475714,psi,,hardware
FI-PT,pressure,1185.123612275,1779490030.3711755,0.5270553263491782,,3.381915793647272,psi,,hardware
E-LC,thrust,1185.117145112,1779490030.3647084,0.078125,0.078125,0.0,N,,hardware
LF-PT,pressure,1185.127279784,1779490030.3748431,0.41936640970306516,,-10.079198787116855,psi,,hardware
WM-PT,pressure,1185.131519448,1779490030.3790827,0.37721399989295,,-15.348250013381248,psi,,hardware
CC-PT,pressure,1185.13707691,1779490030.384641,0.20610334945957057,,-36.73708131755368,psi,,hardware
N-LC,thrust,1185.128900889,1779490030.3764641,0.078125,0.078125,0.0,N,,hardware
FT-PT,pressure,1185.140772305,1779490030.388336,1.2517221274044665,,93.96526592555831,psi,,hardware
FM-PT,pressure,1185.144980824,1779490030.3925443,0.8022792103623402,,37.78490129529252,psi,,hardware
FI-PT,pressure,1185.148680349,1779490030.3962438,0.5273008975149271,,3.4126121893658934,psi,,hardware
E-LC,thrust,1185.14244674,1779490030.39001,0.078125,0.078125,0.0,N,,hardware
LF-PT,pressure,1185.152454645,1779490030.400018,0.4196602606368376,,-10.042467420395301,psi,,hardware
WM-PT,pressure,1185.156604187,1779490030.4041677,0.37764672966560475,,-15.294158791799406,psi,,hardware
N-LC,thrust,1185.154074509,1779490030.4016376,0.078125,0.078125,0.0,N,,hardware
CC-PT,pressure,1185.161426006,1779490030.4089894,0.20651044923191658,,-36.686193846010426,psi,,hardware
FT-PT,pressure,1185.164585817,1779490030.412149,1.2508703769290896,,93.8587971161362,psi,,hardware
FM-PT,pressure,1185.169624729,1779490030.4171882,0.802326298037326,,37.79078725466575,psi,,hardware
E-LC,thrust,1185.164174758,1779490030.4117384,0.078125,0.078125,0.0,N,,hardware
FI-PT,pressure,1185.173360417,1779490030.4209237,0.5277628335670035,,3.470354195875436,psi,,hardware
LF-PT,pressure,1185.177545142,1779490030.4251084,0.41984801529026217,,-10.018998088717229,psi,,hardware
WM-PT,pressure,1185.181288681,1779490030.428852,0.37804667687972504,,-15.24416539003437,psi,,hardware
CC-PT,pressure,1185.187043386,1779490030.4346075,0.20690980039951806,,-36.63627495006024,psi,,hardware
N-LC,thrust,1185.1759165,1779490030.4234798,0.078125,0.078125,0.0,N,,hardware
FT-PT,pressure,1185.189416761,1779490030.4369802,1.2499167024989966,,93.73958781237457,psi,,hardware
FM-PT,pressure,1185.194370959,1779490030.4419343,0.8024210694338165,,37.802633679227064,psi,,hardware
FI-PT,pressure,1185.198064169,1779490030.4456277,0.5280990038036113,,3.5123754754514125,psi,,hardware
E-LC,thrust,1185.190716505,1779490030.4382796,0.078125,0.078125,0.0,N,,hardware
LF-PT,pressure,1185.20179245,1779490030.4493558,0.41999881505952064,,-10.00014811755992,psi,,hardware
WM-PT,pressure,1185.2060283,1779490030.4535916,0.3783554289764677,,-15.20557137794154,psi,,hardware
CC-PT,pressure,1185.209680717,1779490030.457244,0.20743193714999403,,-36.571007856250745,psi,,hardware
N-LC,thrust,1185.203432406,1779490030.4509957,0.078125,0.078125,0.0,N,,hardware
FT-PT,pressure,1185.213340652,1779490030.460904,1.2489826976040241,,93.62283720050301,psi,,hardware
FM-PT,pressure,1185.21755867,1779490030.4651222,0.8023870947822445,,37.798386847780556,psi,,hardware
FI-PT,pressure,1185.221278304,1779490030.4688418,0.5283761654348571,,3.547020679357138,psi,,hardware
E-LC,thrust,1185.214960387,1779490030.4625237,0.078125,0.078125,0.0,N,,hardware
LF-PT,pressure,1185.224992938,1779490030.472556,0.42017464878256905,,-9.978168902178869,psi,,hardware
WM-PT,pressure,1185.229105317,1779490030.4766686,0.3786641810732104,,-15.166977365848696,psi,,hardware
CC-PT,pressure,1185.232779362,1779490030.4803429,0.20788314436473182,,-36.51460695440852,psi,,hardware
N-LC,thrust,1185.226541383,1779490030.4741046,0.078125,0.078125,0.0,N,,hardware
FT-PT,pressure,1185.23654177,1779490030.484105,1.248203068757423,,93.52538359467788,psi,,hardware
FM-PT,pressure,1185.240635576,1779490030.488199,0.8025825980404135,,37.82282475505169,psi,,hardware
FI-PT,pressure,1185.245666453,1779490030.4932306,0.5287326012531044,,3.5915751566380494,psi,,hardware
E-LC,thrust,1185.238145581,1779490030.4857087,0.078125,0.078125,0.0,N,,hardware
LF-PT,pressure,1185.249791775,1779490030.497355,0.42029981855151877,,-9.962522681060154,psi,,hardware
WM-PT,pressure,1185.254014311,1779490030.5015776,0.37887100921523686,,-15.141123848095392,psi,,hardware
CC-PT,pressure,1185.257689412,1779490030.5052526,0.2083188543699806,,-36.46014320375242,psi,,hardware
N-LC,thrust,1185.251421176,1779490030.4989843,0.078125,0.078125,0.0,N,,hardware
FT-PT,pressure,1185.261351939,1779490030.5089152,1.247187405489374,,93.39842568617173,psi,,hardware
FM-PT,pressure,1185.265581882,1779490030.513145,0.802646375017926,,37.83079687724075,psi,,hardware
FI-PT,pressure,1185.269683725,1779490030.517247,0.5290806924200884,,3.6350865525110465,psi,,hardware
E-LC,thrust,1185.262975155,1779490030.5105383,0.078125,0.078125,0.0,N,,hardware
LF-PT,pressure,1185.273435041,1779490030.5209982,0.42043810134388226,,-9.945237332014717,psi,,hardware
WM-PT,pressure,1185.277613303,1779490030.5251765,0.37919823875406256,,-15.10022015574218,psi,,hardware
N-LC,thrust,1185.275009021,1779490030.5225723,0.078125,0.078125,0.0,N,,hardware
CC-PT,pressure,1185.282462843,1779490030.5300262,0.2089262257726462,,-36.384221778419224,psi,,hardware
LF-PT,pressure,1185.28837533,1779490030.5359387,0.42051618343784614,,-9.935477070269233,psi,,hardware
FT-PT,pressure,1185.292928154,1779490030.5404918,1.2464185054801113,,93.30231318501392,psi,,hardware
E-LC,thrust,1185.287079235,1779490030.5346434,0.078125,0.078125,0.0,N,,hardware
FM-PT,pressure,1185.296624697,1779490030.5441883,0.8026576999017834,,37.83221248772292,psi,,hardware
FI-PT,pressure,1185.300725206,1779490030.5482886,0.5294198428892902,,3.6774803611612783,psi,,hardware
LF-PT,pressure,1185.304511446,1779490030.5520747,0.42062525995078803,,-9.921842506151496,psi,,hardware
N-LC,thrust,1185.299181058,1779490030.5467443,0.078125,0.078125,0.0,N,,hardware
WM-PT,pressure,1185.308018319,1779490030.5555818,0.37959103340995715,,-15.051120823755356,psi,,hardware
CC-PT,pressure,1185.312828788,1779490030.560392,0.20945015066267858,,-36.318731167165176,psi,,hardware
E-LC,thrust,1185.31027502,1779490030.5578384,0.078125,0.078125,0.0,N,,hardware
FT-PT,pressure,1185.316498278,1779490030.5640614,1.2456233794240212,,93.20292242800265,psi,,hardware
FM-PT,pressure,1185.320693242,1779490030.5682566,0.8028090957175607,,37.85113696469508,psi,,hardware
FI-PT,pressure,1185.325798186,1779490030.5733614,0.5298054849869591,,3.72568562336989,psi,,hardware
N-LC,thrust,1185.320320218,1779490030.5678835,0.078125,0.078125,0.0,N,,hardware
LF-PT,pressure,1185.329452326,1779490030.5770156,0.4208142066972502,,-9.898224162843722,psi,,hardware
WM-PT,pressure,1185.33363268,1779490030.581196,0.3798926329484741,,-15.013420881440739,psi,,hardware
CC-PT,pressure,1185.337360721,1779490030.5849242,0.20998182415745548,,-36.25227198031806,psi,,hardware
E-LC,thrust,1185.332030962,1779490030.5795941,0.078125,0.078125,0.0,N,,hardware
FT-PT,pressure,1185.341468804,1779490030.589032,1.244806199646735,,93.10077495584187,psi,,hardware
FM-PT,pressure,1185.345498208,1779490030.5930617,0.8027482989726422,,37.843537371580275,psi,,hardware
FI-PT,pressure,1185.347881583,1779490030.595445,0.5301976835963349,,3.7747104495418626,psi,,hardware
N-LC,thrust,1185.343008305,1779490030.5905714,0.078125,0.078125,0.0,N,,hardware
LF-PT,pressure,1185.353259171,1779490030.6008224,0.4210836197237515,,-9.86454753453106,psi,,hardware
WM-PT,pressure,1185.358991137,1779490030.6065555,0.38007263899715416,,-14.99092012535573,psi,,hardware
CC-PT,pressure,1185.361345755,1779490030.6089094,0.21048488741932958,,-36.1893890725838,psi,,hardware
FT-PT,pressure,1185.365292888,1779490030.6128564,1.2438626580074617,,92.9828322509327,psi,,hardware
E-LC,thrust,1185.355764276,1779490030.6033275,0.078125,0.078125,0.0,N,,hardware
FM-PT,pressure,1185.369138548,1779490030.6167016,0.8026821378090545,,37.83526722613181,psi,,hardware
FI-PT,pressure,1185.372460789,1779490030.6200242,0.5305034554604835,,3.812931932560437,psi,,hardware
N-LC,thrust,1185.370423052,1779490030.6179867,0.078125,0.078125,0.0,N,,hardware
LF-PT,pressure,1185.376849034,1779490030.6244123,0.4212636257724316,,-9.84204677844605,psi,,hardware
WM-PT,pressure,1185.381890576,1779490030.6294541,0.38043503528058953,,-14.945620589926309,psi,,hardware
CC-PT,pressure,1185.387038628,1779490030.634603,0.21100702416980555,,-36.124121978774305,psi,,hardware
E-LC,thrust,1185.380612201,1779490030.6281755,0.078125,0.078125,0.0,N,,hardware
LF-PT,pressure,1185.39257535,1779490030.6401389,0.42135422484329044,,-9.830721894588695,psi,,hardware
FT-PT,pressure,1185.396740947,1779490030.644304,1.243034749392837,,92.87934367410463,psi,,hardware
FM-PT,pressure,1185.400273319,1779490030.6478367,0.80287942920678,,37.8599286508475,psi,,hardware
N-LC,thrust,1185.395171837,1779490030.642735,0.078125,0.078125,0.0,N,,hardware
FI-PT,pressure,1185.404386049,1779490030.6519496,0.5309427417448451,,3.8678427181056407,psi,,hardware
LF-PT,pressure,1185.408512019,1779490030.6560752,0.421510985077737,,-9.811126865282876,psi,,hardware
E-LC,thrust,1185.405971158,1779490030.6535344,0.078125,0.078125,0.0,N,,hardware
WM-PT,pressure,1185.412126606,1779490030.65969,0.3808773017975452,,-14.89033727530685,psi,,hardware
CC-PT,pressure,1185.416403212,1779490030.6639664,0.21152200836205584,,-36.05974895474302,psi,,hardware
FT-PT,pressure,1185.421486325,1779490030.6690495,1.2421824028709414,,92.77280035886767,psi,,hardware
N-LC,thrust,1185.416025948,1779490030.6635892,0.078125,0.078125,0.0,N,,hardware
FM-PT,pressure,1185.425953304,1779490030.6735168,0.8029503587425182,,37.86879484281477,psi,,hardware
FI-PT,pressure,1185.430146102,1779490030.6777096,0.5311746038406615,,3.8968254800826885,psi,,hardware
LF-PT,pressure,1185.433872624,1779490030.6814358,0.42159502763688894,,-9.800621545388882,psi,,hardware
E-LC,thrust,1185.42756715,1779490030.6751304,0.078125,0.078125,0.0,N,,hardware
WM-PT,pressure,1185.437561334,1779490030.6851246,0.3811341978471515,,-14.85822526910606,psi,,hardware
CC-PT,pressure,1185.441805369,1779490030.6893687,0.21204533720556942,,-35.994332849303824,psi,,hardware
N-LC,thrust,1185.439214826,1779490030.686778,0.078125,0.078125,0.0,N,,hardware
FT-PT,pressure,1185.445494301,1779490030.6930575,1.2413926412335206,,92.67408015419007,psi,,hardware
FM-PT,pressure,1185.450451184,1779490030.6980145,0.802866912229885,,37.85836402873563,psi,,hardware
FI-PT,pressure,1185.452746844,1779490030.70031,0.5315733589617442,,3.9466698702180225,psi,,hardware
LF-PT,pressure,1185.457122941,1779490030.7046862,0.421728542057102,,-9.783932242862253,psi,,hardware
E-LC,thrust,1185.449220046,1779490030.6967833,0.078125,0.078125,0.0,N,,hardware
WM-PT,pressure,1185.460749768,1779490030.708313,0.38147752064198504,,-14.81530991975187,psi,,hardware
CC-PT,pressure,1185.464934622,1779490030.712498,0.2126336351196331,,-35.920795610045865,psi,,hardware
N-LC,thrust,1185.462355301,1779490030.7099185,0.078125,0.078125,0.0,N,,hardware
LF-PT,pressure,1185.471683188,1779490030.7192476,0.4217291381036208,,-9.783857737047402,psi,,hardware
FT-PT,pressure,1185.476112948,1779490030.7236762,1.240586786340092,,92.57334829251148,psi,,hardware
FM-PT,pressure,1185.480028065,1779490030.7275915,0.8028716806020355,,37.85896007525444,psi,,hardware
E-LC,thrust,1185.474913789,1779490030.722477,0.078125,0.078125,0.0,N,,hardware
FI-PT,pressure,1185.483702962,1779490030.7312663,0.532012049199587,,4.001506149948375,psi,,hardware
LF-PT,pressure,1185.491169672,1779490030.7387333,0.4219627883389936,,-9.754651457625801,psi,,hardware
FT-PT,pressure,1185.494921285,1779490030.7424848,1.2398768949361914,,92.48461186702392,psi,,hardware
N-LC,thrust,1185.487776659,1779490030.7353408,0.078125,0.078125,0.0,N,,hardware
WM-PT,pressure,1185.49863516,1779490030.7461984,0.382173702975953,,-14.728287128005876,psi,,hardware
CC-PT,pressure,1185.502677563,1779490030.7502415,0.21302166140337722,,-35.87229232457785,psi,,hardware
LF-PT,pressure,1185.506573626,1779490030.7541368,0.42188768647762376,,-9.76403919029703,psi,,hardware
FM-PT,pressure,1185.510408954,1779490030.7579722,0.8025521996679543,,37.81902495849429,psi,,hardware
E-LC,thrust,1185.500283689,1779490030.7478468,0.078125,0.078125,0.0,N,,hardware
FI-PT,pressure,1185.512701466,1779490030.7602646,0.5322957673425397,,4.036970917817461,psi,,hardware
FT-PT,pressure,1185.516690726,1779490030.764254,1.2391312407411623,,92.39140509264529,psi,,hardware
N-LC,thrust,1185.513963879,1779490030.761527,0.078125,0.078125,0.0,N,,hardware
WM-PT,pressure,1185.520420137,1779490030.767984,0.38303200996303677,,-14.620998754620404,psi,,hardware
CC-PT,pressure,1185.525414645,1779490030.7729778,0.213472868618115,,-35.815891422735625,psi,,hardware
LF-PT,pressure,1185.529311301,1779490030.7768745,0.42188709043110495,,-9.764113696111881,psi,,hardware
E-LC,thrust,1185.524138048,1779490030.7717016,0.078125,0.078125,0.0,N,,hardware
FM-PT,pressure,1185.533387035,1779490030.7809503,0.8022023203614139,,37.77529004517674,psi,,hardware
FI-PT,pressure,1185.537528208,1779490030.7850916,0.5328202882790909,,4.102536034886361,psi,,hardware
N-LC,thrust,1185.534932295,1779490030.7824955,0.078125,0.078125,0.0,N,,hardware
FT-PT,pressure,1185.542880076,1779490030.7904437,1.2384565160818715,,92.30706451023393,psi,,hardware
WM-PT,pressure,1185.547026822,1779490030.79459,0.3837424974134562,,-14.532187823317978,psi,,hardware
CC-PT,pressure,1185.550703645,1779490030.7982671,0.2139365928097478,,-35.75792589878152,psi,,hardware
E-LC,thrust,1185.545433251,1779490030.7929966,0.078125,0.078125,0.0,N,,hardware
LF-PT,pressure,1185.554758491,1779490030.802322,0.4217541720574107,,-9.780728492823659,psi,,hardware
FM-PT,pressure,1185.558263791,1779490030.8058274,0.8017505171001573,,37.718814637519664,psi,,hardware
FI-PT,pressure,1185.562113858,1779490030.8096771,0.5330175796768164,,4.1271974596020495,psi,,hardware
N-LC,thrust,1185.556287271,1779490030.8038507,0.078125,0.078125,0.0,N,,hardware
FT-PT,pressure,1185.564452959,1779490030.8120167,1.2379498765408845,,92.24373456761056,psi,,hardware
WM-PT,pressure,1185.570029475,1779490030.8175929,0.38438205532813735,,-14.45224308398283,psi,,hardware
LF-PT,pressure,1185.573677837,1779490030.8212411,0.42194609903646696,,-9.75673762044163,psi,,hardware
E-LC,thrust,1185.568467531,1779490030.8160312,0.078125,0.078125,0.0,N,,hardware
FM-PT,pressure,1185.578251436,1779490030.825815,0.8015949489587484,,37.69936861984355,psi,,hardware
CC-PT,pressure,1185.586135778,1779490030.8337,0.21452906304944314,,-35.683867118819606,psi,,hardware
LF-PT,pressure,1185.591354046,1779490030.838918,0.4218924548497742,,-9.763443143778222,psi,,hardware
N-LC,thrust,1185.579796585,1779490030.8273597,0.078125,0.078125,0.0,N,,hardware
FT-PT,pressure,1185.595227334,1779490030.8427908,1.2372501179278037,,92.15626474097546,psi,,hardware
FI-PT,pressure,1185.599204816,1779490030.8467681,0.5335885922418346,,4.198574030229329,psi,,hardware
E-LC,thrust,1185.596511504,1779490030.8440747,0.078125,0.078125,0.0,N,,hardware
WM-PT,pressure,1185.602941097,1779490030.8505044,0.38483385858939395,,-14.395767676325756,psi,,hardware
LF-PT,pressure,1185.607930439,1779490030.8554935,0.42200212740923493,,-9.749734073845634,psi,,hardware
FM-PT,pressure,1185.611921421,1779490030.8594847,0.8015043498878895,,37.68804373598619,psi,,hardware
N-LC,thrust,1185.606632159,1779490030.8541954,0.078125,0.078125,0.0,N,,hardware
CC-PT,pressure,1185.615634333,1779490030.8631978,0.21518650235968856,,-35.60168720503893,psi,,hardware
FT-PT,pressure,1185.619737583,1779490030.8673007,1.2363190932654253,,92.03988665817816,psi,,hardware
FI-PT,pressure,1185.623466734,1779490030.87103,0.5340594689916931,,4.257433623961637,psi,,hardware
E-LC,thrust,1185.618190157,1779490030.8657537,0.078125,0.078125,0.0,N,,hardware
WM-PT,pressure,1185.627113856,1779490030.874677,0.3852105599892807,,-14.34868000133991,psi,,hardware
LF-PT,pressure,1185.631210329,1779490030.8787735,0.42200212740923493,,-9.749734073845634,psi,,hardware
FM-PT,pressure,1185.634879392,1779490030.8824427,0.8010674477896031,,37.63343097370039,psi,,hardware
N-LC,thrust,1185.629654236,1779490030.8772175,0.078125,0.078125,0.0,N,,hardware
CC-PT,pressure,1185.638498924,1779490030.8860624,0.21585049818164087,,-35.51868772729489,psi,,hardware
FT-PT,pressure,1185.642630949,1779490030.8901944,1.235512046278959,,91.93900578486988,psi,,hardware
FI-PT,pressure,1185.64635436,1779490030.8939178,0.5346275013241173,,4.328437665514661,psi,,hardware
E-LC,thrust,1185.641052803,1779490030.888616,0.078125,0.078125,0.0,N,,hardware
WM-PT,pressure,1185.649879566,1779490030.897443,0.3855365974350688,,-14.3079253206164,psi,,hardware
LF-PT,pressure,1185.654227962,1779490030.9017913,0.4220200088047992,,-9.747498899400103,psi,,hardware
FM-PT,pressure,1185.658669183,1779490030.9062326,0.8006978989479421,,37.58723736849276,psi,,hardware
N-LC,thrust,1185.652174615,1779490030.8997378,0.078125,0.078125,0.0,N,,hardware
CC-PT,pressure,1185.662396076,1779490030.9099593,0.21649720865454777,,-35.43784891818152,psi,,hardware
FT-PT,pressure,1185.666612409,1779490030.9141757,1.2346936744086354,,91.83670930107942,psi,,hardware
FI-PT,pressure,1185.670306989,1779490030.9178703,0.5351305645859915,,4.391320573248938,psi,,hardware
E-LC,thrust,1185.663997905,1779490030.9115613,0.078125,0.078125,0.0,N,,hardware
WM-PT,pressure,1185.67403366,1779490030.921597,0.3859669430216483,,-14.254132122293962,psi,,hardware
LF-PT,pressure,1185.678258529,1779490030.9258218,0.4219842460136707,,-9.751969248291164,psi,,hardware
FM-PT,pressure,1185.681923038,1779490030.9294863,0.8003521919670333,,37.544023995879165,psi,,hardware
N-LC,thrust,1185.675634693,1779490030.923198,0.078125,0.078125,0.0,N,,hardware
CC-PT,pressure,1185.687314254,1779490030.934878,0.21717848982554552,,-35.352688771806804,psi,,hardware
FT-PT,pressure,1185.691851264,1779490030.9394145,1.2337423841646176,,91.71779802057719,psi,,hardware
FI-PT,pressure,1185.695575268,1779490030.9431386,0.535660449941212,,4.457556242651497,psi,,hardware
E-LC,thrust,1185.690265785,1779490030.9378295,0.078125,0.078125,0.0,N,,hardware
WM-PT,pressure,1185.701531882,1779490030.9490967,0.38643662767846915,,-14.195421540191356,psi,,hardware
LF-PT,pressure,1185.706853659,1779490030.9544172,0.4219717290367757,,-9.753533870403036,psi,,hardware
N-LC,thrust,1185.703177207,1779490030.9507408,0.078125,0.078125,0.0,N,,hardware
FT-PT,pressure,1185.71052102,1779490030.9580846,1.2332262078793297,,91.6532759849162,psi,,hardware
FM-PT,pressure,1185.714793441,1779490030.9623568,0.8006114722027149,,37.57643402533936,psi,,hardware
CC-PT,pressure,1185.718450284,1779490030.966014,0.21778347704213583,,-35.277065369733016,psi,,hardware
E-LC,thrust,1185.713214739,1779490030.9607785,0.078125,0.078125,0.0,N,,hardware
LF-PT,pressure,1185.722197619,1779490030.9697607,0.422036102060807,,-9.745487242399125,psi,,hardware
FI-PT,pressure,1185.726304183,1779490030.9738674,0.535893504130066,,4.486688016258247,psi,,hardware
WM-PT,pressure,1185.729980895,1779490030.9775445,0.3868866428001693,,-14.139169649978834,psi,,hardware
N-LC,thrust,1185.724757257,1779490030.9723206,0.078125,0.078125,0.0,N,,hardware
FT-PT,pressure,1185.734511127,1779490030.9820747,1.2324471750792474,,91.55589688490592,psi,,hardware
FM-PT,pressure,1185.738634135,1779490030.9861975,0.800691938482754,,37.58649231034425,psi,,hardware
E-LC,thrust,1185.736058257,1779490030.9836216,0.078125,0.078125,0.0,N,,hardware
CC-PT,pressure,1185.743438511,1779490030.9910018,0.21831813076950676,,-35.21023365381165,psi,,hardware
LF-PT,pressure,1185.746332696,1779490030.993896,0.42190914415230085,,-9.761356980962393,psi,,hardware
FI-PT,pressure,1185.749960689,1779490030.997524,0.5359817190148496,,4.4977148768561985,psi,,hardware
WM-PT,pressure,1185.753671527,1779490031.001235,0.38724725094404827,,-14.094093631993966,psi,,hardware
N-LC,thrust,1185.746100326,1779490030.9936638,0.078125,0.078125,0.0,N,,hardware
FT-PT,pressure,1185.757372663,1779490031.004936,1.2317670860012873,,91.4708857501609,psi,,hardware
FM-PT,pressure,1185.761559166,1779490031.0091226,0.8007503510415972,,37.59379388019965,psi,,hardware
CC-PT,pressure,1185.765230619,1779490031.0127938,0.21894397961425538,,-35.132002548218075,psi,,hardware
E-LC,thrust,1185.758949902,1779490031.006513,0.078125,0.078125,0.0,N,,hardware
LF-PT,pressure,1185.768962919,1779490031.016526,0.421890070663699,,-9.763741167037626,psi,,hardware
FI-PT,pressure,1185.773101334,1779490031.0206647,0.5361045045977241,,4.513063074715509,psi,,hardware
N-LC,thrust,1185.770508994,1779490031.0180724,0.078125,0.078125,0.0,N,,hardware
WM-PT,pressure,1185.776850336,1779490031.0244133,0.3876793846701842,,-14.040076916226974,psi,,hardware
FT-PT,pressure,1185.781800016,1779490031.0293632,1.2313057459957297,,91.41321824946621,psi,,hardware
FM-PT,pressure,1185.788440148,1779490031.0360045,0.800837969879862,,37.60474623498275,psi,,hardware
E-LC,thrust,1185.780513105,1779490031.0280762,0.078125,0.078125,0.0,N,,hardware
CC-PT,pressure,1185.792189392,1779490031.039753,0.219616320087471,,-35.04795998906612,psi,,hardware
LF-PT,pressure,1185.796447759,1779490031.0440114,0.4217744376390502,,-9.778195295118724,psi,,hardware
FI-PT,pressure,1185.800117583,1779490031.0476809,0.5362517280878697,,4.531466010983712,psi,,hardware
N-LC,thrust,1185.794766455,1779490031.0423298,0.078125,0.078125,0.0,N,,hardware
WM-PT,pressure,1185.80420926,1779490031.0517726,0.38800363397641585,,-13.999545752948018,psi,,hardware
FT-PT,pressure,1185.808290494,1779490031.055854,1.2305821455218966,,91.32276819023707,psi,,hardware
FM-PT,pressure,1185.814276051,1779490031.06184,0.8008492947637194,,37.60616184546492,psi,,hardware
E-LC,thrust,1185.805791795,1779490031.053355,0.078125,0.078125,0.0,N,,hardware
CC-PT,pressure,1185.818000185,1779490031.0655637,0.22023799660658794,,-34.970250424176506,psi,,hardware
LF-PT,pressure,1185.822288476,1779490031.0698519,0.42169754763812395,,-9.787806545234506,psi,,hardware
FI-PT,pressure,1185.825946931,1779490031.0735102,0.5363655729729621,,4.545696621620257,psi,,hardware
N-LC,thrust,1185.819657899,1779490031.0672212,0.078125,0.078125,0.0,N,,hardware
WM-PT,pressure,1185.829681397,1779490031.077245,0.3885412679363809,,-13.932341507952389,psi,,hardware
FT-PT,pressure,1185.833840051,1779490031.0814035,1.2297971522566262,,91.22464403207827,psi,,hardware
E-LC,thrust,1185.831239453,1779490031.0788026,0.078125,0.078125,0.0,N,,hardware
FM-PT,pressure,1185.837525262,1779490031.0850885,0.8008528710428322,,37.606608880354024,psi,,hardware
CC-PT,pressure,1185.842497478,1779490031.0900607,0.2207666898687708,,-34.90416376640365,psi,,hardware
LF-PT,pressure,1185.844789713,1779490031.0923529,0.42173986694095933,,-9.782516632380084,psi,,hardware
N-LC,thrust,1185.841238249,1779490031.0888016,0.078125,0.078125,0.0,N,,hardware
FI-PT,pressure,1185.850191855,1779490031.0977552,0.5364978953001375,,4.562236912517184,psi,,hardware
WM-PT,pressure,1185.854294643,1779490031.1018581,0.3888124691024386,,-13.898441362195173,psi,,hardware
FT-PT,pressure,1185.858060811,1779490031.1056244,1.229042557363815,,91.13031967047688,psi,,hardware
E-LC,thrust,1185.852721385,1779490031.1002846,0.078125,0.078125,0.0,N,,hardware
FM-PT,pressure,1185.861737819,1779490031.1093013,0.8010757924408665,,37.634474055108306,psi,,hardware
CC-PT,pressure,1185.867219918,1779490031.1147835,0.2213531996432781,,-34.830850044590235,psi,,hardware
N-LC,thrust,1185.863726172,1779490031.1112893,0.078125,0.078125,0.0,N,,hardware
LF-PT,pressure,1185.870874928,1779490031.1184387,0.42164688368402525,,-9.794139539496843,psi,,hardware
FI-PT,pressure,1185.874149063,1779490031.1217124,0.5366612120462909,,4.582651505786364,psi,,hardware
WM-PT,pressure,1185.879214548,1779490031.126778,0.38910810817576746,,-13.861486478029066,psi,,hardware
E-LC,thrust,1185.873774187,1779490031.1213377,0.078125,0.078125,0.0,N,,hardware
FT-PT,pressure,1185.882926017,1779490031.1304893,1.2283582959602233,,91.0447869950279,psi,,hardware
FM-PT,pressure,1185.890254906,1779490031.1378183,0.8009327412763525,,37.61659265954406,psi,,hardware
CC-PT,pressure,1185.892629338,1779490031.1401927,0.22191229127792017,,-34.760963590259976,psi,,hardware
LF-PT,pressure,1185.896475258,1779490031.1440387,0.42155330438057237,,-9.805836952428454,psi,,hardware
N-LC,thrust,1185.888231834,1779490031.135796,0.078125,0.078125,0.0,N,,hardware
FI-PT,pressure,1185.900049368,1779490031.1476126,0.5368954583281825,,4.611932291022816,psi,,hardware
WM-PT,pressure,1185.904246185,1779490031.1518095,0.38972024795058346,,-13.784969006177066,psi,,hardware
E-LC,thrust,1185.901640068,1779490031.1492035,0.078125,0.078125,0.0,N,,hardware
FT-PT,pressure,1185.90905334,1779490031.156617,1.2276573452541049,,90.9571681567631,psi,,hardware
FM-PT,pressure,1185.913296875,1779490031.16086,0.8009607554627365,,37.62009443284206,psi,,hardware
CC-PT,pressure,1185.916970087,1779490031.1645336,0.22246363430781774,,-34.69204571152278,psi,,hardware
LF-PT,pressure,1185.91946225,1779490031.1670253,0.42144899623978094,,-9.818875470027383,psi,,hardware
N-LC,thrust,1185.911670307,1779490031.1592336,0.078125,0.078125,0.0,N,,hardware
FI-PT,pressure,1185.925054006,1779490031.1726182,0.5370313569344708,,4.628919616808849,psi,,hardware
WM-PT,pressure,1185.929268878,1779490031.1768322,0.39007012725712387,,-13.741234092859516,psi,,hardware
FT-PT,pressure,1185.932971458,1779490031.1805348,1.2268437417559317,,90.85546771949146,psi,,hardware
E-LC,thrust,1185.926706702,1779490031.17427,0.078125,0.078125,0.0,N,,hardware
FM-PT,pressure,1185.936694814,1779490031.1842582,0.8010698319756784,,37.633728996959796,psi,,hardware
CC-PT,pressure,1185.940831007,1779490031.1883943,0.22312286175761958,,-34.60964228029755,psi,,hardware
LF-PT,pressure,1185.944225261,1779490031.1917899,0.4214388634489612,,-9.82014206887985,psi,,hardware
FI-PT,pressure,1185.948078903,1779490031.1956425,0.5370259925158015,,4.62824906447519,psi,,hardware
N-LC,thrust,1185.938252573,1779490031.1858158,0.078125,0.078125,0.0,N,,hardware
WM-PT,pressure,1185.950398895,1779490031.1979623,0.3903288114462866,,-13.708898569214172,psi,,hardware
FT-PT,pressure,1185.953784594,1779490031.201348,1.2260676891884434,,90.75846114855543,psi,,hardware
FM-PT,pressure,1185.958321327,1779490031.2058847,0.801045990114926,,37.630748764365755,psi,,hardware
E-LC,thrust,1185.951670548,1779490031.1992338,0.078125,0.078125,0.0,N,,hardware
LF-PT,pressure,1185.962464575,1779490031.210028,0.42176370880171166,,-9.779536399786043,psi,,hardware
FI-PT,pressure,1185.966711628,1779490031.214275,0.5372012301923311,,4.6501537740413905,psi,,hardware
CC-PT,pressure,1185.970392488,1779490031.2179558,0.22359433455399688,,-34.550708180750384,psi,,hardware
N-LC,thrust,1185.964140694,1779490031.211704,0.078125,0.078125,0.0,N,,hardware
FT-PT,pressure,1185.974131584,1779490031.221695,1.2253333598772715,,90.66666998465894,psi,,hardware
FM-PT,pressure,1185.978383045,1779490031.2259464,0.8010769845339041,,37.63462306673801,psi,,hardware
WM-PT,pressure,1185.982062238,1779490031.2296257,0.3910130728498784,,-13.623365893765198,psi,,hardware
E-LC,thrust,1185.975780947,1779490031.223344,0.078125,0.078125,0.0,N,,hardware
LF-PT,pressure,1185.987964043,1779490031.2355282,0.42174999973177907,,-9.781250033527616,psi,,hardware
FI-PT,pressure,1185.992929184,1779490031.2404926,0.5373711034501915,,4.671387931273932,psi,,hardware
CC-PT,pressure,1185.996630895,1779490031.2441943,0.2241057424671343,,-34.48678219160821,psi,,hardware
N-LC,thrust,1185.990327401,1779490031.2378907,0.078125,0.078125,0.0,N,,hardware
FT-PT,pressure,1186.00043393,1779490031.2479975,1.224586513589205,,90.5733141986506,psi,,hardware
FM-PT,pressure,1186.004874782,1779490031.2524383,0.8012367250009447,,37.65459062511808,psi,,hardware
E-LC,thrust,1186.00226524,1779490031.2498288,0.078125,0.078125,0.0,N,,hardware
WM-PT,pressure,1186.009688288,1779490031.2572517,0.39159779448482923,,-13.550275689396345,psi,,hardware
LF-PT,pressure,1186.013877161,1779490031.2614403,0.4217899348485392,,-9.776258143932598,psi,,hardware
FI-PT,pressure,1186.017604795,1779490031.2651682,0.5374521657767494,,4.681520722093671,psi,,hardware
N-LC,thrust,1186.012281665,1779490031.2598448,0.078125,0.078125,0.0,N,,hardware
CC-PT,pressure,1186.021153055,1779490031.2687166,0.22463383968279835,,-34.4207700396502,psi,,hardware
FT-PT,pressure,1186.025985245,1779490031.2735486,1.2237454919511666,,90.46818649389581,psi,,hardware
E-LC,thrust,1186.023414126,1779490031.2709773,0.078125,0.078125,0.0,N,,hardware
FM-PT,pressure,1186.029724322,1779490031.2772877,0.8014155389565871,,37.67694236957339,psi,,hardware
WM-PT,pressure,1186.036429671,1779490031.2839932,0.0,,-62.5,psi,,hardware
N-LC,thrust,1186.035449031,1779490031.2830133,0.078125,0.078125,0.0,N,,hardware
LF-PT,pressure,1186.041989819,1779490031.2895532,0.42193715833868484,,-9.757855207664395,psi,,hardware
FT-PT,pressure,1186.04761848,1779490031.2951818,1.2230093745004385,,90.3761718125548,psi,,hardware
FI-PT,pressure,1186.05130858,1779490031.298872,0.5380225822952488,,4.7528227869060995,psi,,hardware
E-LC,thrust,1186.046025835,1779490031.2935894,0.078125,0.078125,0.0,N,,hardware
CC-PT,pressure,1186.055397813,1779490031.3029613,0.22502961457128698,,-34.37129817858912,psi,,hardware
LF-PT,pressure,1186.058879375,1779490031.3064427,0.4219407346177977,,-9.757408172775289,psi,,hardware
N-LC,thrust,1186.056946258,1779490031.3045096,0.078125,0.078125,0.0,N,,hardware
FM-PT,pressure,1186.063234753,1779490031.3107982,0.8010829449990922,,37.63536812488652,psi,,hardware
WM-PT,pressure,1186.067361279,1779490031.3149245,0.39272253426582027,,-13.409683216772466,psi,,hardware
FT-PT,pressure,1186.072489926,1779490031.3200533,1.2222613361193342,,90.28266701491677,psi,,hardware
E-LC,thrust,1186.067022992,1779490031.3145862,0.078125,0.078125,0.0,N,,hardware
FI-PT,pressure,1186.076203413,1779490031.3237667,0.5385429309061683,,4.817866363271042,psi,,hardware
CC-PT,pressure,1186.08037725,1779490031.3279407,0.22556426829865792,,-34.304466462667754,psi,,hardware
LF-PT,pressure,1186.08640597,1779490031.33397,0.4218525197330141,,-9.76843503337324,psi,,hardware
N-LC,thrust,1186.078730628,1779490031.3262937,0.078125,0.078125,0.0,N,,hardware
FT-PT,pressure,1186.090907502,1779490031.3384714,1.2215371395989822,,90.19214244987278,psi,,hardware
FM-PT,pressure,1186.095072822,1779490031.342636,0.8011139394180702,,37.63924242725877,psi,,hardware
WM-PT,pressure,1186.0988074,1779490031.3463705,0.3932017556669421,,-13.349780541632237,psi,,hardware
E-LC,thrust,1186.092466872,1779490031.3400302,0.078125,0.078125,0.0,N,,hardware
LF-PT,pressure,1186.102567624,1779490031.350131,0.42190020345451873,,-9.762474568185159,psi,,hardware
FI-PT,pressure,1186.106624452,1779490031.3541877,0.5387092278849158,,4.838653485614477,psi,,hardware
N-LC,thrust,1186.10414651,1779490031.3517098,0.078125,0.078125,0.0,N,,hardware
CC-PT,pressure,1186.111488269,1779490031.3590515,0.22619786574815104,,-34.22526678148112,psi,,hardware
FT-PT,pressure,1186.115755302,1779490031.3633184,1.2207318807520724,,90.09148509400904,psi,,hardware
FM-PT,pressure,1186.120217764,1779490031.3677812,0.8012182475588616,,37.6522809448577,psi,,hardware
E-LC,thrust,1186.114172471,1779490031.3617356,0.078125,0.078125,0.0,N,,hardware
WM-PT,pressure,1186.123934158,1779490031.3714976,0.39363388939307803,,-13.295763825865246,psi,,hardware
LF-PT,pressure,1186.128200691,1779490031.375764,0.421977093455445,,-9.752863318069377,psi,,hardware
FI-PT,pressure,1186.131913327,1779490031.3794765,0.5388123439326696,,4.851542991583704,psi,,hardware
N-LC,thrust,1186.125588409,1779490031.3731518,0.078125,0.078125,0.0,N,,hardware
CC-PT,pressure,1186.135630221,1779490031.3831935,0.226660993893265,,-34.16737576334187,psi,,hardware
FT-PT,pressure,1186.139947879,1779490031.387511,1.2199212574864933,,89.99015718581165,psi,,hardware
FM-PT,pressure,1186.143762895,1779490031.3913264,0.801335072676548,,37.6668840845685,psi,,hardware
E-LC,thrust,1186.13726764,1779490031.384831,0.078125,0.078125,0.0,N,,hardware
WM-PT,pressure,1186.149400055,1779490031.3969643,0.39412443567805716,,-13.234445540242854,psi,,hardware
LF-PT,pressure,1186.153645757,1779490031.401209,0.4219252374083087,,-9.759345323961416,psi,,hardware
FI-PT,pressure,1186.157422201,1779490031.4049854,0.5389577792832588,,4.869722410407354,psi,,hardware
N-LC,thrust,1186.15107123,1779490031.3986344,0.078125,0.078125,0.0,N,,hardware
CC-PT,pressure,1186.161156779,1779490031.40872,0.22718432273677858,,-34.101959657902675,psi,,hardware
FT-PT,pressure,1186.165395944,1779490031.4129593,1.2190903686392747,,89.88629607990933,psi,,hardware
E-LC,thrust,1186.16277007,1779490031.4103334,0.078125,0.078125,0.0,N,,hardware
FM-PT,pressure,1186.169126245,1779490031.4166894,0.8013487817464806,,37.668597718310075,psi,,hardware
WM-PT,pressure,1186.174133031,1779490031.4216962,0.39469962056870705,,-13.162547428911617,psi,,hardware
LF-PT,pressure,1186.178385862,1779490031.425949,0.42187934182636044,,-9.765082271704944,psi,,hardware
N-LC,thrust,1186.172891005,1779490031.4204545,0.078125,0.078125,0.0,N,,hardware
FI-PT,pressure,1186.182083776,1779490031.4296472,0.5392373251005799,,4.904665637572483,psi,,hardware
CC-PT,pressure,1186.188456745,1779490031.4360209,0.2275425466945823,,-34.05718166317721,psi,,hardware
LF-PT,pressure,1186.192101201,1779490031.4396644,0.4219353701991284,,-9.758078725108948,psi,,hardware
E-LC,thrust,1186.186258502,1779490031.4338224,0.078125,0.078125,0.0,N,,hardware
FT-PT,pressure,1186.195787708,1779490031.4433513,1.218458559329338,,89.80731991616724,psi,,hardware
FM-PT,pressure,1186.200459226,1779490031.4480226,0.8013571263977439,,37.66964079971799,psi,,hardware
WM-PT,pressure,1186.204116218,1779490031.4516795,0.39514367522521915,,-13.107040596847606,psi,,hardware
N-LC,thrust,1186.198209025,1779490031.445773,0.078125,0.078125,0.0,N,,hardware
LF-PT,pressure,1186.207857647,1779490031.455421,0.42206053996807813,,-9.742432503990234,psi,,hardware
FI-PT,pressure,1186.212120699,1779490031.459684,0.5393815683581314,,4.922696044766431,psi,,hardware
CC-PT,pressure,1186.215794578,1779490031.463358,0.2280169997235536,,-33.9978750345558,psi,,hardware
E-LC,thrust,1186.210458782,1779490031.4580219,0.078125,0.078125,0.0,N,,hardware
FT-PT,pressure,1186.219488845,1779490031.4670525,1.2177200576925347,,89.71500721156683,psi,,hardware
FM-PT,pressure,1186.223634166,1779490031.4711974,0.8013249398857283,,37.665617485716034,psi,,hardware
WM-PT,pressure,1186.227370855,1779490031.4749343,0.39556746430009176,,-13.054066962488529,psi,,hardware
N-LC,thrust,1186.222098053,1779490031.4696615,0.078125,0.078125,0.0,N,,hardware
LF-PT,pressure,1186.231448867,1779490031.4790123,0.42212908531774107,,-9.733864335282366,psi,,hardware
FI-PT,pressure,1186.23560078,1779490031.483164,0.5395061420805624,,4.938267760070294,psi,,hardware
CC-PT,pressure,1186.239293787,1779490031.4868572,0.22843840461235104,,-33.94519942345612,psi,,hardware
E-LC,thrust,1186.233000848,1779490031.4805639,0.078125,0.078125,0.0,N,,hardware
FT-PT,pressure,1186.242912171,1779490031.490476,1.216914202799106,,89.61427534988825,psi,,hardware
FM-PT,pressure,1186.246393158,1779490031.4939563,0.8014024259331733,,37.67530324164667,psi,,hardware
WM-PT,pressure,1186.250715835,1779490031.498279,0.396051454073364,,-12.993568240829498,psi,,hardware
N-LC,thrust,1186.244435618,1779490031.4919987,0.078125,0.078125,0.0,N,,hardware
LF-PT,pressure,1186.25436205,1779490031.5019255,0.4221874978765843,,-9.726562765426966,psi,,hardware
FI-PT,pressure,1186.260707021,1779490031.5082717,0.5396491932450763,,4.95614915563454,psi,,hardware
CC-PT,pressure,1186.264522055,1779490031.5120854,0.22881212577964377,,-33.898484277544526,psi,,hardware
E-LC,thrust,1186.256021116,1779490031.5035841,0.078125,0.078125,0.0,N,,hardware
FT-PT,pressure,1186.268246412,1779490031.5158095,1.2161047716265645,,89.51309645332056,psi,,hardware
FM-PT,pressure,1186.272225969,1779490031.5197892,0.8012987138389007,,37.66233922986259,psi,,hardware
WM-PT,pressure,1186.274600308,1779490031.5221636,0.396561073846945,,-12.929865769131874,psi,,hardware
N-LC,thrust,1186.269797912,1779490031.5173612,0.078125,0.078125,0.0,N,,hardware
LF-PT,pressure,1186.279730659,1779490031.5272942,0.4222697522961798,,-9.716280962977525,psi,,hardware
FI-PT,pressure,1186.285988563,1779490031.5335526,0.5397844958048458,,4.973061975605722,psi,,hardware
CC-PT,pressure,1186.290954946,1779490031.5385194,0.22934081904182663,,-33.83239761977167,psi,,hardware
E-LC,thrust,1186.282334368,1779490031.5298977,0.078125,0.078125,0.0,N,,hardware
FT-PT,pressure,1186.294731501,1779490031.5422952,1.2154675978979586,,89.43344973724481,psi,,hardware
FM-PT,pressure,1186.298917319,1779490031.5464807,0.8012206317449369,,37.652578968117105,psi,,hardware
WM-PT,pressure,1186.302612641,1779490031.550176,0.39706175292274387,,-12.867280884657015,psi,,hardware
N-LC,thrust,1186.296312444,1779490031.5438762,0.078125,0.078125,0.0,N,,hardware
LF-PT,pressure,1186.30633009,1779490031.5538933,0.42246704369390536,,-9.691619538261829,psi,,hardware
FI-PT,pressure,1186.31054985,1779490031.558113,0.5399692702256763,,4.996158778209539,psi,,hardware
E-LC,thrust,1186.307967121,1779490031.5555303,0.078125,0.078125,0.0,N,,hardware
CC-PT,pressure,1186.315351635,1779490031.562915,0.22969963904614915,,-33.78754511923135,psi,,hardware
FT-PT,pressure,1186.31952838,1779490031.5670917,1.2147135990516662,,89.33919988145827,psi,,hardware
N-LC,thrust,1186.318012487,1779490031.5655756,0.078125,0.078125,0.0,N,,hardware
FM-PT,pressure,1186.323610206,1779490031.5711737,0.8012313605822754,,37.65392007278442,psi,,hardware
WM-PT,pressure,1186.327690089,1779490031.5752535,0.39754037827734684,,-12.807452715331644,psi,,hardware
LF-PT,pressure,1186.331427092,1779490031.5789907,0.42254631788090685,,-9.681710264886643,psi,,hardware
E-LC,thrust,1186.327956492,1779490031.5755198,0.078125,0.078125,0.0,N,,hardware
FI-PT,pressure,1186.336242635,1779490031.583806,0.5401892113911165,,5.023651423889566,psi,,hardware
CC-PT,pressure,1186.340384957,1779490031.5879483,0.23018899323809067,,-33.726375845238664,psi,,hardware
FT-PT,pressure,1186.344125608,1779490031.5916886,1.2138868825300793,,89.2358603162599,psi,,hardware
N-LC,thrust,1186.338774424,1779490031.5863376,0.078125,0.078125,0.0,N,,hardware
FM-PT,pressure,1186.347807357,1779490031.5953708,0.8012897731411186,,37.66122164263982,psi,,hardware
WM-PT,pressure,1186.352480116,1779490031.6000435,0.3979868171199342,,-12.751647860008223,psi,,hardware
LF-PT,pressure,1186.356149847,1779490031.603713,0.4225802925324789,,-9.677463433440135,psi,,hardware
E-LC,thrust,1186.350209379,1779490031.5977728,0.078125,0.078125,0.0,N,,hardware
FI-PT,pressure,1186.359840465,1779490031.6074038,0.5402386832521776,,5.029835406522201,psi,,hardware
CC-PT,pressure,1186.36403819,1779490031.6116014,0.2305841720800605,,-33.676978489992436,psi,,hardware
FT-PT,pressure,1186.367788988,1779490031.6153524,1.2130685106597556,,89.13356383246945,psi,,hardware
N-LC,thrust,1186.362401956,1779490031.609965,0.078125,0.078125,0.0,N,,hardware
FM-PT,pressure,1186.371425611,1779490031.6189892,0.8012945415132691,,37.66181768915863,psi,,hardware
WM-PT,pressure,1186.377566359,1779490031.6251297,0.3984368322416344,,-12.695395969795701,psi,,hardware
LF-PT,pressure,1186.381360987,1779490031.6289241,0.4227030781153534,,-9.662115235580824,psi,,hardware
E-LC,thrust,1186.375965085,1779490031.623529,0.078125,0.078125,0.0,N,,hardware
FI-PT,pressure,1186.388078242,1779490031.6356425,0.5404967713948216,,5.062096424352694,psi,,hardware
CC-PT,pressure,1186.392303353,1779490031.6398666,0.230940011851789,,-33.63249851852637,psi,,hardware
FT-PT,pressure,1186.396051133,1779490031.6436145,1.212523724141565,,89.06546551769561,psi,,hardware
N-LC,thrust,1186.389726772,1779490031.63729,0.078125,0.078125,0.0,N,,hardware
FM-PT,pressure,1186.399716754,1779490031.6472802,0.8013046743040888,,37.6630842880111,psi,,hardware
WM-PT,pressure,1186.403919089,1779490031.6514826,0.3988665817816951,,-12.641677277288114,psi,,hardware
E-LC,thrust,1186.401323602,1779490031.6488872,0.078125,0.078125,0.0,N,,hardware
LF-PT,pressure,1186.40764276,1779490031.655206,0.422850301605499,,-9.643712299312622,psi,,hardware
FI-PT,pressure,1186.412615994,1779490031.6601791,0.5406708169783135,,5.083852122289192,psi,,hardware
CC-PT,pressure,1186.417294845,1779490031.6648583,0.23140313999690296,,-33.574607500387124,psi,,hardware
N-LC,thrust,1186.41133149,1779490031.6588948,0.078125,0.078125,0.0,N,,hardware
FT-PT,pressure,1186.420950596,1779490031.6685138,1.2117542280857836,,88.96927851072294,psi,,hardware
FM-PT,pressure,1186.425123822,1779490031.672687,0.8013618947698944,,37.6702368462368,psi,,hardware
WM-PT,pressure,1186.429168652,1779490031.676732,0.3993124245777636,,-12.585946927779549,psi,,hardware
E-LC,thrust,1186.422544741,1779490031.6701078,0.078125,0.078125,0.0,N,,hardware
LF-PT,pressure,1186.432879713,1779490031.6804428,0.4228693750941009,,-9.641328113237389,psi,,hardware
FI-PT,pressure,1186.43705281,1779490031.684616,0.5407202888393746,,5.090036104921827,psi,,hardware
CC-PT,pressure,1186.44085653,1779490031.6884198,0.2318299093043696,,-33.52126133695379,psi,,hardware
N-LC,thrust,1186.43451628,1779490031.6820796,0.078125,0.078125,0.0,N,,hardware
FT-PT,pressure,1186.444515058,1779490031.6920784,1.2110950006359817,,88.88687507949771,psi,,hardware
FM-PT,pressure,1186.448636474,1779490031.6962,0.8012504340708773,,37.656304258859656,psi,,hardware
E-LC,thrust,1186.446119091,1779490031.6936824,0.078125,0.078125,0.0,N,,hardware
WM-PT,pressure,1186.452362497,1779490031.6999257,0.3997767448159152,,-12.527906898010603,psi,,hardware
LF-PT,pressure,1186.456557333,1779490031.7041206,0.422847321372905,,-9.644084828386877,psi,,hardware
FI-PT,pressure,1186.461634539,1779490031.709198,0.5408615518643322,,5.10769398304152,psi,,hardware
N-LC,thrust,1186.456169069,1779490031.7037325,0.078125,0.078125,0.0,N,,hardware
CC-PT,pressure,1186.465334509,1779490031.7128978,0.23228648093777668,,-33.46418988277791,psi,,hardware
FT-PT,pressure,1186.469568489,1779490031.7171319,1.2103153717893806,,88.78942147367258,psi,,hardware
FM-PT,pressure,1186.473314696,1779490031.7208781,0.8011753322095074,,37.64691652618843,psi,,hardware
E-LC,thrust,1186.467898925,1779490031.7154622,0.078125,0.078125,0.0,N,,hardware
WM-PT,pressure,1186.476959929,1779490031.7245233,0.40024642947273603,,-12.469196315907997,psi,,hardware
LF-PT,pressure,1186.48109414,1779490031.7286575,0.42314415253927146,,-9.606980932591068,psi,,hardware
FI-PT,pressure,1186.488929784,1779490031.736494,0.540893142329829,,5.111642791228624,psi,,hardware
CC-PT,pressure,1186.491364136,1779490031.7389276,0.23268285187278412,,-33.41464351590198,psi,,hardware
N-LC,thrust,1186.479513661,1779490031.7270768,0.078125,0.078125,0.0,N,,hardware
FT-PT,pressure,1186.495498348,1779490031.7430618,1.20956554526872,,88.69569315858999,psi,,hardware
FM-PT,pressure,1186.499730513,1779490031.747294,0.8011687756978005,,37.646096962225066,psi,,hardware
WM-PT,pressure,1186.503436001,1779490031.7509992,0.4007554531997982,,-12.405568350025224,psi,,hardware
E-LC,thrust,1186.497163838,1779490031.7447271,0.078125,0.078125,0.0,N,,hardware
LF-PT,pressure,1186.507524957,1779490031.7550883,0.4231620339348357,,-9.604745758145537,psi,,hardware
FI-PT,pressure,1186.511067087,1779490031.7586305,0.5410600353550953,,5.13250441938691,psi,,hardware
N-LC,thrust,1186.509131471,1779490031.7566948,0.078125,0.078125,0.0,N,,hardware
CC-PT,pressure,1186.515423391,1779490031.7629867,0.2331322709479655,,-33.35846613150431,psi,,hardware
FT-PT,pressure,1186.519622189,1779490031.7671854,1.2089426766565654,,88.61783458207067,psi,,hardware
FM-PT,pressure,1186.524733208,1779490031.7722967,0.8011801005816579,,37.647512572707235,psi,,hardware
E-LC,thrust,1186.519185578,1779490031.766749,0.078125,0.078125,0.0,N,,hardware
WM-PT,pressure,1186.528452417,1779490031.7760155,0.40113811506487307,,-12.357735616890867,psi,,hardware
LF-PT,pressure,1186.532755447,1779490031.7803187,0.4231840876560316,,-9.601989042996049,psi,,hardware
FI-PT,pressure,1186.536905675,1779490031.784469,0.5412156034965042,,5.151950437063027,psi,,hardware
CC-PT,pressure,1186.540686027,1779490031.7882493,0.0,,-62.5,psi,,hardware
N-LC,thrust,1186.53045362,1779490031.7780168,0.078125,0.078125,0.0,N,,hardware
FT-PT,pressure,1186.543552862,1779490031.7911162,1.2081868896707166,,88.52336120883957,psi,,hardware
FM-PT,pressure,1186.549046571,1779490031.79661,0.8010966540690247,,37.63708175862809,psi,,hardware
E-LC,thrust,1186.544548409,1779490031.7921116,0.078125,0.078125,0.0,N,,hardware
WM-PT,pressure,1186.552770779,1779490031.8003345,0.40163939018719075,,-12.295076226601157,psi,,hardware
LF-PT,pressure,1186.556879863,1779490031.8044431,0.4231608418417981,,-9.604894769775239,psi,,hardware
FI-PT,pressure,1186.560511394,1779490031.8080747,0.5413258721024837,,5.165734012810466,psi,,hardware
N-LC,thrust,1186.555310753,1779490031.802874,0.078125,0.078125,0.0,N,,hardware
CC-PT,pressure,1186.564213993,1779490031.8117776,0.23400071072586903,,-33.24991115926637,psi,,hardware
FT-PT,pressure,1186.568326891,1779490031.8158906,1.2074263343127174,,88.42829178908967,psi,,hardware
FM-PT,pressure,1186.572116353,1779490031.8196797,0.801114535464589,,37.63931693307362,psi,,hardware
E-LC,thrust,1186.566776223,1779490031.8143396,0.078125,0.078125,0.0,N,,hardware
WM-PT,pressure,1186.575734755,1779490031.823298,0.40211443926268087,,-12.235695092164892,psi,,hardware
LF-PT,pressure,1186.580277876,1779490031.827841,0.42310600556206773,,-9.611749304741533,psi,,hardware
N-LC,thrust,1186.57828582,1779490031.825849,0.078125,0.078125,0.0,N,,hardware
FI-PT,pressure,1186.58578538,1779490031.8333495,0.5414730955926293,,5.184136949078669,psi,,hardware
CC-PT,pressure,1186.592276728,1779490031.8398402,0.2344066184051774,,-33.19917269935282,psi,,hardware
LF-PT,pressure,1186.595767938,1779490031.8433313,0.42341356556577275,,-9.573304304278405,psi,,hardware
E-LC,thrust,1186.590686787,1779490031.8382506,0.078125,0.078125,0.0,N,,hardware
FT-PT,pressure,1186.60013874,1779490031.847702,1.2068749912828198,,88.35937391035247,psi,,hardware
FM-PT,pressure,1186.606269637,1779490031.8538332,0.8012254001170873,,37.65317501463591,psi,,hardware
N-LC,thrust,1186.603682815,1779490031.8512468,0.078125,0.078125,0.0,N,,hardware
WM-PT,pressure,1186.611093549,1779490031.858657,0.40260736973373523,,-12.174078783283097,psi,,hardware
LF-PT,pressure,1186.615245278,1779490031.8628085,0.42360966487046064,,-9.548791891192419,psi,,hardware
FI-PT,pressure,1186.618997521,1779490031.8665607,0.5415094544302766,,5.188681803784581,psi,,hardware
E-LC,thrust,1186.613667094,1779490031.8612304,0.078125,0.078125,0.0,N,,hardware
CC-PT,pressure,1186.622495729,1779490031.8700593,0.23485246120124592,,-33.14344234984426,psi,,hardware
FT-PT,pressure,1186.627322771,1779490031.874886,1.2061639077858817,,88.2704884732352,psi,,hardware
N-LC,thrust,1186.624772391,1779490031.872336,0.078125,0.078125,0.0,N,,hardware
FM-PT,pressure,1186.632144851,1779490031.879708,0.8011276484880028,,37.640956061000345,psi,,hardware
WM-PT,pressure,1186.63633765,1779490031.883901,0.4031128171816847,,-12.110897852289416,psi,,hardware
LF-PT,pressure,1186.640455677,1779490031.8880188,0.42342012207747964,,-9.572484740315044,psi,,hardware
E-LC,thrust,1186.634817776,1779490031.882381,0.078125,0.078125,0.0,N,,hardware
FI-PT,pressure,1186.644087726,1779490031.8916512,0.5417240311770476,,5.215503897130949,psi,,hardware
CC-PT,pressure,1186.648303283,1779490031.8958666,0.2352518123688474,,-33.09352345389407,psi,,hardware
N-LC,thrust,1186.64572059,1779490031.8932838,0.078125,0.078125,0.0,N,,hardware
FT-PT,pressure,1186.653084977,1779490031.900648,1.2053812987066863,,88.17266233833578,psi,,hardware
FM-PT,pressure,1186.655943998,1779490031.9035072,0.8010906936038367,,37.63633670047958,psi,,hardware
WM-PT,pressure,1186.660202995,1779490031.9077666,0.4035151485818802,,-12.060606427264975,psi,,hardware
LF-PT,pressure,1186.663843654,1779490031.9114068,0.4235178737065642,,-9.560265786679476,psi,,hardware
E-LC,thrust,1186.655770623,1779490031.903334,0.078125,0.078125,0.0,N,,hardware
FI-PT,pressure,1186.667582195,1779490031.9151456,0.5418521811785914,,5.231522647323919,psi,,hardware
CC-PT,pressure,1186.671777771,1779490031.919341,0.23579361865444406,,-33.02579766819449,psi,,hardware
FT-PT,pressure,1186.675614007,1779490031.9231777,1.2046296840464692,,88.07871050580864,psi,,hardware
N-LC,thrust,1186.669213188,1779490031.9167767,0.078125,0.078125,0.0,N,,hardware
FM-PT,pressure,1186.679297256,1779490031.9268608,0.8011562587209056,,37.644532340113194,psi,,hardware
WM-PT,pressure,1186.683486314,1779490031.9310498,0.40398602533173866,,-12.001746833532668,psi,,hardware
E-LC,thrust,1186.680909269,1779490031.9284725,0.078125,0.078125,0.0,N,,hardware
LF-PT,pressure,1186.69092138,1779490031.9384856,0.4234821109154357,,-9.564736135570538,psi,,hardware
FT-PT,pressure,1186.69515412,1779490031.9427178,1.2039442305498398,,87.99302881872997,psi,,hardware
FI-PT,pressure,1186.698888494,1779490031.946452,0.542325442114525,,5.290680264315631,psi,,hardware
N-LC,thrust,1186.693591694,1779490031.9411547,0.078125,0.078125,0.0,N,,hardware
CC-PT,pressure,1186.702630386,1779490031.9501936,0.2361309809840895,,-32.983627376988814,psi,,hardware
LF-PT,pressure,1186.706893345,1779490031.9544566,0.4234844951015109,,-9.564438112311134,psi,,hardware
E-LC,thrust,1186.705228521,1779490031.9527917,0.078125,0.078125,0.0,N,,hardware
FM-PT,pressure,1186.710633423,1779490031.9581966,0.8012289763962002,,37.65362204952502,psi,,hardware
WM-PT,pressure,1186.717438763,1779490031.9650023,0.40442829184869433,,-11.946463518913209,psi,,hardware
LF-PT,pressure,1186.720794354,1779490031.9683578,0.42349224370625543,,-9.56346953671807,psi,,hardware
FT-PT,pressure,1186.724492601,1779490031.972056,1.203356528682295,,87.91956608528686,psi,,hardware
N-LC,thrust,1186.716493842,1779490031.964058,0.078125,0.078125,0.0,N,,hardware
FI-PT,pressure,1186.728286507,1779490031.9758499,0.5429590395640181,,5.369879945502268,psi,,hardware
CC-PT,pressure,1186.732472103,1779490031.9800353,0.2365678830823759,,-32.929014614703014,psi,,hardware
E-LC,thrust,1186.729890337,1779490031.9774535,0.078125,0.078125,0.0,N,,hardware
LF-PT,pressure,1186.737287831,1779490031.9848511,0.4233515767278167,,-9.581052909022912,psi,,hardware
FM-PT,pressure,1186.740535875,1779490031.9880993,0.8009166480203447,,37.61458100254308,psi,,hardware
WM-PT,pressure,1186.745652468,1779490031.993216,0.4048282390628146,,-11.896470117148173,psi,,hardware
N-LC,thrust,1186.739934148,1779490031.9874976,0.078125,0.078125,0.0,N,,hardware
FT-PT,pressure,1186.749331346,1779490031.9968944,1.2028200868153676,,87.85251085192094,psi,,hardware
FI-PT,pressure,1186.753564308,1779490032.0011277,0.5434585265467794,,5.4323158183474245,psi,,hardware
CC-PT,pressure,1186.757288017,1779490032.0048513,0.23706796611165595,,-32.866504236043006,psi,,hardware
E-LC,thrust,1186.751274647,1779490031.9988377,0.078125,0.078125,0.0,N,,hardware
LF-PT,pressure,1186.761420803,1779490032.008984,0.4232717064942964,,-9.591036688212949,psi,,hardware
FM-PT,pressure,1186.76547617,1779490032.0130394,0.800412392665433,,37.55154908317912,psi,,hardware
WM-PT,pressure,1186.769204212,1779490032.0167675,0.4052848106962217,,-11.83939866297229,psi,,hardware
N-LC,thrust,1186.762969452,1779490032.0105326,0.078125,0.078125,0.0,N,,hardware
FT-PT,pressure,1186.772936475,1779490032.0204997,1.2021429779700015,,87.76787224625018,psi,,hardware
FI-PT,pressure,1186.777155717,1779490032.024719,0.5440045051580077,,5.500563144750961,psi,,hardware
CC-PT,pressure,1186.780846522,1779490032.02841,0.23754301518714607,,-32.80712310160674,psi,,hardware
E-LC,thrust,1186.774557989,1779490032.0221212,0.078125,0.078125,0.0,N,,hardware
LF-PT,pressure,1186.786825784,1779490032.03439,0.4231679944000238,,-9.604000699997027,psi,,hardware
FM-PT,pressure,1186.790242963,1779490032.0378063,0.80002377033517,,37.50297129189625,psi,,hardware
WM-PT,pressure,1186.794609803,1779490032.0421731,0.4057443625622228,,-11.781954679722151,psi,,hardware
N-LC,thrust,1186.78815721,1779490032.0357206,0.078125,0.078125,0.0,N,,hardware
FT-PT,pressure,1186.798321699,1779490032.0458848,1.2015248777299974,,87.69060971624967,psi,,hardware
FI-PT,pressure,1186.802480834,1779490032.050044,0.5444271021398427,,5.553387767480336,psi,,hardware
E-LC,thrust,1186.799960859,1779490032.0475242,0.078125,0.078125,0.0,N,,hardware
CC-PT,pressure,1186.8061966,1779490032.0537598,0.2380448863559826,,-32.74438920550217,psi,,hardware
LF-PT,pressure,1186.810384622,1779490032.0579479,0.4231048134690301,,-9.611898316371235,psi,,hardware
FM-PT,pressure,1186.81562739,1779490032.063191,0.7994962691660248,,37.4370336457531,psi,,hardware
N-LC,thrust,1186.810004116,1779490032.0575671,0.078125,0.078125,0.0,N,,hardware
WM-PT,pressure,1186.819262921,1779490032.0668266,0.4061741121022835,,-11.728235987214564,psi,,hardware
FT-PT,pressure,1186.823447406,1779490032.0710108,1.2011738063304194,,87.64672579130242,psi,,hardware
E-LC,thrust,1186.82182219,1779490032.0693855,0.078125,0.078125,0.0,N,,hardware
FI-PT,pressure,1186.830210455,1779490032.0777748,0.544982617495372,,5.622827186921503,psi,,hardware
CC-PT,pressure,1186.834441511,1779490032.0820048,0.2384823845007878,,-32.68970193740152,psi,,hardware
LF-PT,pressure,1186.838181737,1779490032.0857449,0.42294090067635787,,-9.632387415455266,psi,,hardware
N-LC,thrust,1186.832835626,1779490032.0803988,0.078125,0.078125,0.0,N,,hardware
FM-PT,pressure,1186.841908483,1779490032.089472,0.7992840766053291,,37.41050957566613,psi,,hardware
WM-PT,pressure,1186.848080636,1779490032.095644,0.4066420086195479,,-11.669748922556511,psi,,hardware
E-LC,thrust,1186.843906724,1779490032.0914698,0.078125,0.078125,0.0,N,,hardware
LF-PT,pressure,1186.852186351,1779490032.0997496,0.42305593765448785,,-9.618007793189019,psi,,hardware
FT-PT,pressure,1186.855845195,1779490032.1034083,1.2006117344631833,,87.5764668078979,psi,,hardware
FI-PT,pressure,1186.859565867,1779490032.1071293,0.5454695875012383,,5.6836984376547885,psi,,hardware
N-LC,thrust,1186.854000163,1779490032.1015635,0.078125,0.078125,0.0,N,,hardware
CC-PT,pressure,1186.863657675,1779490032.1112213,0.23892167078514942,,-32.63479115185632,psi,,hardware
LF-PT,pressure,1186.867837198,1779490032.1154006,0.42301361835165247,,-9.623297706043441,psi,,hardware
E-LC,thrust,1186.86523721,1779490032.1128006,0.078125,0.078125,0.0,N,,hardware
FM-PT,pressure,1186.872670629,1779490032.1202343,0.7987237928776494,,37.34047410970617,psi,,hardware
WM-PT,pressure,1186.875510449,1779490032.1230738,0.40695970141407267,,-11.630037323240916,psi,,hardware
FT-PT,pressure,1186.87848909,1779490032.1260524,1.199966216083314,,87.49577701041424,psi,,hardware
FI-PT,pressure,1186.882598211,1779490032.1301618,0.5460894758807988,,5.761184485099852,psi,,hardware
N-LC,thrust,1186.875276265,1779490032.1228395,0.078125,0.078125,0.0,N,,hardware
CC-PT,pressure,1186.887563002,1779490032.1351273,0.23935857288343582,,-32.58017838957052,psi,,hardware
LF-PT,pressure,1186.893006883,1779490032.1405706,0.4229146746295303,,-9.635665671308711,psi,,hardware
FT-PT,pressure,1186.896706928,1779490032.1442704,1.199170493980705,,87.39631174758813,psi,,hardware
E-LC,thrust,1186.890996958,1779490032.1385608,0.078125,0.078125,0.0,N,,hardware
FM-PT,pressure,1186.900364531,1779490032.1479278,0.7988978384611414,,37.36222980764267,psi,,hardware
WM-PT,pressure,1186.904542406,1779490032.1521058,0.4074287900243747,,-11.571401246953162,psi,,hardware
LF-PT,pressure,1186.908285632,1779490032.155849,0.42301123416557723,,-9.623595729302846,psi,,hardware
N-LC,thrust,1186.902922726,1779490032.150486,0.078125,0.078125,0.0,N,,hardware
FI-PT,pressure,1186.911981732,1779490032.1595452,0.5462825949528927,,5.785324369111583,psi,,hardware
CC-PT,pressure,1186.916052634,1779490032.163616,0.23970129963175052,,-32.53733754603118,psi,,hardware
FT-PT,pressure,1186.919795712,1779490032.1673589,1.1985070942052716,,87.31338677565894,psi,,hardware
E-LC,thrust,1186.914512003,1779490032.162075,0.078125,0.078125,0.0,N,,hardware
FM-PT,pressure,1186.923445538,1779490032.1710088,0.7988054512507261,,37.35068140634076,psi,,hardware
WM-PT,pressure,1186.927544901,1779490032.1751082,0.407897282588158,,-11.512839676480251,psi,,hardware
LF-PT,pressure,1186.931239501,1779490032.1788027,0.42298321997919325,,-9.627097502600844,psi,,hardware
N-LC,thrust,1186.92599903,1779490032.1735623,0.078125,0.078125,0.0,N,,hardware
FI-PT,pressure,1186.934939749,1779490032.1825035,0.5465102847230774,,5.813785590384674,psi,,hardware
CC-PT,pressure,1186.941091275,1779490032.1886551,0.24014833452085665,,-32.481458184892915,psi,,hardware
LF-PT,pressure,1186.945313683,1779490032.1928778,0.4231471327718655,,-9.606608403516812,psi,,hardware
E-LC,thrust,1186.938828963,1779490032.1863933,0.078125,0.078125,0.0,N,,hardware
FT-PT,pressure,1186.949079111,1779490032.1966426,1.1979646918731561,,87.24558648414451,psi,,hardware
FM-PT,pressure,1186.953223452,1779490032.2007868,0.7987786291573797,,37.347328644672466,psi,,hardware
WM-PT,pressure,1186.956842169,1779490032.2044055,0.40830199817442875,,-11.462250228196407,psi,,hardware
N-LC,thrust,1186.950706476,1779490032.1982696,0.078125,0.078125,0.0,N,,hardware
LF-PT,pressure,1186.960588654,1779490032.208152,0.42315786160920404,,-9.605267298849494,psi,,hardware
FI-PT,pressure,1186.964767048,1779490032.2123303,0.5465943272822293,,5.824290910278668,psi,,hardware
CC-PT,pressure,1186.968842746,1779490032.2164063,0.24053099638593156,,-32.43362545175855,psi,,hardware
E-LC,thrust,1186.962166264,1779490032.2097294,0.078125,0.078125,0.0,N,,hardware
FT-PT,pressure,1186.972593175,1779490032.2201564,1.197272085818301,,87.15901072728762,psi,,hardware
FM-PT,pressure,1186.976745682,1779490032.224309,0.7988078354368013,,37.350979429600166,psi,,hardware
WM-PT,pressure,1186.980421876,1779490032.2279854,0.40884976492521347,,-11.393779384348317,psi,,hardware
N-LC,thrust,1186.974169322,1779490032.2217326,0.078125,0.078125,0.0,N,,hardware
LF-PT,pressure,1186.986074554,1779490032.2336388,0.4231095818411806,,-9.611302269852427,psi,,hardware
FI-PT,pressure,1186.992035781,1779490032.2395995,0.546698039376502,,5.837254922062746,psi,,hardware
E-LC,thrust,1186.987519138,1779490032.235083,0.078125,0.078125,0.0,N,,hardware
CC-PT,pressure,1186.995813597,1779490032.243377,0.2408695508086146,,-32.39130614892317,psi,,hardware
FT-PT,pressure,1186.999717642,1779490032.2472808,1.1965055699951137,,87.06319624938921,psi,,hardware
FM-PT,pressure,1187.003624577,1779490032.251188,0.7988048552042073,,37.35060690052591,psi,,hardware
N-LC,thrust,1186.99776799,1779490032.2453313,0.078125,0.078125,0.0,N,,hardware
WM-PT,pressure,1187.0074937,1779490032.255057,0.40951912516583505,,-11.310109354270619,psi,,hardware
LF-PT,pressure,1187.0117629,1779490032.2593262,0.4232001809120394,,-9.599977385995071,psi,,hardware
FI-PT,pressure,1187.015413726,1779490032.2629771,0.5467749293774282,,5.846866172178528,psi,,hardware
E-LC,thrust,1187.009478127,1779490032.2570415,0.078125,0.078125,0.0,N,,hardware
CC-PT,pressure,1187.019083847,1779490032.2666473,0.24123731151071925,,-32.34533606116009,psi,,hardware
FT-PT,pressure,1187.023375213,1779490032.2709386,1.1957724327769794,,86.97155409712242,psi,,hardware
FM-PT,pressure,1187.027068517,1779490032.274632,0.7987255810172058,,37.340697627150725,psi,,hardware
N-LC,thrust,1187.02108307,1779490032.2686465,0.078125,0.078125,0.0,N,,hardware
WM-PT,pressure,1187.030699511,1779490032.2782629,0.4100335133115665,,-11.245810836054186,psi,,hardware
LF-PT,pressure,1187.034850666,1779490032.2824137,0.4231751469582495,,-9.603106630218814,psi,,hardware
FI-PT,pressure,1187.038579653,1779490032.286143,0.5469120200767541,,5.864002509594263,psi,,hardware
E-LC,thrust,1187.033269798,1779490032.280833,0.078125,0.078125,0.0,N,,hardware
CC-PT,pressure,1187.042695051,1779490032.2902584,0.24170341988842725,,-32.28707251394659,psi,,hardware
FT-PT,pressure,1187.047470488,1779490032.2950342,1.195040487651883,,86.88006095648537,psi,,hardware
FM-PT,pressure,1187.051289559,1779490032.2988539,0.798709487761198,,37.33868597014975,psi,,hardware
WM-PT,pressure,1187.054414522,1779490032.301978,0.4102951777333233,,-11.213102783334588,psi,,hardware
LF-PT,pressure,1187.056953273,1779490032.3045166,0.4230762032361273,,-9.615474595484084,psi,,hardware
FI-PT,pressure,1187.060049683,1779490032.3076131,0.5469275172862431,,5.8659396607803895,psi,,hardware
FT-PT,pressure,1187.062504942,1779490032.3100684,1.1943884127603068,,86.79855159503835,psi,,hardware
CC-PT,pressure,1187.065543189,1779490032.3131068,0.24240973501321494,,-32.19878312334813,psi,,hardware
FM-PT,pressure,1187.068642394,1779490032.3162055,0.7980377433345012,,37.254717916812645,psi,,hardware
WM-PT,pressure,1187.071693678,1779490032.3192568,0.4107833398322272,,-11.1520825209716,psi,,hardware
LF-PT,pressure,1187.074793957,1779490032.3223572,0.4230434206775929,,-9.61957241530089,psi,,hardware
FI-PT,pressure,1187.077906865,1779490032.3254702,0.5469966586824249,,5.874582335303108,psi,,hardware
FT-PT,pressure,1187.080372493,1779490032.3279357,1.193772696706378,,86.72158708829724,psi,,hardware
CC-PT,pressure,1187.083430795,1779490032.3309941,0.24312022246363432,,-32.10997219204571,psi,,hardware
LF-PT,pressure,1187.089405354,1779490032.3369696,0.42300586974690796,,-9.624266281636505,psi,,hardware
FM-PT,pressure,1187.092572887,1779490032.3401363,0.7975835558871693,,37.197944485896166,psi,,hardware
WM-PT,pressure,1187.095039404,1779490032.3426027,0.4111189140223162,,-11.110135747210474,psi,,hardware
FT-PT,pressure,1187.098157293,1779490032.3457205,1.1932898990261434,,86.66123737826791,psi,,hardware
FI-PT,pressure,1187.100593831,1779490032.3481572,0.547384684966169,,5.923085620771124,psi,,hardware
LF-PT,pressure,1187.103607155,1779490032.3511705,0.4231679944000238,,-9.604000699997027,psi,,hardware
CC-PT,pressure,1187.106767114,1779490032.3543303,0.24335327665248832,,-32.08084041843896,psi,,hardware
FM-PT,pressure,1187.109863079,1779490032.3574264,0.7968998905300964,,37.11248631626204,psi,,hardware
WM-PT,pressure,1187.112389202,1779490032.3599527,0.4115027679804287,,-11.062154002446416,psi,,hardware
FT-PT,pressure,1187.115456058,1779490032.3630192,1.1925096741330234,,86.56370926662792,psi,,hardware
FI-PT,pressure,1187.118537376,1779490032.3661008,0.54780430171541,,5.975537714426244,psi,,hardware
LF-PT,pressure,1187.122033641,1779490032.369597,0.4231191185854815,,-9.61011017681481,psi,,hardware
CC-PT,pressure,1187.125113885,1779490032.372677,0.24363759084195982,,-32.04530114475502,psi,,hardware
FM-PT,pressure,1187.128171779,1779490032.375735,0.7961828465679701,,37.02285582099626,psi,,hardware
WM-PT,pressure,1187.130640204,1779490032.3782034,0.4119271531018201,,-11.009105862272488,psi,,hardware
FT-PT,pressure,1187.133746279,1779490032.3813095,1.191799782729123,,86.47497284114036,psi,,hardware
FI-PT,pressure,1187.136249237,1779490032.3838127,0.5481875596270036,,6.023444953375451,psi,,hardware
LF-PT,pressure,1187.138728624,1779490032.3862917,0.4231346157949705,,-9.608173025628684,psi,,hardware
CC-PT,pressure,1187.141762224,1779490032.3893256,0.24394097852003319,,-32.00737768499585,psi,,hardware
FM-PT,pressure,1187.144829524,1779490032.3923926,0.7954950088852654,,36.93687611065817,psi,,hardware
WM-PT,pressure,1187.14726847,1779490032.394832,0.41224484589634486,,-10.969394262956893,psi,,hardware
FT-PT,pressure,1187.150332141,1779490032.3978953,1.191165589233111,,86.39569865413887,psi,,hardware
FI-PT,pressure,1187.153410533,1779490032.4009738,0.5486405549812978,,6.080069372662228,psi,,hardware
LF-PT,pressure,1187.155859996,1779490032.4034233,0.423226406958867,,-9.596699130141626,psi,,hardware
CC-PT,pressure,1187.158882911,1779490032.406446,0.2441978745696395,,-31.975265678795065,psi,,hardware
FM-PT,pressure,1187.161340837,1779490032.4089038,0.794971083995233,,36.87138549940412,psi,,hardware
WM-PT,pressure,1187.164396009,1779490032.4119594,0.4125816121794715,,-10.927298477566065,psi,,hardware
FT-PT,pressure,1187.166856601,1779490032.4144197,1.190332912246336,,86.29161403079199,psi,,hardware
FI-PT,pressure,1187.169364781,1779490032.4169283,0.548916524519506,,6.1145655649382515,psi,,hardware
LF-PT,pressure,1187.172401066,1779490032.4199643,0.4233515767278167,,-9.581052909022912,psi,,hardware
CC-PT,pressure,1187.175510603,1779490032.4230738,0.24449828201511883,,-31.93771474811015,psi,,hardware
FM-PT,pressure,1187.178564387,1779490032.426128,0.7944316618957116,,36.803957736963945,psi,,hardware
WM-PT,pressure,1187.181651223,1779490032.4292145,0.4130250707894648,,-10.871866151316897,psi,,hardware
LF-PT,pressure,1187.186725708,1779490032.43429,0.4233068732389061,,-9.586640845136738,psi,,hardware
FT-PT,pressure,1187.189902351,1779490032.437466,1.1896128880516157,,86.20161100645196,psi,,hardware
FI-PT,pressure,1187.192955968,1779490032.440519,0.5494642912702908,,6.1830364087863545,psi,,hardware
FM-PT,pressure,1187.196440715,1779490032.4440043,0.7941759579391429,,36.771994742392856,psi,,hardware
CC-PT,pressure,1187.199528496,1779490032.4470918,0.24496319829978921,,-31.879600212526352,psi,,hardware
LF-PT,pressure,1187.202051564,1779490032.4496148,0.4231989888190018,,-9.600126397624773,psi,,hardware
WM-PT,pressure,1187.205134641,1779490032.4526978,0.4134619728877512,,-10.817253389031098,psi,,hardware
FT-PT,pressure,1187.209639896,1779490032.4572043,1.188947104090107,,86.11838801126336,psi,,hardware
FM-PT,pressure,1187.21274773,1779490032.460311,0.7940782063100583,,36.75977578875729,psi,,hardware
FI-PT,pressure,1187.215193008,1779490032.4627564,0.549690788947438,,6.211348618429743,psi,,hardware
LF-PT,pressure,1187.21824157,1779490032.4658048,0.42342012207747964,,-9.572484740315044,psi,,hardware
CC-PT,pressure,1187.221436656,1779490032.4690003,0.2451300913250555,,-31.858738584368066,psi,,hardware
FT-PT,pressure,1187.224525122,1779490032.4720883,1.1880184636138038,,86.00230795172547,psi,,hardware
WM-PT,pressure,1187.226971511,1779490032.474535,0.4139870898708212,,-10.751613766147347,psi,,hardware
FM-PT,pressure,1187.230003796,1779490032.477567,0.7934803716516937,,36.68504645646171,psi,,hardware
FI-PT,pressure,1187.232506551,1779490032.4800699,0.5498815238334566,,6.23519047918207,psi,,hardware
LF-PT,pressure,1187.235538725,1779490032.4831023,0.42351489347397014,,-9.560638315753732,psi,,hardware
CC-PT,pressure,1187.238618191,1779490032.4861817,0.24555328435340934,,-31.805839455823833,psi,,hardware
FT-PT,pressure,1187.241771262,1779490032.4893346,1.1873854622108295,,85.92318277635368,psi,,hardware
WM-PT,pressure,1187.244858783,1779490032.492422,0.4145616787149523,,-10.679790160630962,psi,,hardware
FM-PT,pressure,1187.247881476,1779490032.4954448,0.7930917493214308,,36.636468665178846,psi,,hardware
FI-PT,pressure,1187.250893893,1779490032.4984572,0.5500907361615582,,6.261342020194779,psi,,hardware
LF-PT,pressure,1187.253347892,1779490032.500911,0.42345052044993886,,-9.568684943757642,psi,,hardware
CC-PT,pressure,1187.256477243,1779490032.5040405,0.24583700249636203,,-31.770374687954746,psi,,hardware
FT-PT,pressure,1187.259573801,1779490032.507137,1.1865021212699558,,85.81276515874447,psi,,hardware
WM-PT,pressure,1187.262039429,1779490032.5096028,0.41527753058404093,,-10.590308676994884,psi,,hardware
FM-PT,pressure,1187.265083454,1779490032.5126467,0.7926506748975127,,36.58133436218909,psi,,hardware
FI-PT,pressure,1187.268188085,1779490032.5157514,0.5503827989557742,,6.29784986947178,psi,,hardware
LF-PT,pressure,1187.271620059,1779490032.5191836,0.4233748225420502,,-9.578147182243722,psi,,hardware
CC-PT,pressure,1187.27409689,1779490032.52166,0.24610164715071287,,-31.737294106160892,psi,,hardware
FT-PT,pressure,1187.27719528,1779490032.5247586,1.1856199724221197,,85.70249655276496,psi,,hardware
WM-PT,pressure,1187.280247045,1779490032.5278103,0.4157865543111031,,-10.52668071111211,psi,,hardware
FM-PT,pressure,1187.283344121,1779490032.5309074,0.7921416511704505,,36.517706396306316,psi,,hardware
FI-PT,pressure,1187.288080116,1779490032.5356438,0.5506480396566439,,6.331004957080485,psi,,hardware
LF-PT,pressure,1187.291223485,1779490032.5387866,0.4234153537053292,,-9.573080786833852,psi,,hardware
FT-PT,pressure,1187.293691242,1779490032.5412548,1.1849589568327614,,85.61986960409517,psi,,hardware
CC-PT,pressure,1187.29672149,1779490032.5442846,0.2466869648321825,,-31.664129395977188,psi,,hardware
FM-PT,pressure,1187.299247873,1779490032.546811,0.7915992488383351,,36.449906104791886,psi,,hardware
WM-PT,pressure,1187.302292009,1779490032.5498552,0.41627710059608225,,-10.465362425489719,psi,,hardware
LF-PT,pressure,1187.305387752,1779490032.552951,0.4233450202161098,,-9.581872472986273,psi,,hardware
FI-PT,pressure,1187.307848343,1779490032.5554113,0.5505878389582443,,6.323479869780532,psi,,hardware
FT-PT,pressure,1187.310362375,1779490032.5579257,1.1843259554297871,,85.54074442872339,psi,,hardware
CC-PT,pressure,1187.313400271,1779490032.5609636,0.2473861273987445,,-31.57673407515694,psi,,hardware
FM-PT,pressure,1187.316501513,1779490032.5640647,0.7909960497613012,,36.37450622016265,psi,,hardware
WM-PT,pressure,1187.319555074,1779490032.5671184,0.416607310367502,,-10.424086204062252,psi,,hardware
LF-PT,pressure,1187.321995575,1779490032.5695589,0.4233664778907869,,-9.579190263651636,psi,,hardware
FI-PT,pressure,1187.325096965,1779490032.5726604,0.5506152570981094,,6.326907137263679,psi,,hardware
FT-PT,pressure,1187.328193559,1779490032.5757568,1.1837191800736404,,85.46489750920504,psi,,hardware
CC-PT,pressure,1187.330650152,1779490032.5782135,0.2480447588020276,,-31.49440514974655,psi,,hardware
FM-PT,pressure,1187.333705212,1779490032.5812685,0.790440534405772,,36.3050668007215,psi,,hardware
WM-PT,pressure,1187.336833638,1779490032.5843968,0.41697030269745616,,-10.37871216281798,psi,,hardware
LF-PT,pressure,1187.339952156,1779490032.5875154,0.4233241585879515,,-9.584480176506059,psi,,hardware
FI-PT,pressure,1187.343048658,1779490032.590612,0.5507493675648413,,6.343670945605159,psi,,hardware
FT-PT,pressure,1187.346533757,1779490032.5940971,1.183067701228583,,85.38346265357288,psi,,hardware
CC-PT,pressure,1187.349612075,1779490032.5971754,0.2487743197410488,,-31.4032100323689,psi,,hardware
FM-PT,pressure,1187.352634509,1779490032.6001976,0.7898391234682945,,36.229890433536816,psi,,hardware
WM-PT,pressure,1187.355675071,1779490032.6032383,0.417396475958404,,-10.325440505199499,psi,,hardware
LF-PT,pressure,1187.358783091,1779490032.6063461,0.42331164161105655,,-9.58604479861793,psi,,hardware
FI-PT,pressure,1187.361833652,1779490032.609397,0.5508626164034148,,6.357827050426853,psi,,hardware
FT-PT,pressure,1187.366813164,1779490032.6143775,1.1825014570357153,,85.3126821294644,psi,,hardware
FM-PT,pressure,1187.36993509,1779490032.6174986,0.789828394630956,,36.2285493288695,psi,,hardware
CC-PT,pressure,1187.372409736,1779490032.6199732,0.24915936579219888,,-31.35507927597514,psi,,hardware
LF-PT,pressure,1187.375508811,1779490032.623072,0.42324488440095004,,-9.594389449881245,psi,,hardware
WM-PT,pressure,1187.377943942,1779490032.625507,0.4175854227048663,,-10.30182216189171,psi,,hardware
FT-PT,pressure,1187.380973857,1779490032.6285372,1.1817653395849872,,85.2206674481234,psi,,hardware
FI-PT,pressure,1187.383468687,1779490032.631032,0.5512244166403314,,6.403052080041424,psi,,hardware
LF-PT,pressure,1187.389131198,1779490032.6366954,0.42335396091389194,,-9.580754885763508,psi,,hardware
FM-PT,pressure,1187.392207164,1779490032.6397705,0.789272283228908,,36.159035403613494,psi,,hardware
CC-PT,pressure,1187.395266002,1779490032.6428294,0.249547392075943,,-31.306575990507124,psi,,hardware
FT-PT,pressure,1187.39834108,1779490032.6459043,1.1811937309734502,,85.14921637168126,psi,,hardware
WM-PT,pressure,1187.400840169,1779490032.6484034,0.4180425903847922,,-10.244676201900976,psi,,hardware
LF-PT,pressure,1187.403310204,1779490032.6508734,0.4234403876591191,,-9.56995154261011,psi,,hardware
FI-PT,pressure,1187.405778295,1779490032.6533418,0.5511803091979396,,6.397538649742448,psi,,hardware
FM-PT,pressure,1187.408302771,1779490032.655866,0.7888902174103519,,36.11127717629399,psi,,hardware
FT-PT,pressure,1187.411361646,1779490032.6589248,1.180616161896725,,85.07702023709062,psi,,hardware
CC-PT,pressure,1187.41442178,1779490032.6619854,0.25023522975864765,,-31.220596280169044,psi,,hardware
LF-PT,pressure,1187.416857615,1779490032.6644208,0.42322402277279175,,-9.59699715340103,psi,,hardware
WM-PT,pressure,1187.419331224,1779490032.6668947,0.41829591015528567,,-10.213011230589292,psi,,hardware
FM-PT,pressure,1187.422811768,1779490032.6703749,0.7884032474044856,,36.0504059255607,psi,,hardware
FI-PT,pressure,1187.425322597,1779490032.6728857,0.55144018548014,,6.430023185017494,psi,,hardware
FT-PT,pressure,1187.427811927,1779490032.6753752,1.1800558781690453,,85.00698477113066,psi,,hardware
CC-PT,pressure,1187.430846082,1779490032.6784096,0.25084856162650127,,-31.143929796687342,psi,,hardware
LF-PT,pressure,1187.433911068,1779490032.6814742,0.4232186583541225,,-9.59766770573469,psi,,hardware
WM-PT,pressure,1187.436941464,1779490032.6845045,0.4184598229479579,,-10.19252213150526,psi,,hardware
FM-PT,pressure,1187.440055057,1779490032.6876183,0.7880909190286302,,36.01136487857877,psi,,hardware
FI-PT,pressure,1187.443162021,1779490032.6907253,0.5516023101332558,,6.450288766656972,psi,,hardware
FT-PT,pressure,1187.445621335,1779490032.6931849,1.1795033430461102,,84.93791788076376,psi,,hardware
CC-PT,pressure,1187.448680118,1779490032.6962435,0.2514487804709411,,-31.068902441132362,psi,,hardware
LF-PT,pressure,1187.451127377,1779490032.698691,0.4231852797490692,,-9.601840031366347,psi,,hardware
WM-PT,pressure,1187.454231212,1779490032.7017946,0.41853432876280894,,-10.183208904648883,psi,,hardware
FM-PT,pressure,1187.456705654,1779490032.7042687,0.7875234827427248,,35.940435342840594,psi,,hardware
FI-PT,pressure,1187.459808045,1779490032.7073715,0.5519045057182915,,6.4880632147864405,psi,,hardware
FT-PT,pressure,1187.462901047,1779490032.7104642,1.1788614009453537,,84.85767511816921,psi,,hardware
CC-PT,pressure,1187.465993419,1779490032.7135568,0.251995951175207,,-31.000506103099124,psi,,hardware
LF-PT,pressure,1187.468467195,1779490032.7160304,0.4230291155611415,,-9.621360554857315,psi,,hardware
WM-PT,pressure,1187.471688224,1779490032.7192516,0.41857187969349385,,-10.178515038313268,psi,,hardware
FM-PT,pressure,1187.474159907,1779490032.721723,0.7870621427371672,,35.8827678421459,psi,,hardware
FI-PT,pressure,1187.476623925,1779490032.7241871,0.5521155061859496,,6.5144382732437025,psi,,hardware
FT-PT,pressure,1187.479687281,1779490032.7272503,1.1782260153563042,,84.77825191953802,psi,,hardware
CC-PT,pressure,1187.482777654,1779490032.730341,0.2527922693243348,,-30.90096633445815,psi,,hardware
LF-PT,pressure,1187.48728939,1779490032.7348533,0.42292421137383124,,-9.634473578271095,psi,,hardware
FM-PT,pressure,1187.490443942,1779490032.7380075,0.7867015345932883,,35.837691824161034,psi,,hardware
WM-PT,pressure,1187.493561313,1779490032.7411246,0.4189450048142678,,-10.131874398216528,psi,,hardware
FT-PT,pressure,1187.497050727,1779490032.7446144,1.177595994185924,,84.69949927324049,psi,,hardware
FI-PT,pressure,1187.500144581,1779490032.7477078,0.5523807468868193,,6.5475933608524075,psi,,hardware
LF-PT,pressure,1187.503226065,1779490032.7507892,0.4230434206775929,,-9.61957241530089,psi,,hardware
CC-PT,pressure,1187.506343269,1779490032.7539067,0.25302949583882045,,-30.871313020147443,psi,,hardware
FM-PT,pressure,1187.509469991,1779490032.757033,0.7861561520285788,,35.76951900357235,psi,,hardware
WM-PT,pressure,1187.512552975,1779490032.7601163,0.4192895197021389,,-10.088810037232637,psi,,hardware
FT-PT,pressure,1187.515634811,1779490032.763198,1.1769546481316864,,84.61933101646079,psi,,hardware
FI-PT,pressure,1187.518716074,1779490032.7662792,0.5528087082873235,,6.601088535915442,psi,,hardware
LF-PT,pressure,1187.523749563,1779490032.771314,0.42301361835165247,,-9.623297706043441,psi,,hardware
FM-PT,pressure,1187.526869711,1779490032.7744334,0.7858366710944975,,35.729583886812186,psi,,hardware
CC-PT,pressure,1187.529935086,1779490032.7774987,0.2535087172399422,,-30.81141034500722,psi,,hardware
FT-PT,pressure,1187.533075621,1779490032.780639,1.1763538332407275,,84.54422915509093,psi,,hardware
WM-PT,pressure,1187.536152384,1779490032.7837155,0.41988973854657874,,-10.013782681677657,psi,,hardware
LF-PT,pressure,1187.539254829,1779490032.786818,0.4229194430016808,,-9.635069624789903,psi,,hardware
FI-PT,pressure,1187.541713255,1779490032.7892766,0.5528647366600915,,6.608092082511438,psi,,hardware
FM-PT,pressure,1187.544780407,1779490032.7923436,0.7854826194623254,,35.68532743279068,psi,,hardware
CC-PT,pressure,1187.54787602,1779490032.7954397,0.25368395491647183,,-30.78950563544102,psi,,hardware
LF-PT,pressure,1187.552234676,1779490032.799798,0.4231334237019329,,-9.608322037258386,psi,,hardware
FT-PT,pressure,1187.55534901,1779490032.8029122,1.1755873174175402,,84.44841467719252,psi,,hardware
WM-PT,pressure,1187.557803158,1779490032.8053665,0.4204279685530625,,-9.946503930867184,psi,,hardware
FM-PT,pressure,1187.5609019,1779490032.8084652,0.7848859768969985,,35.610747112124805,psi,,hardware
FI-PT,pressure,1187.563330384,1779490032.8108935,0.5530125561967559,,6.626569524594491,psi,,hardware
LF-PT,pressure,1187.566377482,1779490032.8139408,0.42323117533101745,,-9.596103083622818,psi,,hardware
CC-PT,pressure,1187.569473595,1779490032.8170369,0.25393191026829603,,-30.758511216462995,psi,,hardware
FT-PT,pressure,1187.572568764,1779490032.8201318,1.17495729624716,,84.36966203089499,psi,,hardware
WM-PT,pressure,1187.57604479,1779490032.8236082,0.42101209414149454,,-9.873488232313182,psi,,hardware
FM-PT,pressure,1187.579144995,1779490032.8267086,0.7845438461952026,,35.56798077440032,psi,,hardware
FI-PT,pressure,1187.582240256,1779490032.8298037,0.5533874694570863,,6.6734336821357845,psi,,hardware
LF-PT,pressure,1187.587323889,1779490032.8348882,0.4231995848655206,,-9.600051891809922,psi,,hardware
FT-PT,pressure,1187.590461147,1779490032.8380246,1.1742474048432594,,84.28092560540742,psi,,hardware
CC-PT,pressure,1187.593579647,1779490032.841143,0.2545786207412029,,-30.677672407349636,psi,,hardware
FM-PT,pressure,1187.596701202,1779490032.8442645,0.7839299182808301,,35.491239785103765,psi,,hardware
WM-PT,pressure,1187.599795408,1779490032.8473587,0.42137687461100515,,-9.827890673624356,psi,,hardware
LF-PT,pressure,1187.602861838,1779490032.850425,0.423272898587334,,-9.590887676583247,psi,,hardware
FI-PT,pressure,1187.605918047,1779490032.8534813,0.5533147517817917,,6.66434397272396,psi,,hardware
FT-PT,pressure,1187.60843593,1779490032.8559992,1.173608442975097,,84.20105537188712,psi,,hardware
CC-PT,pressure,1187.611468271,1779490032.8590314,0.25518241586475565,,-30.602198016905543,psi,,hardware
FM-PT,pressure,1187.614485853,1779490032.8620493,0.7834578494379341,,35.432231179741756,psi,,hardware
WM-PT,pressure,1187.617506991,1779490032.8650703,0.42166714926566473,,-9.791606341791908,psi,,hardware
LF-PT,pressure,1187.619971286,1779490032.8675346,0.42310123718991727,,-9.612345351260341,psi,,hardware
FI-PT,pressure,1187.623078954,1779490032.8706424,0.553472108062757,,6.68401350784463,psi,,hardware
FT-PT,pressure,1187.626155439,1779490032.8737185,1.173077365526839,,84.13467069085486,psi,,hardware
CC-PT,pressure,1187.62926181,1779490032.876825,0.2557546205228115,,-30.53067243464856,psi,,hardware
FM-PT,pressure,1187.631671332,1779490032.8792346,0.7829720715251054,,35.37150894063817,psi,,hardware
WM-PT,pressure,1187.634770964,1779490032.8823342,0.4220802095031988,,-9.73997381210015,psi,,hardware
LF-PT,pressure,1187.637867965,1779490032.885431,0.42314236439971503,,-9.60720445003562,psi,,hardware
FI-PT,pressure,1187.640971893,1779490032.8885353,0.5534202520156207,,6.677531501952591,psi,,hardware
FT-PT,pressure,1187.6440511,1779490032.8916144,1.1723901238906531,,84.04876548633163,psi,,hardware
CC-PT,pressure,1187.646486212,1779490032.8940496,0.2564037151817936,,-30.449535602275798,psi,,hardware
FM-PT,pressure,1187.649543439,1779490032.897107,0.7823086717496719,,35.288583968708984,psi,,hardware
WM-PT,pressure,1187.652990856,1779490032.9005544,0.42242174415847594,,-9.697281980190507,psi,,hardware
LF-PT,pressure,1187.655467058,1779490032.9030302,0.4231697825395802,,-9.603777182552474,psi,,hardware
FI-PT,pressure,1187.658509935,1779490032.9060733,0.5535162155051488,,6.689526938143605,psi,,hardware
FT-PT,pressure,1187.661576087,1779490032.9091392,1.1717863287671004,,83.97329109588755,psi,,hardware
CC-PT,pressure,1187.664658201,1779490032.9122217,0.25698784077022563,,-30.376519903721796,psi,,hardware
FM-PT,pressure,1187.667111386,1779490032.9146748,0.7817835547666019,,35.22294434582523,psi,,hardware
WM-PT,pressure,1187.670130617,1779490032.9176939,0.4227257278830681,,-9.659284014616485,psi,,hardware
LF-PT,pressure,1187.672596708,1779490032.92016,0.4231900481212197,,-9.601243984847539,psi,,hardware
FI-PT,pressure,1187.676977214,1779490032.9245412,0.5535513822497585,,6.693922781219816,psi,,hardware
FT-PT,pressure,1187.679511244,1779490032.9270742,1.171253463179286,,83.90668289741073,psi,,hardware
CC-PT,pressure,1187.682634281,1779490032.9301977,0.257670314034261,,-30.291210745717375,psi,,hardware
LF-PT,pressure,1187.687247638,1779490032.9348118,0.4231465367253467,,-9.606682909331663,psi,,hardware
FM-PT,pressure,1187.690399932,1779490032.9379632,0.7813198305749691,,35.16497882187114,psi,,hardware
WM-PT,pressure,1187.6935016,1779490032.9410646,0.42300527370038915,,-9.624340787451356,psi,,hardware
FT-PT,pressure,1187.696565086,1779490032.9441285,1.170479794797873,,83.8099743497341,psi,,hardware
FI-PT,pressure,1187.699630405,1779490032.9471936,0.553829735974042,,6.728716996755243,psi,,hardware
LF-PT,pressure,1187.702128235,1779490032.9496913,0.42315666951616643,,-9.605416310479196,psi,,hardware
CC-PT,pressure,1187.705237717,1779490032.952801,0.25787714217628743,,-30.26535722796407,psi,,hardware
FM-PT,pressure,1187.708344125,1779490032.9559073,0.7807684875450716,,35.09606094313394,psi,,hardware
WM-PT,pressure,1187.711407574,1779490032.9589708,0.4233432320765534,,-9.582095990430826,psi,,hardware
FT-PT,pressure,1187.71386213,1779490032.9614253,1.1697985136268751,,83.72481420335939,psi,,hardware
FI-PT,pressure,1187.716362033,1779490032.9639254,0.5542982285378252,,6.787278567228147,psi,,hardware
LF-PT,pressure,1187.719421019,1779490032.9669845,0.42323832788924315,,-9.595209013844606,psi,,hardware
CC-PT,pressure,1187.72247808,1779490032.9700413,0.2581751654356915,,-30.22810432053856,psi,,hardware
FM-PT,pressure,1187.725539677,1779490032.9731028,0.7802010512591662,,35.02513140739577,psi,,hardware
WM-PT,pressure,1187.729015611,1779490032.9765792,0.42365317626633364,,-9.543352966708294,psi,,hardware
FT-PT,pressure,1187.731504996,1779490032.979068,1.1691386901305545,,83.6423362663193,psi,,hardware
FI-PT,pressure,1187.733989771,1779490032.9815528,0.5546725457516367,,6.834068218954589,psi,,hardware
LF-PT,pressure,1187.737014372,1779490032.9845774,0.4232430962613936,,-9.594612967325798,psi,,hardware
CC-PT,pressure,1187.740082302,1779490032.9876454,0.25843206148529785,,-30.19599231433777,psi,,hardware
FM-PT,pressure,1187.743201302,1779490032.9907646,0.7797772621842936,,34.97215777303669,psi,,hardware
WM-PT,pressure,1187.746294656,1779490032.9938579,0.4240060358054681,,-9.499245524316489,psi,,hardware
FT-PT,pressure,1187.748779653,1779490032.996343,1.1683811150051493,,83.54763937564366,psi,,hardware
FI-PT,pressure,1187.751251188,1779490032.9988146,0.5550653404075313,,6.883167550941413,psi,,hardware
LF-PT,pressure,1187.754354134,1779490033.0019174,0.42337661068160665,,-9.577923664799169,psi,,hardware
CC-PT,pressure,1187.757411269,1779490033.0049746,0.2585661719520297,,-30.17922850599629,psi,,hardware
FM-PT,pressure,1187.759864455,1779490033.0074277,0.7792741989224194,,34.90927486530243,psi,,hardware
WM-PT,pressure,1187.76297166,1779490033.010535,0.42433862976296305,,-9.457671279629619,psi,,hardware
FT-PT,pressure,1187.766079958,1779490033.0136433,1.167732616392686,,83.46657704908574,psi,,hardware
FI-PT,pressure,1187.769161721,1779490033.016725,0.5554468101795685,,6.930851272446067,psi,,hardware
LF-PT,pressure,1187.771684474,1779490033.0192478,0.4233062771923873,,-9.58671535095159,psi,,hardware
CC-PT,pressure,1187.774149788,1779490033.0217128,0.2588379691646062,,-30.145253854424222,psi,,hardware
FM-PT,pressure,1187.777202831,1779490033.0247662,0.7787073586830329,,34.838419835379106,psi,,hardware
WM-PT,pressure,1187.78026093,1779490033.0278242,0.42473202046537645,,-9.408497441827944,psi,,hardware
FT-PT,pressure,1187.783333508,1779490033.0308967,1.1671943863862022,,83.39929829827527,psi,,hardware
FI-PT,pressure,1187.788930729,1779490033.0364947,0.5558658308822907,,6.983228860286336,psi,,hardware
LF-PT,pressure,1187.792042971,1779490033.0396066,0.4233378676578841,,-9.582766542764485,psi,,hardware
FM-PT,pressure,1187.795155324,1779490033.0427186,0.7783449623995975,,34.793120299949685,psi,,hardware
CC-PT,pressure,1187.798226884,1779490033.0457902,0.2591806959129209,,-30.102413010884884,psi,,hardware
FT-PT,pressure,1187.801363328,1779490033.0489264,1.1664308507956087,,83.3038563494511,psi,,hardware
WM-PT,pressure,1187.804817541,1779490033.0523806,0.42541747396200585,,-9.322815754749268,psi,,hardware
LF-PT,pressure,1187.807294243,1779490033.0548575,0.42330389300631205,,-9.587013374210994,psi,,hardware
FI-PT,pressure,1187.810424391,1779490033.0579877,0.5558455653006512,,6.980695662581401,psi,,hardware
FM-PT,pressure,1187.812919092,1779490033.0604823,0.7778579923937312,,34.7322490492164,psi,,hardware
CC-PT,pressure,1187.815987967,1779490033.0635512,0.2595579933593265,,-30.055250830084187,psi,,hardware
FT-PT,pressure,1187.818446485,1779490033.0660095,1.1656619507863462,,83.20774384829328,psi,,hardware
WM-PT,pressure,1187.821466716,1779490033.06903,0.42589848350268406,,-9.262689562164493,psi,,hardware
LF-PT,pressure,1187.82392129,1779490033.0714843,0.4233676699838245,,-9.579041252021934,psi,,hardware
FI-PT,pressure,1187.827061974,1779490033.0746253,0.5557352966946717,,6.966912086833962,psi,,hardware
FM-PT,pressure,1187.82952027,1779490033.0770833,0.7776797744846076,,34.709971810575944,psi,,hardware
CC-PT,pressure,1187.834093039,1779490033.0816572,0.26002290964399694,,-29.997136294500383,psi,,hardware
LF-PT,pressure,1187.837259536,1779490033.084823,0.42318587579558803,,-9.601765525551496,psi,,hardware
FT-PT,pressure,1187.840333022,1779490033.0878966,1.1650355058950788,,83.12943823688485,psi,,hardware
WM-PT,pressure,1187.843452856,1779490033.0910163,0.42635565118260993,,-9.205543602173758,psi,,hardware
FM-PT,pressure,1187.845929021,1779490033.0934923,0.777299496805608,,34.66243710070099,psi,,hardware
FI-PT,pressure,1187.849059761,1779490033.0966232,0.5559379525110665,,6.99224406388331,psi,,hardware
LF-PT,pressure,1187.851534741,1779490033.099098,0.4233819751002759,,-9.57725311246551,psi,,hardware
CC-PT,pressure,1187.854616059,1779490033.1021795,0.26013973476168334,,-29.982533154789582,psi,,hardware
FT-PT,pressure,1187.857055209,1779490033.1046185,1.1642445521646203,,83.03056902057754,psi,,hardware
WM-PT,pressure,1187.860075903,1779490033.1076393,0.4269356044454103,,-9.133049444323714,psi,,hardware
FM-PT,pressure,1187.862541606,1779490033.1101048,0.7769084902892698,,34.61356128615872,psi,,hardware
FI-PT,pressure,1187.864978404,1779490033.1125417,0.5561435885600553,,7.017948570006912,psi,,hardware
LF-PT,pressure,1187.868040909,1779490033.1156044,0.42335574905344836,,-9.580531368318955,psi,,hardware
CC-PT,pressure,1187.870549331,1779490033.1181128,0.26034477476415335,,-29.95690315448083,psi,,hardware
FT-PT,pressure,1187.873589319,1779490033.121153,1.1634774402949142,,82.93468003686428,psi,,hardware
WM-PT,pressure,1187.877034385,1779490033.1245978,0.42743747561424683,,-9.070315548219146,psi,,hardware
FM-PT,pressure,1187.879534659,1779490033.1270978,0.7764227123764411,,34.55283904705514,psi,,hardware
FI-PT,pressure,1187.882017528,1779490033.1295807,0.5565101571691223,,7.063769646140291,psi,,hardware
LF-PT,pressure,1187.887111642,1779490033.1346757,0.42335396091389194,,-9.580754885763508,psi,,hardware
FT-PT,pressure,1187.889551792,1779490033.1371152,1.1628897384273693,,82.86121730342117,psi,,hardware
CC-PT,pressure,1187.892629796,1779490033.140193,0.26097837221364645,,-29.877703473294194,psi,,hardware
FM-PT,pressure,1187.895764017,1779490033.1433272,0.7759351463240559,,34.49189329050699,psi,,hardware
WM-PT,pressure,1187.898868389,1779490033.1464317,0.42765145631449897,,-9.043567960687628,psi,,hardware
LF-PT,pressure,1187.901966188,1779490033.1495295,0.4233229664949139,,-9.58462918813576,psi,,hardware
FI-PT,pressure,1187.904423318,1779490033.1519868,0.556529826704243,,7.066228338030375,psi,,hardware
FT-PT,pressure,1187.907539652,1779490033.155103,1.1623181298158323,,82.78976622697904,psi,,hardware
CC-PT,pressure,1187.910011632,1779490033.157575,0.26166919012894513,,-29.79135123388186,psi,,hardware
FM-PT,pressure,1187.913115393,1779490033.1606786,0.7753373116656913,,34.41716395821141,psi,,hardware
WM-PT,pressure,1187.916228413,1779490033.163792,0.42802100515616004,,-8.997374355479995,psi,,hardware
LF-PT,pressure,1187.9187053,1779490033.1662683,0.42324607649398766,,-9.594240438251543,psi,,hardware
FI-PT,pressure,1187.92179508,1779490033.1693583,0.5564672418197681,,7.058405227471018,psi,,hardware
FT-PT,pressure,1187.924239137,1779490033.1718023,1.1616833402733016,,82.7104175341627,psi,,hardware
CC-PT,pressure,1187.927261331,1779490033.1748247,0.2621341064136155,,-29.73323669829806,psi,,hardware
FM-PT,pressure,1187.929718072,1779490033.1772814,0.7747859686357937,,34.348246079474215,psi,,hardware
WM-PT,pressure,1187.932766911,1779490033.1803303,0.42845611911489,,-8.942985110638748,psi,,hardware
LF-PT,pressure,1187.935866543,1779490033.1834297,0.4232657460291083,,-9.591781746361459,psi,,hardware
FI-PT,pressure,1187.938983285,1779490033.1865463,0.5564499564707227,,7.056244558840338,psi,,hardware
FT-PT,pressure,1187.941514371,1779490033.1890783,1.1612208081747064,,82.65260102183831,psi,,hardware
CC-PT,pressure,1187.944837929,1779490033.1924021,0.2626627996757984,,-29.667150040525197,psi,,hardware
FM-PT,pressure,1187.948022405,1779490033.1955857,0.7743395297932064,,34.2924412241508,psi,,hardware
WM-PT,pressure,1187.951483878,1779490033.199047,0.42865519865217194,,-8.918100168478507,psi,,hardware
LF-PT,pressure,1187.953964301,1779490033.2015276,0.42324428835443123,,-9.594463955696096,psi,,hardware
FI-PT,pressure,1187.957105059,1779490033.204668,0.5564827390292572,,7.060342378657144,psi,,hardware
FT-PT,pressure,1187.959604297,1779490033.2071674,1.1606289339815299,,82.57861674769124,psi,,hardware
CC-PT,pressure,1187.962094164,1779490033.2096574,0.2634269313129105,,-29.571633585886186,psi,,hardware
FM-PT,pressure,1187.965121154,1779490033.2126844,0.773843619089558,,34.23045238619475,psi,,hardware
WM-PT,pressure,1187.968117424,1779490033.2156808,0.42893891679512464,,-8.88263540060942,psi,,hardware
LF-PT,pressure,1187.97125172,1779490033.218815,0.42315845765572285,,-9.605192793034643,psi,,hardware
FI-PT,pressure,1187.974329538,1779490033.2218928,0.5565155215877916,,7.06444019847395,psi,,hardware
FT-PT,pressure,1187.97742817,1779490033.2249916,1.1600924921146025,,82.51156151432532,psi,,hardware
CC-PT,pressure,1187.980512581,1779490033.2280757,0.26395324038901813,,-29.505844951372733,psi,,hardware
FM-PT,pressure,1187.983604251,1779490033.2311676,0.7733095614087059,,34.16369517608823,psi,,hardware
WM-PT,pressure,1187.991060503,1779490033.2386246,0.4292935644738155,,-8.838304440773062,psi,,hardware
LF-PT,pressure,1187.99421263,1779490033.2417762,0.42316441812091093,,-9.604447734886133,psi,,hardware
FT-PT,pressure,1187.997326261,1779490033.2448895,1.159329552570528,,82.41619407131601,psi,,hardware
FI-PT,pressure,1187.999832442,1779490033.2473955,0.5568850704294527,,7.110633803681584,psi,,hardware
CC-PT,pressure,1188.002941128,1779490033.2505045,0.2644837217907574,,-29.439534776155323,psi,,hardware
FM-PT,pressure,1188.005463142,1779490033.2530265,0.7726980176804087,,34.08725221005108,psi,,hardware
WM-PT,pressure,1188.008568514,1779490033.256132,0.4295564209886099,,-8.80544737642376,psi,,hardware
LF-PT,pressure,1188.011073102,1779490033.2586362,0.42326157370347667,,-9.592303287065416,psi,,hardware
FT-PT,pressure,1188.014182974,1779490033.2617462,1.1587615202381039,,82.34519002976299,psi,,hardware
FI-PT,pressure,1188.016654732,1779490033.2642179,0.5572707125271216,,7.158839065890196,psi,,hardware
CC-PT,pressure,1188.019747475,1779490033.2673106,0.26474240597992016,,-29.40719925250998,psi,,hardware
FM-PT,pressure,1188.022264248,1779490033.2698276,0.7722605195356035,,34.03256494195043,psi,,hardware
WM-PT,pressure,1188.02473221,1779490033.2722955,0.42995219587709854,,-8.755975515362682,psi,,hardware
LF-PT,pressure,1188.028216069,1779490033.2757792,0.4231840876560316,,-9.601989042996049,psi,,hardware
FT-PT,pressure,1188.031289888,1779490033.2788532,1.1580206344152253,,82.25257930190317,psi,,hardware
FI-PT,pressure,1188.034400556,1779490033.2819638,0.5576724478807983,,7.209055985099785,psi,,hardware
CC-PT,pressure,1188.037493596,1779490033.2850568,0.2650159913320531,,-29.37300108349336,psi,,hardware
FM-PT,pressure,1188.040579914,1779490033.2881432,0.7717449392968344,,33.9681174121043,psi,,hardware
WM-PT,pressure,1188.043659418,1779490033.2912226,0.4302341258804948,,-8.720734264938148,psi,,hardware
LF-PT,pressure,1188.046171358,1779490033.2937346,3.3398697781407574,,354.98372226759466,psi,,hardware
FT-PT,pressure,1188.049344632,1779490033.2969081,4.172325631657318e-06,,-62.49947845929604,psi,,hardware
FI-PT,pressure,1188.051859331,1779490033.2994227,0.5586600969624634,,7.332512120307929,psi,,hardware
CC-PT,pressure,1188.056119422,1779490033.3036828,0.265314610637976,,-29.335673670252998,psi,,hardware
FM-PT,pressure,1188.059230108,1779490033.3067932,0.7713813509203614,,33.922668865045175,psi,,hardware
WM-PT,pressure,1188.062341517,1779490033.3099048,0.43055122262850076,,-8.681097171437404,psi,,hardware
LF-PT,pressure,1188.065386709,1779490033.3129501,0.4231089857946618,,-9.611376775667278,psi,,hardware
FT-PT,pressure,1188.068448992,1779490033.3160124,1.1557079739222496,,81.9634967402812,psi,,hardware
FI-PT,pressure,1188.070899585,1779490033.3184626,0.5589956711525524,,7.374458894069055,psi,,hardware
CC-PT,pressure,1188.073928686,1779490033.321492,0.2655035573844382,,-29.312055326945224,psi,,hardware
FM-PT,pressure,1188.076354021,1779490033.3239174,0.7709706748689026,,33.87133435861282,psi,,hardware
WM-PT,pressure,1188.079386992,1779490033.32695,0.4308677233299879,,-8.641534583751511,psi,,hardware
LF-PT,pressure,1188.082441609,1779490033.3300047,0.4232287911449422,,-9.596401106882222,psi,,hardware
FT-PT,pressure,1188.087330296,1779490033.3348944,1.1550266927512518,,81.87833659390648,psi,,hardware
FM-PT,pressure,1188.090445242,1779490033.3380086,0.7711065734751908,,33.88832168439885,psi,,hardware
FI-PT,pressure,1188.093516524,1779490033.3410797,0.559177465340789,,7.397183167598631,psi,,hardware
CC-PT,pressure,1188.095954211,1779490033.3435175,0.2657670099457514,,-29.279123756781072,psi,,hardware
LF-PT,pressure,1188.098996014,1779490033.3465595,0.42313640393452695,,-9.60794950818413,psi,,hardware
WM-PT,pressure,1188.102111404,1779490033.3496747,0.43111806286788734,,-8.610242141514082,psi,,hardware
FT-PT,pressure,1188.105615095,1779490033.3531787,1.1544705813492038,,81.80882266865048,psi,,hardware
FM-PT,pressure,1188.10869021,1779490033.3562536,0.7710731948701376,,33.884149358767196,psi,,hardware
FI-PT,pressure,1188.111225648,1779490033.358789,0.5594093274366054,,7.426165929575679,psi,,hardware
CC-PT,pressure,1188.114340538,1779490033.361904,0.26598099064600356,,-29.252376169249555,psi,,hardware
LF-PT,pressure,1188.117469963,1779490033.3650331,0.42303447997981075,,-9.620690002523656,psi,,hardware
WM-PT,pressure,1188.120554282,1779490033.3681176,0.43129270449789814,,-8.588411937762732,psi,,hardware
FT-PT,pressure,1188.123675634,1779490033.371239,1.1538185064576276,,81.72731330720346,psi,,hardware
FM-PT,pressure,1188.126103544,1779490033.373667,0.7711006130100028,,33.88757662625034,psi,,hardware
FI-PT,pressure,1188.129211027,1779490033.3767743,0.5594856213910129,,7.43570267387661,psi,,hardware
CC-PT,pressure,1188.13168958,1779490033.3792527,0.2664125283256207,,-29.198433959297414,psi,,hardware
LF-PT,pressure,1188.134798823,1779490033.3823621,0.4230374602124048,,-9.6203174734494,psi,,hardware
WM-PT,pressure,1188.137924174,1779490033.3854873,0.4315364875240907,,-8.557939059488664,psi,,hardware
FT-PT,pressure,1188.142827379,1779490033.3903913,1.1532045785432552,,81.6505723179069,psi,,hardware
FM-PT,pressure,1188.145917549,1779490033.3934813,0.7710666383584307,,33.883329794803835,psi,,hardware
FI-PT,pressure,1188.148919633,1779490033.3964832,0.559578604647947,,7.447325580993369,psi,,hardware
LF-PT,pressure,1188.151382503,1779490033.3989458,0.42304163253803645,,-9.619795932745443,psi,,hardware
CC-PT,pressure,1188.154484171,1779490033.4020474,0.26650491553603595,,-29.186885557995506,psi,,hardware
FT-PT,pressure,1188.157552639,1779490033.4051158,1.1524237576036165,,81.55296970045207,psi,,hardware
WM-PT,pressure,1188.160616774,1779490033.40818,0.43193464659865455,,-8.508169175168181,psi,,hardware
FM-PT,pressure,1188.163064238,1779490033.4106274,0.7705909932364218,,33.82387415455272,psi,,hardware
FI-PT,pressure,1188.166080432,1779490033.4136438,0.5597544383709954,,7.469304796374421,psi,,hardware
LF-PT,pressure,1188.168550709,1779490033.4161139,0.4230440167241117,,-9.61949790948604,psi,,hardware
CC-PT,pressure,1188.171647341,1779490033.419211,0.26664319832839944,,-29.16960020895007,psi,,hardware
FT-PT,pressure,1188.174169687,1779490033.421733,1.151726383176611,,81.46579789707637,psi,,hardware
WM-PT,pressure,1188.177274448,1779490033.4248376,0.4325753966063734,,-8.428075424203325,psi,,hardware
FM-PT,pressure,1188.180766455,1779490033.42833,0.77020177485964,,33.775221857455,psi,,hardware
FI-PT,pressure,1188.185179015,1779490033.4327424,0.559948153489608,,7.493519186201003,psi,,hardware
LF-PT,pressure,1188.189483676,1779490033.4370477,0.42308573998042825,,-9.614282502446468,psi,,hardware
FT-PT,pressure,1188.192614898,1779490033.4401784,1.1510915936340802,,81.38644920426003,psi,,hardware
CC-PT,pressure,1188.195127653,1779490033.4426908,0.2671569904276121,,-29.105376196548487,psi,,hardware
FM-PT,pressure,1188.197610965,1779490033.4451742,0.7700181925318471,,33.75227406648089,psi,,hardware
WM-PT,pressure,1188.200611253,1779490033.4481745,0.432865671261033,,-8.391791092370877,psi,,hardware
LF-PT,pressure,1188.203695738,1779490033.451259,0.4230237511424722,,-9.622031107190974,psi,,hardware
FI-PT,pressure,1188.206214141,1779490033.4537776,0.5599100065124043,,7.488750814050538,psi,,hardware
FT-PT,pressure,1188.209261147,1779490033.4568243,1.150688070140847,,81.33600876760589,psi,,hardware
CC-PT,pressure,1188.212348039,1779490033.459911,0.2675897202002669,,-29.051284974966638,psi,,hardware
FM-PT,pressure,1188.214841295,1779490033.4624043,0.7695669853171093,,33.69587316463866,psi,,hardware
WM-PT,pressure,1188.217942834,1779490033.465506,0.4331523696365797,,-8.355953795427535,psi,,hardware
LF-PT,pressure,1188.220399686,1779490033.467963,0.423036864165886,,-9.620391979264252,psi,,hardware
FI-PT,pressure,1188.223507577,1779490033.471071,0.5598819923260203,,7.48524904075254,psi,,hardware
FT-PT,pressure,1188.22658321,1779490033.4741468,1.1500985801337458,,81.26232251671823,psi,,hardware
CC-PT,pressure,1188.229624662,1779490033.4771879,0.26817563392825533,,-28.978045758968083,psi,,hardware
FM-PT,pressure,1188.232677242,1779490033.4802406,0.7689661704261507,,33.62077130326883,psi,,hardware
WM-PT,pressure,1188.235722267,1779490033.4832854,0.43349867266400727,,-8.31266591699909,psi,,hardware
LF-PT,pressure,1188.238790717,1779490033.4863539,0.42293374811813217,,-9.633281485233478,psi,,hardware
FI-PT,pressure,1188.24128925,1779490033.4888527,0.5599380206987883,,7.492252587348536,psi,,hardware
FT-PT,pressure,1188.244291038,1779490033.4918544,1.1494798838472229,,81.18498548090287,psi,,hardware
CC-PT,pressure,1188.246762722,1779490033.494326,0.26875856742364973,,-28.905179072043783,psi,,hardware
FM-PT,pressure,1188.249854077,1779490033.4974172,0.7685048304205931,,33.56310380257414,psi,,hardware
WM-PT,pressure,1188.252935321,1779490033.5004988,0.43378894731866685,,-8.276381585166643,psi,,hardware
LF-PT,pressure,1188.25639422,1779490033.5039575,0.4228932169548532,,-9.638347880643348,psi,,hardware
FI-PT,pressure,1188.259468576,1779490033.507032,0.5600184869788274,,7.502310872353424,psi,,hardware
FT-PT,pressure,1188.262597261,1779490033.5101604,1.1491007982612609,,81.13759978265762,psi,,hardware
CC-PT,pressure,1188.265677783,1779490033.513241,0.269391568826624,,-28.826053896671997,psi,,hardware
FM-PT,pressure,1188.268198704,1779490033.5157619,0.7679761371584103,,33.49701714480128,psi,,hardware
WM-PT,pressure,1188.271278189,1779490033.5188413,0.4340690891825067,,-8.241363852186662,psi,,hardware
LF-PT,pressure,1188.27380222,1779490033.5213654,0.42298381602571206,,-9.627022996785993,psi,,hardware
FI-PT,pressure,1188.276886835,1779490033.5244503,0.5599755716294732,,7.49694645368415,psi,,hardware
FT-PT,pressure,1188.279404941,1779490033.5269682,1.1484981952307458,,81.06227440384323,psi,,hardware
CC-PT,pressure,1188.282483371,1779490033.5300467,0.2700674855789525,,-28.741564302630938,psi,,hardware
LF-PT,pressure,1188.287153187,1779490033.5347173,0.4228252676517091,,-9.646841543536365,psi,,hardware
FM-PT,pressure,1188.289677904,1779490033.5372415,0.7676328143635768,,33.454101795447095,psi,,hardware
WM-PT,pressure,1188.292737817,1779490033.5403013,0.4343736689536177,,-8.20329138079779,psi,,hardware
FT-PT,pressure,1188.295815172,1779490033.5433784,1.148087519179287,,81.01093989741088,psi,,hardware
FI-PT,pressure,1188.300654419,1779490033.5482187,0.5603230667499384,,7.540383343742296,psi,,hardware
LF-PT,pressure,1188.303875485,1779490033.5514386,0.4229081181178234,,-9.636485235272072,psi,,hardware
FM-PT,pressure,1188.306966081,1779490033.5545294,0.7672513445915395,,33.40641807394244,psi,,hardware
CC-PT,pressure,1188.310071564,1779490033.5576348,0.2703225934890024,,-28.7096758138747,psi,,hardware
FT-PT,pressure,1188.3125456,1779490033.560109,1.1474664387066889,,80.93330483833611,psi,,hardware
WM-PT,pressure,1188.31565536,1779490033.5632186,0.4348207038427238,,-8.147412019659523,psi,,hardware
LF-PT,pressure,1188.318131803,1779490033.565695,0.4227769878836856,,-9.652876514539297,psi,,hardware
FI-PT,pressure,1188.320650002,1779490033.5682132,0.5603081655869682,,7.538520698371021,psi,,hardware
FM-PT,pressure,1188.323687065,1779490033.5712504,0.7670135220305351,,33.37669025381688,psi,,hardware
CC-PT,pressure,1188.326769161,1779490033.5743325,0.27060988791106794,,-28.673764011116507,psi,,hardware
FT-PT,pressure,1188.329245122,1779490033.5768085,1.146744626372412,,80.8430782965515,psi,,hardware
WM-PT,pressure,1188.332702835,1779490033.5802662,0.4353863519890728,,-8.076706001365903,psi,,hardware
LF-PT,pressure,1188.335802782,1779490033.583366,0.4227328804412938,,-9.658389944838273,psi,,hardware
FI-PT,pressure,1188.338258689,1779490033.585822,0.5603165102382315,,7.539563779778935,psi,,hardware
FM-PT,pressure,1188.341322343,1779490033.5888855,0.7666773517939273,,33.334668974240905,psi,,hardware
CC-PT,pressure,1188.344421493,1779490033.591985,0.2709859932644359,,-28.626750841945512,psi,,hardware
FT-PT,pressure,1188.34691299,1779490033.5944762,1.1460585768292637,,80.75732210365797,psi,,hardware
WM-PT,pressure,1188.350011122,1779490033.5975745,0.43594484757719604,,-8.006894052850495,psi,,hardware
LF-PT,pressure,1188.35246153,1779490033.600025,0.42278056416279847,,-9.652429479650191,psi,,hardware
FI-PT,pressure,1188.355482446,1779490033.603046,0.5602741909353961,,7.534273866924512,psi,,hardware
FM-PT,pressure,1188.357951408,1779490033.6055148,0.7663238962082739,,33.290487026034235,psi,,hardware
CC-PT,pressure,1188.361047874,1779490033.608611,0.2713364686174951,,-28.58294142281311,psi,,hardware
FT-PT,pressure,1188.363557017,1779490033.6111202,1.145343321006694,,80.66791512583674,psi,,hardware
WM-PT,pressure,1188.366665056,1779490033.6142285,0.43640797572231,,-7.949003034711251,psi,,hardware
LF-PT,pressure,1188.369131814,1779490033.616695,0.42272870811566216,,-9.65891148554223,psi,,hardware
FI-PT,pressure,1188.371605276,1779490033.6191688,0.5603749227970747,,7.546865349634335,psi,,hardware
FM-PT,pressure,1188.374753255,1779490033.6223166,0.7659358699245298,,33.24198374056622,psi,,hardware
CC-PT,pressure,1188.37718935,1779490033.6247525,0.2717727746692627,,-28.528403166342162,psi,,hardware
FT-PT,pressure,1188.380232116,1779490033.6277952,1.1445374661132652,,80.56718326415816,psi,,hardware
WM-PT,pressure,1188.383324563,1779490033.6308877,0.43692832433322953,,-7.883959458346308,psi,,hardware
LF-PT,pressure,1188.389064735,1779490033.6366286,0.4226083067188629,,-9.673961660142137,psi,,hardware
FM-PT,pressure,1188.39217794,1779490033.6397414,0.7655651289898311,,33.19564112372888,psi,,hardware
FI-PT,pressure,1188.394647902,1779490033.6422114,0.560560293264424,,7.570036658053003,psi,,hardware
FT-PT,pressure,1188.397751644,1779490033.6453152,1.144280570063659,,80.53507125795737,psi,,hardware
CC-PT,pressure,1188.400869423,1779490033.648433,0.2722359028143767,,-28.47051214820291,psi,,hardware
LF-PT,pressure,1188.404042623,1779490033.6516063,0.4225945976489303,,-9.67567529388371,psi,,hardware
WM-PT,pressure,1188.407528667,1779490033.6550922,0.43709342921893946,,-7.863321347632568,psi,,hardware
FM-PT,pressure,1188.410641835,1779490033.658205,0.765254588753532,,33.1568235941915,psi,,hardware
FI-PT,pressure,1188.413757206,1779490033.6613204,0.5606634093121778,,7.58292616402223,psi,,hardware
FT-PT,pressure,1188.416829488,1779490033.6643927,1.1438061170346876,,80.47576462933596,psi,,hardware
CC-PT,pressure,1188.419958321,1779490033.6675215,0.2728200284028087,,-28.39749644964891,psi,,hardware
LF-PT,pressure,1188.423090117,1779490033.670653,0.42250161439199624,,-9.68729820100047,psi,,hardware
WM-PT,pressure,1188.426201618,1779490033.673765,0.43713098014962437,,-7.858627481296954,psi,,hardware
FM-PT,pressure,1188.428681542,1779490033.676245,0.764844508748592,,33.105563593574,psi,,hardware
FI-PT,pressure,1188.431817726,1779490033.679381,0.5609065962918516,,7.613324536481447,psi,,hardware
FT-PT,pressure,1188.434298058,1779490033.6818614,1.143341796796536,,80.41772459956701,psi,,hardware
CC-PT,pressure,1188.437437186,1779490033.6850004,0.27331832329253236,,-28.335209588433454,psi,,hardware
LF-PT,pressure,1188.439914185,1779490033.6874776,0.4224551227635292,,-9.69310965455885,psi,,hardware
WM-PT,pressure,1188.443045999,1779490033.6906095,0.4373449608498765,,-7.831879893765437,psi,,hardware
FM-PT,pressure,1188.44621107,1779490033.6937742,0.7644904571164199,,33.06130713955249,psi,,hardware
FI-PT,pressure,1188.449325423,1779490033.6968887,0.5610204411769439,,7.6275551471179925,psi,,hardware
FT-PT,pressure,1188.452349357,1779490033.6999128,1.1429466179545662,,80.36832724432078,psi,,hardware
CC-PT,pressure,1188.45664913,1779490033.7042131,0.27383390353130144,,-28.27076205858732,psi,,hardware
LF-PT,pressure,1188.45909626,1779490033.7066596,0.42228763369174405,,-9.714045788531994,psi,,hardware
WM-PT,pressure,1188.462162506,1779490033.7097256,0.4374540373628184,,-7.8182453296476995,psi,,hardware
FM-PT,pressure,1188.465239899,1779490033.7128031,0.7640607075763592,,33.0075884470449,psi,,hardware
FI-PT,pressure,1188.468333791,1779490033.715897,0.561228461412008,,7.653557676500999,psi,,hardware
FT-PT,pressure,1188.47144918,1779490033.7190123,1.1424143484132705,,80.30179355165882,psi,,hardware
CC-PT,pressure,1188.474513371,1779490033.7220767,0.2743500798165893,,-28.206240022926334,psi,,hardware
LF-PT,pressure,1188.47700859,1779490033.724572,0.42228882578478166,,-9.713896776902292,psi,,hardware
WM-PT,pressure,1188.480113017,1779490033.7276764,0.4375643059687979,,-7.80446175390026,psi,,hardware
FM-PT,pressure,1188.483606228,1779490033.7311695,0.763691754781217,,32.96146934765212,psi,,hardware
FI-PT,pressure,1188.489419042,1779490033.7369833,0.5613786651347477,,7.672333141843457,psi,,hardware
LF-PT,pressure,1188.492509119,1779490033.7400725,0.4223192241572409,,-9.71009698034489,psi,,hardware
FT-PT,pressure,1188.495607066,1779490033.7431705,1.1419172456165845,,80.23965570207307,psi,,hardware
CC-PT,pressure,1188.498718345,1779490033.7462816,0.274758371681973,,-28.155203539753376,psi,,hardware
FM-PT,pressure,1188.501798219,1779490033.7493615,0.7631952480310498,,32.89940600388122,psi,,hardware
WM-PT,pressure,1188.504308289,1779490033.7518716,0.43812876202210926,,-7.733904747236342,psi,,hardware
LF-PT,pressure,1188.506787657,1779490033.754351,0.4223764446230465,,-9.702944422119185,psi,,hardware
FI-PT,pressure,1188.50982409,1779490033.7573876,0.5614007188559436,,7.675089856992945,psi,,hardware
FT-PT,pressure,1188.512898521,1779490033.7604618,1.1412961651439864,,80.1620206429983,psi,,hardware
CC-PT,pressure,1188.51539985,1779490033.7629633,0.2752906412232687,,-28.088669847091413,psi,,hardware
FM-PT,pressure,1188.518433154,1779490033.7659962,0.7627219870951161,,32.840248386889506,psi,,hardware
WM-PT,pressure,1188.521519417,1779490033.7690825,0.43836062411792565,,-7.704921985259294,psi,,hardware
LF-PT,pressure,1188.523959011,1779490033.7715223,0.4223335292736923,,-9.708308840788465,psi,,hardware
FI-PT,pressure,1188.526435916,1779490033.7739992,0.5614591314147868,,7.682391426848345,psi,,hardware
FT-PT,pressure,1188.529554121,1779490033.7771175,1.1407603193235778,,80.09503991544723,psi,,hardware
CC-PT,pressure,1188.532026323,1779490033.7795897,0.27584258029968506,,-28.019677462539367,psi,,hardware
FM-PT,pressure,1188.534535319,1779490033.7820985,0.7622070029028658,,32.77587536285822,psi,,hardware
WM-PT,pressure,1188.537560012,1779490033.7851233,0.4386938141219394,,-7.663273234757573,psi,,hardware
LF-PT,pressure,1188.540657848,1779490033.7882211,0.4223120715990152,,-9.710991050123102,psi,,hardware
FI-PT,pressure,1188.543701984,1779490033.7912652,0.5614346935075156,,7.679336688439453,psi,,hardware
FT-PT,pressure,1188.546799376,1779490033.7943625,1.1403561997838259,,80.04452497297824,psi,,hardware
CC-PT,pressure,1188.549883527,1779490033.7974467,0.2763694854223115,,-27.953814322211063,psi,,hardware
FM-PT,pressure,1188.553098835,1779490033.800662,0.7618374540612047,,32.72968175765059,psi,,hardware
WM-PT,pressure,1188.556853264,1779490033.8044167,0.4391897248255878,,-7.601284396801522,psi,,hardware
