sensor_name,sensor_kind,t_monotonic,t_wall,Voltage 1,Voltage 2,value,units,filtered_value,source
LF-PT,pressure,1379.743609368,1779490224.9911737,0.00030398372459217605,,-62.46200203442598,psi,,hardware
XF-PT,pressure,1379.744795727,1779490224.9923596,-0.6631285742674559,,-290.78214356686397,psi,,hardware
OT-PT,pressure,1379.749883158,1779490224.9974463,-0.02019942047589069,,-130.0498551189727,psi,,hardware
FT-PT,pressure,1379.749465664,1779490224.9970295,1.062032110933317,,70.25401386666464,psi,,hardware
FM-PT,pressure,1379.753985054,1779490225.0015483,0.1668125589862536,,-41.6484301267183,psi,,hardware
N-LC,thrust,1379.745789577,1779490224.9933546,4.749745696752751e-06,0.078125,4635.1348484219925,N,,hardware
FI-PT,pressure,1379.757853203,1779490225.0054164,0.5001086592803787,,0.013582410047341398,psi,,hardware
WM-PT,pressure,1379.763294856,1779490225.0108583,0.34400646019058945,,-19.49919247617632,psi,,hardware
E-LC,thrust,1379.759831072,1779490225.0073948,0.078125,0.078125,0.0,N,,hardware
CC-PT,pressure,1379.767070215,1779490225.0146337,0.16754271597179365,,-41.55716050352579,psi,,hardware
LF-PT,pressure,1379.770374211,1779490225.0179377,0.16715945806019997,,-41.60506774247501,psi,,hardware
FT-PT,pressure,1379.774232899,1779490225.021796,1.2488944827192405,,93.61181033990506,psi,,hardware
FM-PT,pressure,1379.778090457,1779490225.0256538,0.788119529261533,,36.01494115769162,psi,,hardware
N-LC,thrust,1379.769945421,1779490225.0175087,0.078125,0.078125,0.0,N,,hardware
FI-PT,pressure,1379.781848002,1779490225.0294113,0.5005723834720115,,0.07154793400143689,psi,,hardware
WM-PT,pressure,1379.786027282,1779490225.0335906,0.344582837174277,,-19.427145353215373,psi,,hardware
CC-PT,pressure,1379.792795951,1779490225.0403605,0.1682448587709497,,-41.46939265363129,psi,,hardware
E-LC,thrust,1379.78343493,1779490225.0309982,0.078125,0.078125,0.0,N,,hardware
LF-PT,pressure,1379.796633436,1779490225.044197,0.1674801310873188,,-41.56498361408515,psi,,hardware
FT-PT,pressure,1379.800937376,1779490225.0485008,1.2479354438704782,,93.49193048380977,psi,,hardware
N-LC,thrust,1379.798317396,1779490225.0458808,0.078125,0.078125,0.0,N,,hardware
FM-PT,pressure,1379.804631813,1779490225.0521953,0.788458083684216,,36.057260460527,psi,,hardware
FI-PT,pressure,1379.809868293,1779490225.0574315,0.5009705425465754,,0.1213178183219199,psi,,hardware
LF-PT,pressure,1379.814308039,1779490225.0618713,0.16796590900014746,,-41.50426137498157,psi,,hardware
E-LC,thrust,1379.808528499,1779490225.0560923,0.078125,0.078125,0.0,N,,hardware
WM-PT,pressure,1379.818190299,1779490225.0657542,0.34489993392228296,,-19.38750825971463,psi,,hardware
CC-PT,pressure,1379.822626121,1779490225.0701895,0.16868176086923609,,-41.41477989134549,psi,,hardware
FT-PT,pressure,1379.826748367,1779490225.0743117,1.2469966706033553,,93.3745838254194,psi,,hardware
N-LC,thrust,1379.820495038,1779490225.068058,0.078125,0.078125,0.0,N,,hardware
FM-PT,pressure,1379.832385657,1779490225.0799503,0.7885051713592018,,36.06314641990023,psi,,hardware
FI-PT,pressure,1379.836720706,1779490225.084284,0.5013168455740029,,0.16460569675036396,psi,,hardware
LF-PT,pressure,1379.840465048,1779490225.0880284,0.1684278450522238,,-41.446519368472025,psi,,hardware
WM-PT,pressure,1379.84412932,1779490225.0916927,0.3449684792719459,,-19.37894009100676,psi,,hardware
E-LC,thrust,1379.835052597,1779490225.0826159,0.078125,0.078125,0.0,N,,hardware
CC-PT,pressure,1379.846702118,1779490225.0942657,0.16930641762094706,,-41.33669779738162,psi,,hardware
FT-PT,pressure,1379.852594115,1779490225.1001575,1.2461031968716618,,93.26289960895772,psi,,hardware
N-LC,thrust,1379.848039412,1779490225.095603,0.078125,0.078125,0.0,N,,hardware
FM-PT,pressure,1379.856296423,1779490225.1038597,0.788588617871835,,36.07357723397937,psi,,hardware
FI-PT,pressure,1379.859987749,1779490225.1075513,0.5016923548808521,,0.21154436010650812,psi,,hardware
LF-PT,pressure,1379.863745442,1779490225.1113088,0.16877176389357612,,-41.403529513302985,psi,,hardware
E-LC,thrust,1379.858121078,1779490225.1056845,0.078125,0.078125,0.0,N,,hardware
WM-PT,pressure,1379.867453064,1779490225.1150165,0.3452670985778688,,-19.3416126777664,psi,,hardware
CC-PT,pressure,1379.871637307,1779490225.1192005,0.16992988227962047,,-41.25876471504744,psi,,hardware
FT-PT,pressure,1379.875745054,1779490225.1233082,1.245098262440951,,93.13728280511887,psi,,hardware
N-LC,thrust,1379.870040491,1779490225.1176038,0.078125,0.078125,0.0,N,,hardware
FM-PT,pressure,1379.879458269,1779490225.1270216,0.7887167678733787,,36.08959598417234,psi,,hardware
FI-PT,pressure,1379.88363129,1779490225.1311946,0.5021018388392733,,0.26272985490916057,psi,,hardware
LF-PT,pressure,1379.887322394,1779490225.1348858,0.1694399320411601,,-41.32000849485499,psi,,hardware
E-LC,thrust,1379.881049011,1779490225.1286123,0.078125,0.078125,0.0,N,,hardware
WM-PT,pressure,1379.893209984,1779490225.1407738,0.34551684206924943,,-19.31039474134382,psi,,hardware
CC-PT,pressure,1379.89800473,1779490225.1455684,0.17049195414685658,,-41.18850573164293,psi,,hardware
FT-PT,pressure,1379.902394461,1779490225.1499584,1.2440873675450523,,93.01092094313154,psi,,hardware
N-LC,thrust,1379.894991772,1779490225.1425552,0.078125,0.078125,0.0,N,,hardware
FM-PT,pressure,1379.906188448,1779490225.1537519,0.7887739883391843,,36.09674854239804,psi,,hardware
FI-PT,pressure,1379.91055107,1779490225.1581147,0.5024934414021303,,0.31168017526628233,psi,,hardware
LF-PT,pressure,1379.914352742,1779490225.1619163,0.16981007692934003,,-41.2737403838325,psi,,hardware
E-LC,thrust,1379.907846613,1779490225.1554098,0.078125,0.078125,0.0,N,,hardware
WM-PT,pressure,1379.918133656,1779490225.165697,0.3457421476533589,,-19.282231543330134,psi,,hardware
CC-PT,pressure,1379.922375969,1779490225.1699398,0.17094196926855676,,-41.132253841430405,psi,,hardware
FT-PT,pressure,1379.926065518,1779490225.1736286,1.2431599191617868,,92.89498989522335,psi,,hardware
N-LC,thrust,1379.91977971,1779490225.1673431,0.078125,0.078125,0.0,N,,hardware
FM-PT,pressure,1379.929853265,1779490225.1774168,0.788849686247073,,36.10621078088412,psi,,hardware
FI-PT,pressure,1379.934154668,1779490225.1817183,0.5028212669874748,,0.3526583734343447,psi,,hardware
LF-PT,pressure,1379.937958581,1779490225.1855218,0.17039718275036608,,-41.20035215620424,psi,,hardware
E-LC,thrust,1379.931495079,1779490225.1790583,0.078125,0.078125,0.0,N,,hardware
WM-PT,pressure,1379.94390039,1779490225.1914647,0.346009176493785,,-19.248852938276876,psi,,hardware
CC-PT,pressure,1379.948186405,1779490225.1957495,0.17139556066936978,,-41.07555491632878,psi,,hardware
FT-PT,pressure,1379.951985188,1779490225.1995487,1.2421210100795042,,92.76512625993801,psi,,hardware
N-LC,thrust,1379.945594053,1779490225.1931577,0.078125,0.078125,0.0,N,,hardware
FM-PT,pressure,1379.955721642,1779490225.203285,0.7889724718299475,,36.12155897874343,psi,,hardware
FI-PT,pressure,1379.959887071,1779490225.2074504,0.5032659176905057,,0.40823971131320747,psi,,hardware
LF-PT,pressure,1379.963692206,1779490225.2112556,0.17087461601193144,,-41.14067299850857,psi,,hardware
E-LC,thrust,1379.957342013,1779490225.2049055,0.078125,0.078125,0.0,N,,hardware
WM-PT,pressure,1379.967343572,1779490225.2149074,0.34617547347253247,,-19.22806581593344,psi,,hardware
CC-PT,pressure,1379.971522963,1779490225.2190864,0.17194153928059808,,-41.00730758992524,psi,,hardware
FT-PT,pressure,1379.975243992,1779490225.2228076,1.2411107112301243,,92.63883890376553,psi,,hardware
N-LC,thrust,1379.968945406,1779490225.2165089,0.078125,0.078125,0.0,N,,hardware
FM-PT,pressure,1379.979370905,1779490225.2269344,0.7890618788077687,,36.13273485097108,psi,,hardware
FI-PT,pressure,1379.983622958,1779490225.2311862,0.503556788391684,,0.44459854896050643,psi,,hardware
LF-PT,pressure,1379.987326821,1779490225.2348905,0.17143430369309232,,-41.07071203836346,psi,,hardware
E-LC,thrust,1379.981040957,1779490225.228604,0.078125,0.078125,0.0,N,,hardware
WM-PT,pressure,1379.993599464,1779490225.2411637,0.3465211804534412,,-19.184852443319848,psi,,hardware
CC-PT,pressure,1379.997962567,1779490225.2455258,0.1724797692870819,,-40.94002883911477,psi,,hardware
FT-PT,pressure,1380.001674466,1779490225.249238,1.2401612091256629,,92.52015114070785,psi,,hardware
N-LC,thrust,1379.995642662,1779490225.2432063,0.078125,0.078125,0.0,N,,hardware
FM-PT,pressure,1380.005538783,1779490225.2531023,0.7890904890406715,,36.13631113008393,psi,,hardware
FI-PT,pressure,1380.009755283,1779490225.2573187,0.5039501790940975,,0.49377238676218127,psi,,hardware
LF-PT,pressure,1380.013401057,1779490225.2609644,0.1718419995119571,,-41.01975006100536,psi,,hardware
WM-PT,pressure,1380.016848582,1779490225.264412,0.3465861495239913,,-19.176731309501086,psi,,hardware
E-LC,thrust,1380.007501763,1779490225.2550652,0.078125,0.078125,0.0,N,,hardware
CC-PT,pressure,1380.019194652,1779490225.266758,0.17299654161888858,,-40.87543229763893,psi,,hardware
FT-PT,pressure,1380.023170259,1779490225.2707336,1.2392152833003143,,92.40191041253928,psi,,hardware
FM-PT,pressure,1380.026887325,1779490225.2744508,0.7892228113678469,,36.15285142098086,psi,,hardware
N-LC,thrust,1380.020468876,1779490225.2680323,0.078125,0.078125,0.0,N,,hardware
LF-PT,pressure,1380.030618556,1779490225.2781818,0.17244281440291578,,-40.94464819963553,psi,,hardware
FI-PT,pressure,1380.034825039,1779490225.2823882,0.5039704446757369,,0.49630558446711603,psi,,hardware
WM-PT,pressure,1380.038586898,1779490225.2861505,0.3469956334824125,,-19.125545814698434,psi,,hardware
E-LC,thrust,1380.032249352,1779490225.2798126,0.078125,0.078125,0.0,N,,hardware
FT-PT,pressure,1380.042380978,1779490225.2899444,1.2383820102670204,,92.29775128337755,psi,,hardware
FM-PT,pressure,1380.046656197,1779490225.2942195,0.7892353283447419,,36.15441604309273,psi,,hardware
CC-PT,pressure,1380.050448111,1779490225.2980115,0.17396809744454592,,-40.753987819431764,psi,,hardware
N-LC,thrust,1380.044060105,1779490225.2916234,0.078125,0.078125,0.0,N,,hardware
LF-PT,pressure,1380.055953593,1779490225.3035176,0.1726556030101303,,-40.918049623733715,psi,,hardware
FI-PT,pressure,1380.060719988,1779490225.3082833,0.5040091876994595,,0.5011484624324325,psi,,hardware
WM-PT,pressure,1380.064463811,1779490225.3120275,0.3473782953474874,,-19.077713081564077,psi,,hardware
E-LC,thrust,1380.057388882,1779490225.3049526,0.078125,0.078125,0.0,N,,hardware
FT-PT,pressure,1380.068248503,1779490225.3158123,1.2375386044429069,,92.19232555536335,psi,,hardware
FM-PT,pressure,1380.072446319,1779490225.32001,0.7894755350918216,,36.18444188647769,psi,,hardware
N-LC,thrust,1380.069857948,1779490225.3174212,0.078125,0.078125,0.0,N,,hardware
CC-PT,pressure,1380.077274581,1779490225.324838,0.1746565311737694,,-40.667933603278826,psi,,hardware
LF-PT,pressure,1380.081476489,1779490225.3290398,0.17286898766386363,,-40.89137654201705,psi,,hardware
FI-PT,pressure,1380.085176093,1779490225.3327394,0.5042380695626818,,0.5297586953352251,psi,,hardware
E-LC,thrust,1380.079855026,1779490225.327418,0.078125,0.078125,0.0,N,,hardware
WM-PT,pressure,1380.091782105,1779490225.3393464,0.34768287511859836,,-19.039640610175205,psi,,hardware
LF-PT,pressure,1380.096622552,1779490225.344186,0.17324092069159994,,-40.84488491355001,psi,,hardware
FT-PT,pressure,1380.100480258,1779490225.3480437,1.2366069837340097,,92.0758729667512,psi,,hardware
N-LC,thrust,1380.093183414,1779490225.340747,0.078125,0.078125,0.0,N,,hardware
FM-PT,pressure,1380.104223526,1779490225.351787,0.789564346023124,,36.195543252890495,psi,,hardware
CC-PT,pressure,1380.108451729,1779490225.3560152,0.17531099025142077,,-40.5861262185724,psi,,hardware
LF-PT,pressure,1380.112193645,1779490225.359757,0.17347278278741632,,-40.81590215157296,psi,,hardware
E-LC,thrust,1380.105820564,1779490225.353384,0.078125,0.078125,0.0,N,,hardware
FI-PT,pressure,1380.115956282,1779490225.3635194,0.5045033102635514,,0.5629137829439301,psi,,hardware
WM-PT,pressure,1380.120178986,1779490225.3677423,0.3480279860529883,,-18.996501743376463,psi,,hardware
FT-PT,pressure,1380.123918088,1779490225.3714814,1.2357629818633773,,91.97037273292216,psi,,hardware
N-LC,thrust,1380.117570616,1779490225.3651338,0.078125,0.078125,0.0,N,,hardware
FM-PT,pressure,1380.127612044,1779490225.3751757,0.7896346795123433,,36.204334939042916,psi,,hardware
CC-PT,pressure,1380.132239447,1779490225.3798032,0.17610432816795446,,-40.48695897900569,psi,,hardware
E-LC,thrust,1380.129207879,1779490225.376771,0.078125,0.078125,0.0,N,,hardware
LF-PT,pressure,1380.1370191,1779490225.3845828,0.17374457999999285,,-40.7819275000009,psi,,hardware
FI-PT,pressure,1380.141288523,1779490225.3888516,0.5045652991015075,,0.5706623876884365,psi,,hardware
WM-PT,pressure,1380.145026977,1779490225.3925905,0.34839813094116817,,-18.950233632353978,psi,,hardware
N-LC,thrust,1380.139636451,1779490225.3871996,0.078125,0.078125,0.0,N,,hardware
FT-PT,pressure,1380.148712618,1779490225.3962762,1.2349267285974894,,91.86584107468617,psi,,hardware
FM-PT,pressure,1380.152954339,1779490225.4005177,0.789567326255718,,36.19591578196475,psi,,hardware
CC-PT,pressure,1380.156705348,1779490225.4042685,0.1769083949218267,,-40.38645063477166,psi,,hardware
E-LC,thrust,1380.151289434,1779490225.3988528,0.078125,0.078125,0.0,N,,hardware
LF-PT,pressure,1380.160385767,1779490225.407949,0.1739531962815757,,-40.75585046480304,psi,,hardware
FI-PT,pressure,1380.164524568,1779490225.4120882,0.5046058302647864,,0.575728783098306,psi,,hardware
WM-PT,pressure,1380.169025238,1779490225.4165893,0.348824304202116,,-18.896961974735497,psi,,hardware
N-LC,thrust,1380.162959917,1779490225.4105234,0.078125,0.078125,0.0,N,,hardware
FT-PT,pressure,1380.174058543,1779490225.4216218,1.2341971676584682,,91.77464595730852,psi,,hardware
FM-PT,pressure,1380.178283506,1779490225.4258468,0.7896340834658245,,36.204260433228065,psi,,hardware
CC-PT,pressure,1380.182030181,1779490225.4295936,0.17755272120865837,,-40.3059098489177,psi,,hardware
E-LC,thrust,1380.176699522,1779490225.424263,0.078125,0.078125,0.0,N,,hardware
LF-PT,pressure,1380.185794893,1779490225.4333582,0.17434479884443269,,-40.70690014444592,psi,,hardware
FI-PT,pressure,1380.192289615,1779490225.4398537,0.5047298079406985,,0.5912259925873187,psi,,hardware
WM-PT,pressure,1380.195721512,1779490225.443285,0.34913424839189633,,-18.858218951012958,psi,,hardware
FT-PT,pressure,1380.199457113,1779490225.4470208,1.2333197871827826,,91.66497339784782,psi,,hardware
N-LC,thrust,1380.189586287,1779490225.4371498,0.078125,0.078125,0.0,N,,hardware
FM-PT,pressure,1380.203169143,1779490225.4507325,0.789635871605381,,36.20448395067262,psi,,hardware
CC-PT,pressure,1380.207451972,1779490225.4550152,0.17820002772808405,,-40.22499653398949,psi,,hardware
LF-PT,pressure,1380.2115877,1779490225.459151,0.17458262140543718,,-40.67717232432035,psi,,hardware
E-LC,thrust,1380.204823956,1779490225.4523873,0.078125,0.078125,0.0,N,,hardware
FI-PT,pressure,1380.215298099,1779490225.4628615,0.504852593523573,,0.6065741904466293,psi,,hardware
WM-PT,pressure,1380.219517877,1779490225.4670813,0.3495997607230855,,-18.80002990961431,psi,,hardware
FT-PT,pressure,1380.223215592,1779490225.470779,1.2324561157770295,,91.55701447212869,psi,,hardware
N-LC,thrust,1380.216928136,1779490225.4644916,0.078125,0.078125,0.0,N,,hardware
FM-PT,pressure,1380.226930658,1779490225.474494,0.7898039567236849,,36.225494590460606,psi,,hardware
CC-PT,pressure,1380.231168657,1779490225.478732,0.17893614517881215,,-40.13298185264848,psi,,hardware
LF-PT,pressure,1380.234879445,1779490225.4824429,0.17484428582719397,,-40.644464271600754,psi,,hardware
E-LC,thrust,1380.228575101,1779490225.4761386,0.078125,0.078125,0.0,N,,hardware
FI-PT,pressure,1380.238582031,1779490225.4861455,0.5049414044548755,,0.6176755568594317,psi,,hardware
WM-PT,pressure,1380.242873027,1779490225.4904363,0.35000864863498793,,-18.748918920626508,psi,,hardware
FT-PT,pressure,1380.246590685,1779490225.4941542,1.2315942325108329,,91.4492790638541,psi,,hardware
N-LC,thrust,1380.240241306,1779490225.4878047,0.078125,0.078125,0.0,N,,hardware
FM-PT,pressure,1380.250330342,1779490225.4978936,0.7899499881207929,,36.24374851509911,psi,,hardware
CC-PT,pressure,1380.254553898,1779490225.5021174,0.17956855053526766,,-40.05393118309154,psi,,hardware
LF-PT,pressure,1380.258481914,1779490225.5060453,0.17495753466576752,,-40.63030816677906,psi,,hardware
FI-PT,pressure,1380.261617032,1779490225.5091803,0.5049616700365149,,0.6202087545643664,psi,,hardware
WM-PT,pressure,1380.264741113,1779490225.5123045,0.3502685249171883,,-18.716434385351462,psi,,hardware
FT-PT,pressure,1380.267830992,1779490225.5153942,1.2306381738946646,,91.32977173683307,psi,,hardware
FM-PT,pressure,1380.270946981,1779490225.5185103,0.7898522364917083,,36.23152956146354,psi,,hardware
LF-PT,pressure,1380.274035824,1779490225.521599,0.17546894257890494,,-40.56638217763688,psi,,hardware
CC-PT,pressure,1380.277149239,1779490225.5247128,0.17989578007409335,,-40.01302749073833,psi,,hardware
FI-PT,pressure,1380.280293171,1779490225.5278566,0.5049330598036121,,0.6166324754515173,psi,,hardware
WM-PT,pressure,1380.283433991,1779490225.5309973,0.35060886747942777,,-18.67389156507153,psi,,hardware
FT-PT,pressure,1380.287118429,1779490225.5346818,1.229788807605363,,91.22360095067036,psi,,hardware
FM-PT,pressure,1380.295324017,1779490225.5428886,0.7897550809091426,,36.21938511364282,psi,,hardware
LF-PT,pressure,1380.298542297,1779490225.5461059,0.17595710467780884,,-40.505361915273895,psi,,hardware
FI-PT,pressure,1380.301728781,1779490225.5492923,0.504992664455493,,0.6240830569366196,psi,,hardware
WM-PT,pressure,1380.304858899,1779490225.552422,0.35127822772004935,,-18.59022153499383,psi,,hardware
CC-PT,pressure,1380.308019775,1779490225.5555832,0.18036129240528254,,-39.95483844933968,psi,,hardware
FT-PT,pressure,1380.31112919,1779490225.5586927,1.2288100992214799,,91.10126240268498,psi,,hardware
FM-PT,pressure,1380.314345173,1779490225.5619085,0.7897592532347742,,36.21990665434678,psi,,hardware
LF-PT,pressure,1380.317467162,1779490225.5650303,0.17638804631090715,,-40.451494211136605,psi,,hardware
FI-PT,pressure,1380.320604964,1779490225.5681684,0.5050099498045384,,0.6262437255672992,psi,,hardware
WM-PT,pressure,1380.323715083,1779490225.5712783,0.35165552516645493,,-18.543059354193133,psi,,hardware
CC-PT,pressure,1380.326811092,1779490225.5743744,0.18080534706179463,,-39.89933161727567,psi,,hardware
FT-PT,pressure,1380.329892324,1779490225.5774555,1.227747348278445,,90.96841853480561,psi,,hardware
FM-PT,pressure,1380.332377015,1779490225.5799403,0.7896501767218324,,36.20627209022904,psi,,hardware
LF-PT,pressure,1380.335441637,1779490225.5830052,0.1768946858518941,,-40.388164268513236,psi,,hardware
FI-PT,pressure,1380.33854846,1779490225.5861118,0.5050200825953581,,0.6275103244197666,psi,,hardware
WM-PT,pressure,1380.341677911,1779490225.589241,0.351950568193265,,-18.506178975841877,psi,,hardware
CC-PT,pressure,1380.344785974,1779490225.5923493,0.18116416706611715,,-39.854479116735355,psi,,hardware
FT-PT,pressure,1380.347857188,1779490225.5954204,1.2267877133831637,,90.84846417289546,psi,,hardware
FM-PT,pressure,1380.35091881,1779490225.5984821,0.7894171225329784,,36.17714031662229,psi,,hardware
LF-PT,pressure,1380.353391187,1779490225.6009543,0.17728748050778873,,-40.339064936526405,psi,,hardware
FI-PT,pressure,1380.356483863,1779490225.604047,0.504995644688087,,0.6244555860108747,psi,,hardware
WM-PT,pressure,1380.359610907,1779490225.6071742,0.3523236933140389,,-18.459538335745137,psi,,hardware
CC-PT,pressure,1380.362717785,1779490225.610281,0.1815974928852907,,-39.80031338933866,psi,,hardware
FT-PT,pressure,1380.365792295,1779490225.6133556,1.2258227140692133,,90.72783925865166,psi,,hardware
FM-PT,pressure,1380.369258764,1779490225.6168222,0.7894248711377229,,36.178108892215356,psi,,hardware
LF-PT,pressure,1380.372385512,1779490225.6199489,0.1777231905130375,,-40.28460118587031,psi,,hardware
FI-PT,pressure,1380.374901127,1779490225.6224644,0.5050016051532751,,0.6252006441593849,psi,,hardware
WM-PT,pressure,1380.377375283,1779490225.6249385,0.35254005820036627,,-18.432492724954216,psi,,hardware
CC-PT,pressure,1380.379876399,1779490225.6274395,0.18207790637945015,,-39.74026170256873,psi,,hardware
FT-PT,pressure,1380.382931947,1779490225.6304953,1.2247987061499006,,90.59983826873757,psi,,hardware
FM-PT,pressure,1380.385992754,1779490225.633556,0.7894993769525739,,36.187422119071734,psi,,hardware
LF-PT,pressure,1380.391244881,1779490225.6388092,0.17821612098409187,,-40.22298487698851,psi,,hardware
FI-PT,pressure,1380.395018999,1779490225.642583,0.5050367718978848,,0.6295964872355952,psi,,hardware
WM-PT,pressure,1380.39822202,1779490225.6457853,0.3529286805306292,,-18.38391493367135,psi,,hardware
FT-PT,pressure,1380.401367155,1779490225.6489308,1.2237669496258436,,90.47086870323045,psi,,hardware
FM-PT,pressure,1380.403863587,1779490225.6514268,0.7896656739313214,,36.20820924141517,psi,,hardware
CC-PT,pressure,1380.406987853,1779490225.654551,0.18269481452641662,,-39.66314818419792,psi,,hardware
LF-PT,pressure,1380.410073196,1779490225.6576366,0.17833235005525946,,-40.20845624309256,psi,,hardware
FI-PT,pressure,1380.413240867,1779490225.660804,0.5050099498045384,,0.6262437255672992,psi,,hardware
FT-PT,pressure,1380.416357504,1779490225.6639209,1.2230755356640262,,90.38444195800326,psi,,hardware
WM-PT,pressure,1380.419519602,1779490225.6670828,0.35365406914401876,,-18.293241356997655,psi,,hardware
FM-PT,pressure,1380.422630961,1779490225.6701941,0.7891268478783188,,36.140855984789845,psi,,hardware
CC-PT,pressure,1380.425785152,1779490225.6733487,0.18331410685945831,,-39.58573664256771,psi,,hardware
LF-PT,pressure,1380.428302508,1779490225.6758657,0.1785385821507671,,-40.18267723115411,psi,,hardware
FI-PT,pressure,1380.43143807,1779490225.6790016,0.5049777632925228,,0.622220411565344,psi,,hardware
FT-PT,pressure,1380.433957889,1779490225.6815212,1.2222053077465662,,90.27566346832077,psi,,hardware
WM-PT,pressure,1380.437000679,1779490225.6845639,0.3543520396175432,,-18.2059950478071,psi,,hardware
FM-PT,pressure,1380.439561736,1779490225.687125,0.7885379539177363,,36.067244239717034,psi,,hardware
CC-PT,pressure,1380.44265643,1779490225.6902199,0.18381478593525719,,-39.52315175809285,psi,,hardware
LF-PT,pressure,1380.446209006,1779490225.6937726,0.17859997494220434,,-40.175003132224454,psi,,hardware
FI-PT,pressure,1380.449326531,1779490225.6968899,0.5051243907361496,,0.6405488420186956,psi,,hardware
FT-PT,pressure,1380.454273712,1779490225.7018378,1.2214656140167253,,90.18320175209065,psi,,hardware
FM-PT,pressure,1380.457439124,1779490225.7050025,0.7885945783370231,,36.07432229212788,psi,,hardware
WM-PT,pressure,1380.460522745,1779490225.708086,0.35475079473862586,,-18.156150657671766,psi,,hardware
LF-PT,pressure,1380.463609384,1779490225.7111726,0.17883541331713357,,-40.1455733353583,psi,,hardware
CC-PT,pressure,1380.466119833,1779490225.7136831,0.1842028122190013,,-39.474648472624835,psi,,hardware
FT-PT,pressure,1380.469228563,1779490225.716792,1.2204320693531119,,90.05400866913898,psi,,hardware
FI-PT,pressure,1380.472307462,1779490225.7198708,0.5056363946958059,,0.7045493369757377,psi,,hardware
FM-PT,pressure,1380.475403211,1779490225.7229664,0.7882596001934529,,36.03245002418161,psi,,hardware
WM-PT,pressure,1380.478482998,1779490225.7260463,0.3552627986982821,,-18.092150162714738,psi,,hardware
LF-PT,pressure,1380.481579137,1779490225.7291424,0.17913880099520693,,-40.10764987559913,psi,,hardware
CC-PT,pressure,1380.484664813,1779490225.732228,0.18453302199042107,,-39.43337225119736,psi,,hardware
FT-PT,pressure,1380.487755099,1779490225.7353182,1.219424750736326,,89.92809384204075,psi,,hardware
FI-PT,pressure,1380.493102294,1779490225.7406664,0.5062229044703132,,0.7778630587891439,psi,,hardware
LF-PT,pressure,1380.496225635,1779490225.743789,0.17949404472041663,,-40.06324440994792,psi,,hardware
FM-PT,pressure,1380.499350142,1779490225.7469134,0.7876343473952231,,35.954293424402884,psi,,hardware
WM-PT,pressure,1380.502445632,1779490225.7500088,0.3556806273079666,,-18.03992158650417,psi,,hardware
FT-PT,pressure,1380.5056076,1779490225.7531712,1.218592073749551,,89.82400921869387,psi,,hardware
CC-PT,pressure,1380.50813253,1779490225.7556958,0.18549980944392794,,-39.312523819509,psi,,hardware
LF-PT,pressure,1380.511180264,1779490225.7587438,0.179579875419125,,-40.05251557260937,psi,,hardware
FI-PT,pressure,1380.514214035,1779490225.7617774,0.5061841614465906,,0.7730201808238274,psi,,hardware
FM-PT,pressure,1380.516660914,1779490225.7642243,0.787106250179559,,35.88828127244488,psi,,hardware
WM-PT,pressure,1380.519712129,1779490225.7672753,0.35611216498758375,,-17.98597937655203,psi,,hardware
FT-PT,pressure,1380.522748734,1779490225.7703118,1.2175895235049157,,89.69869043811445,psi,,hardware
CC-PT,pressure,1380.526256052,1779490225.7738194,0.18637897805917,,-39.202627742603745,psi,,hardware
LF-PT,pressure,1380.529383281,1779490225.7769465,0.17979147193330192,,-40.02606600833726,psi,,hardware
FI-PT,pressure,1380.532516436,1779490225.7800796,0.5061495907484997,,0.7686988435624681,psi,,hardware
FM-PT,pressure,1380.535629166,1779490225.7831926,0.7867486222682741,,35.843577783534265,psi,,hardware
WM-PT,pressure,1380.538733674,1779490225.7862968,0.35663608987761614,,-17.920488765297982,psi,,hardware
FT-PT,pressure,1380.541814128,1779490225.7893772,1.216845657449443,,89.60570718118038,psi,,hardware
CC-PT,pressure,1380.544947097,1779490225.7925105,0.18724503365099832,,-39.09437079362521,psi,,hardware
LF-PT,pressure,1380.54807466,1779490225.795638,0.1799363112373723,,-40.00796109532846,psi,,hardware
FI-PT,pressure,1380.551194556,1779490225.7987578,0.5062068112143053,,0.7758514017881663,psi,,hardware
FM-PT,pressure,1380.554376985,1779490225.8019404,0.7864464266832384,,35.805803335404796,psi,,hardware
WM-PT,pressure,1380.557502215,1779490225.8050656,0.3570473619755938,,-17.869079753050777,psi,,hardware
FT-PT,pressure,1380.560616741,1779490225.8081799,1.2158556241817027,,89.48195302271283,psi,,hardware
CC-PT,pressure,1380.563736248,1779490225.8112996,0.18801333761374206,,-38.99833279828224,psi,,hardware
LF-PT,pressure,1380.566258067,1779490225.8138216,0.18004657984335182,,-39.99417751958102,psi,,hardware
FI-PT,pressure,1380.569353668,1779490225.816917,0.5062002547025984,,0.775031837824805,psi,,hardware
FM-PT,pressure,1380.572474713,1779490225.8200383,0.7859362108631385,,35.74202635789231,psi,,hardware
WM-PT,pressure,1380.575585183,1779490225.8231485,0.35749082058558707,,-17.813647426801616,psi,,hardware
FT-PT,pressure,1380.578681248,1779490225.8262444,1.2150604981256126,,89.38256226570157,psi,,hardware
CC-PT,pressure,1380.581795477,1779490225.8293586,0.18891515599669884,,-38.885605500412645,psi,,hardware
LF-PT,pressure,1380.584917133,1779490225.8324804,0.18023373845025759,,-39.9707826937178,psi,,hardware
FI-PT,pressure,1380.587968311,1779490225.8355315,0.5061960823769668,,0.7745102971208478,psi,,hardware
FT-PT,pressure,1380.593650042,1779490225.8412142,1.2143208043957716,,89.29010054947145,psi,,hardware
FM-PT,pressure,1380.596765235,1779490225.8443286,0.7859743578403422,,35.74679473004277,psi,,hardware
WM-PT,pressure,1380.599867743,1779490225.8474312,0.35804991222022914,,-17.743760972471357,psi,,hardware
LF-PT,pressure,1380.602988102,1779490225.8505516,0.1806062675245127,,-39.92421655943591,psi,,hardware
CC-PT,pressure,1380.606463552,1779490225.8540273,0.18932583204815773,,-38.83427099398028,psi,,hardware
FT-PT,pressure,1380.609590633,1779490225.8571541,1.2132395760106536,,89.15494700133169,psi,,hardware
FI-PT,pressure,1380.612051937,1779490225.8596153,0.5067664988954662,,0.8458123619332764,psi,,hardware
FM-PT,pressure,1380.61515839,1779490225.8627214,0.7856834871391638,,35.71043589239547,psi,,hardware
WM-PT,pressure,1380.620112015,1779490225.8676763,0.3584129045501833,,-17.698386931227084,psi,,hardware
LF-PT,pressure,1380.623338683,1779490225.8709025,0.18096687566839165,,-39.879140541451044,psi,,hardware
FT-PT,pressure,1380.626430117,1779490225.8739934,1.2123067632087188,,89.03834540108984,psi,,hardware
CC-PT,pressure,1380.629594622,1779490225.877158,0.19000592112611786,,-38.749259859235266,psi,,hardware
FM-PT,pressure,1380.632076258,1779490225.8796396,0.7852054578310796,,35.65068222888495,psi,,hardware
FI-PT,pressure,1380.635212635,1779490225.882776,0.5070514091314565,,0.8814261414320651,psi,,hardware
LF-PT,pressure,1380.638311403,1779490225.885875,0.18116893543826762,,-39.85388307021655,psi,,hardware
WM-PT,pressure,1380.640784317,1779490225.8883479,0.3585148285048995,,-17.68564643688756,psi,,hardware
FT-PT,pressure,1380.643842106,1779490225.8914053,1.2114836229662447,,88.93545287078058,psi,,hardware
CC-PT,pressure,1380.646938596,1779490225.8945022,0.1908171404382158,,-38.647857445223025,psi,,hardware
FM-PT,pressure,1380.650068788,1779490225.897632,0.7845253687531195,,35.56567109413994,psi,,hardware
FI-PT,pressure,1380.653135039,1779490225.9006984,0.507345260065229,,0.9181575081536192,psi,,hardware
LF-PT,pressure,1380.656253954,1779490225.9038172,0.1814514614881827,,-39.81856731397716,psi,,hardware
WM-PT,pressure,1380.65876157,1779490225.906325,0.358665628274158,,-17.66679646573025,psi,,hardware
FT-PT,pressure,1380.661873893,1779490225.9094372,1.2106724036541467,,88.83405045676834,psi,,hardware
CC-PT,pressure,1380.664384527,1779490225.9119477,0.19159617323829808,,-38.55047834521274,psi,,hardware
FM-PT,pressure,1380.666864849,1779490225.9144285,0.783977005955816,,35.497125744476996,psi,,hardware
FI-PT,pressure,1380.669904249,1779490225.9174676,0.5077523598375749,,0.9690449796968675,psi,,hardware
LF-PT,pressure,1380.672984518,1779490225.9205477,0.18174531242195513,,-39.78183594725561,psi,,hardware
WM-PT,pressure,1380.676058176,1779490225.9236217,0.3588039110665215,,-17.649511116684813,psi,,hardware
FT-PT,pressure,1380.678539331,1779490225.9261026,1.2096758138746995,,88.70947673433743,psi,,hardware
CC-PT,pressure,1380.682022355,1779490225.929586,0.19247593790005899,,-38.44050776249262,psi,,hardware
FM-PT,pressure,1380.685138418,1779490225.9327016,0.7833577136227743,,35.419714202846784,psi,,hardware
FI-PT,pressure,1380.688257462,1779490225.935821,0.5080921063532956,,1.0115132941619502,psi,,hardware
LF-PT,pressure,1380.694414796,1779490225.941979,0.18205764079781067,,-39.742794900273665,psi,,hardware
FT-PT,pressure,1380.697599096,1779490225.9451625,1.2087745915382615,,88.59682394228268,psi,,hardware
WM-PT,pressure,1380.700699549,1779490225.948263,0.3595877122387543,,-17.55153597015571,psi,,hardware
FM-PT,pressure,1380.703833185,1779490225.9513967,0.7831836680392823,,35.397958504910285,psi,,hardware
CC-PT,pressure,1380.706865864,1779490225.9544294,0.1930457583720396,,-38.369280203495045,psi,,hardware
LF-PT,pressure,1380.710006389,1779490225.9575696,0.18214168335696262,,-39.73228958037967,psi,,hardware
FI-PT,pressure,1380.712528578,1779490225.9600918,0.5079311737932174,,0.9913967241521743,psi,,hardware
FT-PT,pressure,1380.715005233,1779490225.9625685,1.2080313215293077,,88.50391519116346,psi,,hardware
WM-PT,pressure,1380.718058392,1779490225.9656217,0.3602004480600891,,-17.47494399248886,psi,,hardware
FM-PT,pressure,1380.721104978,1779490225.9686682,0.7826168277998957,,35.32710347498696,psi,,hardware
CC-PT,pressure,1380.723637111,1779490225.9712002,0.1936364404721785,,-38.29544494097768,psi,,hardware
LF-PT,pressure,1380.726695029,1779490225.9742584,0.18231215266134176,,-39.71098091733228,psi,,hardware
FI-PT,pressure,1380.729761336,1779490225.9773245,0.5079424986770747,,0.9928123346343437,psi,,hardware
FT-PT,pressure,1380.732872825,1779490225.9804363,1.207362557335205,,88.42031966690061,psi,,hardware
WM-PT,pressure,1380.735995425,1779490225.9835587,0.36073510178746004,,-17.408112276567493,psi,,hardware
FM-PT,pressure,1380.738472599,1779490225.986036,0.7820994594215702,,35.262432427696275,psi,,hardware
CC-PT,pressure,1380.741030675,1779490225.9885945,0.19421341350238486,,-38.22332331220189,psi,,hardware
LF-PT,pressure,1380.744122962,1779490225.9916863,0.1823944070809373,,-39.70069911488284,psi,,hardware
FI-PT,pressure,1380.74725008,1779490225.9948134,0.5078846821647504,,0.9855852705937945,psi,,hardware
FT-PT,pressure,1380.750345125,1779490225.9979086,1.2064631231383234,,88.30789039229042,psi,,hardware
WM-PT,pressure,1380.752839446,1779490226.0004027,0.3615123464479859,,-17.31095669400176,psi,,hardware
FM-PT,pressure,1380.755985581,1779490226.0035486,0.781692955695743,,35.21161946196788,psi,,hardware
CC-PT,pressure,1380.760513138,1779490226.0080771,0.1947403186250113,,-38.15746017187359,psi,,hardware
LF-PT,pressure,1380.76361111,1779490226.0111747,0.18252136498944344,,-39.68482937631957,psi,,hardware
FT-PT,pressure,1380.766693805,1779490226.0142574,1.2055833584765623,,88.19791980957028,psi,,hardware
FI-PT,pressure,1380.769824238,1779490226.0173879,0.5083567510076464,,1.0445938759558042,psi,,hardware
FM-PT,pressure,1380.772971707,1779490226.020535,0.7813561894126164,,35.16952367657705,psi,,hardware
WM-PT,pressure,1380.777987773,1779490226.0255518,0.3619116976155874,,-17.261037798051575,psi,,hardware
LF-PT,pressure,1380.781172073,1779490226.0287356,0.18272700103843226,,-39.65912487019597,psi,,hardware
FT-PT,pressure,1380.784287822,1779490226.0318513,1.20450928264967,,88.06366033120874,psi,,hardware
CC-PT,pressure,1380.786802142,1779490226.0343654,0.19566180654308873,,-38.04227418211391,psi,,hardware
FM-PT,pressure,1380.791936646,1779490226.0395005,0.7808650470811185,,35.10813088513981,psi,,hardware
FI-PT,pressure,1380.79518585,1779490226.0427492,0.5088222633388356,,1.1027829173544528,psi,,hardware
WM-PT,pressure,1380.797674986,1779490226.0452383,0.3621381952927345,,-17.232725588408186,psi,,hardware
LF-PT,pressure,1380.800198972,1779490226.0477622,0.18300952708834733,,-39.62380911395658,psi,,hardware
FT-PT,pressure,1380.803316887,1779490226.0508802,1.203642034964804,,87.9552543706005,psi,,hardware
FM-PT,pressure,1380.806499131,1779490226.0540624,0.7809300161516686,,35.11625201895857,psi,,hardware
CC-PT,pressure,1380.809613084,1779490226.0571766,0.1961845393400835,,-37.97693258248956,psi,,hardware
FI-PT,pressure,1380.812703093,1779490226.0602665,0.5088866363628669,,1.1108295453583632,psi,,hardware
WM-PT,pressure,1380.815819379,1779490226.0633829,0.3624648287850414,,-17.191896401869826,psi,,hardware
LF-PT,pressure,1380.818941627,1779490226.0665047,0.18323662081201325,,-39.59542239849834,psi,,hardware
FT-PT,pressure,1380.82199286,1779490226.0695562,1.2026949170464178,,87.83686463080222,psi,,hardware
FM-PT,pressure,1380.825018318,1779490226.0725815,0.7808346487086593,,35.104331088582406,psi,,hardware
CC-PT,pressure,1380.828131492,1779490226.0756948,0.19679071864971145,,-37.90116016878607,psi,,hardware
FI-PT,pressure,1380.831202873,1779490226.078766,0.5089718710150565,,1.1214838768820594,psi,,hardware
WM-PT,pressure,1380.834311104,1779490226.0818744,0.3627282813463546,,-17.158964831705674,psi,,hardware
LF-PT,pressure,1380.837344523,1779490226.0849078,0.18341245453506166,,-39.57344318311729,psi,,hardware
FT-PT,pressure,1380.840809696,1779490226.0883732,1.2018163444776946,,87.72704305971182,psi,,hardware
FM-PT,pressure,1380.843934722,1779490226.091498,0.7808483577785919,,35.10604472232398,psi,,hardware
CC-PT,pressure,1380.847092672,1779490226.094656,0.19745531051818258,,-37.81808618522718,psi,,hardware
FI-PT,pressure,1380.850197643,1779490226.097761,0.5089933286897336,,1.1241660862166962,psi,,hardware
WM-PT,pressure,1380.853344483,1779490226.100908,0.3631800846076112,,-17.1024894240486,psi,,hardware
LF-PT,pressure,1380.856453954,1779490226.1040175,0.1836270312818326,,-39.54662108977092,psi,,hardware
FT-PT,pressure,1380.859562944,1779490226.1071262,1.2008471728381125,,87.60589660476406,psi,,hardware
FM-PT,pressure,1380.862687358,1779490226.110251,0.7808900810349084,,35.11126012936355,psi,,hardware
CC-PT,pressure,1380.86580507,1779490226.1133683,0.19791486238418368,,-37.76064220197704,psi,,hardware
FI-PT,pressure,1380.868324186,1779490226.1158876,0.5089223991539954,,1.1152998942494246,psi,,hardware
WM-PT,pressure,1380.871361531,1779490226.1189249,0.36337260763318624,,-17.07842404585172,psi,,hardware
LF-PT,pressure,1380.874423135,1779490226.1219864,0.18390896128522888,,-39.51137983934639,psi,,hardware
FT-PT,pressure,1380.877503348,1779490226.1250665,1.1999715805019833,,87.4964475627479,psi,,hardware
FM-PT,pressure,1380.879971541,1779490226.1275349,0.7806975580093334,,35.08719475116667,psi,,hardware
CC-PT,pressure,1380.882450955,1779490226.1300142,0.19845011215807343,,-37.693735980240824,psi,,hardware
FI-PT,pressure,1380.885525465,1779490226.1330888,0.5090731989232539,,1.1341498654067332,psi,,hardware
WM-PT,pressure,1380.891141794,1779490226.1387062,0.3637344078701028,,-17.03319901623715,psi,,hardware
LF-PT,pressure,1380.894620392,1779490226.1421843,0.18405499268233688,,-39.49312591470789,psi,,hardware
FT-PT,pressure,1380.897777638,1779490226.145341,1.1989279030475501,,87.36598788094376,psi,,hardware
FM-PT,pressure,1380.90086687,1779490226.1484303,0.780698750102371,,35.08734376279637,psi,,hardware
FI-PT,pressure,1380.904034523,1779490226.1515977,0.509479702649081,,1.1849628311351306,psi,,hardware
CC-PT,pressure,1380.907184492,1779490226.154748,0.1987898586737941,,-37.65126766577574,psi,,hardware
LF-PT,pressure,1380.910301944,1779490226.1578653,0.18424095919620503,,-39.46988010047437,psi,,hardware
WM-PT,pressure,1380.913417063,1779490226.1609805,0.36386136577860906,,-17.017329277673866,psi,,hardware
FT-PT,pressure,1380.916492258,1779490226.1640556,1.1981363532705729,,87.2670441588216,psi,,hardware
FM-PT,pressure,1380.91996869,1779490226.1675324,0.7807488180099509,,35.09360225124386,psi,,hardware
FI-PT,pressure,1380.923144731,1779490226.1707082,0.5097234856752736,,1.2154357094091988,psi,,hardware
CC-PT,pressure,1380.926303088,1779490226.1738665,0.19917788495753824,,-37.60276438030772,psi,,hardware
LF-PT,pressure,1380.928772688,1779490226.176336,0.1843828182676814,,-39.45214771653982,psi,,hardware
WM-PT,pressure,1380.931291378,1779490226.1788547,0.36401991415261203,,-16.997510730923494,psi,,hardware
FT-PT,pressure,1380.933837419,1779490226.1814005,1.197368645354348,,87.17108066929349,psi,,hardware
FM-PT,pressure,1380.936980295,1779490226.1845438,0.7807273603352738,,35.09092004190922,psi,,hardware
LF-PT,pressure,1380.942122447,1779490226.1896865,0.18472673710903373,,-39.40915786137078,psi,,hardware
FI-PT,pressure,1380.945425796,1779490226.1929893,0.5096924912562956,,1.2115614070369456,psi,,hardware
CC-PT,pressure,1380.948566376,1779490226.1961296,0.19964399333524624,,-37.54450083309422,psi,,hardware
FT-PT,pressure,1380.951625924,1779490226.199189,1.1965252395302344,,87.06565494127929,psi,,hardware
WM-PT,pressure,1380.954744802,1779490226.2023082,0.3646421867182478,,-16.919726660219027,psi,,hardware
LF-PT,pressure,1380.957840145,1779490226.2054033,0.1849788647864896,,-39.3776419016888,psi,,hardware
FM-PT,pressure,1380.960947523,1779490226.2085109,0.7800484633503513,,35.00605791879391,psi,,hardware
FI-PT,pressure,1380.963428252,1779490226.2109916,0.5099511754454583,,1.2438969306822893,psi,,hardware
CC-PT,pressure,1380.966540594,1779490226.2141042,0.19998493194400452,,-37.501883506999434,psi,,hardware
FT-PT,pressure,1380.969015564,1779490226.2165787,1.1957319016137005,,86.96648770171255,psi,,hardware
WM-PT,pressure,1380.972113091,1779490226.2196767,0.3652853209120418,,-16.839334885994774,psi,,hardware
LF-PT,pressure,1380.975234562,1779490226.2227979,0.1851839047889596,,-39.352011901380045,psi,,hardware
FM-PT,pressure,1380.978347921,1779490226.2259114,0.7793761228771356,,34.922015359641954,psi,,hardware
FI-PT,pressure,1380.981344843,1779490226.228908,0.5102623117282763,,1.282788966034537,psi,,hardware
CC-PT,pressure,1380.98434221,1779490226.2319055,0.20038666729768123,,-37.451666587789845,psi,,hardware
FT-PT,pressure,1380.987422664,1779490226.234986,1.194940947883242,,86.86761848540525,psi,,hardware
WM-PT,pressure,1380.992315089,1779490226.2398791,0.3658909041751509,,-16.763636978106135,psi,,hardware
LF-PT,pressure,1380.99547128,1779490226.2430346,0.18533172432562403,,-39.33353445929699,psi,,hardware
FM-PT,pressure,1380.998392095,1779490226.2459562,0.7788742517082992,,34.85928146353739,psi,,hardware
FI-PT,pressure,1381.001493437,1779490226.2490568,0.510586561034508,,1.3233201293134933,psi,,hardware
FT-PT,pressure,1381.004646924,1779490226.2522104,1.1943049662476737,,86.7881207809592,psi,,hardware
CC-PT,pressure,1381.007842205,1779490226.2554064,0.2011275531205598,,-37.359055859930024,psi,,hardware
LF-PT,pressure,1381.01041691,1779490226.2579803,0.18546464269931826,,-39.316919662585214,psi,,hardware
WM-PT,pressure,1381.013473977,1779490226.2610373,0.36609057975895165,,-16.738677530131042,psi,,hardware
FM-PT,pressure,1381.0165276,1779490226.2640908,0.7784009907723655,,34.80012384654568,psi,,hardware
FI-PT,pressure,1381.019590184,1779490226.2671535,0.5108774317356863,,1.3596789669607923,psi,,hardware
FT-PT,pressure,1381.022667768,1779490226.270231,1.1935509674013813,,86.69387092517266,psi,,hardware
CC-PT,pressure,1381.025755944,1779490226.2733195,0.20188572429248386,,-37.264284463439516,psi,,hardware
LF-PT,pressure,1381.028873786,1779490226.276437,0.18560292549168175,,-39.29963431353978,psi,,hardware
WM-PT,pressure,1381.032032587,1779490226.279596,0.3661364753408999,,-16.732940582387513,psi,,hardware
FM-PT,pressure,1381.034468597,1779490226.2820318,0.7779724333253424,,34.746554165667796,psi,,hardware
FI-PT,pressure,1381.037584808,1779490226.2851481,0.5111712826694588,,1.3964103336823463,psi,,hardware
FT-PT,pressure,1381.040674299,1779490226.2882376,1.1928333273927363,,86.60416592409203,psi,,hardware
CC-PT,pressure,1381.043190452,1779490226.2907538,0.20266237290649092,,-37.167203386688634,psi,,hardware
LF-PT,pressure,1381.046311626,1779490226.293875,0.18573882409797002,,-39.28264698775374,psi,,hardware
WM-PT,pressure,1381.049429948,1779490226.2969933,0.36625687673769913,,-16.717890407787607,psi,,hardware
FM-PT,pressure,1381.051936695,1779490226.2995,0.7774008247138053,,34.675103089225665,psi,,hardware
FI-PT,pressure,1381.054417016,1779490226.3019807,0.511521758022518,,1.4402197528147476,psi,,hardware
FT-PT,pressure,1381.057546153,1779490226.3051097,1.1920680036625866,,86.50850045782332,psi,,hardware
CC-PT,pressure,1381.06055887,1779490226.3081222,0.20349028152111548,,-37.06371480986056,psi,,hardware
LF-PT,pressure,1381.063599457,1779490226.3111627,0.1857876999125123,,-39.27653751093596,psi,,hardware
WM-PT,pressure,1381.066716946,1779490226.3142803,0.3663045604592038,,-16.711929942599525,psi,,hardware
FM-PT,pressure,1381.069194564,1779490226.316758,0.7768882247076303,,34.611028088453786,psi,,hardware
FI-PT,pressure,1381.072674866,1779490226.3202386,0.511813820816734,,1.4767276020917486,psi,,hardware
FT-PT,pressure,1381.075797132,1779490226.3233607,1.191370629235581,,86.42132865444762,psi,,hardware
CC-PT,pressure,1381.078880142,1779490226.3264434,0.2042258029253248,,-36.9717746343344,psi,,hardware
LF-PT,pressure,1381.081354668,1779490226.328918,0.18599631619409515,,-39.2504604757381,psi,,hardware
WM-PT,pressure,1381.08445364,1779490226.3320172,0.36653403836894494,,-16.68324520388188,psi,,hardware
FM-PT,pressure,1381.087460635,1779490226.335024,0.7767582865665301,,34.59478582081626,psi,,hardware
FI-PT,pressure,1381.093677115,1779490226.341242,0.512031377796099,,1.5039222245123718,psi,,hardware
LF-PT,pressure,1381.096859489,1779490226.344423,0.18628837898831116,,-39.2139526264611,psi,,hardware
FT-PT,pressure,1381.099981607,1779490226.3475451,1.190578483412085,,86.32231042651061,psi,,hardware
CC-PT,pressure,1381.103885607,1779490226.3514502,0.2049607282830153,,-36.87990896462309,psi,,hardware
FM-PT,pressure,1381.107083111,1779490226.3546464,0.7763017149331229,,34.537714366640365,psi,,hardware
FI-PT,pressure,1381.110237431,1779490226.3578007,0.5123228445437962,,1.5403555679745218,psi,,hardware
WM-PT,pressure,1381.112710086,1779490226.3602734,0.3668243130236045,,-16.646960872049434,psi,,hardware
LF-PT,pressure,1381.115822502,1779490226.363386,0.18638434247783928,,-39.201957190270086,psi,,hardware
FT-PT,pressure,1381.118323878,1779490226.3658872,1.1896224247959166,,86.20280309948957,psi,,hardware
FM-PT,pressure,1381.120817347,1779490226.3683803,0.7764268847020728,,34.553360587759094,psi,,hardware
CC-PT,pressure,1381.123282725,1779490226.370846,0.20548465317304768,,-36.81441835336904,psi,,hardware
FI-PT,pressure,1381.126369346,1779490226.3739326,0.5123013868691191,,1.537673358639885,psi,,hardware
WM-PT,pressure,1381.129399025,1779490226.3769622,0.3670865734918801,,-16.614178313514984,psi,,hardware
LF-PT,pressure,1381.132506237,1779490226.3800697,0.18665435155085938,,-39.16820605614257,psi,,hardware
FT-PT,pressure,1381.135560545,1779490226.3831236,1.1887414680411181,,86.09268350513976,psi,,hardware
FM-PT,pressure,1381.138684071,1779490226.3862472,0.7761831016758801,,34.52288770948501,psi,,hardware
CC-PT,pressure,1381.141790949,1779490226.3893542,0.20596149038809422,,-36.754813701488224,psi,,hardware
FI-PT,pressure,1381.144310343,1779490226.3918736,0.5122751608222915,,1.53439510278644,psi,,hardware
WM-PT,pressure,1381.146760629,1779490226.394324,0.3673786362860961,,-16.577670464237983,psi,,hardware
LF-PT,pressure,1381.149693444,1779490226.3972566,0.1869023069026836,,-39.13721163716455,psi,,hardware
FT-PT,pressure,1381.152778009,1779490226.4003413,1.1878152117508902,,85.97690146886127,psi,,hardware
FM-PT,pressure,1381.155874907,1779490226.4034383,0.7761801214432861,,34.52251518041076,psi,,hardware
CC-PT,pressure,1381.158950269,1779490226.4065137,0.2064979322550216,,-36.6877584681223,psi,,hardware
FI-PT,pressure,1381.162181825,1779490226.4097455,0.5122495308219828,,1.531191352747846,psi,,hardware
WM-PT,pressure,1381.164692442,1779490226.4122558,0.36765639396386074,,-16.542950754517406,psi,,hardware
LF-PT,pressure,1381.167786654,1779490226.4153497,0.18713297690546238,,-39.1083778868172,psi,,hardware
FT-PT,pressure,1381.17088883,1779490226.4184523,1.186927102437866,,85.86588780473325,psi,,hardware
FM-PT,pressure,1381.173990227,1779490226.4215534,0.7763064833052734,,34.538310413159174,psi,,hardware
CC-PT,pressure,1381.177089865,1779490226.424653,0.20700278365645214,,-36.62465204294348,psi,,hardware
FI-PT,pressure,1381.180202966,1779490226.4277666,0.5121482029137854,,1.5185253642231722,psi,,hardware
WM-PT,pressure,1381.18326631,1779490226.4308295,0.3680015048982507,,-16.499811887718664,psi,,hardware
LF-PT,pressure,1381.186382725,1779490226.4339461,0.1874327883044229,,-39.07090146194714,psi,,hardware
FT-PT,pressure,1381.191770363,1779490226.4393346,1.1860985977767227,,85.76232472209033,psi,,hardware
FM-PT,pressure,1381.194990735,1779490226.4425545,0.7761705846989851,,34.52132308737314,psi,,hardware
FI-PT,pressure,1381.19808767,1779490226.4456515,0.5125225201275969,,1.5653150159496143,psi,,hardware
CC-PT,pressure,1381.201177698,1779490226.4487412,0.20730915156711954,,-36.586356054110055,psi,,hardware
LF-PT,pressure,1381.203657094,1779490226.4512205,0.18757583946893686,,-39.05302006638289,psi,,hardware
WM-PT,pressure,1381.206807988,1779490226.454372,0.36802296257292777,,-16.497129678384027,psi,,hardware
FT-PT,pressure,1381.209926496,1779490226.45749,1.1852689010225417,,85.6586126278177,psi,,hardware
FM-PT,pressure,1381.213041504,1779490226.460605,0.7760740251629382,,34.509253145367275,psi,,hardware
FI-PT,pressure,1381.216162919,1779490226.4637265,0.5128372326895276,,1.6046540861909542,psi,,hardware
CC-PT,pressure,1381.219304795,1779490226.4668682,0.20770552250212698,,-36.536809687234125,psi,,hardware
LF-PT,pressure,1381.222392305,1779490226.4699557,0.18761994691132866,,-39.04750663608392,psi,,hardware
WM-PT,pressure,1381.224884552,1779490226.4724476,0.36818091490041194,,-16.477385637448506,psi,,hardware
FT-PT,pressure,1381.228276859,1779490226.4758406,1.1844451647335488,,85.55564559169359,psi,,hardware
FM-PT,pressure,1381.231323963,1779490226.4788873,0.7760507793487047,,34.506347418588085,psi,,hardware
FI-PT,pressure,1381.234438174,1779490226.4820013,0.5130649224597124,,1.6331153074640448,psi,,hardware
CC-PT,pressure,1381.237447114,1779490226.4850106,0.20813348390263126,,-36.48331451217109,psi,,hardware
LF-PT,pressure,1381.240496533,1779490226.48806,0.18775167319198527,,-39.03104085100184,psi,,hardware
WM-PT,pressure,1381.24362504,1779490226.4911885,0.3683245621114447,,-16.45942973606941,psi,,hardware
FT-PT,pressure,1381.246101492,1779490226.493665,1.1837227563527533,,85.46534454409415,psi,,hardware
FM-PT,pressure,1381.248616812,1779490226.4961803,0.776015612604095,,34.501951575511875,psi,,hardware
FI-PT,pressure,1381.251102207,1779490226.4986658,0.5133057252533109,,1.6632156566638578,psi,,hardware
CC-PT,pressure,1381.254173143,1779490226.5017366,0.20854058367497724,,-36.43242704062784,psi,,hardware
LF-PT,pressure,1381.257235117,1779490226.5047984,0.2088690053068406,,-36.39137433664492,psi,,hardware
WM-PT,pressure,1381.262020234,1779490226.5095837,0.3684097967636343,,-16.448775404545714,psi,,hardware
FT-PT,pressure,1381.26628175,1779490226.5138452,1.1828894833194594,,85.36118541493242,psi,,hardware
FM-PT,pressure,1381.268758406,1779490226.516322,0.7759870023711922,,34.498375296399026,psi,,hardware
FI-PT,pressure,1381.271273818,1779490226.5188372,0.513578714558925,,1.6973393198656261,psi,,hardware
LF-PT,pressure,1381.273740622,1779490226.521304,0.18789830063561208,,-39.01271242054849,psi,,hardware
CC-PT,pressure,1381.276827502,1779490226.5243907,0.20920577158996723,,-36.349278551254095,psi,,hardware
FT-PT,pressure,1381.279954768,1779490226.527518,1.181952498191893,,85.24406227398661,psi,,hardware
WM-PT,pressure,1381.283035926,1779490226.530599,0.3691077672371587,,-16.36152909535516,psi,,hardware
FM-PT,pressure,1381.286165637,1779490226.5337288,0.775680038414006,,34.46000480175075,psi,,hardware
FI-PT,pressure,1381.291229978,1779490226.5387943,0.5138928310743369,,1.736603884292115,psi,,hardware
LF-PT,pressure,1381.294654653,1779490226.5422184,0.18813493110357893,,-38.98313361205263,psi,,hardware
FT-PT,pressure,1381.297796308,1779490226.5453596,1.1812080360899015,,85.15100451123769,psi,,hardware
CC-PT,pressure,1381.300866337,1779490226.5484297,0.20982804415560297,,-36.27149448054963,psi,,hardware
FM-PT,pressure,1381.303949347,1779490226.5515125,0.7750941246860176,,34.386765585752194,psi,,hardware
WM-PT,pressure,1381.307458591,1779490226.555022,0.3695577823588589,,-16.305277205142637,psi,,hardware
LF-PT,pressure,1381.31057434,1779490226.5581377,0.18833997110604894,,-38.95750361174388,psi,,hardware
FI-PT,pressure,1381.313701347,1779490226.5612648,0.5139274017724278,,1.7409252215534743,psi,,hardware
FT-PT,pressure,1381.316817614,1779490226.564381,1.1804844356160684,,85.06055445200855,psi,,hardware
CC-PT,pressure,1381.319835738,1779490226.567399,0.21057548649018842,,-36.178064188726445,psi,,hardware
FM-PT,pressure,1381.322870047,1779490226.5704334,0.7746524542155807,,34.331556776947586,psi,,hardware
WM-PT,pressure,1381.325994166,1779490226.5735576,0.3699958765501829,,-16.250515431227136,psi,,hardware
LF-PT,pressure,1381.329111432,1779490226.5766745,0.1884901748287886,,-38.938728146401424,psi,,hardware
FI-PT,pressure,1381.332231699,1779490226.5797951,0.5138189213060047,,1.7273651632505882,psi,,hardware
FT-PT,pressure,1381.334714169,1779490226.5822773,1.1798436856083496,,84.9804607010437,psi,,hardware
CC-PT,pressure,1381.337848491,1779490226.5854118,0.21135571138330836,,-36.08053607708646,psi,,hardware
FM-PT,pressure,1381.340344478,1779490226.5879076,0.7740432946733588,,34.25541183416984,psi,,hardware
WM-PT,pressure,1381.343457745,1779490226.591021,0.3703308546937531,,-16.20864316328086,psi,,hardware
LF-PT,pressure,1381.345934882,1779490226.5934982,0.18871011599422882,,-38.911235500721396,psi,,hardware
FI-PT,pressure,1381.349077629,1779490226.5966408,0.5137539522354546,,1.7192440294318267,psi,,hardware
FT-PT,pressure,1381.352162639,1779490226.599726,1.1791427349022312,,84.8928418627789,psi,,hardware
CC-PT,pressure,1381.354651349,1779490226.6022146,0.2121538176719925,,-35.98077279100094,psi,,hardware
FM-PT,pressure,1381.357681047,1779490226.6052444,0.7734317509450616,,34.17896886813269,psi,,hardware
WM-PT,pressure,1381.360744631,1779490226.608308,0.37076596865248307,,-16.154253918439615,psi,,hardware
LF-PT,pressure,1381.363873379,1779490226.6114368,0.18893065320618785,,-38.88366834922652,psi,,hardware
FI-PT,pressure,1381.366958926,1779490226.6145225,0.513858260376246,,1.7322825470307557,psi,,hardware
FT-PT,pressure,1381.370086822,1779490226.6176503,1.1784632418707899,,84.80790523384873,psi,,hardware
CC-PT,pressure,1381.373188367,1779490226.6207516,0.2128237739591329,,-35.89702825510839,psi,,hardware
FM-PT,pressure,1381.376291561,1779490226.6238549,0.7728506055892236,,34.106325698652945,psi,,hardware
WM-PT,pressure,1381.378747069,1779490226.6263103,0.37124399796056723,,-16.094500254929095,psi,,hardware
LF-PT,pressure,1381.382203502,1779490226.6297672,0.18906118739380684,,-38.867351575774144,psi,,hardware
FI-PT,pressure,1381.385285031,1779490226.6328485,0.5137861387474703,,1.723267343433782,psi,,hardware
FT-PT,pressure,1381.387754446,1779490226.635318,1.177757522792521,,84.71969034906512,psi,,hardware
CC-PT,pressure,1381.393385088,1779490226.6409495,0.2135157839674692,,-35.81052700406635,psi,,hardware
LF-PT,pressure,1381.395905259,1779490226.6434689,0.18918814530231298,,-38.851481837210876,psi,,hardware
FM-PT,pressure,1381.398440707,1779490226.6460044,0.7721901860463841,,34.02377325579801,psi,,hardware
WM-PT,pressure,1381.401461906,1779490226.6490252,0.3715932812205888,,-16.050839847426396,psi,,hardware
FT-PT,pressure,1381.404558785,1779490226.652122,1.1770440551095076,,84.63050688868844,psi,,hardware
FI-PT,pressure,1381.407685663,1779490226.655249,0.5144781487558066,,1.809768594475819,psi,,hardware
LF-PT,pressure,1381.410822169,1779490226.6583858,0.18939556949085828,,-38.82555381364271,psi,,hardware
CC-PT,pressure,1381.413277659,1779490226.660841,0.21371545955126997,,-35.78556755609125,psi,,hardware
FM-PT,pressure,1381.416333207,1779490226.6638963,0.7716811623193219,,33.96014528991524,psi,,hardware
WM-PT,pressure,1381.421577224,1779490226.6691415,0.37218396332072773,,-15.977004584909034,psi,,hardware
LF-PT,pressure,1381.424658344,1779490226.6722217,0.1896369683309756,,-38.79537895862805,psi,,hardware
FT-PT,pressure,1381.427791036,1779490226.6753545,1.1761404485869942,,84.51755607337427,psi,,hardware
FI-PT,pressure,1381.430260785,1779490226.677824,0.5148679631791071,,1.8584953973883878,psi,,hardware
FM-PT,pressure,1381.433400569,1779490226.6809638,0.7713527406874586,,33.919092585932326,psi,,hardware
CC-PT,pressure,1381.435907852,1779490226.6834712,0.2142787235115437,,-35.715159561057035,psi,,hardware
LF-PT,pressure,1381.438391933,1779490226.685955,0.1897460448439175,,-38.78174439451031,psi,,hardware
WM-PT,pressure,1381.441430519,1779490226.6889937,0.3722995963453765,,-15.962550456827936,psi,,hardware
FT-PT,pressure,1381.44450764,1779490226.692071,1.175320884623633,,84.41511057795411,psi,,hardware
FI-PT,pressure,1381.446973629,1779490226.694537,0.5153453964406725,,1.9181745550840568,psi,,hardware
FM-PT,pressure,1381.45006088,1779490226.697624,0.7709784234736471,,33.872302934205884,psi,,hardware
CC-PT,pressure,1381.453170295,1779490226.7007337,0.21476569351740998,,-35.65428831032375,psi,,hardware
LF-PT,pressure,1381.456252064,1779490226.7038152,0.189884327636281,,-38.764459045464875,psi,,hardware
WM-PT,pressure,1381.4597207,1779490226.7072842,0.3723264184387229,,-15.95919769515964,psi,,hardware
FT-PT,pressure,1381.462823097,1779490226.7103865,1.174413105775488,,84.301638221936,psi,,hardware
FI-PT,pressure,1381.465336177,1779490226.7128994,0.5158800501680434,,1.985006271005424,psi,,hardware
FM-PT,pressure,1381.467815998,1779490226.7153792,0.7706076825389484,,33.82596031736855,psi,,hardware
CC-PT,pressure,1381.470959505,1779490226.7185228,0.21526518050017124,,-35.59185243747859,psi,,hardware
LF-PT,pressure,1381.47346127,1779490226.7210245,0.19001963019605045,,-38.74754622549369,psi,,hardware
WM-PT,pressure,1381.475949369,1779490226.7235126,0.37236814169503946,,-15.953982288120068,psi,,hardware
FT-PT,pressure,1381.478428135,1779490226.7259915,1.1736513583244512,,84.2064197905564,psi,,hardware
FI-PT,pressure,1381.481488201,1779490226.7290514,0.5162090678464255,,2.026133480803188,psi,,hardware
FM-PT,pressure,1381.484606839,1779490226.7321703,0.7702756846279722,,33.78446057849653,psi,,hardware
CC-PT,pressure,1381.487683478,1779490226.735247,0.215874936088912,,-35.515632988886,psi,,hardware
LF-PT,pressure,1381.493816222,1779490226.7413805,0.190073870429262,,-38.74076619634225,psi,,hardware
FT-PT,pressure,1381.496930582,1779490226.744494,1.1728043762212248,,84.10054702765309,psi,,hardware
WM-PT,pressure,1381.499428013,1779490226.7469914,0.3730339256565482,,-15.870759292931476,psi,,hardware
FM-PT,pressure,1381.50255165,1779490226.7501152,0.7700515711369004,,33.756446392112544,psi,,hardware
FI-PT,pressure,1381.505723229,1779490226.7532868,0.5165577550599283,,2.0697193824910363,psi,,hardware
LF-PT,pressure,1381.508952601,1779490226.756516,0.1903003681064091,,-38.71245398669886,psi,,hardware
CC-PT,pressure,1381.511406165,1779490226.7589693,0.2160120267882379,,-35.49849665147026,psi,,hardware
FT-PT,pressure,1381.513861469,1779490226.7614245,1.171918055047757,,83.98975688096962,psi,,hardware
WM-PT,pressure,1381.516340588,1779490226.763904,0.37363056822187524,,-15.796178972265595,psi,,hardware
FM-PT,pressure,1381.519353453,1779490226.7669165,0.7694191657804449,,33.67739572255561,psi,,hardware
FI-PT,pressure,1381.521813424,1779490226.7693768,0.516797961807008,,2.0997452258759983,psi,,hardware
LF-PT,pressure,1381.524881083,1779490226.7724445,0.19054236299304522,,-38.682204625869346,psi,,hardware
CC-PT,pressure,1381.527973851,1779490226.7755373,0.2161497135340826,,-35.48128580823967,psi,,hardware
FT-PT,pressure,1381.530504522,1779490226.778068,1.1712057794577813,,83.90072243222265,psi,,hardware
WM-PT,pressure,1381.534022896,1779490226.7815864,0.3742778747413009,,-15.715265657337385,psi,,hardware
FM-PT,pressure,1381.537115349,1779490226.7846787,0.7690603457761224,,33.63254322201529,psi,,hardware
FI-PT,pressure,1381.540244116,1779490226.7878075,0.5170161148328918,,2.1270143541114725,psi,,hardware
LF-PT,pressure,1381.54273664,1779490226.7903,0.1907879341587942,,-38.651508230150725,psi,,hardware
CC-PT,pressure,1381.545876554,1779490226.79344,0.21634938911788335,,-35.456326360264576,psi,,hardware
FT-PT,pressure,1381.548370745,1779490226.7959342,1.1702628338650267,,83.78285423312833,psi,,hardware
WM-PT,pressure,1381.550856845,1779490226.7984202,0.3749323338189523,,-15.633458272630962,psi,,hardware
FM-PT,pressure,1381.553888265,1779490226.8014514,0.7686162911196103,,33.57703638995128,psi,,hardware
FI-PT,pressure,1381.557013439,1779490226.8045769,0.5173248669296344,,2.165608366204302,psi,,hardware
LF-PT,pressure,1381.560081468,1779490226.8076448,0.1910644997435212,,-38.61693753205985,psi,,hardware
CC-PT,pressure,1381.563125516,1779490226.8106887,0.21651032167796155,,-35.4362097902548,psi,,hardware
FT-PT,pressure,1381.566176861,1779490226.81374,1.1693788968776342,,83.67236210970427,psi,,hardware
WM-PT,pressure,1381.569230595,1779490226.8167942,0.3756171912690629,,-15.547851091367137,psi,,hardware
FM-PT,pressure,1381.573069506,1779490226.820634,0.7681120357646986,,33.51400447058732,psi,,hardware
FI-PT,pressure,1381.576183366,1779490226.823747,0.5175817629792407,,2.197720372405093,psi,,hardware
LF-PT,pressure,1381.578657706,1779490226.8262208,0.19136013881685005,,-38.57998264789374,psi,,hardware
CC-PT,pressure,1381.581702514,1779490226.8292658,0.21670046051746136,,-35.412442435317324,psi,,hardware
FT-PT,pressure,1381.584806541,1779490226.8323698,1.1685855589611005,,83.57319487013756,psi,,hardware
WM-PT,pressure,1381.587922179,1779490226.8354857,0.3762138338343899,,-15.473270770701264,psi,,hardware
LF-PT,pressure,1381.594084624,1779490226.8416486,0.19150617021395805,,-38.56172872325524,psi,,hardware
FM-PT,pressure,1381.597254592,1779490226.8448179,0.7675076445946271,,33.43845557432838,psi,,hardware
FI-PT,pressure,1381.600350693,1779490226.8479142,0.5177236220507171,,2.2154527563396362,psi,,hardware
FT-PT,pressure,1381.603461146,1779490226.8510244,1.168090244303971,,83.51128053799636,psi,,hardware
CC-PT,pressure,1381.606495992,1779490226.8540592,0.21735730378118798,,-35.3303370273515,psi,,hardware
LF-PT,pressure,1381.609593889,1779490226.8571572,0.1915824641683655,,-38.55219197895431,psi,,hardware
WM-PT,pressure,1381.612498965,1779490226.8600624,0.3763157577891061,,-15.46053027636174,psi,,hardware
FM-PT,pressure,1381.615586141,1779490226.8631496,0.7671369036599284,,33.392112957491044,psi,,hardware
FI-PT,pressure,1381.618697038,1779490226.8662605,0.5179280660066683,,2.241008250833537,psi,,hardware
FT-PT,pressure,1381.621175748,1779490226.8687391,1.1675973138329165,,83.44966422911456,psi,,hardware
CC-PT,pressure,1381.624282294,1779490226.8718457,0.21792474006709336,,-35.259407491613324,psi,,hardware
LF-PT,pressure,1381.626771023,1779490226.874334,0.19170107742560835,,-38.53736532179895,psi,,hardware
WM-PT,pressure,1381.629878086,1779490226.8774412,0.37639205174351353,,-15.450993532060808,psi,,hardware
FM-PT,pressure,1381.632333798,1779490226.879897,0.766628475979385,,33.32855949742312,psi,,hardware
FI-PT,pressure,1381.634800065,1779490226.8823633,0.5182314536847417,,2.2789317105927074,psi,,hardware
FT-PT,pressure,1381.637257925,1779490226.8848212,1.166855831963519,,83.35697899543987,psi,,hardware
CC-PT,pressure,1381.640358786,1779490226.8879223,0.21870079263458164,,-35.16240092067729,psi,,hardware
LF-PT,pressure,1381.643431741,1779490226.890995,0.19192101859104857,,-38.509872676118924,psi,,hardware
WM-PT,pressure,1381.646544082,1779490226.8941073,0.3765589447687798,,-15.430131903902522,psi,,hardware
FM-PT,pressure,1381.64900983,1779490226.896573,0.766025276902351,,33.25315961279387,psi,,hardware
FI-PT,pressure,1381.652118876,1779490226.899682,0.5184841774087163,,2.310522176089541,psi,,hardware
FT-PT,pressure,1381.655185553,1779490226.9027488,1.166209121490612,,83.27614018632651,psi,,hardware
CC-PT,pressure,1381.65831019,1779490226.9058738,0.21935763589830826,,-35.080295512711466,psi,,hardware
LF-PT,pressure,1381.660833954,1779490226.9083977,0.19183816812493423,,-38.520228984383216,psi,,hardware
WM-PT,pressure,1381.663346107,1779490226.9109094,0.3765857668621262,,-15.426779142234226,psi,,hardware
FM-PT,pressure,1381.665828817,1779490226.913392,0.7656014878274784,,33.200185978434796,psi,,hardware
FI-PT,pressure,1381.668864182,1779490226.9164276,0.5187911413659025,,2.3488926707378175,psi,,hardware
FT-PT,pressure,1381.67194021,1779490226.9195035,1.1655719477620061,,83.19649347025077,psi,,hardware
CC-PT,pressure,1381.674478306,1779490226.9220417,0.22004785776708813,,-34.99401777911398,psi,,hardware
LF-PT,pressure,1381.677515578,1779490226.9250789,0.1919442644052821,,-38.506966949339734,psi,,hardware
WM-PT,pressure,1381.680719747,1779490226.9282832,0.3767466994222044,,-15.40666257222445,psi,,hardware
FM-PT,pressure,1381.684214956,1779490226.9317787,0.7652349192184114,,33.15436490230142,psi,,hardware
FI-PT,pressure,1381.687306724,1779490226.93487,0.5192238711385573,,2.40298389231966,psi,,hardware
LF-PT,pressure,1381.692647568,1779490226.9402115,0.19216718580331635,,-38.47910177458545,psi,,hardware
FT-PT,pressure,1381.69581174,1779490226.943375,1.1647660928685775,,83.09576160857219,psi,,hardware
CC-PT,pressure,1381.698877269,1779490226.9464407,0.22064807661152797,,-34.918990423559,psi,,hardware
FM-PT,pressure,1381.701958075,1779490226.9495213,0.764673443397694,,33.084180424711754,psi,,hardware
WM-PT,pressure,1381.704473339,1779490226.9520366,0.3771120759382338,,-15.360990507720773,psi,,hardware
LF-PT,pressure,1381.70692133,1779490226.9544845,0.19239308743394465,,-38.450864070756914,psi,,hardware
FI-PT,pressure,1381.710057336,1779490226.9576204,0.5191219471838411,,2.390243397980135,psi,,hardware
FT-PT,pressure,1381.71319475,1779490226.960758,1.1640210347200672,,83.00262934000841,psi,,hardware
CC-PT,pressure,1381.715648629,1779490226.9632118,0.22136690871321069,,-34.82913641084866,psi,,hardware
FM-PT,pressure,1381.71870601,1779490226.9662697,0.7641364054842479,,33.01705068553098,psi,,hardware
WM-PT,pressure,1381.721803075,1779490226.9693666,0.3774542066400297,,-15.318224169996286,psi,,hardware
LF-PT,pressure,1381.724918638,1779490226.9724817,0.19255521208706047,,-38.430598489117436,psi,,hardware
FI-PT,pressure,1381.727989426,1779490226.9755528,0.5192798995113252,,2.409987438915656,psi,,hardware
FT-PT,pressure,1381.732952662,1779490226.9805167,1.1634410814572669,,82.93013518215837,psi,,hardware
FM-PT,pressure,1381.736094835,1779490226.9836583,0.7641900496709406,,33.023756208867574,psi,,hardware
CC-PT,pressure,1381.739196048,1779490226.9867594,0.2218276526722494,,-34.77154341596882,psi,,hardware
LF-PT,pressure,1381.742294186,1779490226.9898574,0.1927823058107264,,-38.4022117736592,psi,,hardware
WM-PT,pressure,1381.745413971,1779490226.9929774,0.37761156292099507,,-15.298554634875616,psi,,hardware
FT-PT,pressure,1381.748525368,1779490226.9960885,1.1626942351692002,,82.83677939615004,psi,,hardware
FI-PT,pressure,1381.7516071,1779490226.9991705,0.5196983241675286,,2.4622905209410737,psi,,hardware
FM-PT,pressure,1381.754748977,1779490227.0023122,0.7638449387365507,,32.98061734206883,psi,,hardware
CC-PT,pressure,1381.75782932,1779490227.0053926,0.2222419050028211,,-34.71976187464736,psi,,hardware
LF-PT,pressure,1381.760922867,1779490227.008486,1.1617518856229645,,82.71898570287057,psi,,hardware
WM-PT,pressure,1381.765045817,1779490227.012609,0.3781688664160807,,-15.22889169798991,psi,,hardware
FT-PT,pressure,1381.768145289,1779490227.0157087,1.1610455704981768,,82.63069631227211,psi,,hardware
FM-PT,pressure,1381.771264149,1779490227.0188274,0.7639999108314408,,32.9999888539301,psi,,hardware
FI-PT,pressure,1381.774334308,1779490227.0218978,0.5199856185895941,,2.4982023236992665,psi,,hardware
LF-PT,pressure,1381.777445724,1779490227.0250092,0.19291701232397704,,-38.385373459502866,psi,,hardware
CC-PT,pressure,1381.779960173,1779490227.0275235,0.2224314477958021,,-34.696069025524736,psi,,hardware
FT-PT,pressure,1381.782439884,1779490227.0300033,1.1601860714180554,,82.52325892725693,psi,,hardware
WM-PT,pressure,1381.785482841,1779490227.033046,0.37878398642349087,,-15.15200169706364,psi,,hardware
LF-PT,pressure,1381.791054709,1779490227.0386188,0.1932502023279908,,-38.343724709001144,psi,,hardware
FM-PT,pressure,1381.794382576,1779490227.041947,0.7633222059395559,,32.915275742444486,psi,,hardware
FI-PT,pressure,1381.797451253,1779490227.0450146,0.5202609920812836,,2.532624010160453,psi,,hardware
FT-PT,pressure,1381.8006025,1779490227.0481658,1.1594582986185906,,82.43228732732383,psi,,hardware
CC-PT,pressure,1381.80305125,1779490227.0506146,0.22302093780290339,,-34.622382774637074,psi,,hardware
LF-PT,pressure,1381.806069837,1779490227.0536332,0.19326510349096102,,-38.34186206362987,psi,,hardware
WM-PT,pressure,1381.809107294,1779490227.0566707,0.3790355180544279,,-15.12056024319651,psi,,hardware
FM-PT,pressure,1381.812231339,1779490227.0597947,0.7628876880273447,,32.86096100341809,psi,,hardware
FI-PT,pressure,1381.815300738,1779490227.062864,0.520452323013821,,2.5565403767276313,psi,,hardware
FT-PT,pressure,1381.817798967,1779490227.0653622,1.1588598679137072,,82.35748348921341,psi,,hardware
CC-PT,pressure,1381.820833443,1779490227.0683966,0.22372784897420991,,-34.534018878223755,psi,,hardware
LF-PT,pressure,1381.823936711,1779490227.0714998,0.19337179581782768,,-38.328525522771535,psi,,hardware
WM-PT,pressure,1381.82706744,1779490227.0746307,0.3791851257306488,,-15.101859283668903,psi,,hardware
FM-PT,pressure,1381.830170486,1779490227.077734,0.7624782040689235,,32.80977550861544,psi,,hardware
FI-PT,pressure,1381.832686898,1779490227.08025,0.5206955099934948,,2.5869387491868485,psi,,hardware
FT-PT,pressure,1381.835159276,1779490227.0827227,1.1582054088360558,,82.27567610450699,psi,,hardware
CC-PT,pressure,1381.838209436,1779490227.0857728,0.2244109182847641,,-34.44863521440448,psi,,hardware
LF-PT,pressure,1381.84170546,1779490227.089269,0.1934600107026113,,-38.317498662173584,psi,,hardware
WM-PT,pressure,1381.844794914,1779490227.092358,0.37925009480119887,,-15.093738149850141,psi,,hardware
FM-PT,pressure,1381.847890664,1779490227.095454,0.7620383217380431,,32.75479021725538,psi,,hardware
FI-PT,pressure,1381.850967063,1779490227.0985305,0.5209452534848754,,2.618156685609427,psi,,hardware
FT-PT,pressure,1381.854063072,1779490227.1016264,1.1576993653415877,,82.21242066769847,psi,,hardware
CC-PT,pressure,1381.857145193,1779490227.1047087,0.22497597038459424,,-34.378003701925714,psi,,hardware
LF-PT,pressure,1381.860204019,1779490227.1077673,0.19350292605196548,,-38.31213424350431,psi,,hardware
WM-PT,pressure,1381.863252976,1779490227.1108165,0.3793710922445169,,-15.078613469435384,psi,,hardware
FM-PT,pressure,1381.866370335,1779490227.1139336,0.7616115524305764,,32.70144405382205,psi,,hardware
FI-PT,pressure,1381.869384257,1779490227.1169477,0.5211777116272106,,2.6472139534013257,psi,,hardware
FT-PT,pressure,1381.872429713,1779490227.119993,1.1570621916129817,,82.13277395162272,psi,,hardware
CC-PT,pressure,1381.875504224,1779490227.1230676,0.2255565196939134,,-34.30543503826082,psi,,hardware
LF-PT,pressure,1381.877979972,1779490227.125543,0.19362213535572712,,-38.297233080534106,psi,,hardware
WM-PT,pressure,1381.881083962,1779490227.128647,0.37948910945524095,,-15.063861318094881,psi,,hardware
FM-PT,pressure,1381.884192452,1779490227.1317558,0.7614899589407396,,32.68624486759244,psi,,hardware
FI-PT,pressure,1381.891357526,1779490227.1389215,0.5214477207002307,,2.680965087528839,psi,,hardware
LF-PT,pressure,1381.895048187,1779490227.1426122,0.19390168117304815,,-38.262289853368976,psi,,hardware
FT-PT,pressure,1381.898184916,1779490227.1457484,1.1563183255575091,,82.03979069468865,psi,,hardware
WM-PT,pressure,1381.90127337,1779490227.1488366,0.380060718066778,,-14.99241024165275,psi,,hardware
CC-PT,pressure,1381.903768839,1779490227.1513321,0.22578420946409813,,-34.27697381698773,psi,,hardware
FM-PT,pressure,1381.906830721,1779490227.154394,0.7610292149817008,,32.6286518727126,psi,,hardware
FI-PT,pressure,1381.909897454,1779490227.1574607,0.5216098453533465,,2.701230669168317,psi,,hardware
LF-PT,pressure,1381.912362036,1779490227.1599252,0.19412698675715767,,-38.23412665535529,psi,,hardware
FT-PT,pressure,1381.915398234,1779490227.1629615,1.1554987615941479,,81.93734519926849,psi,,hardware
WM-PT,pressure,1381.918482484,1779490227.1660457,0.3806382871435031,,-14.92021410706211,psi,,hardware
CC-PT,pressure,1381.921960046,1779490227.1695235,0.22604646993237376,,-34.24419125845328,psi,,hardware
FM-PT,pressure,1381.925093479,1779490227.172657,0.7605660868365869,,32.57076085457336,psi,,hardware
FI-PT,pressure,1381.928222782,1779490227.1757863,0.5218077327975909,,2.7259665996988565,psi,,hardware
LF-PT,pressure,1381.93070329,1779490227.1782665,0.1944279902491558,,-38.19650121885552,psi,,hardware
FT-PT,pressure,1381.933770708,1779490227.181334,1.154780525538984,,81.84756569237301,psi,,hardware
WM-PT,pressure,1381.936846144,1779490227.1844099,0.3813225485470949,,-14.834681431613136,psi,,hardware
CC-PT,pressure,1381.939940468,1779490227.1875038,0.2262962134237544,,-34.2129733220307,psi,,hardware
FM-PT,pressure,1381.94324841,1779490227.1908128,0.7600224924114338,,32.502811551429225,psi,,hardware
FI-PT,pressure,1381.946434155,1779490227.1939976,0.5221200611734463,,2.7650076466807922,psi,,hardware
LF-PT,pressure,1381.949547478,1779490227.197111,0.19457640583233904,,-38.17794927095762,psi,,hardware
FT-PT,pressure,1381.952054446,1779490227.199618,1.153860825760463,,81.73260322005788,psi,,hardware
WM-PT,pressure,1381.954542249,1779490227.2021053,0.38192217134501594,,-14.759728581873008,psi,,hardware
CC-PT,pressure,1381.957574318,1779490227.2051377,0.22651675063571342,,-34.18540617053582,psi,,hardware
FM-PT,pressure,1381.960653309,1779490227.208217,0.7595098924052588,,32.438736550657346,psi,,hardware
FI-PT,pressure,1381.963712413,1779490227.2112758,0.5222714569892236,,2.783932123652952,psi,,hardware
LF-PT,pressure,1381.966756055,1779490227.214319,0.1947766774626586,,-38.152915317167675,psi,,hardware
FT-PT,pressure,1381.969842083,1779490227.2174058,1.1530400697040641,,81.63000871300802,psi,,hardware
WM-PT,pressure,1381.97290552,1779490227.220469,0.38252835065464386,,-14.683956168169518,psi,,hardware
CC-PT,pressure,1381.975966772,1779490227.22353,0.22679748854607207,,-34.15031393174099,psi,,hardware
FM-PT,pressure,1381.979033468,1779490227.2265966,0.7590163658876856,,32.3770457359607,psi,,hardware
FI-PT,pressure,1381.982111238,1779490227.2296746,0.5225927260628612,,2.824090757857653,psi,,hardware
LF-PT,pressure,1381.98524706,1779490227.2328103,0.19503655374485895,,-38.12043078189263,psi,,hardware
FT-PT,pressure,1381.990727248,1779490227.2382917,1.1522461357410116,,81.53076696762646,psi,,hardware
FM-PT,pressure,1381.994601213,1779490227.2421653,0.7591319989123344,,32.3914998640418,psi,,hardware
WM-PT,pressure,1381.997725035,1779490227.2452881,0.38287882600770307,,-14.640146749037116,psi,,hardware
CC-PT,pressure,1382.001199782,1779490227.2487633,0.2270263704092944,,-34.121703698838196,psi,,hardware
LF-PT,pressure,1382.004302958,1779490227.2518663,0.19536259119064703,,-38.07967610116912,psi,,hardware
FI-PT,pressure,1382.007641953,1779490227.255206,0.5224061635024743,,2.800770437809283,psi,,hardware
FT-PT,pressure,1382.010124682,1779490227.257688,1.15171684643231,,81.46460580403875,psi,,hardware
FM-PT,pressure,1382.013149714,1779490227.260713,0.7589949082130085,,32.37436352662606,psi,,hardware
WM-PT,pressure,1382.015614574,1779490227.2631779,0.38332407275725283,,-14.584490905343396,psi,,hardware
CC-PT,pressure,1382.018053195,1779490227.2656167,0.22724809971429105,,-34.093987535713616,psi,,hardware
LF-PT,pressure,1382.021082671,1779490227.268646,0.1954180235168962,,-38.072747060387975,psi,,hardware
FI-PT,pressure,1382.023508403,1779490227.2710714,0.522326293268954,,2.790786658619246,psi,,hardware
FT-PT,pressure,1382.025977689,1779490227.273541,1.151157158751149,,81.39464484389364,psi,,hardware
FM-PT,pressure,1382.029105789,1779490227.276669,0.7590217303063549,,32.37771628829436,psi,,hardware
WM-PT,pressure,1382.031579704,1779490227.2791429,0.3836703757846804,,-14.541203026914951,psi,,hardware
CC-PT,pressure,1382.034710377,1779490227.2822738,0.22748651832181432,,-34.06418520977321,psi,,hardware
LF-PT,pressure,1382.037229919,1779490227.2847934,0.19553306049502617,,-38.05836743812173,psi,,hardware
FI-PT,pressure,1382.040262358,1779490227.2878256,0.5222535755936594,,2.7816969492074213,psi,,hardware
FT-PT,pressure,1382.043321036,1779490227.2908843,1.15048660641749,,81.31082580218624,psi,,hardware
FM-PT,pressure,1382.046428397,1779490227.2939916,0.7590622614696338,,32.38278268370423,psi,,hardware
LF-PT,pressure,1382.050331878,1779490227.297896,0.1958930725923863,,-38.01336592595171,psi,,hardware
WM-PT,pressure,1382.053448035,1779490227.3010116,0.3838044862514122,,-14.524439218573471,psi,,hardware
CC-PT,pressure,1382.05655234,1779490227.3041158,0.22769096227776553,,-34.038629715279306,psi,,hardware
FT-PT,pressure,1382.059615295,1779490227.3071785,1.1497761189670705,,81.22201487088383,psi,,hardware
FI-PT,pressure,1382.062732192,1779490227.3102956,0.5226302769935461,,2.8287846241932675,psi,,hardware
LF-PT,pressure,1382.065212403,1779490227.3127756,0.19610526515308202,,-37.986841855864746,psi,,hardware
FM-PT,pressure,1382.067683466,1779490227.3152466,0.7584984014628413,,32.31230018285516,psi,,hardware
WM-PT,pressure,1382.070757254,1779490227.3183208,0.38418535997693065,,-14.476830002883668,psi,,hardware
CC-PT,pressure,1382.073618944,1779490227.3211825,0.2279293808852888,,-34.0088273893389,psi,,hardware
FT-PT,pressure,1382.07668201,1779490227.3242455,1.1490316568650791,,81.1289571081349,psi,,hardware
FI-PT,pressure,1382.079772427,1779490227.3273356,0.5230624107196821,,2.882801339960259,psi,,hardware
LF-PT,pressure,1382.082222417,1779490227.3297858,0.1963597770166131,,-37.95502787292336,psi,,hardware
FM-PT,pressure,1382.085247708,1779490227.332811,0.757874936804168,,32.23436710052099,psi,,hardware
WM-PT,pressure,1382.087719512,1779490227.335283,0.38473253068119656,,-14.40843366485043,psi,,hardware
CC-PT,pressure,1382.093722079,1779490227.3412864,0.22805812693335137,,-33.992734133331076,psi,,hardware
LF-PT,pressure,1382.096267249,1779490227.3438306,0.19645812469221646,,-37.94273441347294,psi,,hardware
FT-PT,pressure,1382.09936798,1779490227.3469312,1.1482192454599436,,81.02740568249295,psi,,hardware
FI-PT,pressure,1382.102415973,1779490227.3499794,0.5234337477008996,,2.929218462612446,psi,,hardware
FM-PT,pressure,1382.105534629,1779490227.353098,0.7576251933127873,,32.20314916409841,psi,,hardware
WM-PT,pressure,1382.108641434,1779490227.3562047,0.3850251895219314,,-14.371851309758577,psi,,hardware
LF-PT,pressure,1382.111115442,1779490227.3586786,0.19671740492789805,,-37.910324384012746,psi,,hardware
CC-PT,pressure,1382.114169509,1779490227.361733,0.22820177414438414,,-33.97477823195198,psi,,hardware
FT-PT,pressure,1382.117241316,1779490227.3648045,1.1473788198684238,,80.92235248355298,psi,,hardware
FI-PT,pressure,1382.119706342,1779490227.3672695,0.5239529042187815,,2.9941130273476864,psi,,hardware
FM-PT,pressure,1382.122776723,1779490227.3703399,0.757327766099902,,32.16597076248775,psi,,hardware
WM-PT,pressure,1382.125868288,1779490227.3734314,0.3853822213866975,,-14.327222326662815,psi,,hardware
LF-PT,pressure,1382.128328222,1779490227.3758914,0.19683661423165968,,-37.89542322104254,psi,,hardware
CC-PT,pressure,1382.131432102,1779490227.3789954,0.2284270797284937,,-33.946615033938286,psi,,hardware
FT-PT,pressure,1382.134502668,1779490227.3820662,1.1466164763708682,,80.82705954635853,psi,,hardware
FI-PT,pressure,1382.137541532,1779490227.3851047,0.5243749051540977,,3.0468631442622103,psi,,hardware
FM-PT,pressure,1382.14059971,1779490227.388163,0.7569510647000153,,32.11888308750191,psi,,hardware
WM-PT,pressure,1382.143645074,1779490227.3912084,0.3858012420894196,,-14.274844738822546,psi,,hardware
LF-PT,pressure,1382.146717177,1779490227.3942804,0.19700410330344478,,-37.874487087069404,psi,,hardware
CC-PT,pressure,1382.150202627,1779490227.397766,0.22854807717181175,,-33.93149035352353,psi,,hardware
FT-PT,pressure,1382.153302062,1779490227.4008653,1.1458457882220492,,80.73072352775615,psi,,hardware
FI-PT,pressure,1382.156387646,1779490227.403951,0.5246854453903967,,3.085680673799593,psi,,hardware
FM-PT,pressure,1382.158871264,1779490227.4064345,0.7566655584175059,,32.083194802188245,psi,,hardware
WM-PT,pressure,1382.162005308,1779490227.4095685,0.38615887000070453,,-14.230141249911933,psi,,hardware
LF-PT,pressure,1382.164484908,1779490227.412048,0.19717457260782392,,-37.85317842402201,psi,,hardware
CC-PT,pressure,1382.16758488,1779490227.415148,0.2286982808945514,,-33.91271488818107,psi,,hardware
FT-PT,pressure,1382.170085756,1779490227.4176493,1.1451299363529606,,80.64124204412008,psi,,hardware
FI-PT,pressure,1382.173184506,1779490227.4207478,0.5251038700466002,,3.1379837558250245,psi,,hardware
FM-PT,pressure,1382.175698641,1779490227.423262,0.7562268681796631,,32.02835852245789,psi,,hardware
WM-PT,pressure,1382.17816513,1779490227.4257286,0.38644318419017604,,-14.194601976227995,psi,,hardware
LF-PT,pressure,1382.18122653,1779490227.4287899,0.19724848237615614,,-37.843939702980485,psi,,hardware
CC-PT,pressure,1382.183746128,1779490227.4313092,0.22872867926701063,,-33.90891509162367,psi,,hardware
FT-PT,pressure,1382.186710996,1779490227.4342742,1.1444939547173922,,80.56174433967404,psi,,hardware
FI-PT,pressure,1382.191936755,1779490227.439501,0.5255813033081655,,3.1976629135206935,psi,,hardware
LF-PT,pressure,1382.195172589,1779490227.4427361,0.19763054819471218,,-37.79618147566098,psi,,hardware
FM-PT,pressure,1382.198301597,1779490227.445865,0.7556379742190806,,31.95474677738508,psi,,hardware
WM-PT,pressure,1382.201431548,1779490227.4489949,0.3869438632659749,,-14.132017091753136,psi,,hardware
FT-PT,pressure,1382.204548482,1779490227.4521117,1.1438800268030198,,80.48500335037748,psi,,hardware
CC-PT,pressure,1382.209044394,1779490227.4566088,0.22939327113548175,,-33.82584110806478,psi,,hardware
LF-PT,pressure,1382.212222917,1779490227.4597867,0.19763352842730622,,-37.795808946586725,psi,,hardware
FM-PT,pressure,1382.215314648,1779490227.462878,0.7551921314230121,,31.899016427876514,psi,,hardware
FI-PT,pressure,1382.218449211,1779490227.4660125,0.5257952840084177,,3.2244105010522106,psi,,hardware
FT-PT,pressure,1382.220927755,1779490227.468491,1.143357294006025,,80.41966175075314,psi,,hardware
WM-PT,pressure,1382.224048633,1779490227.471612,0.38745050280696186,,-14.068687149129767,psi,,hardware
LF-PT,pressure,1382.227548342,1779490227.4751117,0.19786300633704737,,-37.76712420786908,psi,,hardware
CC-PT,pressure,1382.230638814,1779490227.478202,0.22948744648545344,,-33.81406918931832,psi,,hardware
FM-PT,pressure,1382.233729453,1779490227.4812927,0.7546050256019861,,31.825628200248257,psi,,hardware
FI-PT,pressure,1382.23680213,1779490227.4843652,0.5258787305210508,,3.2348413151313538,psi,,hardware
FT-PT,pressure,1382.239271342,1779490227.4868345,1.1428595951628202,,80.35744939535253,psi,,hardware
WM-PT,pressure,1382.242422663,1779490227.489986,0.38811211444283894,,-13.985985694645132,psi,,hardware
LF-PT,pressure,1382.24553219,1779490227.4930954,0.19795777773353787,,-37.75527778330777,psi,,hardware
CC-PT,pressure,1382.248620551,1779490227.4961839,0.2295649325328985,,-33.804383433387684,psi,,hardware
FM-PT,pressure,1382.251643491,1779490227.499207,0.7540828888515101,,31.76036110643876,psi,,hardware
FI-PT,pressure,1382.25468741,1779490227.5022507,0.5262047679668389,,3.275595995854863,psi,,hardware
FT-PT,pressure,1382.257792974,1779490227.505356,1.1422987153886217,,80.28733942357772,psi,,hardware
WM-PT,pressure,1382.260795563,1779490227.508359,0.3886718021239999,,-13.916024734500015,psi,,hardware
LF-PT,pressure,1382.263850204,1779490227.5114136,0.753846854430062,,31.730856803757757,psi,,hardware
CC-PT,pressure,1382.267413353,1779490227.5149767,0.23010793091153275,,-33.7365086360584,psi,,hardware
FM-PT,pressure,1382.270458606,1779490227.5180218,0.7533324662843306,,31.666558285541324,psi,,hardware
FI-PT,pressure,1382.272913411,1779490227.5204768,0.5264306695974672,,3.3038336996834006,psi,,hardware
FT-PT,pressure,1382.275959664,1779490227.523523,1.1417455842191677,,80.21819802739597,psi,,hardware
WM-PT,pressure,1382.279115336,1779490227.5266788,0.38931732050386914,,-13.835334937016357,psi,,hardware
LF-PT,pressure,1382.281582122,1779490227.5291457,0.19792737936107865,,-37.75907757986517,psi,,hardware
CC-PT,pressure,1382.284711777,1779490227.532275,0.23010018230678825,,-33.737477211651466,psi,,hardware
FM-PT,pressure,1382.287815231,1779490227.5353785,0.7527197304629958,,31.589966307874473,psi,,hardware
FI-PT,pressure,1382.292881535,1779490227.540446,0.5267060430891566,,3.338255386144573,psi,,hardware
LF-PT,pressure,1382.296073206,1779490227.5436368,0.19817533471290286,,-37.728083160887145,psi,,hardware
FT-PT,pressure,1382.298543769,1779490227.546107,1.1409665514190854,,80.12081892738568,psi,,hardware
WM-PT,pressure,1382.301654018,1779490227.5492172,0.38990144609230115,,-13.762319238462355,psi,,hardware
FM-PT,pressure,1382.305167096,1779490227.5527306,0.7524407806921936,,31.555097586524194,psi,,hardware
CC-PT,pressure,1382.308280401,1779490227.5558438,0.2306431806854225,,-33.669602414322185,psi,,hardware
LF-PT,pressure,1382.311440832,1779490227.559004,0.19809486843286375,,-37.73814144589203,psi,,hardware
FI-PT,pressure,1382.314523601,1779490227.5620868,0.5265570314594545,,3.3196289324318173,psi,,hardware
FT-PT,pressure,1382.317660386,1779490227.5652237,1.1403669286211644,,80.04586607764556,psi,,hardware
WM-PT,pressure,1382.320738933,1779490227.5683024,0.39052669889053093,,-13.684162638683633,psi,,hardware
FM-PT,pressure,1382.323852275,1779490227.5714157,0.7518506946385735,,31.481336829821682,psi,,hardware
CC-PT,pressure,1382.326281414,1779490227.5738447,0.23107650650459607,,-33.615436686925484,psi,,hardware
LF-PT,pressure,1382.328748589,1779490227.5763118,0.19818308331764736,,-37.72711458529408,psi,,hardware
FI-PT,pressure,1382.331856616,1779490227.5794199,0.5264354379696177,,3.3044297462022088,psi,,hardware
FT-PT,pressure,1382.334384195,1779490227.5819473,1.1397333311716713,,79.96666639645892,psi,,hardware
WM-PT,pressure,1382.33684898,1779490227.5844123,0.39108757866472943,,-13.61405266690882,psi,,hardware
FM-PT,pressure,1382.339906121,1779490227.5874696,0.7514960469598826,,31.437005869985324,psi,,hardware
CC-PT,pressure,1382.343006464,1779490227.5905697,0.2315229453471834,,-33.55963183160207,psi,,hardware
LF-PT,pressure,1382.346082307,1779490227.5936456,0.19834997634291365,,-37.706252957135796,psi,,hardware
FI-PT,pressure,1382.349173409,1779490227.5967367,0.5263633163408419,,3.295414542605235,psi,,hardware
FT-PT,pressure,1382.352285547,1779490227.599849,1.1390800641870575,,79.8850080233822,psi,,hardware
WM-PT,pressure,1382.355304691,1779490227.602868,0.3916818370439812,,-13.539770369502351,psi,,hardware
FM-PT,pressure,1382.358360054,1779490227.6059234,0.7511938513748468,,31.399231421855855,psi,,hardware
CC-PT,pressure,1382.361403677,1779490227.6089668,0.23189845465403255,,-33.512693168245924,psi,,hardware
LF-PT,pressure,1382.36644965,1779490227.6140137,0.19830050448185257,,-37.71243693976843,psi,,hardware
FT-PT,pressure,1382.3694752,1779490227.6170385,1.1384148762720676,,79.80185953400846,psi,,hardware
FI-PT,pressure,1382.372596393,1779490227.6201596,0.5267906816948273,,3.348835211853418,psi,,hardware
FM-PT,pressure,1382.375117657,1779490227.622681,0.7509870232328204,,31.37337790410255,psi,,hardware
WM-PT,pressure,1382.377625533,1779490227.6251888,0.3920907249558836,,-13.48865938051455,psi,,hardware
LF-PT,pressure,1382.38110265,1779490227.6286664,0.1985055444843226,,-37.68680693945968,psi,,hardware
CC-PT,pressure,1382.384196974,1779490227.6317604,0.23202302837646346,,-33.49712145294206,psi,,hardware
FT-PT,pressure,1382.387341814,1779490227.634905,1.1377997562646576,,79.7249695330822,psi,,hardware
FI-PT,pressure,1382.392682807,1779490227.6402473,0.5272055300719178,,3.40069125898973,psi,,hardware
LF-PT,pressure,1382.395858996,1779490227.6434221,0.1987695930921546,,-37.653800863480676,psi,,hardware
FM-PT,pressure,1382.399030112,1779490227.6465938,0.7504696548544949,,31.308706856811863,psi,,hardware
WM-PT,pressure,1382.402113196,1779490227.6496766,0.3925145140307562,,-13.435685746155473,psi,,hardware
FT-PT,pressure,1382.40525711,1779490227.6528206,1.1371840402107285,,79.64800502634107,psi,,hardware
CC-PT,pressure,1382.408314066,1779490227.6558774,0.23250523001017928,,-33.43684624872758,psi,,hardware
LF-PT,pressure,1382.411366522,1779490227.6589298,0.1987910507668317,,-37.65111865414604,psi,,hardware
FI-PT,pressure,1382.413808772,1779490227.6613722,0.5270660551865167,,3.3832568983145905,psi,,hardware
FM-PT,pressure,1382.41691817,1779490227.6644816,0.7501233518270674,,31.26541897838342,psi,,hardware
WM-PT,pressure,1382.419965404,1779490227.6675286,0.39283161077876216,,-13.396048652654729,psi,,hardware
FT-PT,pressure,1382.423054654,1779490227.670618,1.136402623224571,,79.55032790307138,psi,,hardware
CC-PT,pressure,1382.42557377,1779490227.6731372,0.23312929071537145,,-33.35883866057856,psi,,hardware
LF-PT,pressure,1382.428047574,1779490227.6756108,0.19888403402376578,,-37.63949574702928,psi,,hardware
FI-PT,pressure,1382.430504175,1779490227.6780674,0.5270541342561406,,3.38176678201757,psi,,hardware
FM-PT,pressure,1382.433621035,1779490227.6811845,0.7497895657765348,,31.223695722066847,psi,,hardware
WM-PT,pressure,1382.43607684,1779490227.6836402,0.3932971231099514,,-13.337859611256073,psi,,hardware
FT-PT,pressure,1382.439145388,1779490227.6867087,1.1357541246121077,,79.46926557651346,psi,,hardware
CC-PT,pressure,1382.441585156,1779490227.6891487,0.233808187700294,,-33.27397653746325,psi,,hardware
LF-PT,pressure,1382.444622169,1779490227.6921856,0.1989585398386168,,-37.6301825201729,psi,,hardware
FI-PT,pressure,1382.447734066,1779490227.6952972,0.5269361170454165,,3.3670146306770676,psi,,hardware
FM-PT,pressure,1382.450182094,1779490227.6977453,0.7494295536791746,,31.17869420989683,psi,,hardware
WM-PT,pressure,1382.453245345,1779490227.7008085,0.39354865474088846,,-13.306418157388942,psi,,hardware
FT-PT,pressure,1382.456657503,1779490227.704221,1.1350686711154783,,79.38358388943479,psi,,hardware
CC-PT,pressure,1382.459698812,1779490227.707262,0.234348801892853,,-33.20639976339337,psi,,hardware
LF-PT,pressure,1382.46279271,1779490227.710356,0.19905569542118257,,-37.61803807235218,psi,,hardware
FI-PT,pressure,1382.465850018,1779490227.7134135,0.5268771084400545,,3.3596385550068164,psi,,hardware
FM-PT,pressure,1382.468316692,1779490227.71588,0.7491506039083724,,31.14382548854655,psi,,hardware
WM-PT,pressure,1382.471363334,1779490227.7189267,0.3939873449787313,,-13.25158187765859,psi,,hardware
FT-PT,pressure,1382.474419605,1779490227.721983,1.1344148080843457,,79.30185101054322,psi,,hardware
CC-PT,pressure,1382.477541575,1779490227.725105,0.23489001213193084,,-33.13874848350864,psi,,hardware
LF-PT,pressure,1382.480021842,1779490227.7275853,0.19916477193412446,,-37.60440350823444,psi,,hardware
FI-PT,pressure,1382.483145461,1779490227.7307088,0.526748362391992,,3.3435452989989956,psi,,hardware
FM-PT,pressure,1382.485618746,1779490227.7331822,0.7487280069265374,,31.091000865817175,psi,,hardware
WM-PT,pressure,1382.488139936,1779490227.7357035,0.3943396084713469,,-13.207548941081635,psi,,hardware
LF-PT,pressure,1382.494244533,1779490227.741809,0.1993793486808954,,-37.57758141488807,psi,,hardware
FT-PT,pressure,1382.497406335,1779490227.7449698,1.1336655776102038,,79.20819720127548,psi,,hardware
CC-PT,pressure,1382.500496345,1779490227.7480597,0.23544493144094125,,-33.06938356988234,psi,,hardware
FM-PT,pressure,1382.503619038,1779490227.751182,0.7485569415756395,,31.069617696954932,psi,,hardware
FI-PT,pressure,1382.506702436,1779490227.7542658,0.5270732077447424,,3.384150968092803,psi,,hardware
LF-PT,pressure,1382.509861831,1779490227.7574255,0.1996201514744939,,-37.54748106568826,psi,,hardware
WM-PT,pressure,1382.512338486,1779490227.759902,0.39434378079697857,,-13.207027400377678,psi,,hardware
FT-PT,pressure,1382.515415163,1779490227.7629783,1.1330421129515305,,79.13026411894131,psi,,hardware
CC-PT,pressure,1382.518440602,1779490227.766004,0.23605647516923847,,-32.99294060384519,psi,,hardware
FM-PT,pressure,1382.520958922,1779490227.7685225,0.7480991778491948,,31.012397231149347,psi,,hardware
FI-PT,pressure,1382.525969804,1779490227.7735343,0.527155462164338,,3.394432770542244,psi,,hardware
LF-PT,pressure,1382.529132902,1779490227.7766967,0.19970955845231514,,-37.536305193460606,psi,,hardware
FT-PT,pressure,1382.532229282,1779490227.7797925,1.1322857299191629,,79.03571623989536,psi,,hardware
WM-PT,pressure,1382.535711065,1779490227.7832747,0.3950399631309465,,-13.120004608631683,psi,,hardware
FM-PT,pressure,1382.538832128,1779490227.7863953,0.7477898297059333,,30.973728713241666,psi,,hardware
CC-PT,pressure,1382.541949062,1779490227.7895124,0.2364671512206973,,-32.94160609741284,psi,,hardware
LF-PT,pressure,1382.545040053,1779490227.7926037,0.19979717729057994,,-37.525352838677506,psi,,hardware
FI-PT,pressure,1382.548173764,1779490227.795737,0.5270511540235465,,3.381394252943315,psi,,hardware
FT-PT,pressure,1382.551249237,1779490227.7988126,1.1318524040999893,,78.98155051249867,psi,,hardware
WM-PT,pressure,1382.554399392,1779490227.8019629,0.39552276081118115,,-13.059654898602355,psi,,hardware
FM-PT,pressure,1382.556920193,1779490227.8044837,0.747340410630752,,30.917551328843995,psi,,hardware
CC-PT,pressure,1382.560019239,1779490227.8075824,0.23695948564523286,,-32.88006429434589,psi,,hardware
LF-PT,pressure,1382.563125211,1779490227.8106885,0.1997936010114671,,-37.52579987356661,psi,,hardware
FI-PT,pressure,1382.565670603,1779490227.8132339,0.5269623430922441,,3.3702928865305126,psi,,hardware
FT-PT,pressure,1382.568136648,1779490227.8157,1.1312623180463692,,78.90778975579616,psi,,hardware
WM-PT,pressure,1382.571211843,1779490227.818775,0.396094965469237,,-12.988129316345374,psi,,hardware
FM-PT,pressure,1382.573683425,1779490227.8212466,0.7468701299274122,,30.858766240926524,psi,,hardware
CC-PT,pressure,1382.576765657,1779490227.824329,0.23724737611381722,,-32.84407798577285,psi,,hardware
LF-PT,pressure,1382.579244368,1779490227.8268075,0.19998016357185405,,-37.50247955351824,psi,,hardware
FI-PT,pressure,1382.582327063,1779490227.8298903,0.526971879836545,,3.371484979568129,psi,,hardware
FT-PT,pressure,1382.585355725,1779490227.8329191,1.13064183362029,,78.83022920253624,psi,,hardware
WM-PT,pressure,1382.590715513,1779490227.8382795,0.3965396161722679,,-12.932547978466511,psi,,hardware
LF-PT,pressure,1382.594704656,1779490227.8422687,0.20010592938732258,,-37.486758826584676,psi,,hardware
FM-PT,pressure,1382.597848163,1779490227.8454115,0.7464183266661556,,30.80229083326945,psi,,hardware
CC-PT,pressure,1382.600917396,1779490227.8484807,0.23757937402479337,,-32.80257824690083,psi,,hardware
FT-PT,pressure,1382.604049588,1779490227.851613,1.1301429426840475,,78.76786783550594,psi,,hardware
FI-PT,pressure,1382.607170244,1779490227.8547335,0.5273366603060556,,3.4170825382569547,psi,,hardware
LF-PT,pressure,1382.609651862,1779490227.857215,0.20037355427426745,,-37.45330571571657,psi,,hardware
WM-PT,pressure,1382.613157922,1779490227.8607213,0.39670472105797777,,-12.911909867752778,psi,,hardware
FM-PT,pressure,1382.616277559,1779490227.8638408,0.7459659273583802,,30.745740919797523,psi,,hardware
CC-PT,pressure,1382.619428195,1779490227.8669913,0.2379238889126645,,-32.75951388591694,psi,,hardware
FT-PT,pressure,1382.622557591,1779490227.8701208,1.1293835794190858,,78.67294742738574,psi,,hardware
FI-PT,pressure,1382.625673229,1779490227.8732367,0.5277097854268296,,3.463723178353695,psi,,hardware
LF-PT,pressure,1382.628157532,1779490227.875721,0.2004581928799382,,-37.44272589000772,psi,,hardware
WM-PT,pressure,1382.631286725,1779490227.87885,0.3966331954757208,,-12.9208505655349,psi,,hardware
FM-PT,pressure,1382.633770695,1779490227.881334,0.7456077034005765,,30.70096292507206,psi,,hardware
CC-PT,pressure,1382.636859297,1779490227.8844223,0.23836377124354496,,-32.704528594556876,psi,,hardware
FT-PT,pressure,1382.640059226,1779490227.8876226,1.1288215075518497,,78.60268844398122,psi,,hardware
FI-PT,pressure,1382.643199585,1779490227.8907628,0.5281288061295517,,3.5161007661939636,psi,,hardware
LF-PT,pressure,1382.646311241,1779490227.8938746,0.20073535451118402,,-37.408080686102,psi,,hardware
WM-PT,pressure,1382.649412269,1779490227.8969755,0.3967369075699934,,-12.907886553750823,psi,,hardware
FM-PT,pressure,1382.651894035,1779490227.8994572,0.7452161008377195,,30.652012604714937,psi,,hardware
CC-PT,pressure,1382.655016302,1779490227.9025795,0.23871841892223583,,-32.66019763472052,psi,,hardware
FT-PT,pressure,1382.658088479,1779490227.9056518,1.1279649887043224,,78.4956235880403,psi,,hardware
FI-PT,pressure,1382.661156731,1779490227.9087198,0.5285537872974619,,3.5692234121827426,psi,,hardware
LF-PT,pressure,1382.664281997,1779490227.9118454,0.20087482939658513,,-37.39064632542686,psi,,hardware
WM-PT,pressure,1382.667384654,1779490227.914948,0.39674048384910626,,-12.907439518861716,psi,,hardware
FM-PT,pressure,1382.669855273,1779490227.9174185,0.7449758940906398,,30.621986761329975,psi,,hardware
CC-PT,pressure,1382.672933394,1779490227.9204967,0.23909988869427307,,-32.612513913215864,psi,,hardware
FT-PT,pressure,1382.675373811,1779490227.9229372,1.1272556933469406,,78.40696166836759,psi,,hardware
FI-PT,pressure,1382.678395362,1779490227.9259586,0.5290318166055461,,3.6289770756932627,psi,,hardware
LF-PT,pressure,1382.683313582,1779490227.9308777,0.2010405303288138,,-37.36993370889827,psi,,hardware
FM-PT,pressure,1382.686456311,1779490227.9340196,0.7445980005977154,,30.574750074714427,psi,,hardware
WM-PT,pressure,1382.692084769,1779490227.939649,0.3971368547841137,,-12.857893151985786,psi,,hardware
FT-PT,pressure,1382.695236701,1779490227.9427998,1.126642361479087,,78.33029518488588,psi,,hardware
FI-PT,pressure,1382.698370523,1779490227.9459338,0.5295497810303904,,3.693722628798801,psi,,hardware
CC-PT,pressure,1382.701460995,1779490227.9490242,0.23916962613697362,,-32.603796732878294,psi,,hardware
LF-PT,pressure,1382.703990074,1779490227.9515533,0.20108702195728084,,-37.36412225533989,psi,,hardware
FM-PT,pressure,1382.707090675,1779490227.954654,0.7441527538481657,,30.519094231020713,psi,,hardware
FT-PT,pressure,1382.71022196,1779490227.9577854,1.1262215526368085,,78.27769407960106,psi,,hardware
WM-PT,pressure,1382.713313507,1779490227.9608767,0.3976536271159204,,-12.79329661050995,psi,,hardware
FI-PT,pressure,1382.71634102,1779490227.9639041,0.5294037496332824,,3.6754687041603007,psi,,hardware
CC-PT,pressure,1382.718820305,1779490227.9663837,0.23955646032768013,,-32.55544245903998,psi,,hardware
LF-PT,pressure,1382.721937794,1779490227.969501,0.20121338381926818,,-37.34832702259148,psi,,hardware
FM-PT,pressure,1382.724997491,1779490227.9725606,0.7436806850052696,,30.460085625658703,psi,,hardware
FT-PT,pressure,1382.728104777,1779490227.975668,1.125843659143884,,78.23045739298551,psi,,hardware
WM-PT,pressure,1382.731253005,1779490227.9788163,0.39822225549486345,,-12.72221806314207,psi,,hardware
FI-PT,pressure,1382.734349774,1779490227.981913,0.5294508373082683,,3.6813546635335315,psi,,hardware
CC-PT,pressure,1382.73742858,1779490227.9849918,0.23973050591117212,,-32.53368676110348,psi,,hardware
LF-PT,pressure,1382.739880756,1779490227.987444,0.20128550544804397,,-37.3393118189945,psi,,hardware
FM-PT,pressure,1382.743022133,1779490227.9905856,0.7430965594168376,,30.3870699271047,psi,,hardware
FT-PT,pressure,1382.74550788,1779490227.993071,1.1254377514645757,,78.17971893307197,psi,,hardware
WM-PT,pressure,1382.748652035,1779490227.9962153,0.3987634657339413,,-12.65456678325734,psi,,hardware
FI-PT,pressure,1382.751147041,1779490227.9987106,0.5295187866114124,,3.689848326426548,psi,,hardware
CC-PT,pressure,1382.753573774,1779490228.0011368,0.2400505828917721,,-32.49367713852848,psi,,hardware
LF-PT,pressure,1382.756634951,1779490228.004198,0.20135047451859406,,-37.33119068517574,psi,,hardware
FM-PT,pressure,1382.759737035,1779490228.0073004,0.742514221967962,,30.314277745995252,psi,,hardware
FT-PT,pressure,1382.762852358,1779490228.0104156,1.1250127702966655,,78.12659628708319,psi,,hardware
WM-PT,pressure,1382.766420729,1779490228.013984,0.3990638731794206,,-12.617015852572425,psi,,hardware
LF-PT,pressure,1382.770311249,1779490228.0178745,0.20157279987010956,,-37.3034000162363,psi,,hardware
FI-PT,pressure,1382.773388038,1779490228.0209513,0.5296779310319342,,3.709741378991771,psi,,hardware
CC-PT,pressure,1382.776450568,1779490228.0240138,0.24022045614963244,,-32.47244298129594,psi,,hardware
FT-PT,pressure,1382.779553354,1779490228.0271168,1.1242301612174703,,78.0287701521838,psi,,hardware
FM-PT,pressure,1382.782670881,1779490228.030234,0.7425213745261877,,30.315171815773464,psi,,hardware
LF-PT,pressure,1382.785166832,1779490228.03273,0.20184757731528014,,-37.26905283558998,psi,,hardware
WM-PT,pressure,1382.787655395,1779490228.0352187,0.3992951392287182,,-12.588107596410229,psi,,hardware
FT-PT,pressure,1382.792966815,1779490228.040531,1.1235792784189318,,77.94740980236648,psi,,hardware
FI-PT,pressure,1382.796140191,1779490228.0437038,0.5299336349885029,,3.7417043735628597,psi,,hardware
CC-PT,pressure,1382.799223442,1779490228.0467865,0.24041715150083914,,-32.447856062395104,psi,,hardware
LF-PT,pressure,1382.802336802,1779490228.0499003,0.20196023010733488,,-37.25497123658314,psi,,hardware
FM-PT,pressure,1382.805443718,1779490228.0530071,0.7420028140548246,,30.250351756853075,psi,,hardware
FT-PT,pressure,1382.808546542,1779490228.05611,1.1231596616696908,,77.89495770871136,psi,,hardware
WM-PT,pressure,1382.811625219,1779490228.0591884,0.39986972807284926,,-12.516283990893843,psi,,hardware
FI-PT,pressure,1382.814739043,1779490228.0623024,0.5299807226634887,,3.7475903329360905,psi,,hardware
CC-PT,pressure,1382.817820201,1779490228.0653837,0.24069610127164143,,-32.41298734104482,psi,,hardware
LF-PT,pressure,1382.820913359,1779490228.0684767,0.201910162199755,,-37.261229725030624,psi,,hardware
FM-PT,pressure,1382.82399898,1779490228.0715623,0.7413578917214741,,30.16973646518427,psi,,hardware
FT-PT,pressure,1382.827241722,1779490228.074805,1.1227495816647508,,77.84369770809386,psi,,hardware
WM-PT,pressure,1382.83031764,1779490228.077881,0.40045802598691294,,-12.442746751635884,psi,,hardware
FI-PT,pressure,1382.833444851,1779490228.0810084,0.5300552284783397,,3.7569035597924683,psi,,hardware
CC-PT,pressure,1382.836527047,1779490228.0840905,0.24096014987947345,,-32.379981265065815,psi,,hardware
LF-PT,pressure,1382.839660406,1779490228.0872235,0.20216705824936132,,-37.22911771882983,psi,,hardware
FM-PT,pressure,1382.844099839,1779490228.0916638,0.740895359622879,,30.111919952859875,psi,,hardware
FT-PT,pressure,1382.847620584,1779490228.095184,1.122363343520563,,77.7954179400704,psi,,hardware
FI-PT,pressure,1382.850728426,1779490228.0982916,0.5304438508086027,,3.805481351075335,psi,,hardware
WM-PT,pressure,1382.853814788,1779490228.1013782,0.40066425808242057,,-12.41696773969743,psi,,hardware
LF-PT,pressure,1382.856301091,1779490228.1038644,0.20235064057715424,,-37.20616992785572,psi,,hardware
CC-PT,pressure,1382.859444283,1779490228.1070075,0.24092259894878854,,-32.38467513140143,psi,,hardware
FT-PT,pressure,1382.861922568,1779490228.1094859,1.1216898109543099,,77.71122636928874,psi,,hardware
FM-PT,pressure,1382.865060372,1779490228.1126237,0.7409436393909025,,30.117954923862808,psi,,hardware
FI-PT,pressure,1382.868157252,1779490228.1157205,0.5306757129044191,,3.8344641130523827,psi,,hardware
WM-PT,pressure,1382.870641037,1779490228.1182044,0.4008913518060865,,-12.38858102423919,psi,,hardware
LF-PT,pressure,1382.873676364,1779490228.1212397,0.20252051383501457,,-37.18493577062318,psi,,hardware
CC-PT,pressure,1382.876742505,1779490228.1243057,0.24104538453166302,,-32.36932693354212,psi,,hardware
FT-PT,pressure,1382.879872402,1779490228.1274354,1.1208833600143624,,77.6104200017953,psi,,hardware
FM-PT,pressure,1382.882930987,1779490228.130494,0.740957348460835,,30.11966855760438,psi,,hardware
FI-PT,pressure,1382.886025645,1779490228.133589,0.5310094989549516,,3.8761873693689552,psi,,hardware
WM-PT,pressure,1382.891571275,1779490228.1391356,0.40105526459875873,,-12.36809192515516,psi,,hardware
LF-PT,pressure,1382.894866273,1779490228.1424296,0.20250561267204437,,-37.18679841599445,psi,,hardware
FT-PT,pressure,1382.897345317,1779490228.1449084,1.1202604914022078,,77.53256142527599,psi,,hardware
CC-PT,pressure,1382.900451178,1779490228.1480143,0.24163070221313265,,-32.296162223358415,psi,,hardware
FM-PT,pressure,1382.903521356,1779490228.1510847,0.7405198503160298,,30.06498128950373,psi,,hardware
FI-PT,pressure,1382.906625476,1779490228.1541889,0.531238380818174,,3.904797602271748,psi,,hardware
LF-PT,pressure,1382.909742577,1779490228.157306,0.20284178290865218,,-37.144777136418476,psi,,hardware
WM-PT,pressure,1382.912858307,1779490228.1604216,0.4011554004139185,,-12.355574948260188,psi,,hardware
FT-PT,pressure,1382.915923393,1779490228.1634865,1.119542255347044,,77.4427819183805,psi,,hardware
CC-PT,pressure,1382.918436324,1779490228.166,0.24218204524303022,,-32.22724434462122,psi,,hardware
FM-PT,pressure,1382.920895555,1779490228.1684587,0.7400006937981479,,30.00008672476849,psi,,hardware
FI-PT,pressure,1382.924389023,1779490228.1719525,0.5314189829133729,,3.9273728641716077,psi,,hardware
LF-PT,pressure,1382.927492088,1779490228.1750553,0.2030110601199937,,-37.123617485000786,psi,,hardware
WM-PT,pressure,1382.930008278,1779490228.1775715,0.4011178494832336,,-12.360268814595802,psi,,hardware
FT-PT,pressure,1382.932487304,1779490228.1800504,1.118995084642778,,77.37438558034727,psi,,hardware
CC-PT,pressure,1382.935622775,1779490228.1831863,0.24270120176091214,,-32.16234977988598,psi,,hardware
FM-PT,pressure,1382.93810393,1779490228.185667,0.7396281647238928,,29.9535205904866,psi,,hardware
FI-PT,pressure,1382.941284898,1779490228.1888485,0.5317307152427095,,3.9663394053386924,psi,,hardware
LF-PT,pressure,1382.94526332,1779490228.1928275,0.20321669616898252,,-37.09791297887718,psi,,hardware
WM-PT,pressure,1382.948391087,1779490228.1959548,0.401219177391431,,-12.347602826071128,psi,,hardware
FT-PT,pressure,1382.950921703,1779490228.198485,1.1182768485876142,,77.28460607345178,psi,,hardware
CC-PT,pressure,1382.953960289,1779490228.2015238,0.24327459851200564,,-32.090675185999295,psi,,hardware
FM-PT,pressure,1382.957108129,1779490228.2046711,0.7391668247183353,,29.89585308979191,psi,,hardware
FI-PT,pressure,1382.960190825,1779490228.207754,0.5319142975705025,,3.9892871963128074,psi,,hardware
LF-PT,pressure,1382.963309888,1779490228.2108731,0.20330431500724733,,-37.08696062409408,psi,,hardware
WM-PT,pressure,1382.965771193,1779490228.2133346,0.4012924911132444,,-12.338438610844452,psi,,hardware
FT-PT,pressure,1382.968849907,1779490228.2164133,1.1177034518365205,,77.21293147956507,psi,,hardware
CC-PT,pressure,1382.971352617,1779490228.218916,0.2438623003795505,,-32.01721245255619,psi,,hardware
FM-PT,pressure,1382.97441524,1779490228.2219784,0.7386625693634236,,29.832821170427945,psi,,hardware
FI-PT,pressure,1382.977446605,1779490228.22501,0.5321109929217092,,4.013874115213644,psi,,hardware
LF-PT,pressure,1382.980525115,1779490228.2280884,0.20345749896258103,,-37.06781262967737,psi,,hardware
WM-PT,pressure,1382.983025399,1779490228.2305887,0.401352691811644,,-12.330913523544499,psi,,hardware
FT-PT,pressure,1382.986062134,1779490228.2336254,1.117304100668919,,77.16301258361489,psi,,hardware
CC-PT,pressure,1382.991656372,1779490228.2392206,0.24437788061831958,,-31.952764922710056,psi,,hardware
LF-PT,pressure,1382.994944093,1779490228.2425075,0.20357015175463578,,-37.05373103067053,psi,,hardware
FM-PT,pressure,1382.997420638,1779490228.2449841,0.7381273195895338,,29.765914948691726,psi,,hardware
FI-PT,pressure,1383.000883071,1779490228.2484467,0.5323047080403218,,4.038088505040227,psi,,hardware
FT-PT,pressure,1383.004092574,1779490228.2516558,1.1168666025241138,,77.10832531551424,psi,,hardware
WM-PT,pressure,1383.009312648,1779490228.256877,0.40187959693427044,,-12.265050383216195,psi,,hardware
LF-PT,pressure,1383.012443137,1779490228.2600064,0.20373823687293968,,-37.03272039088254,psi,,hardware
FM-PT,pressure,1383.01490746,1779490228.2624707,0.7377261802823759,,29.71577253529699,psi,,hardware
CC-PT,pressure,1383.017344933,1779490228.2649083,0.24455133015529276,,-31.93108373058841,psi,,hardware
FT-PT,pressure,1383.019793275,1779490228.2673564,1.1160822053053623,,77.01027566317029,psi,,hardware
FI-PT,pressure,1383.022822307,1779490228.2703857,0.5329019466521676,,4.112743331520951,psi,,hardware
LF-PT,pressure,1383.025913817,1779490228.273477,0.20390155361909315,,-37.01230579761336,psi,,hardware
WM-PT,pressure,1383.02893022,1779490228.2764935,0.4018891336785714,,-12.263858290178579,psi,,hardware
FM-PT,pressure,1383.031974676,1779490228.279538,0.7374078914413323,,29.675986430166542,psi,,hardware
CC-PT,pressure,1383.035109943,1779490228.2826734,0.24491968690391622,,-31.885039137010477,psi,,hardware
FT-PT,pressure,1383.038203156,1779490228.2857664,1.1153699297153865,,76.92124121442332,psi,,hardware
FI-PT,pressure,1383.041292925,1779490228.2888563,0.5331671873530373,,4.145898419129656,psi,,hardware
LF-PT,pressure,1383.043774988,1779490228.2913382,0.20414056827313523,,-36.9824289658581,psi,,hardware
WM-PT,pressure,1383.046919476,1779490228.294483,0.4019862892611371,,-12.251713842357862,psi,,hardware
FM-PT,pressure,1383.049434167,1779490228.2969973,0.7370657607395363,,29.63322009244204,psi,,hardware
CC-PT,pressure,1383.052481235,1779490228.3000445,0.24527195039653185,,-31.841006200433522,psi,,hardware
FT-PT,pressure,1383.054925522,1779490228.3024888,1.114668979009268,,76.83362237615852,psi,,hardware
FI-PT,pressure,1383.057963202,1779490228.3055265,0.5335778634044961,,4.197232925562011,psi,,hardware
LF-PT,pressure,1383.061046989,1779490228.3086102,0.20428183129809277,,-36.964771087738406,psi,,hardware
WM-PT,pressure,1383.063487258,1779490228.3110507,0.4020274164709349,,-12.246572941133142,psi,,hardware
FM-PT,pressure,1383.066551436,1779490228.3141148,0.7366282625947311,,29.57853282434139,psi,,hardware
CC-PT,pressure,1383.069617114,1779490228.3171804,0.24561765737744062,,-31.797792827819922,psi,,hardware
FT-PT,pressure,1383.072097622,1779490228.319661,1.1139447824889162,,76.74309781111452,psi,,hardware
FI-PT,pressure,1383.075550389,1779490228.3231137,0.5339581410834957,,4.244767635436963,psi,,hardware
LF-PT,pressure,1383.078617215,1779490228.326181,0.20442547850912554,,-36.94681518635931,psi,,hardware
WM-PT,pressure,1383.081685466,1779490228.3292487,0.40204172158738627,,-12.244784801576717,psi,,hardware
FM-PT,pressure,1383.084172936,1779490228.3317363,0.7362265272410544,,29.5283159051318,psi,,hardware
CC-PT,pressure,1383.087270409,1779490228.3348339,0.24610760761590095,,-31.73654904801238,psi,,hardware
LF-PT,pressure,1383.092552738,1779490228.340117,0.20462813432552032,,-36.92148320930996,psi,,hardware
FT-PT,pressure,1383.095684153,1779490228.3432477,1.1133320466675813,,76.66650583344767,psi,,hardware
FI-PT,pressure,1383.098775256,1779490228.3463385,0.5342931192270659,,4.286639903383238,psi,,hardware
FM-PT,pressure,1383.101807509,1779490228.349371,0.735951153749365,,29.49389421867063,psi,,hardware
WM-PT,pressure,1383.104283573,1779490228.351847,0.40242617159201755,,-12.196728550997808,psi,,hardware
LF-PT,pressure,1383.107387637,1779490228.354951,0.20471932944289797,,-36.910083819637755,psi,,hardware
CC-PT,pressure,1383.110402929,1779490228.3579662,0.24613919808139778,,-31.732600239825278,psi,,hardware
FT-PT,pressure,1383.113443034,1779490228.3610063,1.1125971213098909,,76.57464016373636,psi,,hardware
FI-PT,pressure,1383.115964391,1779490228.3635278,0.5346996229528932,,4.337452869111649,psi,,hardware
FM-PT,pressure,1383.119040513,1779490228.3666039,0.7357109470022853,,29.463868375285667,psi,,hardware
WM-PT,pressure,1383.122116894,1779490228.3696804,0.4027581695029937,,-12.155228812125788,psi,,hardware
LF-PT,pressure,1383.124565699,1779490228.3721287,0.20478191432737283,,-36.9022607090784,psi,,hardware
CC-PT,pressure,1383.127590139,1779490228.3751533,0.24621668412884284,,-31.722914483894645,psi,,hardware
FT-PT,pressure,1383.130701592,1779490228.378265,1.1118991508363665,,76.48739385454581,psi,,hardware
FI-PT,pressure,1383.133777862,1779490228.3813412,0.5349779766771766,,4.372247084647077,psi,,hardware
FM-PT,pressure,1383.136863446,1779490228.3844268,0.7354099435102872,,29.4262429387859,psi,,hardware
WM-PT,pressure,1383.139365452,1779490228.3869288,0.40304665601809697,,-12.119167997737879,psi,,hardware
LF-PT,pressure,1383.141854329,1779490228.3894174,0.20497980177161715,,-36.87752477854786,psi,,hardware
CC-PT,pressure,1383.144891046,1779490228.3924544,0.24634721831646184,,-31.70659771044227,psi,,hardware
FT-PT,pressure,1383.147963242,1779490228.3955264,1.1111379994318484,,76.39224992898106,psi,,hardware
FI-PT,pressure,1383.151477024,1779490228.3990407,0.5354071301707185,,4.425891271339813,psi,,hardware
FM-PT,pressure,1383.153947958,1779490228.4015114,0.7350958269948753,,29.386978374359412,psi,,hardware
WM-PT,pressure,1383.157021357,1779490228.404585,0.40347640555815767,,-12.065449305230292,psi,,hardware
LF-PT,pressure,1383.161900043,1779490228.4094641,0.20513954223865774,,-36.857557220167784,psi,,hardware
FT-PT,pressure,1383.165103602,1779490228.412667,1.1105318201222205,,76.31647751527757,psi,,hardware
CC-PT,pressure,1383.168213315,1779490228.4157765,0.24685326181092998,,-31.643342273633753,psi,,hardware
FM-PT,pressure,1383.171313361,1779490228.4188766,0.7347042244320183,,29.33802805400229,psi,,hardware
FI-PT,pressure,1383.174394057,1779490228.4219575,0.5356062097080004,,4.450776213500054,psi,,hardware
LF-PT,pressure,1383.177485307,1779490228.4250486,0.2052748447984272,,-36.8406444001966,psi,,hardware
WM-PT,pressure,1383.180565484,1779490228.4281287,0.40360038323406977,,-12.04995209574128,psi,,hardware
FT-PT,pressure,1383.183714213,1779490228.4312775,1.1099137198822164,,76.23921498527706,psi,,hardware
CC-PT,pressure,1383.186798519,1779490228.434362,0.24747970670219738,,-31.565036662225328,psi,,hardware
LF-PT,pressure,1383.191957486,1779490228.4395216,0.20538153712529386,,-36.82730785933827,psi,,hardware
FM-PT,pressure,1383.195164989,1779490228.4427285,0.734201757216663,,29.27521965208288,psi,,hardware
FI-PT,pressure,1383.197675513,1779490228.4452388,0.5357391280816947,,4.467391010211832,psi,,hardware
FT-PT,pressure,1383.200838074,1779490228.4484015,1.109479798016524,,76.18497475206551,psi,,hardware
WM-PT,pressure,1383.203917325,1779490228.4514809,0.4041195397519517,,-11.985057531006039,psi,,hardware
LF-PT,pressure,1383.206434905,1779490228.4539983,0.20555796689486108,,-36.80525413814237,psi,,hardware
CC-PT,pressure,1383.20948238,1779490228.4570458,0.24758818716862047,,-31.551476603922442,psi,,hardware
FM-PT,pressure,1383.212633886,1779490228.4601972,0.7337904851186854,,29.223810639835673,psi,,hardware
FI-PT,pressure,1383.215728155,1779490228.4632914,0.5360097332012336,,4.501216650154197,psi,,hardware
FT-PT,pressure,1383.218863662,1779490228.4664268,1.1090005766154023,,76.12507207692529,psi,,hardware
WM-PT,pressure,1383.221975263,1779490228.4695385,0.4046243911533822,,-11.921951105827223,psi,,hardware
LF-PT,pressure,1383.225063977,1779490228.4726272,0.20570221015241266,,-36.78722373094842,psi,,hardware
CC-PT,pressure,1383.228149857,1779490228.475713,0.24761143298285399,,-31.548570877143252,psi,,hardware
FM-PT,pressure,1383.23161455,1779490228.4791782,0.7333321253457219,,29.166515668215236,psi,,hardware
FI-PT,pressure,1383.234720614,1779490228.4822838,0.5361515922727099,,4.51894903408874,psi,,hardware
FT-PT,pressure,1383.237833271,1779490228.4853964,1.108482612190558,,76.06032652381975,psi,,hardware
WM-PT,pressure,1383.240969778,1779490228.488533,0.40524666371901796,,-11.844167035122755,psi,,hardware
LF-PT,pressure,1383.244069769,1779490228.4916332,0.20580532620016648,,-36.77433422497919,psi,,hardware
CC-PT,pressure,1383.247147335,1779490228.4947104,0.2476853427511862,,-31.539332156101725,psi,,hardware
FM-PT,pressure,1383.250232382,1779490228.4977956,0.7327766099901927,,29.097076248774083,psi,,hardware
FI-PT,pressure,1383.253255581,1779490228.500819,0.5364388866947755,,4.554860836846933,psi,,hardware
FT-PT,pressure,1383.256319111,1779490228.5038822,1.107941997997999,,75.99274974974988,psi,,hardware
WM-PT,pressure,1383.259297923,1779490228.506861,0.4056293255840928,,-11.796334301988399,psi,,hardware
LF-PT,pressure,1383.261741173,1779490228.5093043,0.205915594806146,,-36.76055064923175,psi,,hardware
CC-PT,pressure,1383.264776168,1779490228.5123394,0.2477008399606752,,-31.5373950049156,psi,,hardware
FM-PT,pressure,1383.267829439,1779490228.5153928,0.24788323019543057,,-31.51459622557118,psi,,hardware
FI-PT,pressure,1383.270043035,1779490228.5176065,0.5362350387853431,,4.529379848167883,psi,,hardware
FT-PT,pressure,1383.274275591,1779490228.5218391,1.1074985393880057,,75.93731742350072,psi,,hardware
WM-PT,pressure,1383.277343029,1779490228.5249064,0.4061294086133729,,-11.73382392332839,psi,,hardware
LF-PT,pressure,1383.279854904,1779490228.5274184,0.20595076155075567,,-36.75615480615554,psi,,hardware
CC-PT,pressure,1383.282326949,1779490228.5298903,0.24810972787257768,,-31.48628401592779,psi,,hardware
FM-PT,pressure,1383.285379109,1779490228.5329423,0.7321656623084143,,29.020707788551785,psi,,hardware
FI-PT,pressure,1383.290339143,1779490228.537903,0.5363763018103006,,4.547037726287575,psi,,hardware
LF-PT,pressure,1383.294299196,1779490228.5418632,0.2062148101585877,,-36.72314873017654,psi,,hardware
FT-PT,pressure,1383.297465127,1779490228.5450284,1.1068494447290236,,75.85618059112795,psi,,hardware
WM-PT,pressure,1383.300569858,1779490228.5481334,0.4067230709461058,,-11.659616131736772,psi,,hardware
FM-PT,pressure,1383.303708625,1779490228.551272,0.7320971169587513,,29.012139619843918,psi,,hardware
CC-PT,pressure,1383.306787506,1779490228.5543509,0.2483362255497248,,-31.4579718062844,psi,,hardware
LF-PT,pressure,1383.310266975,1779490228.5578306,0.2061861999256849,,-36.72672500928939,psi,,hardware
FI-PT,pressure,1383.313361095,1779490228.5609245,0.5363417311122097,,4.542716389026216,psi,,hardware
FT-PT,pressure,1383.316502288,1779490228.5640655,1.1063982375142858,,75.79977968928573,psi,,hardware
WM-PT,pressure,1383.319584576,1779490228.5671477,0.4073352107209218,,-11.583098659884772,psi,,hardware
LF-PT,pressure,1383.324583292,1779490228.5721474,0.2064895876037583,,-36.68880154953021,psi,,hardware
FM-PT,pressure,1383.327788721,1779490228.5753524,0.7316763081164728,,28.959538514559096,psi,,hardware
CC-PT,pressure,1383.330890101,1779490228.5784533,0.24870279415879182,,-31.412150730151023,psi,,hardware
FT-PT,pressure,1383.333986017,1779490228.5815494,1.1057616598321987,,75.72020747902484,psi,,hardware
FI-PT,pressure,1383.337085675,1779490228.5846488,0.536654655534584,,4.581831941823003,psi,,hardware
LF-PT,pressure,1383.340193758,1779490228.587757,0.20675065597899628,,-36.65616800262546,psi,,hardware
WM-PT,pressure,1383.343285471,1779490228.5908487,0.4073977956053967,,-11.575275549325415,psi,,hardware
FM-PT,pressure,1383.345785459,1779490228.593349,0.731287089739691,,28.91088621746138,psi,,hardware
CC-PT,pressure,1383.348800566,1779490228.5963638,0.24894061671979628,,-31.382422910025465,psi,,hardware
FT-PT,pressure,1383.351265611,1779490228.5988288,1.1050577288934862,,75.63221611168578,psi,,hardware
FI-PT,pressure,1383.354376286,1779490228.6019394,0.5370164557715006,,4.6270569714375736,psi,,hardware
LF-PT,pressure,1383.356898643,1779490228.604462,0.20689311109699143,,-36.63836111287607,psi,,hardware
WM-PT,pressure,1383.359934563,1779490228.6074977,0.40731673327883877,,-11.585408340145154,psi,,hardware
FM-PT,pressure,1383.362437829,1779490228.610001,0.7310027755502195,,28.87534694377744,psi,,hardware
CC-PT,pressure,1383.36546962,1779490228.613033,0.24928691974722383,,-31.33913503159702,psi,,hardware
FT-PT,pressure,1383.368541408,1779490228.6161046,1.1043794279550825,,75.54742849438531,psi,,hardware
FI-PT,pressure,1383.371058784,1779490228.6186223,0.5373430892638075,,4.667886157975934,psi,,hardware
LF-PT,pressure,1383.374097148,1779490228.6216605,0.20714166249533444,,-36.60729218808319,psi,,hardware
WM-PT,pressure,1383.377189399,1779490228.6247525,0.4073542842095237,,-11.58071447380954,psi,,hardware
FM-PT,pressure,1383.379646815,1779490228.62721,0.7306582606623484,,28.83228258279355,psi,,hardware
CC-PT,pressure,1383.382700605,1779490228.6302638,0.24958553905314673,,-31.30180761835666,psi,,hardware
FT-PT,pressure,1383.386183111,1779490228.6337464,1.1038882856235845,,75.48603570294807,psi,,hardware
FI-PT,pressure,1383.391705019,1779490228.6392694,0.5377960846181017,,4.724510577262711,psi,,hardware
LF-PT,pressure,1383.394953391,1779490228.6425169,0.20727279272947224,,-36.59090090881597,psi,,hardware
FM-PT,pressure,1383.398043234,1779490228.6456065,0.7301551974004743,,28.769399675059287,psi,,hardware
WM-PT,pressure,1383.400544425,1779490228.6481078,0.4077446946793431,,-11.531913165082113,psi,,hardware
FT-PT,pressure,1383.403604066,1779490228.6511672,1.1032582644532043,,75.40728305665054,psi,,hardware
CC-PT,pressure,1383.406134071,1779490228.6536973,0.25005164743085473,,-31.24354407114316,psi,,hardware
LF-PT,pressure,1383.409217655,1779490228.6567807,0.2073055752880067,,-36.58680308899916,psi,,hardware
FI-PT,pressure,1383.41235507,1779490228.6599183,0.5375815078713307,,4.697688483916343,psi,,hardware
FM-PT,pressure,1383.414838558,1779490228.6624017,0.7299269115837708,,28.740863947971345,psi,,hardware
WM-PT,pressure,1383.417971121,1779490228.6655345,0.40802364445014533,,-11.497044443731834,psi,,hardware
FT-PT,pressure,1383.420451518,1779490228.6680148,1.1027236107258334,,75.34045134072917,psi,,hardware
CC-PT,pressure,1383.423581081,1779490228.6711445,0.2506047786003087,,-31.17440267496141,psi,,hardware
LF-PT,pressure,1383.426072125,1779490228.6736352,0.20740988342879813,,-36.57376457140023,psi,,hardware
FI-PT,pressure,1383.429203502,1779490228.6767666,0.5373782560084172,,4.672282001052144,psi,,hardware
FM-PT,pressure,1383.431682788,1779490228.6792462,0.7296181594870281,,28.702269935878515,psi,,hardware
WM-PT,pressure,1383.434809758,1779490228.682373,0.40835921864023433,,-11.455097669970709,psi,,hardware
FT-PT,pressure,1383.437283081,1779490228.6848464,1.1021418693234766,,75.26773366543458,psi,,hardware
CC-PT,pressure,1383.440423847,1779490228.6879876,0.2511579097697627,,-31.10526127877966,psi,,hardware
LF-PT,pressure,1383.443513153,1779490228.6910765,0.20744028180125734,,-36.56996477484283,psi,,hardware
FI-PT,pressure,1383.446594201,1779490228.6941576,0.5372280522856775,,4.6535065357096865,psi,,hardware
FM-PT,pressure,1383.449074912,1779490228.696638,0.7293165599485112,,28.664569993563898,psi,,hardware
WM-PT,pressure,1383.452204252,1779490228.6997676,0.40858571631738144,,-11.42678546032732,psi,,hardware
FT-PT,pressure,1383.454686463,1779490228.7022498,1.1016066195495868,,75.20082744369836,psi,,hardware
CC-PT,pressure,1383.457820415,1779490228.7053838,0.25169256349713365,,-31.038429562858294,psi,,hardware
LF-PT,pressure,1383.46128633,1779490228.7088497,0.20743849366170092,,-36.57018829228738,psi,,hardware
FI-PT,pressure,1383.463777373,1779490228.711341,0.537117783679698,,4.639722959962247,psi,,hardware
FM-PT,pressure,1383.466276713,1779490228.7138402,0.7290864859922512,,28.635810749031403,psi,,hardware
WM-PT,pressure,1383.468719778,1779490228.716283,0.40900175678750955,,-11.374780401561306,psi,,hardware
FT-PT,pressure,1383.471804899,1779490228.7193682,1.1009903074491392,,75.1237884311424,psi,,hardware
CC-PT,pressure,1383.4749245,1779490228.722488,0.2522361579222867,,-30.97048025971416,psi,,hardware
LF-PT,pressure,1383.479927975,1779490228.7274919,0.20743134110347522,,-36.571082362065596,psi,,hardware
FM-PT,pressure,1383.483116313,1779490228.7306798,0.7287473355230494,,28.59341694038117,psi,,hardware
FI-PT,pressure,1383.486202267,1779490228.7337656,0.5374706432188324,,4.683830402354053,psi,,hardware
FT-PT,pressure,1383.491615423,1779490228.7391796,1.1006404281425988,,75.08005351782485,psi,,hardware
WM-PT,pressure,1383.49480452,1779490228.7423677,0.40956382865474567,,-11.304521418156792,psi,,hardware
CC-PT,pressure,1383.497954582,1779490228.7455177,0.2523726525750938,,-30.953418428113277,psi,,hardware
LF-PT,pressure,1383.501059128,1779490228.7486224,0.2074516066851147,,-36.56854916436066,psi,,hardware
FM-PT,pressure,1383.503556023,1779490228.7511194,0.728226390865611,,28.528298858201378,psi,,hardware
FT-PT,pressure,1383.506626756,1779490228.75419,1.1003656506974282,,75.04570633717853,psi,,hardware
FI-PT,pressure,1383.509907089,1779490228.7574704,0.5378562853165013,,4.732035664562664,psi,,hardware
WM-PT,pressure,1383.512977951,1779490228.7605414,0.40981774447175795,,-11.272781941030257,psi,,hardware
CC-PT,pressure,1383.515431109,1779490228.7629945,0.25259557397312804,,-30.925553253358995,psi,,hardware
LF-PT,pressure,1383.518455863,1779490228.766019,0.20746173947593444,,-36.567282565508194,psi,,hardware
FM-PT,pressure,1383.520975683,1779490228.7685392,0.7278121385350393,,28.476517316879917,psi,,hardware
FT-PT,pressure,1383.524036157,1779490228.7715995,1.0999513983668565,,74.99392479585707,psi,,hardware
FI-PT,pressure,1383.527127574,1779490228.774691,0.5381996081113348,,4.774951013916853,psi,,hardware
WM-PT,pressure,1383.530191123,1779490228.7777543,0.40997688889227973,,-11.252888888465034,psi,,hardware
CC-PT,pressure,1383.533213396,1779490228.7807767,0.25272372397467185,,-30.909534503166018,psi,,hardware
LF-PT,pressure,1383.536278166,1779490228.7838414,0.20752611249996572,,-36.55923593750428,psi,,hardware
FM-PT,pressure,1383.539774579,1779490228.7873383,0.7274282845769267,,28.42853557211583,psi,,hardware
FT-PT,pressure,1383.54288031,1779490228.7904441,1.0994966148730059,,74.93707685912574,psi,,hardware
FI-PT,pressure,1383.545963376,1779490228.793527,0.5385578320691385,,4.819729008642318,psi,,hardware
WM-PT,pressure,1383.548445976,1779490228.7960093,0.41012411238242535,,-11.234485952196831,psi,,hardware
CC-PT,pressure,1383.551578409,1779490228.7991416,0.2528375688597642,,-30.895303892529473,psi,,hardware
LF-PT,pressure,1383.5540786,1779490228.8016422,0.20758631319836535,,-36.55171085020433,psi,,hardware
FM-PT,pressure,1383.557255735,1779490228.804819,0.7268405827093818,,28.355072838672722,psi,,hardware
FT-PT,pressure,1383.559743038,1779490228.8073063,1.0992057441718275,,74.90071802147844,psi,,hardware
FI-PT,pressure,1383.56283414,1779490228.8103974,0.5388582395146179,,4.857279939327233,psi,,hardware
WM-PT,pressure,1383.565287575,1779490228.8128512,0.4103225958731885,,-11.20967551585144,psi,,hardware
CC-PT,pressure,1383.567774823,1779490228.815338,0.2530700270020994,,-30.866246624737574,psi,,hardware
LF-PT,pressure,1383.57029168,1779490228.817855,0.207546974128124,,-36.5566282339845,psi,,hardware
FM-PT,pressure,1383.572745078,1779490228.8203084,0.7263756664247114,,28.296958303088925,psi,,hardware
FT-PT,pressure,1383.57583094,1779490228.823394,1.0988302348649783,,74.8537793581223,psi,,hardware
FI-PT,pressure,1383.578942763,1779490228.8265061,0.5391848730069247,,4.898109125865593,psi,,hardware
WM-PT,pressure,1383.581425011,1779490228.828988,0.4106611502958715,,-11.16735621301606,psi,,hardware
CC-PT,pressure,1383.584560222,1779490228.8321233,0.2530634704903925,,-30.867066188700935,psi,,hardware
LF-PT,pressure,1383.587723487,1779490228.8352869,0.20751538366262717,,-36.5605770421716,psi,,hardware
FM-PT,pressure,1383.592648596,1779490228.8402128,0.7259059817678906,,28.23824772098632,psi,,hardware
FT-PT,pressure,1383.59520247,1779490228.8427658,1.0985512850941759,,74.81891063677199,psi,,hardware
FI-PT,pressure,1383.598335811,1779490228.845899,0.5394972013827802,,4.937150172847529,psi,,hardware
WM-PT,pressure,1383.601424154,1779490228.8489876,0.4108131421581676,,-11.148357230229049,psi,,hardware
LF-PT,pressure,1383.603926068,1779490228.8514895,0.20763936133853927,,-36.54507983268259,psi,,hardware
CC-PT,pressure,1383.606436518,1779490228.8539999,0.2533018890979158,,-30.837263862760526,psi,,hardware
FT-PT,pressure,1383.609517676,1779490228.857081,1.0978801367139979,,74.73501708924974,psi,,hardware
FM-PT,pressure,1383.613004812,1779490228.8605683,0.7259304196751617,,28.24130245939521,psi,,hardware
FI-PT,pressure,1383.615486411,1779490228.86305,0.5396509813846327,,4.956372673079093,psi,,hardware
WM-PT,pressure,1383.6185522,1779490228.8661156,0.41106348169606705,,-11.11706478799162,psi,,hardware
LF-PT,pressure,1383.621620045,1779490228.8691835,0.20778420064260966,,-36.52697491967379,psi,,hardware
CC-PT,pressure,1383.624712869,1779490228.8722763,0.2533972565409251,,-30.825342932384363,psi,,hardware
FT-PT,pressure,1383.627816471,1779490228.8753798,1.097174417635729,,74.64680220446613,psi,,hardware
FM-PT,pressure,1383.630878353,1779490228.8784418,0.7259858520014109,,28.248231500176356,psi,,hardware
FI-PT,pressure,1383.63399325,1779490228.8815565,0.5398452925497642,,4.980661568720526,psi,,hardware
WM-PT,pressure,1383.637849772,1779490228.885414,0.4112506403029728,,-11.093669962128399,psi,,hardware
LF-PT,pressure,1383.640389628,1779490228.8879535,0.2079910287846361,,-36.501121401920486,psi,,hardware
CC-PT,pressure,1383.643533375,1779490228.8910966,0.25340738933174484,,-30.824076333531895,psi,,hardware
FT-PT,pressure,1383.646013197,1779490228.8935764,1.0965819473960337,,74.57274342450421,psi,,hardware
FM-PT,pressure,1383.649145594,1779490228.896709,0.7259375722333874,,28.242196529173423,psi,,hardware
FI-PT,pressure,1383.651632712,1779490228.899196,0.5400825190642499,,5.010314883031233,psi,,hardware
WM-PT,pressure,1383.654749979,1779490228.9023132,0.41145150797981117,,-11.068561502523604,psi,,hardware
LF-PT,pressure,1383.657244467,1779490228.9048076,0.2081221590187739,,-36.48473012265326,psi,,hardware
CC-PT,pressure,1383.659733048,1779490228.9072964,0.25344553630894856,,-30.81930796138143,psi,,hardware
FT-PT,pressure,1383.662761747,1779490228.9103253,1.0959209318066754,,74.49011647583443,psi,,hardware
FM-PT,pressure,1383.665828517,1779490228.9133918,0.7259751231640723,,28.246890395509038,psi,,hardware
FI-PT,pressure,1383.668991782,1779490228.9165552,0.5401361632509426,,5.017020406367825,psi,,hardware
WM-PT,pressure,1383.671469549,1779490228.9190328,0.41169767519207895,,-11.037790600990132,psi,,hardware
LF-PT,pressure,1383.674555559,1779490228.922119,0.20815315343775193,,-36.48085582028101,psi,,hardware
CC-PT,pressure,1383.677643902,1779490228.9252071,0.2535003725886789,,-30.812453426415136,psi,,hardware
FT-PT,pressure,1383.680734245,1779490228.9282975,1.0952968711014832,,74.4121088876854,psi,,hardware
FM-PT,pressure,1383.683812552,1779490228.931376,0.7260061175830503,,28.25076469788129,psi,,hardware
FI-PT,pressure,1383.687318168,1779490228.9348814,0.5405027318600096,,5.062841482501204,psi,,hardware
WM-PT,pressure,1383.692934627,1779490228.9404988,0.4120004668236335,,-10.999941647045812,psi,,hardware
LF-PT,pressure,1383.696058431,1779490228.9436219,0.20827236274151356,,-36.4659546573108,psi,,hardware
FT-PT,pressure,1383.69917768,1779490228.946741,1.0946608894659149,,74.33261118323937,psi,,hardware
CC-PT,pressure,1383.701700518,1779490228.9492636,0.25402906585086177,,-30.74636676864228,psi,,hardware
FM-PT,pressure,1383.704820471,1779490228.9523838,0.7255578906009066,,28.194736325113322,psi,,hardware
FI-PT,pressure,1383.707887371,1779490228.9554505,0.5406380344197791,,5.079754302472386,psi,,hardware
LF-PT,pressure,1383.711034081,1779490228.9585977,0.20850660902340518,,-36.43667387207435,psi,,hardware
WM-PT,pressure,1383.714158589,1779490228.961722,0.4120231165913482,,-10.997110426081473,psi,,hardware
FT-PT,pressure,1383.717229563,1779490228.9647927,1.094154249924928,,74.269281240616,psi,,hardware
CC-PT,pressure,1383.720351219,1779490228.9679146,0.2544182842276435,,-30.69771447154456,psi,,hardware
FM-PT,pressure,1383.723456191,1779490228.9710195,0.7251585394333051,,28.144817429163137,psi,,hardware
FI-PT,pressure,1383.726571403,1779490228.9741347,0.5407745290725862,,5.09681613407327,psi,,hardware
LF-PT,pressure,1383.729065373,1779490228.9766288,0.20857575041958692,,-36.42803119755163,psi,,hardware
WM-PT,pressure,1383.732198954,1779490228.979762,0.41199748659103946,,-11.000314176120067,psi,,hardware
FT-PT,pressure,1383.734678276,1779490228.9822416,1.0936023108485116,,74.20028885606395,psi,,hardware
CC-PT,pressure,1383.737770823,1779490228.985334,0.25491538702432953,,-30.63557662195881,psi,,hardware
FM-PT,pressure,1383.740248979,1779490228.9878123,0.72476097640526,,28.095122050657505,psi,,hardware
FI-PT,pressure,1383.743303639,1779490228.990867,0.540803139305489,,5.100392413186119,psi,,hardware
LF-PT,pressure,1383.746355114,1779490228.9939184,0.20876290902649275,,-36.404636371688404,psi,,hardware
WM-PT,pressure,1383.748806141,1779490228.9963694,0.4120654358941836,,-10.99182051322705,psi,,hardware
FT-PT,pressure,1383.751918076,1779490228.9994817,1.0929037443284684,,74.11296804105855,psi,,hardware
CC-PT,pressure,1383.754390417,1779490229.0019538,0.2554536170308134,,-30.568297871148328,psi,,hardware
FM-PT,pressure,1383.757443188,1779490229.0050066,0.7243234782604548,,28.040434782556854,psi,,hardware
FI-PT,pressure,1383.760538791,1779490229.0081022,0.5410344053547865,,5.129300669348316,psi,,hardware
LF-PT,pressure,1383.764047888,1779490229.0116117,0.20903351414603166,,-36.37081073174604,psi,,hardware
WM-PT,pressure,1383.76712501,1779490229.0146887,2.4974426624110535,,249.6803328013817,psi,,hardware
FT-PT,pressure,1383.770322421,1779490229.0178857,1.0923231950191492,,74.04039937739365,psi,,hardware
CC-PT,pressure,1383.773798632,1779490229.0213618,0.2559286661063035,,-30.508916736712063,psi,,hardware
FM-PT,pressure,1383.776848366,1779490229.0244117,0.7238460449988895,,27.980755624861185,psi,,hardware
FI-PT,pressure,1383.779347336,1779490229.0269108,0.54119772210094,,5.149715262617496,psi,,hardware
LF-PT,pressure,1383.782384201,1779490229.0299473,0.20937266461523352,,-36.32841692309581,psi,,hardware
WM-PT,pressure,1383.785470452,1779490229.0330336,0.4124385610149575,,-10.94517987313031,psi,,hardware
FT-PT,pressure,1383.792066041,1779490229.0396302,1.0917509903610934,,73.96887379513667,psi,,hardware
FM-PT,pressure,1383.795571694,1779490229.0431354,0.7239557175583502,,27.994464694793773,psi,,hardware
CC-PT,pressure,1383.798704183,1779490229.0462677,0.25617304517901485,,-30.478369352623144,psi,,hardware
LF-PT,pressure,1383.801831617,1779490229.0493948,0.2092987548469013,,-36.337655644137335,psi,,hardware
FI-PT,pressure,1383.804279071,1779490229.0518422,0.5410338093082677,,5.129226163533465,psi,,hardware
FT-PT,pressure,1383.807336602,1779490229.0549,1.0913909782637332,,73.92387228296666,psi,,hardware
WM-PT,pressure,1383.810354912,1779490229.0579185,0.4130179182312391,,-10.87276022109511,psi,,hardware
FM-PT,pressure,1383.813484179,1779490229.0610476,0.7235814003445387,,27.94767504306733,psi,,hardware
CC-PT,pressure,1383.816573597,1779490229.064137,0.25649252611309603,,-30.438434235862996,psi,,hardware
LF-PT,pressure,1383.819641812,1779490229.0672052,0.20929398647475084,,-36.33825169065614,psi,,hardware
FI-PT,pressure,1383.822160577,1779490229.0697238,0.5409914900054323,,5.1239362506790425,psi,,hardware
FT-PT,pressure,1383.824623307,1779490229.0721867,1.0908342708151664,,73.8542838518958,psi,,hardware
WM-PT,pressure,1383.827046337,1779490229.0746098,0.41346435707382645,,-10.816955365771694,psi,,hardware
FM-PT,pressure,1383.82955762,1779490229.077121,0.7232672838291268,,27.908410478640842,psi,,hardware
CC-PT,pressure,1383.832025388,1779490229.0795887,0.2568632670477947,,-30.39209161902566,psi,,hardware
LF-PT,pressure,1383.834491933,1779490229.082055,0.209451938802235,,-36.31850764972062,psi,,hardware
FT-PT,pressure,1383.837619997,1779490229.0851831,1.0901774275514398,,73.77217844392997,psi,,hardware
FI-PT,pressure,1383.841085597,1779490229.088649,0.5412680555901593,,5.158506948769917,psi,,hardware
FM-PT,pressure,1383.844195513,1779490229.0917592,0.7230562833614687,,27.88203542018358,psi,,hardware
WM-PT,pressure,1383.847323836,1779490229.0948873,0.41378622219398287,,-10.776722225752142,psi,,hardware
LF-PT,pressure,1383.850436159,1779490229.0979996,0.2096039306645311,,-36.29950866693361,psi,,hardware
CC-PT,pressure,1383.853494301,1779490229.1010578,0.2567088909994234,,-30.411388625072075,psi,,hardware
FT-PT,pressure,1383.85658457,1779490229.104148,1.0896153556842036,,73.70191946052546,psi,,hardware
FI-PT,pressure,1383.859704653,1779490229.1072679,0.5416519095482718,,5.206488693533975,psi,,hardware
FM-PT,pressure,1383.862188031,1779490229.1097512,0.7228518394055174,,27.85647992568968,psi,,hardware
WM-PT,pressure,1383.865319224,1779490229.1128826,0.4140496747552961,,-10.74379065558799,psi,,hardware
LF-PT,pressure,1383.867797472,1779490229.1153607,0.209713007177473,,-36.285874102815875,psi,,hardware
CC-PT,pressure,1383.870893982,1779490229.1184573,0.256769091697823,,-30.40386353777212,psi,,hardware
FT-PT,pressure,1383.873341954,1779490229.1209052,1.0889191733502357,,73.61489666877947,psi,,hardware
FI-PT,pressure,1383.876364209,1779490229.1239274,0.5419219186212919,,5.2402398276614885,psi,,hardware
FM-PT,pressure,1383.87883081,1779490229.1263938,0.7224608328891793,,27.80760411114741,psi,,hardware
WM-PT,pressure,1383.881273042,1779490229.1288364,0.4143274324330607,,-10.709070945867413,psi,,hardware
LF-PT,pressure,1383.884320184,1779490229.1318836,0.20989718555178472,,-36.26285180602691,psi,,hardware
CC-PT,pressure,1383.887437766,1779490229.1350012,0.2569777079794059,,-30.377786502574263,psi,,hardware
FT-PT,pressure,1383.892077096,1779490229.1396415,1.0883541212504053,,73.54426515630067,psi,,hardware
FM-PT,pressure,1383.895246935,1779490229.1428103,0.7224858668429692,,27.810733355371152,psi,,hardware
FI-PT,pressure,1383.897718462,1779490229.1452818,0.5421263625772431,,5.265795322155389,psi,,hardware
LF-PT,pressure,1383.900832859,1779490229.148396,0.21007957578654002,,-36.240053026682496,psi,,hardware
WM-PT,pressure,1383.903340106,1779490229.1509032,0.41441922359695715,,-10.697597050380356,psi,,hardware
FT-PT,pressure,1383.905823225,1779490229.1533866,1.0878135070578463,,73.47668838223079,psi,,hardware
CC-PT,pressure,1383.908859423,1779490229.1564226,0.25733116356505914,,-30.333604554367607,psi,,hardware
FM-PT,pressure,1383.911931953,1779490229.1594954,0.7221258547456091,,27.765731843201134,psi,,hardware
FI-PT,pressure,1383.915440235,1779490229.1630037,0.5422241142063277,,5.278014275790957,psi,,hardware
LF-PT,pressure,1383.917929502,1779490229.1654928,0.2102309716023173,,-36.221128549710336,psi,,hardware
WM-PT,pressure,1383.921082582,1779490229.1686459,0.4144067066200622,,-10.699161672492227,psi,,hardware
FT-PT,pressure,1383.923551479,1779490229.1711147,1.0872663363535804,,73.40829204419755,psi,,hardware
CC-PT,pressure,1383.92669769,1779490229.1742613,0.25782886240826397,,-30.271392198967003,psi,,hardware
FM-PT,pressure,1383.929176642,1779490229.17674,0.7216937210194732,,27.711715127434143,psi,,hardware
FI-PT,pressure,1383.932276485,1779490229.1798398,0.5423623969986912,,5.295299624836394,psi,,hardware
LF-PT,pressure,1383.934755752,1779490229.1823192,0.2104717743959158,,-36.19102820051052,psi,,hardware
WM-PT,pressure,1383.937822948,1779490229.1853862,0.41454379731938806,,-10.682025335076492,psi,,hardware
FT-PT,pressure,1383.940901292,1779490229.1884649,1.0869730814663268,,73.37163518329085,psi,,hardware
CC-PT,pressure,1383.946167735,1779490229.1937323,0.25832298497235595,,-30.209626878455506,psi,,hardware
LF-PT,pressure,1383.949435679,1779490229.1969988,0.21046104555857725,,-36.19236930517784,psi,,hardware
FM-PT,pressure,1383.951856246,1779490229.1994197,0.7211817170598169,,27.647714632477115,psi,,hardware
FI-PT,pressure,1383.954914554,1779490229.202478,0.5425227335122506,,5.315341689031319,psi,,hardware
FT-PT,pressure,1383.958048839,1779490229.2056122,1.0863967044826393,,73.29958806032991,psi,,hardware
WM-PT,pressure,1383.961160904,1779490229.2087243,0.4149836796502685,,-10.627040043716438,psi,,hardware
LF-PT,pressure,1383.964228526,1779490229.2117915,0.21070065625913814,,-36.16241796760773,psi,,hardware
CC-PT,pressure,1383.967348312,1779490229.2149117,0.25824311473883566,,-30.219610657645543,psi,,hardware
FM-PT,pressure,1383.969807043,1779490229.2173703,0.7208723689165555,,27.609046114569434,psi,,hardware
FI-PT,pressure,1383.972920682,1779490229.2204838,0.5426598242115764,,5.332478026447054,psi,,hardware
FT-PT,pressure,1383.976035265,1779490229.2235985,1.0859764916868795,,73.24706146085994,psi,,hardware
WM-PT,pressure,1383.979138885,1779490229.226702,0.4154634970979091,,-10.567062862761365,psi,,hardware
LF-PT,pressure,1383.98160669,1779490229.22917,0.2106833709100927,,-36.16457863623841,psi,,hardware
CC-PT,pressure,1383.984122843,1779490229.231686,0.2582830498555958,,-30.214618768050524,psi,,hardware
FM-PT,pressure,1383.986582352,1779490229.2341456,0.720572557517595,,27.57156968969937,psi,,hardware
FI-PT,pressure,1383.992151833,1779490229.239716,0.542745058863766,,5.343132357970751,psi,,hardware
LF-PT,pressure,1383.995262045,1779490229.2428255,0.2108437074236521,,-36.144536572043485,psi,,hardware
FT-PT,pressure,1383.998392627,1779490229.245956,1.0853852135402218,,73.17315169252772,psi,,hardware
WM-PT,pressure,1384.001484915,1779490229.249048,0.4159439105920685,,-10.50701117599144,psi,,hardware
FM-PT,pressure,1384.004587832,1779490229.2521513,0.720308508909763,,27.538563613720367,psi,,hardware
CC-PT,pressure,1384.007730357,1779490229.2552936,0.25847557288117085,,-30.190553389853644,psi,,hardware
LF-PT,pressure,1384.0109701,1779490229.2585337,0.21093609463406737,,-36.13298817074158,psi,,hardware
FI-PT,pressure,1384.013457996,1779490229.2610211,0.5426192930482975,,5.327411631037185,psi,,hardware
FT-PT,pressure,1384.016534303,1779490229.2640975,1.0849787098143946,,73.12233872679933,psi,,hardware
WM-PT,pressure,1384.019543521,1779490229.2671068,0.41646545129602563,,-10.441818587996796,psi,,hardware
FM-PT,pressure,1384.022002549,1779490229.2695656,0.7198662423928073,,27.483280299100908,psi,,hardware
CC-PT,pressure,1384.024459502,1779490229.2720227,0.2589106868399008,,-30.136164145012398,psi,,hardware
LF-PT,pressure,1384.027561289,1779490229.2751245,0.21087589393566775,,-36.14051325804153,psi,,hardware
FI-PT,pressure,1384.030121515,1779490229.2776847,0.5424619367673321,,5.307742095916515,psi,,hardware
FT-PT,pressure,1384.032594541,1779490229.2801578,1.084592471670207,,73.07405895877586,psi,,hardware
WM-PT,pressure,1384.035738067,1779490229.2833014,0.4169446726971474,,-10.381915912856574,psi,,hardware
FM-PT,pressure,1384.038217408,1779490229.2857807,0.7195670270403656,,27.445878380045695,psi,,hardware
CC-PT,pressure,1384.041358859,1779490229.288922,0.25916698684298833,,-30.104126644626458,psi,,hardware
LF-PT,pressure,1384.043836237,1779490229.2913995,0.2109307302153981,,-36.133658723075236,psi,,hardware
FI-PT,pressure,1384.046968801,1779490229.294532,0.5423820665338118,,5.297758316726478,psi,,hardware
FT-PT,pressure,1384.050074736,1779490229.297638,1.0840596060823924,,73.00745076029905,psi,,hardware
WM-PT,pressure,1384.052562373,1779490229.3001256,0.4174304506099761,,-10.32119367375299,psi,,hardware
FM-PT,pressure,1384.055620681,1779490229.3031838,0.7191474102911246,,27.393426286390575,psi,,hardware
CC-PT,pressure,1384.058164129,1779490229.3057272,0.2594542812650539,,-30.068214841868265,psi,,hardware
LF-PT,pressure,1384.061245399,1779490229.3088086,0.21103503835618953,,-36.12062020547631,psi,,hardware
FI-PT,pressure,1384.064741719,1779490229.3123052,0.5422747781604264,,5.284347270053294,psi,,hardware
FT-PT,pressure,1384.067837063,1779490229.3154001,1.0836423735192267,,72.95529668990334,psi,,hardware
WM-PT,pressure,1384.070350346,1779490229.3179135,0.41793709015096314,,-10.257863731129607,psi,,hardware
FM-PT,pressure,1384.073399007,1779490229.3209622,0.7188374661013444,,27.354683262668043,psi,,hardware
CC-PT,pressure,1384.076468259,1779490229.3240318,0.25969389196561476,,-30.038263504298154,psi,,hardware
LF-PT,pressure,1384.078959747,1779490229.3265228,0.2111137164966722,,-36.11078543791597,psi,,hardware
FI-PT,pressure,1384.082070849,1779490229.3296342,0.5420947721117463,,5.261846513968285,psi,,hardware
FT-PT,pressure,1384.085182913,1779490229.3327463,1.083097587001036,,72.8871983751295,psi,,hardware
WM-PT,pressure,1384.088251665,1779490229.3358152,0.4184943936460488,,-10.188200794243901,psi,,hardware
LF-PT,pressure,1384.094295489,1779490229.3418596,0.21115961207862044,,-36.10504849017244,psi,,hardware
FM-PT,pressure,1384.097477605,1779490229.345041,0.7183957956309075,,27.299474453863436,psi,,hardware
CC-PT,pressure,1384.100578541,1779490229.348142,0.2599650931316725,,-30.00436335854094,psi,,hardware
FT-PT,pressure,1384.104969792,1779490229.3525338,1.0828311542071287,,72.8538942758911,psi,,hardware
FI-PT,pressure,1384.108185202,1779490229.3557487,0.5424881628141597,,5.31102035176996,psi,,hardware
WM-PT,pressure,1384.111274231,1779490229.3588376,0.4186404250431568,,-10.1699468696054,psi,,hardware
LF-PT,pressure,1384.114407701,1779490229.361971,0.21128120556845734,,-36.089849303942835,psi,,hardware
FM-PT,pressure,1384.117491749,1779490229.365055,0.71793445562535,,27.241806953168744,psi,,hardware
FT-PT,pressure,1384.120603721,1779490229.3681672,1.0824091532718125,,72.80114415897657,psi,,hardware
CC-PT,pressure,1384.123684565,1779490229.3712478,0.26037457709009376,,-29.95317786373828,psi,,hardware
FI-PT,pressure,1384.126809943,1779490229.3743734,0.5424154451388651,,5.301930642358135,psi,,hardware
WM-PT,pressure,1384.12988875,1779490229.3774521,0.4187948010915281,,-10.150649863558986,psi,,hardware
LF-PT,pressure,1384.132336519,1779490229.3799,0.2113950504535497,,-36.07561869330629,psi,,hardware
FM-PT,pressure,1384.135379309,1779490229.3829424,0.7174439093403707,,27.18048866754634,psi,,hardware
FT-PT,pressure,1384.138490929,1779490229.386054,1.0821796753620714,,72.77245942025893,psi,,hardware
CC-PT,pressure,1384.141551071,1779490229.3891144,0.2609515501203001,,-29.88105623496249,psi,,hardware
FI-PT,pressure,1384.145031966,1779490229.3925955,0.5424082925806394,,5.301036572579923,psi,,hardware
WM-PT,pressure,1384.148130142,1779490229.3956935,0.41907375086233034,,-10.115781142208707,psi,,hardware
LF-PT,pressure,1384.151219671,1779490229.398783,0.21151008743167968,,-36.06123907104004,psi,,hardware
FM-PT,pressure,1384.154317107,1779490229.4018805,0.7170022388699339,,27.12527985874173,psi,,hardware
FT-PT,pressure,1384.157429338,1779490229.4049926,1.0819132425681641,,72.73915532102052,psi,,hardware
CC-PT,pressure,1384.160512496,1779490229.4080758,0.2613663984973906,,-29.829200187826178,psi,,hardware
FI-PT,pressure,1384.162973857,1779490229.4105375,0.542204444671207,,5.275555583900873,psi,,hardware
WM-PT,pressure,1384.165395183,1779490229.4129584,0.4193056129581467,,-10.08679838023166,psi,,hardware
LF-PT,pressure,1384.168467434,1779490229.4160306,0.21165611882878768,,-36.04298514640154,psi,,hardware
FM-PT,pressure,1384.171574832,1779490229.4191382,0.7165826221206929,,27.07282776508661,psi,,hardware
FT-PT,pressure,1384.174700229,1779490229.4222636,1.08155025023821,,72.69378127977625,psi,,hardware
CC-PT,pressure,1384.177757056,1779490229.4253204,0.2617967440839701,,-29.77540698950374,psi,,hardware
FI-PT,pressure,1384.18086038,1779490229.4284236,0.5421567609497023,,5.269595118712791,psi,,hardware
WM-PT,pressure,1384.183968815,1779490229.4315321,0.4194927715650525,,-10.063403554368438,psi,,hardware
LF-PT,pressure,1384.187027494,1779490229.4345908,0.21183493278443014,,-36.020633401946235,psi,,hardware
FM-PT,pressure,1384.192070893,1779490229.4396353,0.7160312790907953,,27.003909886349415,psi,,hardware
FT-PT,pressure,1384.194620045,1779490229.4421835,1.0811944104664815,,72.64930130831019,psi,,hardware
FI-PT,pressure,1384.197753016,1779490229.4453166,0.5424786260698587,,5.3098282587323435,psi,,hardware
CC-PT,pressure,1384.200227079,1779490229.4477904,0.26197078966746207,,-29.75365129156724,psi,,hardware
LF-PT,pressure,1384.203338903,1779490229.450902,0.21196129464641747,,-36.00483816919782,psi,,hardware
WM-PT,pressure,1384.206444653,1779490229.454008,0.41956310505427186,,-10.054611868216018,psi,,hardware
FT-PT,pressure,1384.20956718,1779490229.4571304,1.080674061855562,,72.58425773194524,psi,,hardware
FM-PT,pressure,1384.212690058,1779490229.4602532,0.7161403556037372,,27.017544450467152,psi,,hardware
FI-PT,pressure,1384.215217674,1779490229.462781,0.5425769737454621,,5.322121718182762,psi,,hardware
CC-PT,pressure,1384.218324943,1779490229.4658883,0.2621478154835481,,-29.731523064556487,psi,,hardware
LF-PT,pressure,1384.221812263,1779490229.4693758,0.21196785115812436,,-36.00401860523446,psi,,hardware
WM-PT,pressure,1384.22491144,1779490229.4724748,0.4195738338916104,,-10.0532707635487,psi,,hardware
FT-PT,pressure,1384.228050706,1779490229.475614,1.080101857197506,,72.51273214968826,psi,,hardware
FM-PT,pressure,1384.230475199,1779490229.4780385,0.71616896583664,,27.02112072958,psi,,hardware
FI-PT,pressure,1384.233570634,1779490229.481134,0.542760556073255,,5.345069509156877,psi,,hardware
CC-PT,pressure,1384.236603203,1779490229.4841664,0.262390406416703,,-29.70119919791212,psi,,hardware
LF-PT,pressure,1384.239703379,1779490229.4872668,0.21200480604229047,,-35.99939924471369,psi,,hardware
WM-PT,pressure,1384.242723579,1779490229.4902868,0.4196298622643784,,-10.046267216952703,psi,,hardware
FT-PT,pressure,1384.245218696,1779490229.4927819,1.0796774720761146,,72.45968400951433,psi,,hardware
FM-PT,pressure,1384.248342964,1779490229.495906,0.7162792344426195,,27.03490430532744,psi,,hardware
FI-PT,pressure,1384.251442029,1779490229.499005,0.5429429463080103,,5.36786828850129,psi,,hardware
CC-PT,pressure,1384.254549279,1779490229.5021129,0.2625686243258267,,-29.67892195927166,psi,,hardware
LF-PT,pressure,1384.257630586,1779490229.505194,0.21201911115874186,,-35.99761110515727,psi,,hardware
WM-PT,pressure,1384.260726818,1779490229.50829,0.4196596645903188,,-10.042541926210152,psi,,hardware
FT-PT,pressure,1384.265808622,1779490229.5133727,1.0791255329996983,,72.39069162496229,psi,,hardware
FM-PT,pressure,1384.268972573,1779490229.516536,3.3891407715249984,,361.1425964406248,psi,,hardware
