sensor_name,sensor_kind,t_monotonic,t_wall,Voltage 1,Voltage 2,value,units,filtered_value,source
XF-PT,pressure,1408.7350083,1779490253.9825723,0.2819061615355207,,-54.523459616119816,psi,,hardware
LF-PT,pressure,1408.734398149,1779490253.9819622,4.50935417525222,,501.1692719065275,psi,,hardware
FT-PT,pressure,1408.740911237,1779490253.9884746,1.2000371456190522,,87.50464320238152,psi,,hardware
FM-PT,pressure,1408.74519704,1779490253.9927607,0.7546324437418512,,31.829055467731404,psi,,hardware
N-LC,thrust,1408.736737743,1779490253.984302,0.078125,0.078125,0.0,N,,hardware
FI-PT,pressure,1408.749008239,1779490253.9965715,0.5029464367564245,,0.3683045945530594,psi,,hardware
WM-PT,pressure,1408.75319801,1779490254.0007613,0.370775505396784,,-16.153061825402,psi,,hardware
CC-PT,pressure,1408.757006136,1779490254.0045693,0.17574670025666955,,-40.531662467916306,psi,,hardware
E-LC,thrust,1408.750650872,1779490253.9982142,0.078125,0.078125,0.0,N,,hardware
LF-PT,pressure,1408.760886295,1779490254.00845,0.17890217052724008,,-40.137228684094985,psi,,hardware
FT-PT,pressure,1408.765096121,1779490254.0126598,1.1992092370044276,,87.40115462555345,psi,,hardware
FM-PT,pressure,1408.768976798,1779490254.01654,0.754673570951649,,31.834196368956125,psi,,hardware
N-LC,thrust,1408.762493318,1779490254.0100567,0.078125,0.078125,0.0,N,,hardware
FI-PT,pressure,1408.772877307,1779490254.0204406,0.5032575730392423,,0.40719662990529315,psi,,hardware
WM-PT,pressure,1408.777085059,1779490254.0246484,0.3711694921457162,,-16.103813481785473,psi,,hardware
CC-PT,pressure,1408.780842391,1779490254.0284057,0.17620684816918947,,-40.474143978851316,psi,,hardware
E-LC,thrust,1408.774490997,1779490254.0220544,0.078125,0.078125,0.0,N,,hardware
LF-PT,pressure,1408.784560411,1779490254.0321238,0.17947437518529596,,-40.065703101838004,psi,,hardware
FT-PT,pressure,1408.792049225,1779490254.0396135,1.1982358930392139,,87.27948662990173,psi,,hardware
N-LC,thrust,1408.78617036,1779490254.0337336,0.078125,0.078125,0.0,N,,hardware
FM-PT,pressure,1408.797196333,1779490254.04476,0.7548863595588635,,31.86079494485794,psi,,hardware
FI-PT,pressure,1408.801488728,1779490254.0490522,0.5036277179274222,,0.4534647409277781,psi,,hardware
WM-PT,pressure,1408.805368868,1779490254.0529325,0.3714681114516391,,-16.06648606854511,psi,,hardware
E-LC,thrust,1408.799845373,1779490254.047409,0.078125,0.078125,0.0,N,,hardware
CC-PT,pressure,1408.809156143,1779490254.0567195,0.17674269398959802,,-40.40716325130025,psi,,hardware
LF-PT,pressure,1408.813404375,1779490254.0609677,0.17984571216651346,,-40.01928597918582,psi,,hardware
FT-PT,pressure,1408.817996069,1779490254.0655599,1.1974407669831237,,87.18009587289046,psi,,hardware
N-LC,thrust,1408.811767094,1779490254.0593305,0.078125,0.078125,0.0,N,,hardware
FM-PT,pressure,1408.821781658,1779490254.0693452,0.7550574249097615,,31.882178113720183,psi,,hardware
FI-PT,pressure,1408.825996392,1779490254.0735595,0.5039829616526319,,0.4978702065789875,psi,,hardware
WM-PT,pressure,1408.829793425,1779490254.0773568,0.37176315447844915,,-16.029605690193854,psi,,hardware
E-LC,thrust,1408.8233892,1779490254.0709524,0.078125,0.078125,0.0,N,,hardware
CC-PT,pressure,1408.833570608,1779490254.0811343,0.17719509329737346,,-40.350613337828314,psi,,hardware
LF-PT,pressure,1408.839382032,1779490254.0869455,0.18015208007718087,,-39.98098999035239,psi,,hardware
FT-PT,pressure,1408.8432928,1779490254.090856,1.1965532537166184,,87.06915671457729,psi,,hardware
N-LC,thrust,1408.836856058,1779490254.0844202,0.078125,0.078125,0.0,N,,hardware
FM-PT,pressure,1408.847164255,1779490254.0947278,0.7551915353764933,,31.898941922061663,psi,,hardware
FI-PT,pressure,1408.851537424,1779490254.0991006,0.5041832332829514,,0.5229041603689311,psi,,hardware
WM-PT,pressure,1408.853919831,1779490254.1014833,0.3721881356463594,,-15.976483044205077,psi,,hardware
CC-PT,pressure,1408.85781873,1779490254.1053822,0.17773391935037605,,-40.28326008120299,psi,,hardware
E-LC,thrust,1408.849500961,1779490254.0970643,0.078125,0.078125,0.0,N,,hardware
LF-PT,pressure,1408.861704314,1779490254.1092675,0.18043579822013356,,-39.945525222483305,psi,,hardware
FT-PT,pressure,1408.865757482,1779490254.1133213,1.1956609720779623,,86.95762150974528,psi,,hardware
FM-PT,pressure,1408.869822501,1779490254.117386,0.7552869028195026,,31.910862852437827,psi,,hardware
N-LC,thrust,1408.863021113,1779490254.1105843,0.078125,0.078125,0.0,N,,hardware
FI-PT,pressure,1408.87359224,1779490254.1211557,0.5045474177059432,,0.5684272132429058,psi,,hardware
WM-PT,pressure,1408.877892357,1779490254.1254559,0.37254278332505025,,-15.932152084368719,psi,,hardware
CC-PT,pressure,1408.88170652,1779490254.12927,0.17825724819388963,,-40.21784397576379,psi,,hardware
E-LC,thrust,1408.875165691,1779490254.122729,0.078125,0.078125,0.0,N,,hardware
LF-PT,pressure,1408.885418002,1779490254.1329815,0.18099131357566278,,-39.87608580304215,psi,,hardware
FT-PT,pressure,1408.89266694,1779490254.1402311,1.1948575013706089,,86.8571876713261,psi,,hardware
FM-PT,pressure,1408.896876451,1779490254.1444402,0.7554579681704006,,31.93224602130007,psi,,hardware
N-LC,thrust,1408.88704658,1779490254.1346102,0.078125,0.078125,0.0,N,,hardware
FI-PT,pressure,1408.900775517,1779490254.1483393,0.5050212746883957,,0.6276593360494687,psi,,hardware
WM-PT,pressure,1408.90500599,1779490254.1525693,0.37289921914329754,,-15.887597607087807,psi,,hardware
CC-PT,pressure,1408.908660235,1779490254.1562235,0.17867984517572463,,-40.16501935303442,psi,,hardware
E-LC,thrust,1408.902382947,1779490254.1499465,0.078125,0.078125,0.0,N,,hardware
LF-PT,pressure,1408.912476675,1779490254.16004,0.1813644386964367,,-39.82944516294541,psi,,hardware
FT-PT,pressure,1408.916679482,1779490254.164243,1.1939425699642383,,86.74282124552978,psi,,hardware
FM-PT,pressure,1408.920376355,1779490254.16794,0.7556177086374412,,31.952213579680144,psi,,hardware
N-LC,thrust,1408.914127307,1779490254.1616907,0.078125,0.078125,0.0,N,,hardware
FI-PT,pressure,1408.924166593,1779490254.1717298,0.5052894956218594,,0.6611869527324288,psi,,hardware
WM-PT,pressure,1408.928352753,1779490254.175916,0.3730863777502033,,-15.864202781224586,psi,,hardware
CC-PT,pressure,1408.93219634,1779490254.1797595,0.17926873913630711,,-40.09140760796161,psi,,hardware
E-LC,thrust,1408.925744377,1779490254.1733077,0.078125,0.078125,0.0,N,,hardware
LF-PT,pressure,1408.936070221,1779490254.1836336,0.18169822474696928,,-39.78772190662884,psi,,hardware
FT-PT,pressure,1408.940377171,1779490254.1879406,1.1932887069331057,,86.66108836663821,psi,,hardware
N-LC,thrust,1408.937683374,1779490254.1852467,0.078125,0.078125,0.0,N,,hardware
FM-PT,pressure,1408.947044623,1779490254.194609,0.7557929463139708,,31.974118289246345,psi,,hardware
LF-PT,pressure,1408.952900655,1779490254.2004652,0.18218519475283562,,-39.72685065589555,psi,,hardware
FI-PT,pressure,1408.956814664,1779490254.204378,0.5053330070177324,,0.6666258772165534,psi,,hardware
E-LC,thrust,1408.949324794,1779490254.1968882,0.078125,0.078125,0.0,N,,hardware
WM-PT,pressure,1408.960698822,1779490254.2082624,0.3735709635699944,,-15.803629553750698,psi,,hardware
CC-PT,pressure,1408.965421972,1779490254.2129853,0.1799059128649131,,-40.011760891885864,psi,,hardware
N-LC,thrust,1408.96292659,1779490254.2104902,0.078125,0.078125,0.0,N,,hardware
LF-PT,pressure,1408.970130993,1779490254.2176943,0.18250944405906727,,-39.68631949261659,psi,,hardware
FT-PT,pressure,1408.974447165,1779490254.2220104,1.1925370922728886,,86.56713653411107,psi,,hardware
FM-PT,pressure,1408.978608364,1779490254.2261717,0.7559663958509439,,31.995799481367992,psi,,hardware
E-LC,thrust,1408.972968394,1779490254.220532,0.078125,0.078125,0.0,N,,hardware
FI-PT,pressure,1408.98232218,1779490254.2298853,0.5056977874872431,,0.712223435905393,psi,,hardware
WM-PT,pressure,1408.986567226,1779490254.2341306,0.3740156142730253,,-15.748048215871835,psi,,hardware
CC-PT,pressure,1408.992648006,1779490254.2402122,0.18033208612586094,,-39.95848923426738,psi,,hardware
N-LC,thrust,1408.983940073,1779490254.2315032,0.078125,0.078125,0.0,N,,hardware
LF-PT,pressure,1408.997193943,1779490254.2447574,0.18278660569031308,,-39.651674288710865,psi,,hardware
FT-PT,pressure,1409.001399454,1779490254.2489629,1.1916978587744067,,86.46223234680083,psi,,hardware
FM-PT,pressure,1409.005180915,1779490254.2527442,0.7560838170151492,,32.01047712689365,psi,,hardware
E-LC,thrust,1408.998799652,1779490254.246363,0.078125,0.078125,0.0,N,,hardware
FI-PT,pressure,1409.008886879,1779490254.25645,0.5060393221425202,,0.7549152678150289,psi,,hardware
LF-PT,pressure,1409.01312674,1779490254.2606902,0.18314423360159798,,-39.60697079980025,psi,,hardware
N-LC,thrust,1409.010501847,1779490254.2580652,0.078125,0.078125,0.0,N,,hardware
WM-PT,pressure,1409.016879591,1779490254.264443,0.3742397277640972,,-15.72003402948785,psi,,hardware
CC-PT,pressure,1409.021874578,1779490254.2694378,0.18085183869026167,,-39.89352016371729,psi,,hardware
FT-PT,pressure,1409.025736923,1779490254.2733002,1.1908031929496756,,86.35039911870945,psi,,hardware
E-LC,thrust,1409.020536262,1779490254.2680995,0.078125,0.078125,0.0,N,,hardware
FM-PT,pressure,1409.029573343,1779490254.2771366,0.756205410504986,,32.025676313123256,psi,,hardware
FI-PT,pressure,1409.03434125,1779490254.2819045,0.506431520751896,,0.8039400939870017,psi,,hardware
LF-PT,pressure,1409.038167838,1779490254.2857313,0.1835251073271164,,-39.55936158411045,psi,,hardware
N-LC,thrust,1409.031821925,1779490254.2793853,0.078125,0.078125,0.0,N,,hardware
WM-PT,pressure,1409.042041219,1779490254.2896051,0.3744799345111769,,-15.690008186102888,psi,,hardware
CC-PT,pressure,1409.046213343,1779490254.2937768,0.18141748683661063,,-39.82281414542367,psi,,hardware
E-LC,thrust,1409.043696684,1779490254.2912605,0.078125,0.078125,0.0,N,,hardware
FT-PT,pressure,1409.051100854,1779490254.298664,1.1898644196825527,,86.23305246031909,psi,,hardware
FM-PT,pressure,1409.054373694,1779490254.301937,0.7563812442280344,,32.04765552850431,psi,,hardware
FI-PT,pressure,1409.059488767,1779490254.3070521,0.506792128895775,,0.8490161119718703,psi,,hardware
N-LC,thrust,1409.053727433,1779490254.3012908,0.078125,0.078125,0.0,N,,hardware
LF-PT,pressure,1409.06326408,1779490254.3108277,0.1841080408225108,,-39.48649489718615,psi,,hardware
WM-PT,pressure,1409.069476186,1779490254.3170393,0.3746116607918335,,-15.673542401020812,psi,,hardware
E-LC,thrust,1409.067056447,1779490254.3146207,0.078125,0.078125,0.0,N,,hardware
CC-PT,pressure,1409.073623237,1779490254.3211868,0.18197598242473395,,-39.753002196908255,psi,,hardware
FT-PT,pressure,1409.078702756,1779490254.3262658,1.1890335308353341,,86.12919135441676,psi,,hardware
FM-PT,pressure,1409.08271139,1779490254.3302748,0.756525487485586,,32.065685935698255,psi,,hardware
N-LC,thrust,1409.077402235,1779490254.3249657,0.078125,0.078125,0.0,N,,hardware
FI-PT,pressure,1409.086387856,1779490254.3339512,0.5073905596006584,,0.9238199500822969,psi,,hardware
LF-PT,pressure,1409.094277685,1779490254.3418417,0.18446626478031455,,-39.441716902460676,psi,,hardware
FT-PT,pressure,1409.098147418,1779490254.3457105,1.18823542454665,,86.02942806833124,psi,,hardware
E-LC,thrust,1409.091666772,1779490254.3392308,0.078125,0.078125,0.0,N,,hardware
WM-PT,pressure,1409.101772109,1779490254.3493357,0.37540261452229196,,-15.574673184713506,psi,,hardware
CC-PT,pressure,1409.105984324,1779490254.3535478,0.1824748733609764,,-39.69064082987795,psi,,hardware
LF-PT,pressure,1409.1097516,1779490254.3573148,0.1847106438530259,,-39.41116951837176,psi,,hardware
N-LC,thrust,1409.104312063,1779490254.3518753,0.078125,0.078125,0.0,N,,hardware
FM-PT,pressure,1409.113247706,1779490254.3608112,0.7561303086436162,,32.01628858045203,psi,,hardware
FI-PT,pressure,1409.118088053,1779490254.3656514,0.5077922949543351,,0.974036869291886,psi,,hardware
FT-PT,pressure,1409.121787369,1779490254.369351,1.1876250729113904,,85.9531341139238,psi,,hardware
E-LC,thrust,1409.115521211,1779490254.3630846,0.078125,0.078125,0.0,N,,hardware
WM-PT,pressure,1409.125496204,1779490254.3730597,0.3760475368556424,,-15.4940578930447,psi,,hardware
CC-PT,pressure,1409.129738602,1779490254.377302,0.18291117941274398,,-39.636102573407,psi,,hardware
LF-PT,pressure,1409.133817139,1779490254.3813808,0.18490137873904453,,-39.38732765761943,psi,,hardware
N-LC,thrust,1409.127123208,1779490254.374687,0.078125,0.078125,0.0,N,,hardware
FM-PT,pressure,1409.137537436,1779490254.3851008,0.7557571835228423,,31.969647940355284,psi,,hardware
FI-PT,pressure,1409.141752466,1779490254.3893158,0.5081546912377705,,1.0193364047213076,psi,,hardware
E-LC,thrust,1409.1391477,1779490254.3867111,0.078125,0.078125,0.0,N,,hardware
FT-PT,pressure,1409.146554944,1779490254.394118,1.1869133933679334,,85.86417417099167,psi,,hardware
WM-PT,pressure,1409.15071844,1779490254.3982818,0.3768259736092059,,-15.396753298849264,psi,,hardware
CC-PT,pressure,1409.154821364,1779490254.402385,0.18343808453537042,,-39.5702394330787,psi,,hardware
N-LC,thrust,1409.149189745,1779490254.396753,0.078125,0.078125,0.0,N,,hardware
LF-PT,pressure,1409.158503441,1779490254.406067,0.18516065897472608,,-39.354917628159235,psi,,hardware
FM-PT,pressure,1409.162705175,1779490254.4102688,0.7553333944479697,,31.916674305996207,psi,,hardware
FI-PT,pressure,1409.166400547,1779490254.413964,0.5084592710088814,,1.05740887611018,psi,,hardware
E-LC,thrust,1409.160119038,1779490254.4076824,0.078125,0.078125,0.0,N,,hardware
FT-PT,pressure,1409.170163083,1779490254.4177263,1.1863107903374184,,85.78884879217729,psi,,hardware
WM-PT,pressure,1409.174408981,1779490254.4219723,0.37742857663972096,,-15.32142792003488,psi,,hardware
CC-PT,pressure,1409.178086132,1779490254.4256494,0.18387737081973204,,-39.515328647533494,psi,,hardware
N-LC,thrust,1409.171807289,1779490254.4193704,0.078125,0.078125,0.0,N,,hardware
LF-PT,pressure,1409.183764211,1779490254.4313283,0.18538238827972273,,-39.327201465034655,psi,,hardware
FM-PT,pressure,1409.188043182,1779490254.4356065,0.7548643058376676,,31.858038229708452,psi,,hardware
E-LC,thrust,1409.185449008,1779490254.4330125,0.078125,0.078125,0.0,N,,hardware
FI-PT,pressure,1409.195986471,1779490254.443551,0.5087799440360002,,1.0974930045000302,psi,,hardware
LF-PT,pressure,1409.200326178,1779490254.4478893,0.18610539270703705,,-39.236825911620365,psi,,hardware
FT-PT,pressure,1409.2040674,1779490254.4516308,1.185466788466786,,85.68334855834824,psi,,hardware
N-LC,thrust,1409.19867649,1779490254.44624,0.078125,0.078125,0.0,N,,hardware
WM-PT,pressure,1409.207735515,1779490254.455299,0.3782123778119537,,-15.223452773505786,psi,,hardware
CC-PT,pressure,1409.212290063,1779490254.4598536,0.18432678989491344,,-39.459151263135816,psi,,hardware
LF-PT,pressure,1409.215968584,1779490254.4635317,0.1863777859661324,,-39.20277675423345,psi,,hardware
E-LC,thrust,1409.21030056,1779490254.457864,0.078125,0.078125,0.0,N,,hardware
FM-PT,pressure,1409.219681363,1779490254.4672449,0.7544762795539235,,31.809534944240436,psi,,hardware
FI-PT,pressure,1409.223902596,1779490254.4714658,0.5091167103191269,,1.1395887898908579,psi,,hardware
FT-PT,pressure,1409.22767339,1779490254.4752367,1.1847878914818635,,85.59848643523293,psi,,hardware
N-LC,thrust,1409.222237891,1779490254.4698012,0.078125,0.078125,0.0,N,,hardware
WM-PT,pressure,1409.23139278,1779490254.4789562,0.37898664223988565,,-15.126669720014293,psi,,hardware
CC-PT,pressure,1409.23565727,1779490254.4832208,0.18484713850583298,,-39.39410768677087,psi,,hardware
LF-PT,pressure,1409.239455414,1779490254.487019,0.0,,-62.5,psi,,hardware
E-LC,thrust,1409.234018581,1779490254.4815822,0.078125,0.078125,0.0,N,,hardware
FM-PT,pressure,1409.243515489,1779490254.491079,0.754117459549601,,31.76468244370012,psi,,hardware
FI-PT,pressure,1409.247831643,1779490254.4953947,0.5094451319509902,,1.1806414938737713,psi,,hardware
FT-PT,pressure,1409.251609974,1779490254.4991734,1.18421449473077,,85.52681184134624,psi,,hardware
N-LC,thrust,1409.246185473,1779490254.493749,0.078125,0.078125,0.0,N,,hardware
WM-PT,pressure,1409.255241294,1779490254.5028048,0.3796738838760715,,-15.040764515491064,psi,,hardware
CC-PT,pressure,1409.259432603,1779490254.5069957,0.18521072688230597,,-39.34865913971175,psi,,hardware
LF-PT,pressure,1409.263172621,1779490254.510736,0.18674018224956776,,-39.157477218804026,psi,,hardware
E-LC,thrust,1409.257814858,1779490254.5053782,0.078125,0.078125,0.0,N,,hardware
FM-PT,pressure,1409.266895122,1779490254.5144584,0.7536769811722017,,31.709622646525215,psi,,hardware
FI-PT,pressure,1409.271137038,1779490254.5187004,0.5097193133496419,,1.2149141687052416,psi,,hardware
FT-PT,pressure,1409.274887278,1779490254.5224507,1.1835272530945842,,85.44090663682302,psi,,hardware
N-LC,thrust,1409.269460778,1779490254.517024,0.078125,0.078125,0.0,N,,hardware
WM-PT,pressure,1409.278502081,1779490254.5260653,0.380411789466356,,-14.948526316705498,psi,,hardware
CC-PT,pressure,1409.2826438,1779490254.530207,0.1856279594454717,,-39.296505069316034,psi,,hardware
LF-PT,pressure,1409.286670339,1779490254.534234,0.1870912536491458,,-39.11359329385677,psi,,hardware
E-LC,thrust,1409.281074404,1779490254.528638,0.078125,0.078125,0.0,N,,hardware
FM-PT,pressure,1409.293939146,1779490254.5415034,0.7534343902390468,,31.67929877988085,psi,,hardware
FI-PT,pressure,1409.30003474,1779490254.5475996,0.5100799214935209,,1.2599901866901102,psi,,hardware
N-LC,thrust,1409.295696939,1779490254.5432603,0.078125,0.078125,0.0,N,,hardware
LF-PT,pressure,1409.304458239,1779490254.5520215,0.18762590737651674,,-39.046761577935406,psi,,hardware
FT-PT,pressure,1409.309448467,1779490254.5570116,1.1827154377359674,,85.33942971699592,psi,,hardware
WM-PT,pressure,1409.3122415,1779490254.5598047,0.3811610199404979,,-14.854872507437763,psi,,hardware
E-LC,thrust,1409.308236496,1779490254.5558,0.078125,0.078125,0.0,N,,hardware
CC-PT,pressure,1409.317395608,1779490254.564959,0.1861536724750605,,-39.23079094061743,psi,,hardware
LF-PT,pressure,1409.321562399,1779490254.569126,0.1878059134251968,,-39.0242608218504,psi,,hardware
FM-PT,pressure,1409.325075337,1779490254.5726388,0.7528884116278185,,31.611051453477312,psi,,hardware
N-LC,thrust,1409.31993908,1779490254.5675023,0.078125,0.078125,0.0,N,,hardware
FI-PT,pressure,1409.327440782,1779490254.575004,0.510515035452251,,1.3143794315313706,psi,,hardware
FT-PT,pressure,1409.33304231,1779490254.5806057,1.182080052146918,,85.26000651836473,psi,,hardware
WM-PT,pressure,1409.336750311,1779490254.5843136,0.3817445494824111,,-14.781931314698612,psi,,hardware
E-LC,thrust,1409.331449323,1779490254.5790126,0.078125,0.078125,0.0,N,,hardware
CC-PT,pressure,1409.340438592,1779490254.588002,0.18664004643440799,,-39.169994195699,psi,,hardware
LF-PT,pressure,1409.344703304,1779490254.5922666,0.18806400156784076,,-38.991999804019905,psi,,hardware
FM-PT,pressure,1409.348444748,1779490254.5960083,0.7524479332504193,,31.555991656302407,psi,,hardware
N-LC,thrust,1409.343045727,1779490254.590609,0.078125,0.078125,0.0,N,,hardware
FI-PT,pressure,1409.352055884,1779490254.5996194,0.5110705508077802,,1.3838188509725236,psi,,hardware
FT-PT,pressure,1409.357601693,1779490254.605165,1.1814577795812822,,85.18222244766027,psi,,hardware
E-LC,thrust,1409.354037035,1779490254.6016002,0.078125,0.078125,0.0,N,,hardware
WM-PT,pressure,1409.361308194,1779490254.6088715,0.38243357925815336,,-14.69580259273083,psi,,hardware
CC-PT,pressure,1409.364813447,1779490254.612377,0.1871198638820486,,-39.110017014743924,psi,,hardware
LF-PT,pressure,1409.368678089,1779490254.6162415,0.1882863269193562,,-38.96420913508047,psi,,hardware
N-LC,thrust,1409.364376138,1779490254.61194,0.078125,0.078125,0.0,N,,hardware
FM-PT,pressure,1409.372497565,1779490254.620061,0.7521826925495496,,31.5228365686937,psi,,hardware
FI-PT,pressure,1409.378066076,1779490254.6256294,0.5114102973235009,,1.4262871654376064,psi,,hardware
FT-PT,pressure,1409.381739784,1779490254.6293032,1.1808229900387515,,85.10287375484393,psi,,hardware
E-LC,thrust,1409.376496847,1779490254.6240602,0.078125,0.078125,0.0,N,,hardware
WM-PT,pressure,1409.385535836,1779490254.6330993,0.3833353976411102,,-14.583075294861226,psi,,hardware
CC-PT,pressure,1409.391741071,1779490254.639305,0.1875490173755905,,-39.05637282805119,psi,,hardware
LF-PT,pressure,1409.396357986,1779490254.6439214,0.1883518920364251,,-38.95601349544686,psi,,hardware
N-LC,thrust,1409.388068957,1779490254.6356323,0.078125,0.078125,0.0,N,,hardware
FT-PT,pressure,1409.400135151,1779490254.6476984,1.179982564447232,,84.99782055590398,psi,,hardware
FM-PT,pressure,1409.40434955,1779490254.651913,0.7523179951093191,,31.539749388664884,psi,,hardware
FI-PT,pressure,1409.408062033,1779490254.6556256,0.5118692531429831,,1.4836566428728937,psi,,hardware
E-LC,thrust,1409.402701807,1779490254.650265,0.078125,0.078125,0.0,N,,hardware
LF-PT,pressure,1409.412663949,1779490254.660228,0.1888030992511629,,-38.89961259360464,psi,,hardware
WM-PT,pressure,1409.418153834,1779490254.665717,0.38343374531671354,,-14.570781835410807,psi,,hardware
CC-PT,pressure,1409.421810042,1779490254.6693735,0.1879877076134333,,-39.001536548320836,psi,,hardware
FT-PT,pressure,1409.425341572,1779490254.672905,1.1790884946690197,,84.88606183362745,psi,,hardware
N-LC,thrust,1409.416528942,1779490254.6640923,0.078125,0.078125,0.0,N,,hardware
FM-PT,pressure,1409.42771435,1779490254.6752775,0.7524306479013738,,31.553830987671727,psi,,hardware
FI-PT,pressure,1409.431131349,1779490254.6786947,0.5121428384951161,,1.517854811889513,psi,,hardware
LF-PT,pressure,1409.435576329,1779490254.6831398,0.189203642511802,,-38.84954468602475,psi,,hardware
E-LC,thrust,1409.428994984,1779490254.6765583,0.078125,0.078125,0.0,N,,hardware
WM-PT,pressure,1409.439233111,1779490254.6867964,0.38363997741222117,,-14.545002823472354,psi,,hardware
CC-PT,pressure,1409.443911189,1779490254.6914747,0.188519977154729,,-38.93500285565887,psi,,hardware
FT-PT,pressure,1409.447639837,1779490254.695203,1.1782838318686286,,84.78547898357857,psi,,hardware
N-LC,thrust,1409.440885928,1779490254.6884494,0.078125,0.078125,0.0,N,,hardware
FM-PT,pressure,1409.4513733,1779490254.6989365,0.7525552216238047,,31.56940270297559,psi,,hardware
FI-PT,pressure,1409.455611754,1779490254.703175,0.5123890057073839,,1.5486257134229853,psi,,hardware
LF-PT,pressure,1409.459322293,1779490254.7068856,0.18949689739905567,,-38.81288782511804,psi,,hardware
E-LC,thrust,1409.453018599,1779490254.7005818,0.078125,0.078125,0.0,N,,hardware
WM-PT,pressure,1409.463049552,1779490254.7106128,0.38378362462325394,,-14.527046922093257,psi,,hardware
CC-PT,pressure,1409.467203067,1779490254.7147663,0.1889771448346549,,-38.87785689566814,psi,,hardware
FT-PT,pressure,1409.470824869,1779490254.7183883,1.1774797651147564,,84.68497063934454,psi,,hardware
N-LC,thrust,1409.46460256,1779490254.7121658,0.078125,0.078125,0.0,N,,hardware
FM-PT,pressure,1409.474434024,1779490254.7219973,0.7527715865101321,,31.596448313766512,psi,,hardware
FI-PT,pressure,1409.47865646,1779490254.72622,0.5127508059443004,,1.593850743037556,psi,,hardware
LF-PT,pressure,1409.482350389,1779490254.729914,0.1899057853109581,,-38.76177683613024,psi,,hardware
E-LC,thrust,1409.476068342,1779490254.7236316,0.078125,0.078125,0.0,N,,hardware
WM-PT,pressure,1409.486124535,1779490254.733688,0.38416449834877237,,-14.479437706403454,psi,,hardware
CC-PT,pressure,1409.492873852,1779490254.7404382,0.18933238855986462,,-38.83345143001692,psi,,hardware
LF-PT,pressure,1409.497806397,1779490254.7453704,0.19002737880079495,,-38.74657764990063,psi,,hardware
N-LC,thrust,1409.487723207,1779490254.7352865,0.078125,0.078125,0.0,N,,hardware
FT-PT,pressure,1409.501489215,1779490254.7490528,1.1765898676621755,,84.57373345777194,psi,,hardware
FM-PT,pressure,1409.505061317,1779490254.7526248,0.7528919879069313,,31.61149848836642,psi,,hardware
FI-PT,pressure,1409.50939858,1779490254.7569618,0.5130053178078315,,1.6256647259789425,psi,,hardware
E-LC,thrust,1409.50308735,1779490254.7506506,0.078125,0.078125,0.0,N,,hardware
LF-PT,pressure,1409.513044363,1779490254.7606075,0.19044163113136664,,-38.69479610857917,psi,,hardware
WM-PT,pressure,1409.51733548,1779490254.7648988,0.38437609486294927,,-14.45298814213134,psi,,hardware
CC-PT,pressure,1409.521427498,1779490254.768991,0.18986763833375436,,-38.766545208280704,psi,,hardware
N-LC,thrust,1409.514715679,1779490254.7622788,0.078125,0.078125,0.0,N,,hardware
FT-PT,pressure,1409.527126557,1779490254.7746906,1.1757446736985055,,84.46808421231319,psi,,hardware
FM-PT,pressure,1409.530576721,1779490254.77814,0.7530129853502494,,31.626623168781176,psi,,hardware
FI-PT,pressure,1409.535055903,1779490254.7826192,0.5133844033937935,,1.6730504242241928,psi,,hardware
E-LC,thrust,1409.528507667,1779490254.776071,0.078125,0.078125,0.0,N,,hardware
LF-PT,pressure,1409.538792569,1779490254.786356,0.19078674206575658,,-38.65165724178043,psi,,hardware
WM-PT,pressure,1409.543034394,1779490254.790598,0.384501264631899,,-14.437341921012626,psi,,hardware
CC-PT,pressure,1409.546745969,1779490254.7943094,0.19039156322378675,,-38.701054597026655,psi,,hardware
N-LC,thrust,1409.540379705,1779490254.7879431,0.078125,0.078125,0.0,N,,hardware
FT-PT,pressure,1409.550505449,1779490254.798069,1.175084254155666,,84.38553176945825,psi,,hardware
FM-PT,pressure,1409.554693998,1779490254.8022573,0.7530219260480315,,31.62774075600394,psi,,hardware
FI-PT,pressure,1409.558421813,1779490254.8059852,0.5136317626990989,,1.7039703373873671,psi,,hardware
E-LC,thrust,1409.552087011,1779490254.7996507,0.078125,0.078125,0.0,N,,hardware
LF-PT,pressure,1409.562244716,1779490254.809808,0.19117298020994428,,-38.603377473756964,psi,,hardware
WM-PT,pressure,1409.566450246,1779490254.8140135,0.3846329909125556,,-14.42087613593055,psi,,hardware
CC-PT,pressure,1409.570141785,1779490254.8177052,0.19081654439169699,,-38.647931951037876,psi,,hardware
N-LC,thrust,1409.563844573,1779490254.8114078,0.078125,0.078125,0.0,N,,hardware
FT-PT,pressure,1409.573950337,1779490254.8215137,1.1744059532172624,,84.30074415215779,psi,,hardware
FM-PT,pressure,1409.578155163,1779490254.8257186,0.7531965676780423,,31.64957095975529,psi,,hardware
FI-PT,pressure,1409.581903311,1779490254.8294666,0.5139899866569027,,1.7487483321128316,psi,,hardware
E-LC,thrust,1409.575541861,1779490254.8231053,0.078125,0.078125,0.0,N,,hardware
LF-PT,pressure,1409.585623904,1779490254.8331873,0.19173564812369923,,-38.53304398453759,psi,,hardware
WM-PT,pressure,1409.593069868,1779490254.840634,0.3847223978903768,,-14.409700263702897,psi,,hardware
N-LC,thrust,1409.587303775,1779490254.8348672,0.078125,0.078125,0.0,N,,hardware
CC-PT,pressure,1409.597191514,1779490254.844755,0.19129338160674353,,-38.58832729915706,psi,,hardware
FT-PT,pressure,1409.602593275,1779490254.8501565,1.1735971180912397,,84.19963976140495,psi,,hardware
FM-PT,pressure,1409.606446453,1779490254.8540099,0.7531923953524107,,31.649049419051334,psi,,hardware
E-LC,thrust,1409.601341658,1779490254.8489053,0.078125,0.078125,0.0,N,,hardware
FI-PT,pressure,1409.610076033,1779490254.8576393,0.5143166201492095,,1.789577518651192,psi,,hardware
LF-PT,pressure,1409.614271341,1779490254.8618345,0.1920330753365845,,-38.49586558292693,psi,,hardware
WM-PT,pressure,1409.617991935,1779490254.8655555,0.3848094206821228,,-14.398822414734648,psi,,hardware
N-LC,thrust,1409.61266467,1779490254.860228,0.078125,0.078125,0.0,N,,hardware
CC-PT,pressure,1409.621687215,1779490254.8692505,0.1917410125423685,,-38.53237343220393,psi,,hardware
FT-PT,pressure,1409.625917354,1779490254.873481,1.1728019920351496,,84.10024900439369,psi,,hardware
FM-PT,pressure,1409.629651817,1779490254.8772154,0.7533020679118714,,31.662758488983922,psi,,hardware
E-LC,thrust,1409.624236909,1779490254.8718007,0.078125,0.078125,0.0,N,,hardware
FI-PT,pressure,1409.633282304,1779490254.8808455,0.5146903413165023,,1.836292664562783,psi,,hardware
LF-PT,pressure,1409.637467243,1779490254.885031,0.19243659882981765,,-38.44542514627279,psi,,hardware
WM-PT,pressure,1409.643490359,1779490254.8910549,0.3849626046374565,,-14.379674420317935,psi,,hardware
N-LC,thrust,1409.635855257,1779490254.8834186,0.078125,0.078125,0.0,N,,hardware
CC-PT,pressure,1409.647273523,1779490254.894837,0.19225599673461877,,-38.46800040817265,psi,,hardware
FT-PT,pressure,1409.651554586,1779490254.8991177,1.1719842162113447,,83.99802702641809,psi,,hardware
FM-PT,pressure,1409.655265161,1779490254.9028285,0.7533575002381205,,31.669687529765067,psi,,hardware
E-LC,thrust,1409.648949709,1779490254.8965132,0.078125,0.078125,0.0,N,,hardware
FI-PT,pressure,1409.658998235,1779490254.9065619,0.5151504892290222,,1.8938111536277724,psi,,hardware
LF-PT,pressure,1409.663232041,1779490254.9107952,0.1927542916243424,,-38.405713546957195,psi,,hardware
WM-PT,pressure,1409.666910933,1779490254.9144742,0.3850478392896461,,-14.369020088794239,psi,,hardware
N-LC,thrust,1409.660625869,1779490254.9081893,0.078125,0.078125,0.0,N,,hardware
CC-PT,pressure,1409.670618842,1779490254.9181821,0.19266250046044595,,-38.41718744244425,psi,,hardware
FT-PT,pressure,1409.674662048,1779490254.9222257,1.171007892013537,,83.87598650169211,psi,,hardware
FM-PT,pressure,1409.677047103,1779490254.9246106,0.7535541955893272,,31.694274448665904,psi,,hardware
E-LC,thrust,1409.672248475,1779490254.9198117,0.078125,0.078125,0.0,N,,hardware
FI-PT,pressure,1409.682178675,1779490254.929742,0.515502156675119,,1.9377695843898757,psi,,hardware
LF-PT,pressure,1409.686356613,1779490254.9339197,0.19323947349065226,,-38.34506581366846,psi,,hardware
WM-PT,pressure,1409.692858925,1779490254.9404233,0.38524811091996564,,-14.343986135004295,psi,,hardware
N-LC,thrust,1409.684745868,1779490254.9323092,0.078125,0.078125,0.0,N,,hardware
CC-PT,pressure,1409.697194967,1779490254.9447582,0.19310119069828877,,-38.3623511627139,psi,,hardware
FT-PT,pressure,1409.701398404,1779490254.9489617,1.1703444922381034,,83.79306152976292,psi,,hardware
FM-PT,pressure,1409.705145496,1779490254.952709,0.7537312214054133,,31.716402675676658,psi,,hardware
E-LC,thrust,1409.699791584,1779490254.9473548,0.078125,0.078125,0.0,N,,hardware
FI-PT,pressure,1409.708890051,1779490254.9564533,0.5158597845864039,,1.9824730733004892,psi,,hardware
LF-PT,pressure,1409.713090174,1779490254.9606535,0.19346537512128056,,-38.316828109839925,psi,,hardware
WM-PT,pressure,1409.716830618,1779490254.964394,0.3854877216205265,,-14.314034797434184,psi,,hardware
N-LC,thrust,1409.711411265,1779490254.9589748,0.078125,0.078125,0.0,N,,hardware
CC-PT,pressure,1409.720509602,1779490254.968073,0.19358994884371147,,-38.30125639453606,psi,,hardware
FT-PT,pressure,1409.724669616,1779490254.9722328,1.1695249282747422,,83.69061603434277,psi,,hardware
FM-PT,pressure,1409.728425745,1779490254.975989,0.7537461225683835,,31.718265321047934,psi,,hardware
E-LC,thrust,1409.723010059,1779490254.9705734,0.078125,0.078125,0.0,N,,hardware
FI-PT,pressure,1409.732186188,1779490254.9797497,0.5161566157527704,,2.019576969096298,psi,,hardware
LF-PT,pressure,1409.736437641,1779490254.984001,0.19382300303256547,,-38.27212462092931,psi,,hardware
WM-PT,pressure,1409.740116089,1779490254.9876795,0.3854877216205265,,-14.314034797434184,psi,,hardware
N-LC,thrust,1409.734797453,1779490254.9823606,0.078125,0.078125,0.0,N,,hardware
CC-PT,pressure,1409.743843422,1779490254.991407,0.1939994328021327,,-38.25007089973341,psi,,hardware
FT-PT,pressure,1409.748078025,1779490254.9956412,1.168938418500235,,83.61730231252936,psi,,hardware
FM-PT,pressure,1409.754823472,1779490255.002388,0.7536930744282095,,31.711634303526193,psi,,hardware
E-LC,thrust,1409.746363803,1779490254.9939272,0.078125,0.078125,0.0,N,,hardware
FI-PT,pressure,1409.757827623,1779490255.0053911,0.5165422578504393,,2.0677822313049097,psi,,hardware
LF-PT,pressure,1409.763406041,1779490255.0109694,0.19410910536159343,,-38.23636182980082,psi,,hardware
WM-PT,pressure,1409.767162151,1779490255.0147254,0.3855872613891675,,-14.301592326354063,psi,,hardware
N-LC,thrust,1409.761805036,1779490255.0093687,0.078125,0.078125,0.0,N,,hardware
CC-PT,pressure,1409.770809249,1779490255.0183725,0.19456865722759453,,-38.17891784655068,psi,,hardware
FT-PT,pressure,1409.775015168,1779490255.0225785,1.1681844196539426,,83.52305245674282,psi,,hardware
FM-PT,pressure,1409.778754594,1779490255.0263178,0.753797382569001,,31.72467282112512,psi,,hardware
E-LC,thrust,1409.773399589,1779490255.0209627,0.078125,0.078125,0.0,N,,hardware
FI-PT,pressure,1409.782469244,1779490255.0300326,0.5168837925057164,,2.1104740632145456,psi,,hardware
LF-PT,pressure,1409.786641128,1779490255.0342045,0.19451978141305226,,-38.185027323368466,psi,,hardware
WM-PT,pressure,1409.793392704,1779490255.0409572,0.3857058746464103,,-14.28676566919871,psi,,hardware
N-LC,thrust,1409.785036604,1779490255.0326002,0.078125,0.078125,0.0,N,,hardware
CC-PT,pressure,1409.79724168,1779490255.044805,0.1950335735122649,,-38.120803310966885,psi,,hardware
FT-PT,pressure,1409.801573981,1779490255.0491374,1.1674924096456063,,83.43655120570078,psi,,hardware
FM-PT,pressure,1409.805279761,1779490255.0528436,0.7538969223376419,,31.737115292205242,psi,,hardware
E-LC,thrust,1409.799887665,1779490255.0474508,0.078125,0.078125,0.0,N,,hardware
FI-PT,pressure,1409.808983855,1779490255.0565474,0.5172187706492866,,2.15234633116082,psi,,hardware
LF-PT,pressure,1409.813236883,1779490255.0608003,0.19488515792908168,,-38.13935525886479,psi,,hardware
WM-PT,pressure,1409.817041324,1779490255.0646052,0.385930584184001,,-14.258676976999874,psi,,hardware
N-LC,thrust,1409.811549641,1779490255.0591133,0.078125,0.078125,0.0,N,,hardware
CC-PT,pressure,1409.820774565,1779490255.0683382,0.195462130959288,,-38.067233630089,psi,,hardware
FT-PT,pressure,1409.824704629,1779490255.072268,1.1665584047506337,,83.31980059382921,psi,,hardware
FM-PT,pressure,1409.827074444,1779490255.0746381,0.7538355295462047,,31.729441193275587,psi,,hardware
E-LC,thrust,1409.822732292,1779490255.0702956,0.078125,0.078125,0.0,N,,hardware
FI-PT,pressure,1409.832308307,1779490255.079872,0.5175114294900214,,2.1889286862526722,psi,,hardware
LF-PT,pressure,1409.836567742,1779490255.084131,0.1951641076998839,,-38.10448653751451,psi,,hardware
WM-PT,pressure,1409.840309334,1779490255.0878727,0.386045621162131,,-14.244297354733627,psi,,hardware
N-LC,thrust,1409.834943701,1779490255.0825074,0.078125,0.078125,0.0,N,,hardware
CC-PT,pressure,1409.844047575,1779490255.091611,0.1959371800347781,,-38.007852495652735,psi,,hardware
FT-PT,pressure,1409.848245458,1779490255.0958087,1.1659939486973223,,83.2492435871653,psi,,hardware
FM-PT,pressure,1409.851964811,1779490255.099528,0.7539988462923581,,31.749855786544767,psi,,hardware
E-LC,thrust,1409.846569086,1779490255.0941324,0.078125,0.078125,0.0,N,,hardware
FI-PT,pressure,1409.855996869,1779490255.1035607,0.5178869387968705,,2.2358673496088164,psi,,hardware
LF-PT,pressure,1409.860309819,1779490255.107873,0.19547345584314535,,-38.06581801960683,psi,,hardware
N-LC,thrust,1409.857711609,1779490255.105275,0.078125,0.078125,0.0,N,,hardware
WM-PT,pressure,1409.865142852,1779490255.112706,0.3861856920940509,,-14.226788488243637,psi,,hardware
CC-PT,pressure,1409.871566891,1779490255.1191306,0.19640150027292969,,-37.94981246588379,psi,,hardware
LF-PT,pressure,1409.875225822,1779490255.1227891,0.19582989166139264,,-38.02126354232592,psi,,hardware
E-LC,thrust,1409.869967534,1779490255.117532,0.078125,0.078125,0.0,N,,hardware
FT-PT,pressure,1409.87901456,1779490255.1265779,1.165248890548812,,83.15611131860152,psi,,hardware
FM-PT,pressure,1409.883211683,1779490255.130775,0.754092425595811,,31.761553199476378,psi,,hardware
FI-PT,pressure,1409.886922518,1779490255.134486,0.5184490106641066,,2.3061263330133306,psi,,hardware
N-LC,thrust,1409.88159179,1779490255.1291552,0.078125,0.078125,0.0,N,,hardware
LF-PT,pressure,1409.894249082,1779490255.1418135,0.1960957284087811,,-37.98803394890236,psi,,hardware
FT-PT,pressure,1409.89852846,1779490255.146092,1.1645461517031372,,83.06826896289216,psi,,hardware
WM-PT,pressure,1409.902767488,1779490255.1503308,0.38683121047392016,,-14.14609869075998,psi,,hardware
E-LC,thrust,1409.89631358,1779490255.143877,0.078125,0.078125,0.0,N,,hardware
CC-PT,pressure,1409.906510784,1779490255.1540742,0.19677045306807198,,-37.903693366491005,psi,,hardware
LF-PT,pressure,1409.910846289,1779490255.1584094,0.1963877912029971,,-37.95152609962536,psi,,hardware
FM-PT,pressure,1409.914566457,1779490255.1621299,0.7536257211715842,,31.703215146448027,psi,,hardware
N-LC,thrust,1409.908500269,1779490255.1560636,0.078125,0.078125,0.0,N,,hardware
FI-PT,pressure,1409.91827294,1779490255.1658363,0.5187708757842631,,2.3463594730328827,psi,,hardware
FT-PT,pressure,1409.922403511,1779490255.169967,1.1639888482080516,,82.99860602600646,psi,,hardware
WM-PT,pressure,1409.926028481,1779490255.173592,0.3874403700161421,,-14.069953747982234,psi,,hardware
E-LC,thrust,1409.920843522,1779490255.1684067,0.078125,0.078125,0.0,N,,hardware
CC-PT,pressure,1409.929730612,1779490255.1772938,0.19717397656130511,,-37.85325292983686,psi,,hardware
LF-PT,pressure,1409.93385311,1779490255.1814163,0.1964175935289375,,-37.94780080888281,psi,,hardware
FM-PT,pressure,1409.937481838,1779490255.1850452,0.7532043162827868,,31.650539535348354,psi,,hardware
FI-PT,pressure,1409.941757087,1779490255.1893215,0.5190218113686813,,2.377726421085163,psi,,hardware
N-LC,thrust,1409.932294621,1779490255.179858,0.078125,0.078125,0.0,N,,hardware
FT-PT,pressure,1409.945323319,1779490255.1928875,1.163365979595897,,82.92074744948714,psi,,hardware
WM-PT,pressure,1409.948743188,1779490255.1963065,0.3880429730466572,,-13.99462836916785,psi,,hardware
CC-PT,pressure,1409.953170891,1779490255.2007341,0.19760134191529058,,-37.79983226058868,psi,,hardware
E-LC,thrust,1409.94665132,1779490255.1942146,0.078125,0.078125,0.0,N,,hardware
LF-PT,pressure,1409.956925687,1779490255.2044892,0.19652905422795464,,-37.93386822150567,psi,,hardware
FM-PT,pressure,1409.961196843,1779490255.2087603,0.7528359595341634,,31.604494941770422,psi,,hardware
FI-PT,pressure,1409.964871476,1779490255.212435,0.519364538116996,,2.420567264624501,psi,,hardware
N-LC,thrust,1409.958553228,1779490255.2061167,0.078125,0.078125,0.0,N,,hardware
FT-PT,pressure,1409.968589515,1779490255.216153,1.162943382614062,,82.86792282675776,psi,,hardware
WM-PT,pressure,1409.972822136,1779490255.2203853,0.38864676817020993,,-13.919153978723758,psi,,hardware
CC-PT,pressure,1409.976523508,1779490255.2240868,0.1980549333161036,,-37.74313333548705,psi,,hardware
E-LC,thrust,1409.97024611,1779490255.2178094,0.078125,0.078125,0.0,N,,hardware
LF-PT,pressure,1409.980279433,1779490255.227843,0.1959443325930038,,-38.00695842587452,psi,,hardware
FM-PT,pressure,1410.075693107,1779490255.3232565,0.7523781958077187,,31.547274475964837,psi,,hardware
N-LC,thrust,1410.071285088,1779490255.318849,0.078125,0.078125,0.0,N,,hardware
FI-PT,pressure,1410.08083679,1779490255.3284001,0.5194903039324645,,2.436287991558067,psi,,hardware
FT-PT,pressure,1410.085035395,1779490255.3325987,1.1631108716858471,,82.8888589607309,psi,,hardware
WM-PT,pressure,1410.091451971,1779490255.3390162,0.38912896980392575,,-13.85887877450928,psi,,hardware
E-LC,thrust,1410.083432019,1779490255.3309956,0.078125,0.078125,0.0,N,,hardware
CC-PT,pressure,1410.095709962,1779490255.3432734,0.20456614548756427,,-36.92923181405447,psi,,hardware
LF-PT,pressure,1410.099904863,1779490255.3474681,0.19603552771038146,,-37.995559036202316,psi,,hardware
FM-PT,pressure,1410.103623994,1779490255.3511875,0.7519412937094323,,31.492661713679038,psi,,hardware
N-LC,thrust,1410.097356687,1779490255.3449204,0.078125,0.078125,0.0,N,,hardware
FI-PT,pressure,1410.107354346,1779490255.354918,0.5198240899829971,,2.4780112478746394,psi,,hardware
FT-PT,pressure,1410.111601226,1779490255.3591647,1.1626584723780717,,82.83230904725897,psi,,hardware
E-LC,thrust,1410.108996294,1779490255.3565595,0.078125,0.078125,0.0,N,,hardware
WM-PT,pressure,1410.116428296,1779490255.3639915,0.38982813237048775,,-13.771483453689031,psi,,hardware
CC-PT,pressure,1410.120600699,1779490255.3681638,0.20494821130612031,,-36.88147358673496,psi,,hardware
LF-PT,pressure,1410.124352494,1779490255.3719158,0.1961183781764958,,-37.985202727938024,psi,,hardware
N-LC,thrust,1410.118999564,1779490255.3665628,0.078125,0.078125,0.0,N,,hardware
FM-PT,pressure,1410.1280567,1779490255.37562,0.7514763774247619,,31.43454717809524,psi,,hardware
FI-PT,pressure,1410.132337985,1779490255.3799012,0.5202198648714859,,2.5274831089357326,psi,,hardware
FT-PT,pressure,1410.136059542,1779490255.3836226,1.1620725586500833,,82.75906983126042,psi,,hardware
E-LC,thrust,1410.130042536,1779490255.377606,0.078125,0.078125,0.0,N,,hardware
WM-PT,pressure,1410.139712084,1779490255.3872755,0.3904360998196721,,-13.695487522540988,psi,,hardware
CC-PT,pressure,1410.143868265,1779490255.3914313,0.20530822340348046,,-36.836472074564945,psi,,hardware
LF-PT,pressure,1410.147591821,1779490255.395155,0.19627633050397997,,-37.9654586870025,psi,,hardware
N-LC,thrust,1410.142248112,1779490255.3898115,0.078125,0.078125,0.0,N,,hardware
FM-PT,pressure,1410.151332025,1779490255.3988953,0.7511968316074409,,31.39960395093011,psi,,hardware
FI-PT,pressure,1410.157419249,1779490255.404983,0.5204433823160389,,2.555422789504866,psi,,hardware
LF-PT,pressure,1410.161473417,1779490255.4090369,0.1966560121364608,,-37.9179984829424,psi,,hardware
E-LC,thrust,1410.153742449,1779490255.401306,0.078125,0.078125,0.0,N,,hardware
FT-PT,pressure,1410.165242582,1779490255.4128058,1.1614866449220949,,82.68583061526186,psi,,hardware
WM-PT,pressure,1410.169473722,1779490255.417037,0.39116923703780615,,-13.60384537027423,psi,,hardware
N-LC,thrust,1410.166874549,1779490255.4144382,0.078125,0.078125,0.0,N,,hardware
CC-PT,pressure,1410.174234,1779490255.4217973,0.20560147829073408,,-36.79981521365824,psi,,hardware
LF-PT,pressure,1410.17711575,1779490255.4246788,0.1968163486500202,,-37.89795641874748,psi,,hardware
FM-PT,pressure,1410.180694833,1779490255.4282584,0.750839203696156,,31.354900462019497,psi,,hardware
FI-PT,pressure,1410.184310118,1779490255.4318733,0.5207485581336687,,2.5935697667085895,psi,,hardware
E-LC,thrust,1410.17692715,1779490255.4244907,0.078125,0.078125,0.0,N,,hardware
FT-PT,pressure,1410.188066173,1779490255.4356294,1.1608542395656394,,82.60677994570493,psi,,hardware
WM-PT,pressure,1410.195286909,1779490255.4428508,0.3919178714654292,,-13.510266066821346,psi,,hardware
N-LC,thrust,1410.191895983,1779490255.43946,0.078125,0.078125,0.0,N,,hardware
CC-PT,pressure,1410.200056871,1779490255.4476202,0.20599904131877914,,-36.75011983515261,psi,,hardware
LF-PT,pressure,1410.20424031,1779490255.4518037,0.1968878742322772,,-37.889015720965354,psi,,hardware
FM-PT,pressure,1410.207978662,1779490255.455542,0.7502848804336644,,31.285610054208046,psi,,hardware
E-LC,thrust,1410.202633472,1779490255.450197,0.078125,0.078125,0.0,N,,hardware
FI-PT,pressure,1410.211726495,1779490255.4592898,0.5212981130240099,,2.6622641280012322,psi,,hardware
FT-PT,pressure,1410.21590949,1779490255.4634726,1.160320777931306,,82.54009724141326,psi,,hardware
WM-PT,pressure,1410.219661878,1779490255.4672253,0.3925192824029067,,-13.435089699636665,psi,,hardware
N-LC,thrust,1410.214249932,1779490255.4618132,0.078125,0.078125,0.0,N,,hardware
CC-PT,pressure,1410.223746081,1779490255.4713094,0.206425214579727,,-36.69684817753412,psi,,hardware
LF-PT,pressure,1410.227946482,1779490255.4755096,0.19694271051200754,,-37.88216118599906,psi,,hardware
FM-PT,pressure,1410.232209491,1779490255.4797733,0.7498122155442495,,31.226526943031185,psi,,hardware
E-LC,thrust,1410.22533805,1779490255.4729013,0.078125,0.078125,0.0,N,,hardware
FI-PT,pressure,1410.235929603,1779490255.4834929,0.5217099811685063,,2.7137476460632888,psi,,hardware
FT-PT,pressure,1410.240160798,1779490255.487724,1.159727115598573,,82.46588944982165,psi,,hardware
WM-PT,pressure,1410.243884299,1779490255.4914474,1.2697233283189926,,96.21541603987407,psi,,hardware
N-LC,thrust,1410.237555162,1779490255.4851184,0.078125,0.078125,0.0,N,,hardware
CC-PT,pressure,1410.247976502,1779490255.49554,0.20675005993247747,,-36.656242508440315,psi,,hardware
LF-PT,pressure,1410.251347393,1779490255.4989107,0.197137021677139,,-37.857872290357626,psi,,hardware
FM-PT,pressure,1410.255747598,1779490255.503311,0.7493842541437452,,31.17303176796815,psi,,hardware
E-LC,thrust,1410.249265377,1779490255.4968286,0.078125,0.078125,0.0,N,,hardware
FI-PT,pressure,1410.259581685,1779490255.5071452,0.522111716522183,,2.763964565272878,psi,,hardware
FT-PT,pressure,1410.265119828,1779490255.5126836,1.159137029544953,,82.39212869311913,psi,,hardware
WM-PT,pressure,1410.267492273,1779490255.5150557,0.39391105102432383,,-13.26111862195952,psi,,hardware
N-LC,thrust,1410.262924633,1779490255.5104887,0.078125,0.078125,0.0,N,,hardware
CC-PT,pressure,1410.272552256,1779490255.5201156,0.20722808924056163,,-36.596488844929794,psi,,hardware
LF-PT,pressure,1410.276755528,1779490255.5243187,0.19716205563092895,,-37.85474304613388,psi,,hardware
FM-PT,pressure,1410.28046827,1779490255.5280318,0.7489038406495858,,31.112980081198227,psi,,hardware
E-LC,thrust,1410.275136245,1779490255.5226996,0.078125,0.078125,0.0,N,,hardware
FI-PT,pressure,1410.284204918,1779490255.5317683,0.5224067595489931,,2.800844943624134,psi,,hardware
LF-PT,pressure,1410.291237128,1779490255.538801,0.19765558214850212,,-37.79305223143724,psi,,hardware
N-LC,thrust,1410.286798666,1779490255.5343618,0.078125,0.078125,0.0,N,,hardware
FT-PT,pressure,1410.297111382,1779490255.5446754,1.1584956834907154,,82.31196043633943,psi,,hardware
WM-PT,pressure,1410.301358521,1779490255.5489218,0.39460306103266013,,-13.174617370917483,psi,,hardware
CC-PT,pressure,1410.305094817,1779490255.552658,0.20758750529140296,,-36.55156183857463,psi,,hardware
E-LC,thrust,1410.299756867,1779490255.5473204,0.078125,0.078125,0.0,N,,hardware
LF-PT,pressure,1410.309193687,1779490255.556757,0.19784870122059597,,-37.768912347425506,psi,,hardware
FM-PT,pressure,1410.313841082,1779490255.5614047,0.7484979329702774,,31.06224162128468,psi,,hardware
FI-PT,pressure,1410.317516382,1779490255.5650802,0.5229747918814173,,2.8718489851771585,psi,,hardware
N-LC,thrust,1410.311223058,1779490255.5587866,0.078125,0.078125,0.0,N,,hardware
FT-PT,pressure,1410.321259196,1779490255.5688226,1.157943744414299,,82.24296805178739,psi,,hardware
WM-PT,pressure,1410.325504132,1779490255.5730672,0.39519612731887427,,-13.100484085140716,psi,,hardware
CC-PT,pressure,1410.329183839,1779490255.576747,0.20794274901661264,,-36.50715637292342,psi,,hardware
E-LC,thrust,1410.322904514,1779490255.570468,0.078125,0.078125,0.0,N,,hardware
LF-PT,pressure,1410.33292532,1779490255.5804884,0.19797923540821497,,-37.75259557397313,psi,,hardware
FM-PT,pressure,1410.337152923,1779490255.5847163,0.7480193076156745,,31.00241345195931,psi,,hardware
FI-PT,pressure,1410.340833982,1779490255.5883973,0.5233115581645439,,2.913944770567986,psi,,hardware
N-LC,thrust,1410.334542399,1779490255.5821059,0.078125,0.078125,0.0,N,,hardware
FT-PT,pressure,1410.344577797,1779490255.5921412,1.1574788281296287,,82.18485351620359,psi,,hardware
WM-PT,pressure,1410.348817158,1779490255.5963805,0.3958601231408266,,-13.017484607396677,psi,,hardware
CC-PT,pressure,1410.352494014,1779490255.6000574,0.2083194504164994,,-36.46006869793757,psi,,hardware
E-LC,thrust,1410.346223874,1779490255.5937874,0.078125,0.078125,0.0,N,,hardware
LF-PT,pressure,1410.35624355,1779490255.603807,0.19808950401419448,,-37.73881199822569,psi,,hardware
FM-PT,pressure,1410.360470765,1779490255.6080341,0.7476670441230588,,30.958380515382355,psi,,hardware
N-LC,thrust,1410.357890035,1779490255.6054533,0.078125,0.078125,0.0,N,,hardware
FI-PT,pressure,1410.365312131,1779490255.6128752,0.5236858753783554,,2.9607344222944283,psi,,hardware
FT-PT,pressure,1410.369493903,1779490255.6170573,1.1570753046363955,,82.13441307954945,psi,,hardware
WM-PT,pressure,1410.374840667,1779490255.6224046,0.3964359040779953,,-12.945511990250589,psi,,hardware
E-LC,thrust,1410.367882361,1779490255.6154459,0.078125,0.078125,0.0,N,,hardware
CC-PT,pressure,1410.37903118,1779490255.6265945,0.20866456135088934,,-36.41692983113883,psi,,hardware
LF-PT,pressure,1410.383197323,1779490255.6307604,0.19827785471413786,,-37.71526816073277,psi,,hardware
FM-PT,pressure,1410.387305766,1779490255.6348693,0.7474518713297691,,30.931483916221136,psi,,hardware
N-LC,thrust,1410.380590317,1779490255.6281538,0.078125,0.078125,0.0,N,,hardware
FI-PT,pressure,1410.394590221,1779490255.6421545,0.5239117770089837,,2.988972126122966,psi,,hardware
LF-PT,pressure,1410.398861563,1779490255.646425,0.19853832704285704,,-37.68270911964287,psi,,hardware
FT-PT,pressure,1410.402533529,1779490255.650097,1.156337399046111,,82.04217488076388,psi,,hardware
E-LC,thrust,1410.39625589,1779490255.6438196,0.078125,0.078125,0.0,N,,hardware
WM-PT,pressure,1410.40626216,1779490255.6538255,0.3971374508306325,,-12.857818646170935,psi,,hardware
CC-PT,pressure,1410.410480356,1779490255.6580436,0.20907166112323539,,-36.366042359595575,psi,,hardware
LF-PT,pressure,1410.41420706,1779490255.6617703,0.19870581611464214,,-37.661772985669735,psi,,hardware
N-LC,thrust,1410.407889756,1779490255.6554532,0.078125,0.078125,0.0,N,,hardware
FM-PT,pressure,1410.41803337,1779490255.6655967,0.7471472915586581,,30.893411444832264,psi,,hardware
FI-PT,pressure,1410.422182163,1779490255.6697457,0.5242318539895837,,3.028981748697965,psi,,hardware
FT-PT,pressure,1410.425878017,1779490255.6734416,1.1558098978769658,,81.97623723462073,psi,,hardware
E-LC,thrust,1410.419568676,1779490255.667132,0.078125,0.078125,0.0,N,,hardware
WM-PT,pressure,1410.429605166,1779490255.6771686,0.3977275368842526,,-12.784057889468423,psi,,hardware
CC-PT,pressure,1410.433819511,1779490255.681383,0.209495450198108,,-36.3130687252365,psi,,hardware
N-LC,thrust,1410.431207431,1779490255.6787708,0.078125,0.078125,0.0,N,,hardware
LF-PT,pressure,1410.438688227,1779490255.6862514,0.19880058751113264,,-37.64992656110842,psi,,hardware
FM-PT,pressure,1410.442764338,1779490255.6903276,0.7467324431815675,,30.841555397695938,psi,,hardware
FI-PT,pressure,1410.446398844,1779490255.6939623,0.524529281202469,,3.066160150308625,psi,,hardware
E-LC,thrust,1410.441215274,1779490255.6887786,0.078125,0.078125,0.0,N,,hardware
FT-PT,pressure,1410.450474696,1779490255.698038,1.1552919334521214,,81.91149168151519,psi,,hardware
WM-PT,pressure,1410.454601694,1779490255.702165,0.3983659027058962,,-12.704262161762973,psi,,hardware
N-LC,thrust,1410.452063387,1779490255.6996267,0.078125,0.078125,0.0,N,,hardware
CC-PT,pressure,1410.459405543,1779490255.7069688,0.20987215159799477,,-36.26598105025065,psi,,hardware
LF-PT,pressure,1410.46409488,1779490255.7116582,0.19896867262943654,,-37.628915921320434,psi,,hardware
FM-PT,pressure,1410.46779703,1779490255.7153604,0.7462162668962796,,30.777033362034953,psi,,hardware
E-LC,thrust,1410.462397936,1779490255.7099614,0.078125,0.078125,0.0,N,,hardware
FI-PT,pressure,1410.471444091,1779490255.7190075,0.5248064428337148,,3.1008053542143506,psi,,hardware
FT-PT,pressure,1410.475597032,1779490255.7231603,1.1547262853057725,,81.84078566322157,psi,,hardware
WM-PT,pressure,1410.479295867,1779490255.7268593,0.3990728138772027,,-12.61589826534966,psi,,hardware
N-LC,thrust,1410.474008877,1779490255.7215726,0.078125,0.078125,0.0,N,,hardware
CC-PT,pressure,1410.482983296,1779490255.7305467,0.21059932835094075,,-36.175083956132404,psi,,hardware
LF-PT,pressure,1410.492273549,1779490255.7398376,0.1989430426291278,,-37.63211967135903,psi,,hardware
FT-PT,pressure,1410.496509152,1779490255.7440727,1.1539329473892388,,81.74161842365486,psi,,hardware
E-LC,thrust,1410.485554026,1779490255.7331173,0.078125,0.078125,0.0,N,,hardware
FM-PT,pressure,1410.50014038,1779490255.7477038,0.746448128992096,,30.806016124012,psi,,hardware
FI-PT,pressure,1410.504386649,1779490255.7519498,0.5250985056279309,,3.1373132034913653,psi,,hardware
LF-PT,pressure,1410.508142037,1779490255.7557054,0.19930305472648796,,-37.587118159189004,psi,,hardware
N-LC,thrust,1410.502775774,1779490255.7503393,0.078125,0.078125,0.0,N,,hardware
WM-PT,pressure,1410.511669641,1779490255.759233,0.3992224215534236,,-12.597197305822053,psi,,hardware
CC-PT,pressure,1410.516472268,1779490255.7640357,0.2109015239359765,,-36.137309508002936,psi,,hardware
FT-PT,pressure,1410.520096756,1779490255.7676601,1.1532856408698131,,81.66070510872665,psi,,hardware
E-LC,thrust,1410.513970238,1779490255.7615335,0.078125,0.078125,0.0,N,,hardware
FM-PT,pressure,1410.523864477,1779490255.7714279,0.7466025050404673,,30.825313130058415,psi,,hardware
FI-PT,pressure,1410.528055471,1779490255.7756188,0.5253106981886266,,3.1638372735783293,psi,,hardware
N-LC,thrust,1410.525477889,1779490255.7730415,0.078125,0.078125,0.0,N,,hardware
LF-PT,pressure,1410.531788805,1779490255.779352,0.1996183633349375,,-37.54770458313281,psi,,hardware
WM-PT,pressure,1410.536831252,1779490255.7843947,0.3993571280666742,,-12.580358991665722,psi,,hardware
CC-PT,pressure,1410.540680246,1779490255.7882438,0.21129610673142754,,-36.08798665857156,psi,,hardware
E-LC,thrust,1410.535580487,1779490255.783144,0.078125,0.078125,0.0,N,,hardware
FT-PT,pressure,1410.545258201,1779490255.7928221,1.1525387945817465,,81.56734932271831,psi,,hardware
FM-PT,pressure,1410.549504655,1779490255.797068,0.7467348273676427,,30.841853420955342,psi,,hardware
N-LC,thrust,1410.546911759,1779490255.794475,0.078125,0.078125,0.0,N,,hardware
FI-PT,pressure,1410.554356576,1779490255.80192,0.5256534249369413,,3.2066781171176673,psi,,hardware
LF-PT,pressure,1410.558550218,1779490255.8061135,0.199902677524409,,-37.512165309448875,psi,,hardware
WM-PT,pressure,1410.562293791,1779490255.8098571,0.39942448132329955,,-12.571939834587557,psi,,hardware
E-LC,thrust,1410.556898696,1779490255.8044622,0.078125,0.078125,0.0,N,,hardware
CC-PT,pressure,1410.565940759,1779490255.8135042,0.21163287301455416,,-36.04589087318073,psi,,hardware
FT-PT,pressure,1410.570079108,1779490255.8176422,1.1519171180626295,,81.4896397578287,psi,,hardware
FM-PT,pressure,1410.573797072,1779490255.8213603,0.7467920478334483,,30.84900597918104,psi,,hardware
N-LC,thrust,1410.568499416,1779490255.8160627,0.078125,0.078125,0.0,N,,hardware
FI-PT,pressure,1410.577516407,1779490255.8250794,0.5259591968010899,,3.244899600136242,psi,,hardware
LF-PT,pressure,1410.581702142,1779490255.8292654,0.20011606217814232,,-37.48549222773221,psi,,hardware
WM-PT,pressure,1410.585454586,1779490255.8330178,0.3997719764437647,,-12.52850294452941,psi,,hardware
E-LC,thrust,1410.580123691,1779490255.8276873,0.078125,0.078125,0.0,N,,hardware
CC-PT,pressure,1410.591862144,1779490255.8394263,0.21201970720526067,,-35.99753659934242,psi,,hardware
LF-PT,pressure,1410.596617737,1779490255.8441813,0.2003121614828302,,-37.46097981464622,psi,,hardware
FT-PT,pressure,1410.600370995,1779490255.8479342,1.1513431252650173,,81.41789065812716,psi,,hardware
FM-PT,pressure,1410.605780997,1779490255.8533454,0.7467455562049813,,30.84319452562266,psi,,hardware
N-LC,thrust,1410.594953216,1779490255.842517,0.078125,0.078125,0.0,N,,hardware
FI-PT,pressure,1410.608186255,1779490255.8557496,0.5261904628503875,,3.2738078562984385,psi,,hardware
LF-PT,pressure,1410.612237071,1779490255.8598003,0.20065965660329538,,-37.417542924588076,psi,,hardware
E-LC,thrust,1410.6094765,1779490255.85704,0.078125,0.078125,0.0,N,,hardware
WM-PT,pressure,1410.615946851,1779490255.8635104,0.399951386445926,,-12.506076694259253,psi,,hardware
CC-PT,pressure,1410.620932653,1779490255.868496,0.21227898744094223,,-35.96512656988222,psi,,hardware
FT-PT,pressure,1410.624294341,1779490255.8718576,1.1505772054883487,,81.3221506860436,psi,,hardware
FM-PT,pressure,1410.627978381,1779490255.8755417,0.7467705901587712,,30.846323769846403,psi,,hardware
N-LC,thrust,1410.619664111,1779490255.8672273,0.078125,0.078125,0.0,N,,hardware
FI-PT,pressure,1410.631708585,1779490255.879272,0.5265123279705439,,3.3140409963179907,psi,,hardware
LF-PT,pressure,1410.635940873,1779490255.8835044,0.20102920544495645,,-37.37134931938044,psi,,hardware
E-LC,thrust,1410.633339589,1779490255.880903,0.078125,0.078125,0.0,N,,hardware
WM-PT,pressure,1410.640780017,1779490255.8883433,0.4001212597037863,,-12.484842537026712,psi,,hardware
CC-PT,pressure,1410.644920588,1779490255.892484,0.21264496000349045,,-35.919379999563695,psi,,hardware
FT-PT,pressure,1410.649024827,1779490255.8965883,1.1498214185025,,81.2276773128125,psi,,hardware
N-LC,thrust,1410.64334947,1779490255.890913,0.078125,0.078125,0.0,N,,hardware
FM-PT,pressure,1410.652654166,1779490255.9002173,0.7469613250447898,,30.87016563059873,psi,,hardware
FI-PT,pressure,1410.656832569,1779490255.9043958,0.5267865093691957,,3.348313671149461,psi,,hardware
LF-PT,pressure,1410.660547681,1779490255.9081109,0.20119788660977916,,-37.3502641737776,psi,,hardware
E-LC,thrust,1410.654249709,1779490255.901813,0.078125,0.078125,0.0,N,,hardware
WM-PT,pressure,1410.664218222,1779490255.9117815,0.40027623179867644,,-12.465471025165446,psi,,hardware
CC-PT,pressure,1410.668461991,1779490255.9160254,0.212904240239172,,-35.8869699701035,psi,,hardware
N-LC,thrust,1410.665839115,1779490255.9134023,0.078125,0.078125,0.0,N,,hardware
FT-PT,pressure,1410.672216138,1779490255.9197795,1.1492265640767294,,81.15332050959118,psi,,hardware
FM-PT,pressure,1410.677243253,1779490255.9248066,0.7469601329517522,,30.87001661896903,psi,,hardware
FI-PT,pressure,1410.681205871,1779490255.9287694,0.526968899603951,,3.371112450493874,psi,,hardware
E-LC,thrust,1410.675948676,1779490255.923512,0.078125,0.078125,0.0,N,,hardware
LF-PT,pressure,1410.684879245,1779490255.9324427,0.20166697522008126,,-37.29162809748984,psi,,hardware
WM-PT,pressure,1410.692707467,1779490255.9402719,0.40042345528882206,,-12.447068088897243,psi,,hardware
CC-PT,pressure,1410.697132689,1779490255.9446964,0.21325471559223122,,-35.8431605509711,psi,,hardware
N-LC,thrust,1410.687445401,1779490255.9350088,0.078125,0.078125,0.0,N,,hardware
FT-PT,pressure,1410.701281574,1779490255.948845,1.1485995231389432,,81.0749403923679,psi,,hardware
FM-PT,pressure,1410.705463142,1779490255.9530263,0.7471210655118306,,30.89013318897882,psi,,hardware
FI-PT,pressure,1410.709183662,1779490255.956747,0.5272401007700087,,3.405012596251089,psi,,hardware
E-LC,thrust,1410.702894949,1779490255.9504583,0.078125,0.078125,0.0,N,,hardware
LF-PT,pressure,1410.712941716,1779490255.960505,0.202115202202225,,-37.23559972472187,psi,,hardware
WM-PT,pressure,1410.720214672,1779490255.967779,0.40058379180238146,,-12.427026024702318,psi,,hardware
N-LC,thrust,1410.714521371,1779490255.9620845,0.078125,0.078125,0.0,N,,hardware
CC-PT,pressure,1410.724040056,1779490255.9716034,0.21355452699119173,,-35.805684126101035,psi,,hardware
FT-PT,pressure,1410.728233439,1779490255.9757967,1.147851484757839,,80.98143559472987,psi,,hardware
FM-PT,pressure,1410.732077415,1779490255.9796412,0.7471812662102302,,30.897658276278772,psi,,hardware
E-LC,thrust,1410.726563067,1779490255.9741266,0.078125,0.078125,0.0,N,,hardware
FI-PT,pressure,1410.735740308,1779490255.9833038,0.527584019611361,,3.448002451420129,psi,,hardware
LF-PT,pressure,1410.739863917,1779490255.987427,0.20246090918313375,,-37.19238635210828,psi,,hardware
WM-PT,pressure,1410.743536365,1779490255.9910996,0.40067617901279673,,-12.41547762340041,psi,,hardware
N-LC,thrust,1410.738229654,1779490255.985793,0.078125,0.078125,0.0,N,,hardware
CC-PT,pressure,1410.747224516,1779490255.994788,0.20264270337137025,,-37.16966207857872,psi,,hardware
FT-PT,pressure,1410.752384198,1779490255.9999475,1.1472035821918942,,80.90044777398678,psi,,hardware
FM-PT,pressure,1410.755985854,1779490256.003549,0.747237890629517,,30.90473632868962,psi,,hardware
E-LC,thrust,1410.750719622,1779490255.998283,0.078125,0.078125,0.0,N,,hardware
FI-PT,pressure,1410.759762389,1779490256.0073256,0.5278272065910348,,3.4784008238793462,psi,,hardware
LF-PT,pressure,1410.763958105,1779490256.0115213,0.2029520515146317,,-37.13099356067104,psi,,hardware
WM-PT,pressure,1410.767689976,1779490256.0152533,0.40085320482888276,,-12.393349396389656,psi,,hardware
N-LC,thrust,1410.762340675,1779490256.0099041,0.078125,0.078125,0.0,N,,hardware
CC-PT,pressure,1410.771342444,1779490256.0189056,0.21415236164955637,,-35.73095479380545,psi,,hardware
FT-PT,pressure,1410.775900308,1779490256.0234635,1.146555083579431,,80.81938544742887,psi,,hardware
FM-PT,pressure,1410.779647197,1779490256.0272107,0.747287362490578,,30.910920311322254,psi,,hardware
E-LC,thrust,1410.773916045,1779490256.0214791,0.078125,0.078125,0.0,N,,hardware
FI-PT,pressure,1410.783319108,1779490256.0308826,0.5280942354314608,,3.5117794289326043,psi,,hardware
LF-PT,pressure,1410.787501251,1779490256.0350645,0.20338597338032405,,-37.07675332745949,psi,,hardware
WM-PT,pressure,1410.795342139,1779490256.0429063,0.4008698941314094,,-12.391263233573827,psi,,hardware
N-LC,thrust,1410.785873821,1779490256.0334373,0.078125,0.078125,0.0,N,,hardware
CC-PT,pressure,1410.799152784,1779490256.0467162,0.214548136538045,,-35.68148293274437,psi,,hardware
FT-PT,pressure,1410.803363499,1779490256.050927,1.1458165819426276,,80.72707274282845,psi,,hardware
FM-PT,pressure,1410.807113647,1779490256.054677,0.7473475631889777,,30.918445398622207,psi,,hardware
E-LC,thrust,1410.800779825,1779490256.0483432,0.078125,0.078125,0.0,N,,hardware
FI-PT,pressure,1410.810858296,1779490256.0584219,0.5284470949705953,,3.5558868713244096,psi,,hardware
LF-PT,pressure,1410.815069641,1779490256.062633,0.20362439198784732,,-37.04695100151908,psi,,hardware
WM-PT,pressure,1410.818756829,1779490256.0663202,0.40094022762062875,,-12.382471547421407,psi,,hardware
N-LC,thrust,1410.812468801,1779490256.060032,0.078125,0.078125,0.0,N,,hardware
CC-PT,pressure,1410.822472868,1779490256.0700364,0.21494510351957125,,-35.63186206005359,psi,,hardware
FT-PT,pressure,1410.826653325,1779490256.0742164,1.1453451091462503,,80.6681386432813,psi,,hardware
E-LC,thrust,1410.824067225,1779490256.0716305,0.078125,0.078125,0.0,N,,hardware
FM-PT,pressure,1410.833100364,1779490256.0806644,0.7474482950506562,,30.93103688133203,psi,,hardware
FI-PT,pressure,1410.83649229,1779490256.0840561,0.5287033949736828,,3.5879243717103493,psi,,hardware
LF-PT,pressure,1410.841375914,1779490256.0889392,0.20386698292100228,,-37.01662713487472,psi,,hardware
N-LC,thrust,1410.835196083,1779490256.0827596,0.078125,0.078125,0.0,N,,hardware
WM-PT,pressure,1410.845160152,1779490256.0927234,0.4011261941344969,,-12.359225733187888,psi,,hardware
CC-PT,pressure,1410.849347239,1779490256.0969105,0.21524670305808818,,-35.594162117738975,psi,,hardware
FT-PT,pressure,1410.853451109,1779490256.1010146,1.1446298533236805,,80.57873166546007,psi,,hardware
E-LC,thrust,1410.847738605,1779490256.0953019,0.078125,0.078125,0.0,N,,hardware
FM-PT,pressure,1410.857509555,1779490256.1050732,0.747548430865816,,30.943553858227002,psi,,hardware
FI-PT,pressure,1410.861619146,1779490256.1091824,0.5290145312565007,,3.626816407062583,psi,,hardware
N-LC,thrust,1410.859136559,1779490256.1066997,0.078125,0.078125,0.0,N,,hardware
LF-PT,pressure,1410.865371775,1779490256.112935,0.20400407362032816,,-36.99949079745898,psi,,hardware
WM-PT,pressure,1410.869563825,1779490256.1171272,0.40128951088065035,,-12.338811139918707,psi,,hardware
CC-PT,pressure,1410.874636661,1779490256.1222,0.21553816980578538,,-35.557728774276825,psi,,hardware
E-LC,thrust,1410.869184272,1779490256.1167479,0.078125,0.078125,0.0,N,,hardware
FT-PT,pressure,1410.878331163,1779490256.1258943,1.143978970525142,,80.49737131564275,psi,,hardware
FM-PT,pressure,1410.882497474,1779490256.1300611,0.7477171120306387,,30.96463900382984,psi,,hardware
FI-PT,pressure,1410.886276731,1779490256.13384,0.5294663345177573,,3.683291814719658,psi,,hardware
N-LC,thrust,1410.880889154,1779490256.1284525,0.078125,0.078125,0.0,N,,hardware
LF-PT,pressure,1410.893141099,1779490256.1407053,0.20425798943734044,,-36.96775132033245,psi,,hardware
FT-PT,pressure,1410.898189861,1779490256.1457534,1.1433382205174232,,80.4172775646779,psi,,hardware
WM-PT,pressure,1410.902026801,1779490256.14959,0.4019433739117829,,-12.257078261027136,psi,,hardware
E-LC,thrust,1410.894876467,1779490256.1424398,0.078125,0.078125,0.0,N,,hardware
CC-PT,pressure,1410.905751839,1779490256.153315,0.21583321283259543,,-35.52084839592557,psi,,hardware
LF-PT,pressure,1410.909905909,1779490256.1574693,0.20439686827622275,,-36.95039146547216,psi,,hardware
FM-PT,pressure,1410.913559859,1779490256.161123,0.7472486194668555,,30.906077433356938,psi,,hardware
N-LC,thrust,1410.907364733,1779490256.1549282,0.078125,0.078125,0.0,N,,hardware
FI-PT,pressure,1410.917272823,1779490256.1648364,0.5298704540575092,,3.7338067571886513,psi,,hardware
FT-PT,pressure,1410.921568608,1779490256.169132,1.1427970102783453,,80.34962628479317,psi,,hardware
WM-PT,pressure,1410.925325108,1779490256.1728885,0.4025543215935613,,-12.180709800804838,psi,,hardware
E-LC,thrust,1410.918889254,1779490256.1664524,0.078125,0.078125,0.0,N,,hardware
CC-PT,pressure,1410.929076459,1779490256.1766398,0.21615209772015784,,-35.480987784980265,psi,,hardware
LF-PT,pressure,1410.933120369,1779490256.180684,0.2042985206006194,,-36.96268492492258,psi,,hardware
FM-PT,pressure,1410.935495092,1779490256.1830585,0.7469398673701128,,30.867483421264094,psi,,hardware
N-LC,thrust,1410.930693501,1779490256.178257,0.078125,0.078125,0.0,N,,hardware
FI-PT,pressure,1410.940634812,1779490256.188198,0.5301637089447628,,3.7704636180953544,psi,,hardware
FT-PT,pressure,1410.944963966,1779490256.1925273,1.1423577239939837,,80.29471549924797,psi,,hardware
WM-PT,pressure,1410.951723376,1779490256.199288,0.4031789783452724,,-12.102627706840952,psi,,hardware
E-LC,thrust,1410.943913041,1779490256.1914775,0.078125,0.078125,0.0,N,,hardware
CC-PT,pressure,1410.955455747,1779490256.2030194,0.21652581888745057,,-35.43427263906867,psi,,hardware
LF-PT,pressure,1410.959746217,1779490256.2073095,0.2044070010670425,,-36.94912486661969,psi,,hardware
FM-PT,pressure,1410.963538881,1779490256.2111025,0.7465113099230897,,30.81391374038621,psi,,hardware
N-LC,thrust,1410.95803444,1779490256.2055979,0.078125,0.078125,0.0,N,,hardware
FI-PT,pressure,1410.967654639,1779490256.2152178,0.5306536591832232,,3.831707397902895,psi,,hardware
FT-PT,pressure,1410.971857262,1779490256.2194204,1.1418957879419074,,80.23697349273843,psi,,hardware
WM-PT,pressure,1410.97555808,1779490256.2231214,0.40369992300271074,,-12.037509624661158,psi,,hardware
E-LC,thrust,1410.969244201,1779490256.2168074,0.078125,0.078125,0.0,N,,hardware
CC-PT,pressure,1410.979285451,1779490256.2268488,0.21688702307784832,,-35.389122115268954,psi,,hardware
LF-PT,pressure,1410.983516795,1779490256.2310798,0.20440402083444845,,-36.949497395693946,psi,,hardware
FM-PT,pressure,1410.987192373,1779490256.2347558,0.7462246115475429,,30.778076443442867,psi,,hardware
N-LC,thrust,1410.980915196,1779490256.2284784,0.078125,0.078125,0.0,N,,hardware
FI-PT,pressure,1410.993154863,1779490256.240719,0.5309713519777479,,3.87141899721849,psi,,hardware
LF-PT,pressure,1410.998184349,1779490256.2457478,0.20469489153562684,,-36.91313855804665,psi,,hardware
FT-PT,pressure,1411.001880333,1779490256.2494435,1.1412311960734363,,80.15389950917954,psi,,hardware
E-LC,thrust,1410.994861271,1779490256.2424245,0.078125,0.078125,0.0,N,,hardware
WM-PT,pressure,1411.005618612,1779490256.253182,0.4043967013831975,,-11.950412327100313,psi,,hardware
CC-PT,pressure,1411.009784329,1779490256.2573476,0.21715882029042485,,-35.35514746369689,psi,,hardware
LF-PT,pressure,1411.013929808,1779490256.2614932,0.20486178456089313,,-36.89227692988836,psi,,hardware
N-LC,thrust,1411.007256356,1779490256.2548199,0.078125,0.078125,0.0,N,,hardware
FM-PT,pressure,1411.017604534,1779490256.2651684,0.7459069187530182,,30.738364844127272,psi,,hardware
FI-PT,pressure,1411.021810861,1779490256.2693741,0.531151358026428,,3.8939197533034986,psi,,hardware
FT-PT,pressure,1411.025525103,1779490256.2730885,1.1408419776966545,,80.10524721208182,psi,,hardware
E-LC,thrust,1411.019227057,1779490256.2667904,0.078125,0.078125,0.0,N,,hardware
WM-PT,pressure,1411.029259474,1779490256.2768228,0.40501301348364516,,-11.873373314544356,psi,,hardware
CC-PT,pressure,1411.03349991,1779490256.2810633,0.21749439448051386,,-35.31320068993576,psi,,hardware
LF-PT,pressure,1411.03718708,1779490256.2847507,0.20493509828270653,,-36.883112714661685,psi,,hardware
N-LC,thrust,1411.03088633,1779490256.2784498,0.078125,0.078125,0.0,N,,hardware
FM-PT,pressure,1411.040919636,1779490256.2884831,0.7454920703759277,,30.68650879699096,psi,,hardware
FI-PT,pressure,1411.044860366,1779490256.292424,0.5312765277953777,,3.9095659744222133,psi,,hardware
FT-PT,pressure,1411.047177481,1779490256.2947407,1.1403579879233823,,80.04474849042279,psi,,hardware
E-LC,thrust,1411.042629784,1779490256.290193,0.078125,0.078125,0.0,N,,hardware
WM-PT,pressure,1411.052196801,1779490256.29976,0.40566210814262726,,-11.792236482171592,psi,,hardware
CC-PT,pressure,1411.056331372,1779490256.3038945,0.2178186437867455,,-35.272669526656806,psi,,hardware
LF-PT,pressure,1411.06090779,1779490256.3084722,0.20491602479410467,,-36.88549690073692,psi,,hardware
N-LC,thrust,1411.054734941,1779490256.3022985,0.078125,0.078125,0.0,N,,hardware
FM-PT,pressure,1411.0658263,1779490256.3133898,0.745161860604508,,30.645232575563494,psi,,hardware
FI-PT,pressure,1411.070043015,1779490256.3176064,0.5315119661703069,,3.938995771288367,psi,,hardware
FT-PT,pressure,1411.073787312,1779490256.3213508,1.1398435997776508,,79.98044997220636,psi,,hardware
E-LC,thrust,1411.068372514,1779490256.3159359,0.078125,0.078125,0.0,N,,hardware
WM-PT,pressure,1411.077282825,1779490256.324846,0.4063135869876846,,-11.710801626539425,psi,,hardware
CC-PT,pressure,1411.082142895,1779490256.3297064,0.2182698510014833,,-35.21626862481458,psi,,hardware
LF-PT,pressure,1411.085951243,1779490256.3335147,0.20519974293705737,,-36.85003213286783,psi,,hardware
N-LC,thrust,1411.079552961,1779490256.3271163,0.078125,0.078125,0.0,N,,hardware
FM-PT,pressure,1411.092877644,1779490256.3404422,0.7447118454828078,,30.588980685350972,psi,,hardware
FI-PT,pressure,1411.097539909,1779490256.3451033,0.5317247547775215,,3.9655943471901822,psi,,hardware
FT-PT,pressure,1411.101196414,1779490256.3487601,1.1393464969809648,,79.9183121226206,psi,,hardware
E-LC,thrust,1411.094959753,1779490256.342523,0.078125,0.078125,0.0,N,,hardware
WM-PT,pressure,1411.104904971,1779490256.3524683,0.40686910234321383,,-11.641362207098272,psi,,hardware
CC-PT,pressure,1411.109175998,1779490256.3567393,0.21856966240044384,,-35.17879219994452,psi,,hardware
LF-PT,pressure,1411.112925202,1779490256.3604884,0.20526530805412627,,-36.84183649323422,psi,,hardware
N-LC,thrust,1411.106557641,1779490256.354121,0.078125,0.078125,0.0,N,,hardware
FM-PT,pressure,1411.116601391,1779490256.3641646,0.7443488531528536,,30.5436066441067,psi,,hardware
FI-PT,pressure,1411.120867103,1779490256.3684306,0.5319971480366168,,3.9996435045770995,psi,,hardware
E-LC,thrust,1411.118251616,1779490256.365815,0.078125,0.078125,0.0,N,,hardware
FT-PT,pressure,1411.12569186,1779490256.3732555,1.1390919851174337,,79.88649813967922,psi,,hardware
WM-PT,pressure,1411.12987454,1779490256.377438,0.4075593242119937,,-11.555084473500788,psi,,hardware
CC-PT,pressure,1411.133600207,1779490256.3811638,0.21884742007820845,,-35.14407249022394,psi,,hardware
N-LC,thrust,1411.128294662,1779490256.3758578,0.078125,0.078125,0.0,N,,hardware
LF-PT,pressure,1411.137132274,1779490256.3846958,0.20535888735757915,,-36.83013908030261,psi,,hardware
FM-PT,pressure,1411.142025305,1779490256.3895888,0.743928044310575,,30.491005538821877,psi,,hardware
FI-PT,pressure,1411.14572877,1779490256.393292,0.5322069564112373,,4.025869551404659,psi,,hardware
E-LC,thrust,1411.139444241,1779490256.3870075,0.078125,0.078125,0.0,N,,hardware
FT-PT,pressure,1411.149487158,1779490256.3970504,1.1385340855758292,,79.81676069697866,psi,,hardware
WM-PT,pressure,1411.15374863,1779490256.401312,0.4081219921257487,,-11.484750984281415,psi,,hardware
CC-PT,pressure,1411.157428245,1779490256.4049914,0.2191639207796956,,-35.10450990253805,psi,,hardware
N-LC,thrust,1411.151136643,1779490256.3986998,0.078125,0.078125,0.0,N,,hardware
LF-PT,pressure,1411.161163949,1779490256.408727,0.20542385642812924,,-36.82201794648385,psi,,hardware
FM-PT,pressure,1411.16525656,1779490256.4128203,0.7433552436060004,,30.419405450750045,psi,,hardware
FI-PT,pressure,1411.167635782,1779490256.415199,0.5326039233927635,,4.07549042409544,psi,,hardware
E-LC,thrust,1411.162807526,1779490256.4103708,0.078125,0.078125,0.0,N,,hardware
FT-PT,pressure,1411.171604881,1779490256.4191687,1.1382217571999738,,79.77771964999673,psi,,hardware
WM-PT,pressure,1411.178949223,1779490256.4265127,0.40867273910912744,,-11.41590761135907,psi,,hardware
CC-PT,pressure,1411.182892416,1779490256.430456,0.21940710775936934,,-35.07411153007883,psi,,hardware
N-LC,thrust,1411.177670959,1779490256.425235,0.078125,0.078125,0.0,N,,hardware
LF-PT,pressure,1411.186810165,1779490256.4343736,0.20573141643183426,,-36.78357294602072,psi,,hardware
FM-PT,pressure,1411.19384332,1779490256.4414067,0.7429821184852264,,30.372764810653305,psi,,hardware
FI-PT,pressure,1411.198392517,1779490256.445956,0.5330044666534026,,4.125558331675327,psi,,hardware
E-LC,thrust,1411.192426008,1779490256.4399903,0.078125,0.078125,0.0,N,,hardware
FT-PT,pressure,1411.202544291,1779490256.4501076,1.1378706858003957,,79.73383572504947,psi,,hardware
WM-PT,pressure,1411.206804652,1779490256.454368,0.4092610370231911,,-11.342370372101112,psi,,hardware
CC-PT,pressure,1411.210561189,1779490256.4581246,0.2196669840415697,,-35.041626994803785,psi,,hardware
N-LC,thrust,1411.204214867,1779490256.4517784,0.078125,0.078125,0.0,N,,hardware
LF-PT,pressure,1411.214226786,1779490256.4617898,0.2058279759678812,,-36.77150300401485,psi,,hardware
FM-PT,pressure,1411.218374542,1779490256.4659379,0.7425148180144808,,30.314352251810103,psi,,hardware
FI-PT,pressure,1411.222175094,1779490256.4697382,0.5332679192147158,,4.158489901839479,psi,,hardware
E-LC,thrust,1411.215762258,1779490256.4633257,0.078125,0.078125,0.0,N,,hardware
FT-PT,pressure,1411.225888818,1779490256.4734523,1.1373706027711155,,79.67132534638944,psi,,hardware
WM-PT,pressure,1411.230220416,1779490256.477784,0.4098791372631952,,-11.265107842100601,psi,,hardware
CC-PT,pressure,1411.234060448,1779490256.481624,0.22001924753418534,,-34.99759405822683,psi,,hardware
N-LC,thrust,1411.227481102,1779490256.4750443,0.078125,0.078125,0.0,N,,hardware
LF-PT,pressure,1411.237827299,1779490256.4853907,0.2059161908526648,,-36.7604761434169,psi,,hardware
FM-PT,pressure,1411.24199172,1779490256.489555,0.7421053340560596,,30.26316675700745,psi,,hardware
FI-PT,pressure,1411.246133032,1779490256.4936967,0.5334759394497799,,4.184492431222486,psi,,hardware
E-LC,thrust,1411.23937664,1779490256.48694,0.078125,0.078125,0.0,N,,hardware
FT-PT,pressure,1411.249950954,1779490256.4975142,0.5338663499195992,,4.2332937399499055,psi,,hardware
WM-PT,pressure,1411.254110802,1779490256.5016742,0.4101419937779896,,-11.2322507777513,psi,,hardware
CC-PT,pressure,1411.258214727,1779490256.5057778,0.22035303358471792,,-34.95587080191026,psi,,hardware
N-LC,thrust,1411.252021027,1779490256.4995847,0.078125,0.078125,0.0,N,,hardware
LF-PT,pressure,1411.261906045,1779490256.5094695,0.2060407645750957,,-36.74490442811304,psi,,hardware
FM-PT,pressure,1411.266144999,1779490256.5137086,0.741566508003057,,30.195813500382126,psi,,hardware
FI-PT,pressure,1411.269832651,1779490256.517396,0.5340207259679706,,4.25259074599632,psi,,hardware
E-LC,thrust,1411.263523605,1779490256.5110872,0.078125,0.078125,0.0,N,,hardware
FT-PT,pressure,1411.273581243,1779490256.5211446,1.1371715232338335,,79.6464404042292,psi,,hardware
WM-PT,pressure,1411.277853344,1779490256.5254166,0.4106879723892179,,-11.164003451347764,psi,,hardware
CC-PT,pressure,1411.281568068,1779490256.5291314,0.22056045777326316,,-34.9299427783421,psi,,hardware
N-LC,thrust,1411.275233375,1779490256.5227969,0.078125,0.078125,0.0,N,,hardware
LF-PT,pressure,1411.285304513,1779490256.5328677,0.20620884969339962,,-36.72389378832505,psi,,hardware
FM-PT,pressure,1411.294224102,1779490256.5417874,0.7411391426490715,,30.142392831133943,psi,,hardware
FI-PT,pressure,1411.297899643,1779490256.545463,0.5342263620169594,,4.278295252119923,psi,,hardware
E-LC,thrust,1411.292099958,1779490256.539664,0.078125,0.078125,0.0,N,,hardware
FT-PT,pressure,1411.301689177,1779490256.5492525,1.1367668076475628,,79.59585095594535,psi,,hardware
WM-PT,pressure,1411.305885986,1779490256.5534494,0.41130547658270317,,-11.086815427162104,psi,,hardware
CC-PT,pressure,1411.309604654,1779490256.5571682,0.22099855196458723,,-34.875181004426594,psi,,hardware
N-LC,thrust,1411.30421554,1779490256.5517788,0.078125,0.078125,0.0,N,,hardware
LF-PT,pressure,1411.313279047,1779490256.5608423,0.206322694578492,,-36.7096631776885,psi,,hardware
FM-PT,pressure,1411.317532631,1779490256.565096,0.7407701898539293,,30.09627373174116,psi,,hardware
FI-PT,pressure,1411.321158896,1779490256.5687225,0.5345822017886879,,4.3227752235859835,psi,,hardware
E-LC,thrust,1411.315878443,1779490256.5634418,0.078125,0.078125,0.0,N,,hardware
FT-PT,pressure,1411.32576996,1779490256.5733335,1.1363388462470585,,79.54235578088232,psi,,hardware
WM-PT,pressure,1411.329877904,1779490256.5774415,0.4118329777518484,,-11.02087778101895,psi,,hardware
N-LC,thrust,1411.327318876,1779490256.5748823,0.078125,0.078125,0.0,N,,hardware
CC-PT,pressure,1411.333572462,1779490256.5811355,0.22141042010908368,,-34.82369748636454,psi,,hardware
LF-PT,pressure,1411.338646668,1779490256.5862098,0.20644846039396053,,-36.69394245075493,psi,,hardware
FM-PT,pressure,1411.342646672,1779490256.5902097,0.7403839517097416,,30.047993963717698,psi,,hardware
E-LC,thrust,1411.337344868,1779490256.5849082,0.078125,0.078125,0.0,N,,hardware
FI-PT,pressure,1411.346333842,1779490256.593897,0.5348063152797599,,4.350789409969982,psi,,hardware
FT-PT,pressure,1411.350496301,1779490256.5980594,1.1357791585658976,,79.47239482073721,psi,,hardware
WM-PT,pressure,1411.354073144,1779490256.6016364,0.4124600186896346,,-10.942497663795674,psi,,hardware
N-LC,thrust,1411.348912183,1779490256.5964754,0.078125,0.078125,0.0,N,,hardware
CC-PT,pressure,1411.357705353,1779490256.6052687,0.22176506778777455,,-34.77936652652818,psi,,hardware
LF-PT,pressure,1411.363256015,1779490256.6108193,0.20646514969648716,,-36.6918562879391,psi,,hardware
E-LC,thrust,1411.359733632,1779490256.607297,0.078125,0.078125,0.0,N,,hardware
FM-PT,pressure,1411.366994219,1779490256.6145575,0.7398594307731904,,29.982428846648798,psi,,hardware
FI-PT,pressure,1411.36986547,1779490256.6174288,0.5350405615616515,,4.380070195206434,psi,,hardware
FT-PT,pressure,1411.373481847,1779490256.6210454,1.1353827876308902,,79.42284845386128,psi,,hardware
WM-PT,pressure,1411.377230958,1779490256.6247945,0.412993480323968,,-10.875814959504002,psi,,hardware
N-LC,thrust,1411.369760457,1779490256.617324,0.078125,0.078125,0.0,N,,hardware
CC-PT,pressure,1411.380973162,1779490256.6285365,0.2222138908164371,,-34.72326364794536,psi,,hardware
LF-PT,pressure,1411.385210876,1779490256.632774,0.2067530401650715,,-36.65586997936606,psi,,hardware
FM-PT,pressure,1411.392861442,1779490256.6404254,0.739463059838183,,29.932882479772868,psi,,hardware
E-LC,thrust,1411.382589074,1779490256.6301525,0.078125,0.078125,0.0,N,,hardware
FI-PT,pressure,1411.396297977,1779490256.6438615,0.53528136435525,,4.410170544406247,psi,,hardware
FT-PT,pressure,1411.400360052,1779490256.6479237,1.135122315302171,,79.39028941277138,psi,,hardware
WM-PT,pressure,1411.406316173,1779490256.6538804,0.41352396172570727,,-10.809504784286592,psi,,hardware
N-LC,thrust,1411.397908408,1779490256.6454718,0.078125,0.078125,0.0,N,,hardware
CC-PT,pressure,1411.410772764,1779490256.658336,0.22243800430750899,,-34.695249461561374,psi,,hardware
LF-PT,pressure,1411.414788045,1779490256.6623514,0.2068752297014272,,-36.6405962873216,psi,,hardware
FM-PT,pressure,1411.418440347,1779490256.6660037,0.7389248298316992,,29.865603728962395,psi,,hardware
E-LC,thrust,1411.412096896,1779490256.6596603,0.078125,0.078125,0.0,N,,hardware
FI-PT,pressure,1411.422158941,1779490256.669722,0.5355311078466306,,4.4413884808288255,psi,,hardware
FT-PT,pressure,1411.426440264,1779490256.6740036,1.1347199839019755,,79.33999798774694,psi,,hardware
WM-PT,pressure,1411.430125026,1779490256.6776886,0.41411225963977094,,-10.735967545028632,psi,,hardware
N-LC,thrust,1411.423816777,1779490256.67138,0.078125,0.078125,0.0,N,,hardware
CC-PT,pressure,1411.433861101,1779490256.6814246,0.22282245431214026,,-34.647193210982465,psi,,hardware
LF-PT,pressure,1411.438092519,1779490256.6856558,0.2069121845855933,,-36.635976926800836,psi,,hardware
FM-PT,pressure,1411.441873091,1779490256.6894364,0.7385433600596619,,29.81792000745774,psi,,hardware
E-LC,thrust,1411.435487957,1779490256.6830513,0.078125,0.078125,0.0,N,,hardware
FI-PT,pressure,1411.445551021,1779490256.6931143,0.535883967385765,,4.485495923220631,psi,,hardware
FT-PT,pressure,1411.449787624,1779490256.697351,1.1342157285470638,,79.27696606838298,psi,,hardware
WM-PT,pressure,1411.453465646,1779490256.701029,0.4146767156930823,,-10.665410538364714,psi,,hardware
N-LC,thrust,1411.447180025,1779490256.6947434,0.078125,0.078125,0.0,N,,hardware
CC-PT,pressure,1411.457194684,1779490256.7047582,0.22312763012977005,,-34.60904623377874,psi,,hardware
LF-PT,pressure,1411.461431287,1779490256.7089946,0.2070153006333471,,-36.62308742083161,psi,,hardware
FM-PT,pressure,1411.465111513,1779490256.7126749,0.7380724833098035,,29.759060413725432,psi,,hardware
E-LC,thrust,1411.458825854,1779490256.7063892,0.078125,0.078125,0.0,N,,hardware
FI-PT,pressure,1411.468845865,1779490256.7164092,0.5361486120401159,,4.518576505014485,psi,,hardware
FT-PT,pressure,1411.473077024,1779490256.7206404,1.1338354508680641,,79.22943135850802,psi,,hardware
N-LC,thrust,1411.470471425,1779490256.7180347,0.078125,0.078125,0.0,N,,hardware
WM-PT,pressure,1411.478357755,1779490256.7259214,0.41535799686408004,,-10.580250391989996,psi,,hardware
CC-PT,pressure,1411.482592117,1779490256.7301552,0.2234280375752494,,-34.57149530309382,psi,,hardware
LF-PT,pressure,1411.486696616,1779490256.73426,0.2072626599386525,,-36.592167507668435,psi,,hardware
E-LC,thrust,1411.480984594,1779490256.728548,0.078125,0.078125,0.0,N,,hardware
FM-PT,pressure,1411.493217688,1779490256.740782,0.7378310844696861,,29.72888555871077,psi,,hardware
FI-PT,pressure,1411.497984447,1779490256.7455478,0.5363709373916313,,4.546367173953916,psi,,hardware
FT-PT,pressure,1411.501689283,1779490256.7492526,1.1334486166773576,,79.18107708466971,psi,,hardware
N-LC,thrust,1411.495627649,1779490256.7431912,0.078125,0.078125,0.0,N,,hardware
WM-PT,pressure,1411.505342954,1779490256.7529063,0.4159522552433318,,-10.505968094583526,psi,,hardware
CC-PT,pressure,1411.509558429,1779490256.7571218,0.22367778106663003,,-34.54027736667124,psi,,hardware
LF-PT,pressure,1411.513276745,1779490256.76084,0.20737710087026368,,-36.57786239121704,psi,,hardware
E-LC,thrust,1411.507929425,1779490256.7554927,0.078125,0.078125,0.0,N,,hardware
FM-PT,pressure,1411.51698271,1779490256.7645462,0.7374454423720173,,29.680680296502157,psi,,hardware
FI-PT,pressure,1411.523155597,1779490256.770719,0.5365658446032816,,4.570730575410201,psi,,hardware
FT-PT,pressure,1411.526823471,1779490256.7743866,1.1330146948116653,,79.12683685145817,psi,,hardware
N-LC,thrust,1411.521525759,1779490256.7690897,0.078125,0.078125,0.0,N,,hardware
WM-PT,pressure,1411.530536269,1779490256.7780995,0.41652624804094407,,-10.434218994881991,psi,,hardware
CC-PT,pressure,1411.534628028,1779490256.7821913,0.22399249362856075,,-34.5009382964299,psi,,hardware
LF-PT,pressure,1411.538381306,1779490256.7859445,0.20751836389522121,,-36.56020451309735,psi,,hardware
E-LC,thrust,1411.533087094,1779490256.7806504,0.078125,0.078125,0.0,N,,hardware
FM-PT,pressure,1411.542038885,1779490256.7896023,0.7369262858541352,,29.615785731766902,psi,,hardware
FI-PT,pressure,1411.546309152,1779490256.7938724,0.536772672745308,,4.596584093163505,psi,,hardware
FT-PT,pressure,1411.55003382,1779490256.7975972,1.1325485864339573,,79.06857330424467,psi,,hardware
N-LC,thrust,1411.544661872,1779490256.7922256,0.078125,0.078125,0.0,N,,hardware
WM-PT,pressure,1411.553730675,1779490256.8012938,0.41713719572272245,,-10.357850534659693,psi,,hardware
CC-PT,pressure,1411.55845177,1779490256.8060153,0.22435787014459016,,-34.455266231926224,psi,,hardware
LF-PT,pressure,1411.562211343,1779490256.8097746,0.20762267203601265,,-36.54716599549842,psi,,hardware
E-LC,thrust,1411.556174542,1779490256.8037379,0.078125,0.078125,0.0,N,,hardware
FM-PT,pressure,1411.56584746,1779490256.8134108,0.7367421074798235,,29.592763434977936,psi,,hardware
FI-PT,pressure,1411.570062305,1779490256.8176255,0.5369532748405069,,4.619159355063365,psi,,hardware
FT-PT,pressure,1411.572605333,1779490256.8201687,1.1321849980574843,,79.02312475718554,psi,,hardware
N-LC,thrust,1411.568456781,1779490256.81602,0.078125,0.078125,0.0,N,,hardware
WM-PT,pressure,1411.57774061,1779490256.8253038,0.4177070161947032,,-10.286622975662102,psi,,hardware
CC-PT,pressure,1411.581888162,1779490256.8294516,0.22449317270435962,,-34.43835341195504,psi,,hardware
E-LC,thrust,1411.580282323,1779490256.8278456,0.078125,0.078125,0.0,N,,hardware
LF-PT,pressure,1411.585636032,1779490256.8331995,0.20792188738845435,,-36.509764076443204,psi,,hardware
FM-PT,pressure,1411.59399967,1779490256.841563,0.736240236310987,,29.530029538873375,psi,,hardware
FI-PT,pressure,1411.596945917,1779490256.8445094,0.5371666594942403,,4.645832436780031,psi,,hardware
FT-PT,pressure,1411.601044417,1779490256.8486078,1.1316521324696698,,78.95651655870873,psi,,hardware
N-LC,thrust,1411.593057147,1779490256.8406212,0.078125,0.078125,0.0,N,,hardware
WM-PT,pressure,1411.604822285,1779490256.8523855,0.41830246666699256,,-10.21219166662593,psi,,hardware
CC-PT,pressure,1411.609008354,1779490256.8565717,0.22484305201090002,,-34.39461849863749,psi,,hardware
LF-PT,pressure,1411.612739984,1779490256.8603034,0.2080196390175389,,-36.49754512280764,psi,,hardware
E-LC,thrust,1411.606436586,1779490256.8539999,0.078125,0.078125,0.0,N,,hardware
FM-PT,pressure,1411.616433728,1779490256.8639972,0.7359308881677256,,29.491361020965694,psi,,hardware
FI-PT,pressure,1411.620712384,1779490256.8682756,0.5373359367055818,,4.666992088197722,psi,,hardware
FT-PT,pressure,1411.624499993,1779490256.8720634,1.1312235750226467,,78.90294687783084,psi,,hardware
N-LC,thrust,1411.618100211,1779490256.8656635,0.078125,0.078125,0.0,N,,hardware
WM-PT,pressure,1411.628196236,1779490256.8757596,0.4190266631873445,,-10.121667101581938,psi,,hardware
CC-PT,pressure,1411.634147968,1779490256.8817122,0.22505524457159573,,-34.36809442855053,psi,,hardware
E-LC,thrust,1411.629755318,1779490256.8773186,0.078125,0.078125,0.0,N,,hardware
LF-PT,pressure,1411.639340241,1779490256.8869038,0.2081585178564212,,-36.48018526794735,psi,,hardware
FT-PT,pressure,1411.644195459,1779490256.891759,1.130594745945304,,78.82434324316301,psi,,hardware
FM-PT,pressure,1411.647779245,1779490256.8953426,0.7360810918904652,,29.510136486308152,psi,,hardware
N-LC,thrust,1411.641631598,1779490256.889195,0.078125,0.078125,0.0,N,,hardware
FI-PT,pressure,1411.651517209,1779490256.8990808,0.5376285955463166,,4.703574443289574,psi,,hardware
LF-PT,pressure,1411.655728739,1779490256.903292,0.20833792785858246,,-36.45775901767719,psi,,hardware
WM-PT,pressure,1411.659437871,1779490256.9070013,0.41913275946769235,,-10.108405066538456,psi,,hardware
E-LC,thrust,1411.653105641,1779490256.9006689,0.078125,0.078125,0.0,N,,hardware
CC-PT,pressure,1411.663157761,1779490256.910721,0.22547128504172384,,-34.316089369784514,psi,,hardware
FT-PT,pressure,1411.66744375,1779490256.915007,1.1298812782622907,,78.73515978278634,psi,,hardware
FM-PT,pressure,1411.671132327,1779490256.918696,0.7361645384030984,,29.520567300387295,psi,,hardware
N-LC,thrust,1411.664811393,1779490256.9123747,0.078125,0.078125,0.0,N,,hardware
FI-PT,pressure,1411.674864828,1779490256.9224281,0.5379248306661643,,4.740603833270532,psi,,hardware
LF-PT,pressure,1411.679106097,1779490256.9266694,0.20858290297781262,,-36.42713712777342,psi,,hardware
WM-PT,pressure,1411.682781972,1779490256.9303455,0.4192597173761985,,-10.092535327975188,psi,,hardware
E-LC,thrust,1411.67648274,1779490256.924046,0.078125,0.078125,0.0,N,,hardware
CC-PT,pressure,1411.686500954,1779490256.9340644,0.22585633109287395,,-34.26795861339075,psi,,hardware
LF-PT,pressure,1411.693057894,1779490256.940622,0.20880761251540336,,-36.39904843557458,psi,,hardware
FT-PT,pressure,1411.697511837,1779490256.9450755,1.1292673503479183,,78.65841879348979,psi,,hardware
N-LC,thrust,1411.6881192,1779490256.9356825,0.078125,0.078125,0.0,N,,hardware
FM-PT,pressure,1411.701263207,1779490256.9488263,0.7363052053815371,,29.538150672692137,psi,,hardware
FI-PT,pressure,1411.705497736,1779490256.953061,0.5381113932265512,,4.763924153318902,psi,,hardware
LF-PT,pressure,1411.709216349,1779490256.9567795,0.20910801996088269,,-36.36149750488966,psi,,hardware
E-LC,thrust,1411.703808735,1779490256.9513721,0.078125,0.078125,0.0,N,,hardware
WM-PT,pressure,1411.713765101,1779490256.9613287,0.4193199180745981,,-10.085010240675235,psi,,hardware
CC-PT,pressure,1411.717942689,1779490256.965506,0.22613170458456333,,-34.23353692692958,psi,,hardware
FT-PT,pressure,1411.721633322,1779490256.9691966,1.1286134873167857,,78.57668591459822,psi,,hardware
N-LC,thrust,1411.715313369,1779490256.9628766,0.078125,0.078125,0.0,N,,hardware
FM-PT,pressure,1411.725364378,1779490256.972928,0.7364512367786451,,29.556404597330637,psi,,hardware
FI-PT,pressure,1411.729433823,1779490256.9769971,0.5383790181134961,,4.797377264187011,psi,,hardware
LF-PT,pressure,1411.733255838,1779490256.9808192,0.2092772971722242,,-36.34033785347197,psi,,hardware
E-LC,thrust,1411.726896184,1779490256.9744594,0.078125,0.078125,0.0,N,,hardware
WM-PT,pressure,1411.736964451,1779490256.9845278,0.41940992109893815,,-10.07375986263273,psi,,hardware
CC-PT,pressure,1411.741251625,1779490256.988815,0.22658589203189516,,-34.1767634960131,psi,,hardware
FT-PT,pressure,1411.746847895,1779490256.994412,1.1280025396350073,,78.50031745437592,psi,,hardware
N-LC,thrust,1411.738623861,1779490256.9861872,0.078125,0.078125,0.0,N,,hardware
FM-PT,pressure,1411.750766219,1779490256.9983296,0.7366860791070555,,29.58575988838194,psi,,hardware
FI-PT,pressure,1411.755416447,1779490257.0029795,0.5385965750928611,,4.824571886607634,psi,,hardware
LF-PT,pressure,1411.75910908,1779490257.0066726,0.20944061391837765,,-36.31992326020279,psi,,hardware
E-LC,thrust,1411.752077814,1779490256.9996412,0.078125,0.078125,0.0,N,,hardware
WM-PT,pressure,1411.762841841,1779490257.010405,0.4194993280767594,,-10.062583990405077,psi,,hardware
CC-PT,pressure,1411.767072129,1779490257.0146353,0.22683503947675698,,-34.145620065405375,psi,,hardware
FT-PT,pressure,1411.770770799,1779490257.018334,1.1273504647434311,,78.4188080929289,psi,,hardware
N-LC,thrust,1411.764477067,1779490257.0120404,0.078125,0.078125,0.0,N,,hardware
FM-PT,pressure,1411.774484819,1779490257.0220482,0.7368315144576447,,29.60393930720559,psi,,hardware
FI-PT,pressure,1411.778659315,1779490257.0262227,0.53877717718806,,4.847147148507494,psi,,hardware
E-LC,thrust,1411.776103731,1779490257.023667,0.078125,0.078125,0.0,N,,hardware
LF-PT,pressure,1411.782327449,1779490257.0298905,0.20969512578190874,,-36.288109277261405,psi,,hardware
WM-PT,pressure,1411.786934717,1779490257.034498,0.4197341704051698,,-10.033228699353774,psi,,hardware
CC-PT,pressure,1411.793282391,1779490257.0408466,0.22708597506117523,,-34.114253117353094,psi,,hardware
LF-PT,pressure,1411.797055446,1779490257.044619,0.20983519671382866,,-36.270600410771415,psi,,hardware
N-LC,thrust,1411.786520758,1779490257.034084,0.078125,0.078125,0.0,N,,hardware
FT-PT,pressure,1411.800855758,1779490257.048419,1.126803890085684,,78.35048626071051,psi,,hardware
FM-PT,pressure,1411.804992904,1779490257.0525563,0.7368654891092168,,29.608186138652098,psi,,hardware
FI-PT,pressure,1411.808648298,1779490257.0562115,0.5390203641677337,,4.877545520966711,psi,,hardware
E-LC,thrust,1411.803381269,1779490257.0509448,0.078125,0.078125,0.0,N,,hardware
LF-PT,pressure,1411.812470201,1779490257.0600336,0.21019699695074523,,-36.225375381156844,psi,,hardware
WM-PT,pressure,1411.816698305,1779490257.0642617,0.41982655761558507,,-10.021680298051866,psi,,hardware
CC-PT,pressure,1411.820437491,1779490257.0680008,0.22742274134430185,,-34.072157331962266,psi,,hardware
N-LC,thrust,1411.815100984,1779490257.0626645,0.078125,0.078125,0.0,N,,hardware
FT-PT,pressure,1411.824133494,1779490257.0716968,1.126263275893125,,78.28290948664063,psi,,hardware
FM-PT,pressure,1411.828477962,1779490257.0760412,0.7369823142269032,,29.622789278362898,psi,,hardware
FI-PT,pressure,1411.832084284,1779490257.0796475,0.539292757426829,,4.911594678353628,psi,,hardware
E-LC,thrust,1411.826186586,1779490257.07375,0.078125,0.078125,0.0,N,,hardware
LF-PT,pressure,1411.836197468,1779490257.0837607,0.21036806230164318,,-36.2039922122946,psi,,hardware
WM-PT,pressure,1411.83971961,1779490257.0872827,0.41992550133770723,,-10.009312332786596,psi,,hardware
N-LC,thrust,1411.837778531,1779490257.085342,0.078125,0.078125,0.0,N,,hardware
CC-PT,pressure,1411.844072393,1779490257.0916357,0.22774460646445827,,-34.031924191942714,psi,,hardware
FT-PT,pressure,1411.848248629,1779490257.0958118,1.1256868989094375,,78.2108623636797,psi,,hardware
FM-PT,pressure,1411.853228377,1779490257.1007915,0.7371521874847635,,29.64402343559544,psi,,hardware
E-LC,thrust,1411.84784965,1779490257.095413,0.078125,0.078125,0.0,N,,hardware
FI-PT,pressure,1411.858765928,1779490257.1063302,0.5396181988260983,,4.952274853262287,psi,,hardware
LF-PT,pressure,1411.864211151,1779490257.1117744,0.21052422648957092,,-36.18447168880363,psi,,hardware
N-LC,thrust,1411.861043989,1779490257.1086075,0.078125,0.078125,0.0,N,,hardware
FT-PT,pressure,1411.870055611,1779490257.1176193,1.1250968128558174,,78.13710160697718,psi,,hardware
WM-PT,pressure,1411.87429514,1779490257.1218584,0.4204786325071612,,-9.940170936604847,psi,,hardware
CC-PT,pressure,1411.878040992,1779490257.1256044,0.22788765762897223,,-34.01404279637847,psi,,hardware
E-LC,thrust,1411.872634971,1779490257.1201985,0.078125,0.078125,0.0,N,,hardware
LF-PT,pressure,1411.881700294,1779490257.1292634,0.21066727765408488,,-36.16659029323939,psi,,hardware
FM-PT,pressure,1411.885861531,1779490257.133425,0.7369346305053985,,29.616828813174816,psi,,hardware
FI-PT,pressure,1411.891819578,1779490257.1393838,0.5400163579006622,,5.00204473758277,psi,,hardware
N-LC,thrust,1411.884277895,1779490257.1318412,0.078125,0.078125,0.0,N,,hardware
LF-PT,pressure,1411.89643853,1779490257.144002,0.21102669370492622,,-36.12166328688422,psi,,hardware
FT-PT,pressure,1411.900789016,1779490257.1483526,1.1244912295927083,,78.06140369908854,psi,,hardware
WM-PT,pressure,1411.90445741,1779490257.1520207,0.4210037494902312,,-9.874531313721096,psi,,hardware
E-LC,thrust,1411.899114218,1779490257.1466775,0.078125,0.078125,0.0,N,,hardware
CC-PT,pressure,1411.90819254,1779490257.155756,0.2280831608871413,,-33.98960488910733,psi,,hardware
LF-PT,pressure,1411.912398053,1779490257.1599615,0.2111053718454089,,-36.111828519323886,psi,,hardware
FM-PT,pressure,1411.916142683,1779490257.1637058,0.7366622372463032,,29.5827796557879,psi,,hardware
N-LC,thrust,1411.910771067,1779490257.1583343,0.078125,0.078125,0.0,N,,hardware
FI-PT,pressure,1411.919841852,1779490257.1674054,0.5401898074376353,,5.023725929704417,psi,,hardware
FT-PT,pressure,1411.923971832,1779490257.171535,1.1241079716811146,,78.01349646013934,psi,,hardware
WM-PT,pressure,1411.927709981,1779490257.1752734,0.42158072252043755,,-9.802409684945307,psi,,hardware
E-LC,thrust,1411.92241212,1779490257.1699755,0.078125,0.078125,0.0,N,,hardware
CC-PT,pressure,1411.931377392,1779490257.1789408,0.22844078879842628,,-33.94490140019671,psi,,hardware
LF-PT,pressure,1411.935498261,1779490257.1830616,0.21108749044984465,,-36.11406369376942,psi,,hardware
FM-PT,pressure,1411.939234947,1779490257.1867983,0.7361770553799933,,29.522131922499167,psi,,hardware
N-LC,thrust,1411.933930254,1779490257.1814935,0.078125,0.078125,0.0,N,,hardware
FI-PT,pressure,1411.942547175,1779490257.1901116,0.5403966355796618,,5.049579447457722,psi,,hardware
FT-PT,pressure,1411.948586643,1779490257.19615,1.1236072926053158,,77.95091157566448,psi,,hardware
WM-PT,pressure,1411.95233931,1779490257.1999028,0.42206948066586025,,-9.741314916767468,psi,,hardware
E-LC,thrust,1411.946927418,1779490257.1944914,0.078125,0.078125,0.0,N,,hardware
CC-PT,pressure,1411.955981001,1779490257.2035444,0.22869291647588214,,-33.91338544051473,psi,,hardware
LF-PT,pressure,1411.96019018,1779490257.2077534,0.21120729580012512,,-36.09908802498436,psi,,hardware
FM-PT,pressure,1411.963874591,1779490257.211438,0.7359547300284779,,29.494341253559735,psi,,hardware
N-LC,thrust,1411.958544214,1779490257.2061076,0.078125,0.078125,0.0,N,,hardware
FI-PT,pressure,1411.967663755,1779490257.2152271,0.5406648565131255,,5.083107064140682,psi,,hardware
FT-PT,pressure,1411.971749719,1779490257.2193131,1.1231817153908867,,77.89771442386085,psi,,hardware
WM-PT,pressure,1411.977518887,1779490257.2250829,0.42250817090370313,,-9.686478637037109,psi,,hardware
E-LC,thrust,1411.970185767,1779490257.2177489,0.078125,0.078125,0.0,N,,hardware
CC-PT,pressure,1411.979877944,1779490257.2274413,0.22913816322543185,,-33.85772959682102,psi,,hardware
LF-PT,pressure,1411.985455363,1779490257.2330186,0.2113515390576767,,-36.081057617790414,psi,,hardware
FM-PT,pressure,1411.991865275,1779490257.2394295,0.7354659718830552,,29.433246485381897,psi,,hardware
N-LC,thrust,1411.98384421,1779490257.2314076,0.078125,0.078125,0.0,N,,hardware
FI-PT,pressure,1411.995975718,1779490257.2435396,0.5410975862857802,,5.1371982857225245,psi,,hardware
FT-PT,pressure,1412.000200711,1779490257.247764,1.122795477246699,,77.84943465583738,psi,,hardware
WM-PT,pressure,1412.003927527,1779490257.2514908,0.42306249416619474,,-9.617188229225658,psi,,hardware
E-LC,thrust,1411.998578317,1779490257.246142,0.078125,0.078125,0.0,N,,hardware
CC-PT,pressure,1412.007644733,1779490257.2552083,0.2294558560199566,,-33.81801799750542,psi,,hardware
LF-PT,pressure,1412.011896205,1779490257.2594595,0.21141233580259514,,-36.07345802467561,psi,,hardware
FM-PT,pressure,1412.015639706,1779490257.2632031,0.7351149004834772,,29.389362560434645,psi,,hardware
N-LC,thrust,1412.010217834,1779490257.2577813,0.078125,0.078125,0.0,N,,hardware
FI-PT,pressure,1412.019282841,1779490257.2668462,0.5413103748929947,,5.1637968616243395,psi,,hardware
FT-PT,pressure,1412.023886647,1779490257.27145,1.1223865893347966,,77.79832366684958,psi,,hardware
WM-PT,pressure,1412.02761063,1779490257.275174,0.4236788062666424,,-9.5401492166697,psi,,hardware
E-LC,thrust,1412.021858646,1779490257.269422,0.078125,0.078125,0.0,N,,hardware
CC-PT,pressure,1412.031294411,1779490257.2788577,0.22980871555909105,,-33.773910555113616,psi,,hardware
LF-PT,pressure,1412.035443075,1779490257.2830062,0.2114457144076484,,-36.06928569904395,psi,,hardware
FM-PT,pressure,1412.039174206,1779490257.2867374,0.7347680014095308,,29.34600017619135,psi,,hardware
N-LC,thrust,1412.033859253,1779490257.2814226,0.078125,0.078125,0.0,N,,hardware
FI-PT,pressure,1412.043316055,1779490257.2908795,0.5416298558270759,,5.2037319783844875,psi,,hardware
FT-PT,pressure,1412.047721593,1779490257.2952847,1.121987834213714,,77.74847927671425,psi,,hardware
WM-PT,pressure,1412.051347156,1779490257.2989104,0.42409723092284574,,-9.487846134644283,psi,,hardware
E-LC,thrust,1412.045073496,1779490257.292637,0.078125,0.078125,0.0,N,,hardware
CC-PT,pressure,1412.054976533,1779490257.30254,0.23014607788873648,,-33.73174026390794,psi,,hardware
LF-PT,pressure,1412.060293188,1779490257.3078566,0.21143617766334746,,-36.07047779208157,psi,,hardware
N-LC,thrust,1412.056590649,1779490257.304154,0.078125,0.078125,0.0,N,,hardware
FM-PT,pressure,1412.064043207,1779490257.3116066,0.7343877237305312,,29.298465466316397,psi,,hardware
FI-PT,pressure,1412.06813217,1779490257.3156955,0.5418539693181478,,5.231746164768472,psi,,hardware
FT-PT,pressure,1412.071777287,1779490257.3193405,1.1215324546733445,,77.69155683416807,psi,,hardware
E-LC,thrust,1412.06657894,1779490257.3141425,0.078125,0.078125,0.0,N,,hardware
WM-PT,pressure,1412.075559896,1779490257.3231235,0.4246718197669768,,-9.416022529127897,psi,,hardware
CC-PT,pressure,1412.079761316,1779490257.3273246,0.23043694858991487,,-33.69538142626064,psi,,hardware
LF-PT,pressure,1412.08350228,1779490257.3310657,0.211723472085413,,-36.034565989323376,psi,,hardware
N-LC,thrust,1412.07815507,1779490257.3257186,0.078125,0.078125,0.0,N,,hardware
FM-PT,pressure,1412.09174111,1779490257.3393054,0.7339549939578764,,29.244374244734555,psi,,hardware
FI-PT,pressure,1412.096949087,1779490257.3445125,0.5420673539718811,,5.258419246485138,psi,,hardware
FT-PT,pressure,1412.100600629,1779490257.348164,1.1211462165291568,,77.6432770661446,psi,,hardware
E-LC,thrust,1412.093582399,1779490257.3411458,0.078125,0.078125,0.0,N,,hardware
WM-PT,pressure,1412.104638429,1779490257.352202,0.4252166062851675,,-9.347924214354062,psi,,hardware
CC-PT,pressure,1412.108763316,1779490257.3563266,0.23062708742941468,,-33.67161407132316,psi,,hardware
LF-PT,pressure,1412.112477244,1779490257.3600404,0.2119124188318752,,-36.0109476460156,psi,,hardware
N-LC,thrust,1412.106226324,1779490257.3537898,0.078125,0.078125,0.0,N,,hardware
FM-PT,pressure,1412.116200004,1779490257.3637636,0.7335204760456653,,29.19005950570816,psi,,hardware
FI-PT,pressure,1412.12043633,1779490257.3679998,0.5423927953711504,,5.299099421393796,psi,,hardware
E-LC,thrust,1412.117837341,1779490257.3654006,0.078125,0.078125,0.0,N,,hardware
FT-PT,pressure,1412.125249143,1779490257.3728125,1.1207146788495397,,77.58933485619247,psi,,hardware
WM-PT,pressure,1412.129505449,1779490257.3770688,0.4257399351286811,,-9.282508108914865,psi,,hardware
CC-PT,pressure,1412.133148343,1779490257.3807118,0.2309245146423,,-33.634435669712495,psi,,hardware
N-LC,thrust,1412.127879259,1779490257.3754425,0.078125,0.078125,0.0,N,,hardware
LF-PT,pressure,1412.136850846,1779490257.384414,0.21197440766983125,,-36.003199041271095,psi,,hardware
FM-PT,pressure,1412.141040804,1779490257.3886042,0.7331431785992597,,29.142897324907462,psi,,hardware
FI-PT,pressure,1412.144667403,1779490257.392231,0.5425799539780561,,5.322494247257017,psi,,hardware
E-LC,thrust,1412.139397374,1779490257.3869607,0.078125,0.078125,0.0,N,,hardware
FT-PT,pressure,1412.148782846,1779490257.396346,1.120321884193645,,77.54023552420564,psi,,hardware
WM-PT,pressure,1412.152963323,1779490257.4005265,0.4262358458323295,,-9.220519270958814,psi,,hardware
N-LC,thrust,1412.150382037,1779490257.3979454,0.078125,0.078125,0.0,N,,hardware
CC-PT,pressure,1412.156657474,1779490257.4042213,0.23125949278587019,,-33.59256340176622,psi,,hardware
LF-PT,pressure,1412.161681516,1779490257.4092448,0.21195175790211654,,-36.006030262235434,psi,,hardware
FM-PT,pressure,1412.165510808,1779490257.4130743,0.7326931634775595,,29.08664543469494,psi,,hardware
E-LC,thrust,1412.160368365,1779490257.4079318,0.078125,0.078125,0.0,N,,hardware
FI-PT,pressure,1412.169203534,1779490257.416767,0.5428529432836703,,5.356617910458786,psi,,hardware
FT-PT,pressure,1412.173312792,1779490257.420876,1.119964852328879,,77.49560654110988,psi,,hardware
WM-PT,pressure,1412.177777346,1779490257.425341,0.4268694432818226,,-9.141319589772177,psi,,hardware
N-LC,thrust,1412.171759358,1779490257.419323,0.078125,0.078125,0.0,N,,hardware
CC-PT,pressure,1412.181506792,1779490257.42907,0.23157718558039495,,-33.552851802450625,psi,,hardware
LF-PT,pressure,1412.185718304,1779490257.4332814,0.21221401837039214,,-35.973247703700984,psi,,hardware
FM-PT,pressure,1412.192567728,1779490257.4401317,0.7323242106824173,,29.040526335302157,psi,,hardware
E-LC,thrust,1412.183140777,1779490257.430704,0.078125,0.078125,0.0,N,,hardware
FI-PT,pressure,1412.196392224,1779490257.4439557,0.5431020907285321,,5.387761341066513,psi,,hardware
FT-PT,pressure,1412.2005942,1779490257.4481575,1.1199195527934496,,77.4899440991812,psi,,hardware
N-LC,thrust,1412.198027691,1779490257.445591,0.078125,0.078125,0.0,N,,hardware
WM-PT,pressure,1412.207223191,1779490257.4547875,0.42732899514782374,,-9.083875606522032,psi,,hardware
CC-PT,pressure,1412.211447462,1779490257.4590108,0.2318293132578508,,-33.52133584276864,psi,,hardware
LF-PT,pressure,1412.215107948,1779490257.4626713,0.21222891953336234,,-35.97138505832971,psi,,hardware
E-LC,thrust,1412.209844308,1779490257.4574077,0.078125,0.078125,0.0,N,,hardware
FM-PT,pressure,1412.218801822,1779490257.466365,0.7320196309113063,,29.002453863913285,psi,,hardware
FI-PT,pressure,1412.22289647,1779490257.4704597,0.5432534865443094,,5.406685818038673,psi,,hardware
FT-PT,pressure,1412.226639267,1779490257.4742026,1.1193974160429736,,77.4246770053717,psi,,hardware
N-LC,thrust,1412.221291576,1779490257.4688551,0.078125,0.078125,0.0,N,,hardware
WM-PT,pressure,1412.230444505,1779490257.478008,0.4279763016672494,,-9.002962291593821,psi,,hardware
CC-PT,pressure,1412.234588817,1779490257.4821522,0.23207071209796812,,-33.49116098775398,psi,,hardware
LF-PT,pressure,1412.238228156,1779490257.4857917,0.21232905534852212,,-35.95886808143474,psi,,hardware
E-LC,thrust,1412.232960775,1779490257.4805243,0.078125,0.078125,0.0,N,,hardware
FM-PT,pressure,1412.2419881,1779490257.4895515,0.7316238560228177,,28.952982002852206,psi,,hardware
FI-PT,pressure,1412.246083989,1779490257.493647,0.5435133628265097,,5.439170353313719,psi,,hardware
FT-PT,pressure,1412.249878097,1779490257.4974415,1.119085683713637,,77.38571046420462,psi,,hardware
N-LC,thrust,1412.244537239,1779490257.4921007,0.078125,0.078125,0.0,N,,hardware
WM-PT,pressure,1412.254004003,1779490257.5015676,0.543652241665392,,5.456530208174007,psi,,hardware
CC-PT,pressure,1412.258746227,1779490257.5063093,0.23238602070641765,,-33.45174741169779,psi,,hardware
LF-PT,pressure,1412.262369845,1779490257.5099332,0.21226766255708487,,-35.96654218036439,psi,,hardware
E-LC,thrust,1412.25622479,1779490257.5037882,0.078125,0.078125,0.0,N,,hardware
FM-PT,pressure,1412.266129196,1779490257.5136929,0.7312394060181864,,28.904925752273297,psi,,hardware
FI-PT,pressure,1412.270322209,1779490257.5178857,0.5438757591099451,,5.48446988874314,psi,,hardware
FT-PT,pressure,1412.274032193,1779490257.5215957,1.1186571262666138,,77.33214078332674,psi,,hardware
N-LC,thrust,1412.267755164,1779490257.5153186,0.078125,0.078125,0.0,N,,hardware
WM-PT,pressure,1412.277789934,1779490257.5253532,0.4288429533055965,,-8.894630836800435,psi,,hardware
CC-PT,pressure,1412.28202287,1779490257.529586,0.23267569931455842,,-33.41553758568019,psi,,hardware
E-LC,thrust,1412.279339035,1779490257.5269022,0.078125,0.078125,0.0,N,,hardware
LF-PT,pressure,1412.28575526,1779490257.5333188,0.21268370302721298,,-35.91453712159838,psi,,hardware
FM-PT,pressure,1412.293438713,1779490257.5410023,0.7309246934562557,,28.865586682031957,psi,,hardware
FI-PT,pressure,1412.298563769,1779490257.546127,0.5440700702750766,,5.508758784384574,psi,,hardware
N-LC,thrust,1412.292887095,1779490257.540451,0.078125,0.078125,0.0,N,,hardware
FT-PT,pressure,1412.302660565,1779490257.550224,1.1183716199841047,,77.2964524980131,psi,,hardware
WM-PT,pressure,1412.306964257,1779490257.5545275,0.429459861452563,,-8.817517318429626,psi,,hardware
CC-PT,pressure,1412.310599393,1779490257.5581627,0.23286703024709585,,-33.39162121911301,psi,,hardware
E-LC,thrust,1412.304345251,1779490257.5519085,0.078125,0.078125,0.0,N,,hardware
LF-PT,pressure,1412.314328375,1779490257.5618916,0.21264436395697164,,-35.919454505378546,psi,,hardware
FM-PT,pressure,1412.321631109,1779490257.5691948,0.7305533564750382,,28.81916955937977,psi,,hardware
N-LC,thrust,1412.317563015,1779490257.565127,0.078125,0.078125,0.0,N,,hardware
FI-PT,pressure,1412.325478103,1779490257.5730414,0.5442697458588773,,5.533718232359666,psi,,hardware
FT-PT,pressure,1412.330280009,1779490257.5778432,1.1179210088158855,,77.2401261019857,psi,,hardware
WM-PT,pressure,1412.333951439,1779490257.5815148,0.42987232564357825,,-8.765959294552719,psi,,hardware
E-LC,thrust,1412.327736684,1779490257.5753,0.078125,0.078125,0.0,N,,hardware
CC-PT,pressure,1412.338092196,1779490257.5856555,0.2331888953672523,,-33.35138807909346,psi,,hardware
LF-PT,pressure,1412.342332947,1779490257.5898962,0.21276357326073328,,-35.90455334240834,psi,,hardware
FM-PT,pressure,1412.346110594,1779490257.593674,0.7301844036798959,,28.773050459986987,psi,,hardware
N-LC,thrust,1412.339714201,1779490257.5872777,0.078125,0.078125,0.0,N,,hardware
FI-PT,pressure,1412.349808227,1779490257.5973713,0.5445236616758897,,5.565457709486216,psi,,hardware
FT-PT,pressure,1412.354012906,1779490257.601576,1.1176223895099626,,77.20279868874533,psi,,hardware
E-LC,thrust,1412.351419176,1779490257.5989826,0.078125,0.078125,0.0,N,,hardware
WM-PT,pressure,1412.358843236,1779490257.6064065,0.4303718126263395,,-8.703523421707562,psi,,hardware
CC-PT,pressure,1412.362980215,1779490257.6105433,0.23350778025481467,,-33.311527468148164,psi,,hardware
LF-PT,pressure,1412.366702365,1779490257.6142657,0.21270873698100293,,-35.911407877374636,psi,,hardware
N-LC,thrust,1412.361418022,1779490257.6089811,0.078125,0.078125,0.0,N,,hardware
FM-PT,pressure,1412.370410071,1779490257.6179736,0.7297415411164214,,28.717692639552677,psi,,hardware
FI-PT,pressure,1412.374512107,1779490257.6220753,0.5448634081916104,,5.607926023951299,psi,,hardware
FT-PT,pressure,1412.378650883,1779490257.626214,1.1171938320629395,,77.14922900786745,psi,,hardware
E-LC,thrust,1412.372973191,1779490257.6205366,0.078125,0.078125,0.0,N,,hardware
WM-PT,pressure,1412.382333868,1779490257.629897,0.4309094465863045,,-8.63631917671194,psi,,hardware
CC-PT,pressure,1412.386559157,1779490257.6341228,0.23383441374712155,,-33.2706982816098,psi,,hardware
LF-PT,pressure,1412.392585293,1779490257.6401496,0.21274211558605619,,-35.90723555174298,psi,,hardware
N-LC,thrust,1412.38393617,1779490257.6314993,0.078125,0.078125,0.0,N,,hardware
FT-PT,pressure,1412.397094492,1779490257.644658,1.1165375848457317,,77.06719810571647,psi,,hardware
FM-PT,pressure,1412.401297171,1779490257.6488607,0.7299376404211093,,28.742205052638663,psi,,hardware
FI-PT,pressure,1412.4050016,1779490257.652565,0.5449444705181683,,5.618058814771038,psi,,hardware
E-LC,thrust,1412.398729329,1779490257.646293,0.078125,0.078125,0.0,N,,hardware
LF-PT,pressure,1412.408721435,1779490257.6562848,0.2130645767527314,,-35.866927905908575,psi,,hardware
WM-PT,pressure,1412.412826119,1779490257.6603897,0.4310554779834125,,-8.618065252073439,psi,,hardware
CC-PT,pressure,1412.41717655,1779490257.66474,0.23412468840178113,,-33.234413949777355,psi,,hardware
N-LC,thrust,1412.410375438,1779490257.6579387,0.078125,0.078125,0.0,N,,hardware
FT-PT,pressure,1412.420847313,1779490257.6684105,1.1159939904205787,,76.99924880257234,psi,,hardware
FM-PT,pressure,1412.425064603,1779490257.6726282,0.7300282394919682,,28.75352993649602,psi,,hardware
FI-PT,pressure,1412.428765124,1779490257.6763287,0.5450159961004253,,5.62699951255316,psi,,hardware
E-LC,thrust,1412.422495743,1779490257.670059,0.078125,0.078125,0.0,N,,hardware
LF-PT,pressure,1412.43388542,1779490257.6814494,0.21327855745298355,,-35.84018031837706,psi,,hardware
WM-PT,pressure,1412.438602442,1779490257.6861658,0.4310560740299313,,-8.617990746258588,psi,,hardware
CC-PT,pressure,1412.442234985,1779490257.6897984,0.23437562398619938,,-33.203047001725075,psi,,hardware
N-LC,thrust,1412.435943586,1779490257.683507,0.078125,0.078125,0.0,N,,hardware
FT-PT,pressure,1412.445989967,1779490257.6935534,1.1154432434372,,76.93040542965,psi,,hardware
FM-PT,pressure,1412.450151722,1779490257.697715,0.7303912318219223,,28.79890397774029,psi,,hardware
E-LC,thrust,1412.447542327,1779490257.6951056,0.078125,0.078125,0.0,N,,hardware
FI-PT,pressure,1412.454899779,1779490257.7024632,0.5453760081977854,,5.672001024723178,psi,,hardware
LF-PT,pressure,1412.459163363,1779490257.7067266,0.2134347216409113,,-35.82065979488609,psi,,hardware
WM-PT,pressure,1412.462904178,1779490257.7104673,0.43115501775205345,,-8.605622780993318,psi,,hardware
N-LC,thrust,1412.457573153,1779490257.7051363,0.078125,0.078125,0.0,N,,hardware
CC-PT,pressure,1412.466537573,1779490257.714101,0.23465874608263326,,-33.16765673967084,psi,,hardware
FT-PT,pressure,1412.470724753,1779490257.7182882,1.1147679227313902,,76.84599034142379,psi,,hardware
FM-PT,pressure,1412.47432228,1779490257.7218854,0.7304007685662233,,28.800096070777908,psi,,hardware
E-LC,thrust,1412.469098453,1779490257.7166617,0.078125,0.078125,0.0,N,,hardware
FI-PT,pressure,1412.477827608,1779490257.725391,0.5455983335493009,,5.699791693662609,psi,,hardware
LF-PT,pressure,1412.482657179,1779490257.7302203,0.21359028978232023,,-35.80121377720997,psi,,hardware
WM-PT,pressure,1412.486326202,1779490257.7338896,0.43139582054565195,,-8.575522431793505,psi,,hardware
N-LC,thrust,1412.480083023,1779490257.7276464,0.078125,0.078125,0.0,N,,hardware
CC-PT,pressure,1412.492592936,1779490257.7401574,0.23488464771326156,,-33.1394190358423,psi,,hardware
LF-PT,pressure,1412.497370269,1779490257.7449336,0.2138275162968059,,-35.77156046289926,psi,,hardware
FT-PT,pressure,1412.501043144,1779490257.7486064,1.1142487662135083,,76.78109577668855,psi,,hardware
E-LC,thrust,1412.495079579,1779490257.742643,0.078125,0.078125,0.0,N,,hardware
FM-PT,pressure,1412.504754405,1779490257.7523177,0.7306123650804002,,28.82654563505002,psi,,hardware
FI-PT,pressure,1412.508966288,1779490257.7565296,0.54585880587802,,5.732350734752506,psi,,hardware
LF-PT,pressure,1412.512622848,1779490257.7601862,0.21404745746224613,,-35.74406781721923,psi,,hardware
N-LC,thrust,1412.507298397,1779490257.7548618,0.078125,0.078125,0.0,N,,hardware
WM-PT,pressure,1412.516702757,1779490257.764266,0.43150489705859385,,-8.561887867675768,psi,,hardware
CC-PT,pressure,1412.520924268,1779490257.7684875,0.23520949306601202,,-33.098813366748495,psi,,hardware
E-LC,thrust,1412.518334242,1779490257.7658975,0.078125,0.078125,0.0,N,,hardware
FT-PT,pressure,1412.525719304,1779490257.7732825,1.1137063638813929,,76.71329548517411,psi,,hardware
FM-PT,pressure,1412.529885967,1779490257.7774494,0.7307363427563123,,28.842042844539034,psi,,hardware
FI-PT,pressure,1412.533618412,1779490257.7811818,0.5460107977403161,,5.751349717539517,psi,,hardware
N-LC,thrust,1412.528376308,1779490257.7759397,0.078125,0.078125,0.0,N,,hardware
LF-PT,pressure,1412.537347543,1779490257.7849112,0.2142709749067992,,-35.7161281366501,psi,,hardware
WM-PT,pressure,1412.541592701,1779490257.7891562,0.4315376796171283,,-8.557790047858962,psi,,hardware
CC-PT,pressure,1412.547409348,1779490257.7949736,0.2354038042311435,,-33.07452447110706,psi,,hardware
E-LC,thrust,1412.53991307,1779490257.7874765,0.078125,0.078125,0.0,N,,hardware
FT-PT,pressure,1412.551224438,1779490257.798788,1.113140119688525,,76.64251496106564,psi,,hardware
FM-PT,pressure,1412.555329215,1779490257.8028924,0.7308132327572385,,28.851654094654815,psi,,hardware
FI-PT,pressure,1412.559063641,1779490257.806627,0.5462098772775981,,5.7762346596997585,psi,,hardware
N-LC,thrust,1412.553745208,1779490257.8013086,0.078125,0.078125,0.0,N,,hardware
LF-PT,pressure,1412.562751293,1779490257.8103147,0.21468284305129565,,-35.66464461858804,psi,,hardware
WM-PT,pressure,1412.567377468,1779490257.8149412,0.43162231822279906,,-8.547210222150117,psi,,hardware
CC-PT,pressure,1412.571002771,1779490257.8185663,0.23563268609436586,,-33.04591423820427,psi,,hardware
E-LC,thrust,1412.565368577,1779490257.8129318,0.078125,0.078125,0.0,N,,hardware
FT-PT,pressure,1412.574707773,1779490257.8222713,1.1125255957276339,,76.56569946595424,psi,,hardware
FM-PT,pressure,1412.578874121,1779490257.8264377,0.7308019078733812,,28.850238484172646,psi,,hardware
FI-PT,pressure,1412.582619492,1779490257.8301826,0.5463863070471653,,5.798288380895661,psi,,hardware
N-LC,thrust,1412.577262875,1779490257.824826,0.078125,0.078125,0.0,N,,hardware
LF-PT,pressure,1412.586281738,1779490257.833845,0.215014244915753,,-35.623219385530874,psi,,hardware
WM-PT,pressure,1412.593124681,1779490257.840688,0.4315817870595201,,-8.552276617559986,psi,,hardware
CC-PT,pressure,1412.596474777,1779490257.8440382,0.23582282493386567,,-33.02214688326679,psi,,hardware
FT-PT,pressure,1412.600207685,1779490257.8477712,1.1119706764186235,,76.49633455232794,psi,,hardware
E-LC,thrust,1412.592112643,1779490257.8396766,0.078125,0.078125,0.0,N,,hardware
FM-PT,pressure,1412.603966092,1779490257.8515294,0.7309902585733246,,28.87378232166557,psi,,hardware
FI-PT,pressure,1412.608215084,1779490257.8557785,0.5465961154217858,,5.824514427723221,psi,,hardware
LF-PT,pressure,1412.611946918,1779490257.8595102,0.21526100817453958,,-35.59237397818255,psi,,hardware
N-LC,thrust,1412.605628409,1779490257.8531916,0.078125,0.078125,0.0,N,,hardware
WM-PT,pressure,1412.615709714,1779490257.8632731,0.43177371403857634,,-8.528285745177957,psi,,hardware
CC-PT,pressure,1412.619935151,1779490257.8674986,0.23608329726258484,,-32.989587842176896,psi,,hardware
FT-PT,pressure,1412.623681559,1779490257.871245,1.1113841666441162,,76.42302083051453,psi,,hardware
E-LC,thrust,1412.61734544,1779490257.8649085,0.078125,0.078125,0.0,N,,hardware
FM-PT,pressure,1412.627347415,1779490257.8749108,0.7310719169464013,,28.88398961830016,psi,,hardware
FI-PT,pressure,1412.631553983,1779490257.8791173,0.5467677768192025,,5.8459721024003155,psi,,hardware
LF-PT,pressure,1412.635280818,1779490257.8828442,0.21537068073400029,,-35.57866490824996,psi,,hardware
N-LC,thrust,1412.628953069,1779490257.8765163,0.078125,0.078125,0.0,N,,hardware
WM-PT,pressure,1412.639054687,1779490257.8866181,0.4318202056670434,,-8.522474291619577,psi,,hardware
CC-PT,pressure,1412.643661011,1779490257.8912246,0.23634615377737925,,-32.956730777827595,psi,,hardware
FT-PT,pressure,1412.647311146,1779490257.8948746,1.1107660664041121,,76.34575830051402,psi,,hardware
E-LC,thrust,1412.640665562,1779490257.888229,0.078125,0.078125,0.0,N,,hardware
FM-PT,pressure,1412.651005075,1779490257.8985684,0.731315103926075,,28.914387990759376,psi,,hardware
FI-PT,pressure,1412.655224198,1779490257.9027874,0.5471379217073824,,5.8922402134228005,psi,,hardware
N-LC,thrust,1412.652614191,1779490257.9001775,0.078125,0.078125,0.0,N,,hardware
LF-PT,pressure,1412.662399308,1779490257.9099638,0.21563055701620065,,-35.546180372974916,psi,,hardware
FT-PT,pressure,1412.666647707,1779490257.914211,1.1101408136058823,,76.2676017007353,psi,,hardware
WM-PT,pressure,1412.670369449,1779490257.9179327,0.43241207986021996,,-8.448490017472505,psi,,hardware
E-LC,thrust,1412.665053868,1779490257.9126172,0.078125,0.078125,0.0,N,,hardware
CC-PT,pressure,1412.674435747,1779490257.9219997,0.23658576447794014,,-32.926779440257484,psi,,hardware
LF-PT,pressure,1412.678574022,1779490257.9261374,0.21570565887757048,,-35.53679264030369,psi,,hardware
FM-PT,pressure,1412.682257619,1779490257.929821,0.7310224450853402,,28.877805635667524,psi,,hardware
N-LC,thrust,1412.675989551,1779490257.9235528,0.078125,0.078125,0.0,N,,hardware
FI-PT,pressure,1412.686006933,1779490257.9335704,0.5476195272945794,,5.952440911822427,psi,,hardware
LF-PT,pressure,1412.694176916,1779490257.941741,0.21598580074141033,,-35.50177490732371,psi,,hardware
E-LC,thrust,1412.687651511,1779490257.9352145,0.078125,0.078125,0.0,N,,hardware
FT-PT,pressure,1412.697952063,1779490257.9455156,1.109573377319977,,76.19667216499712,psi,,hardware
WM-PT,pressure,1412.702056969,1779490257.9496202,0.43290679847083074,,-8.386650191146156,psi,,hardware
CC-PT,pressure,1412.705837468,1779490257.9534009,0.23673775634023622,,-32.90778045747047,psi,,hardware
N-LC,thrust,1412.700486758,1779490257.9480503,0.078125,0.078125,0.0,N,,hardware
LF-PT,pressure,1412.709963614,1779490257.9575267,0.21605434609107327,,-35.49320673861584,psi,,hardware
FM-PT,pressure,1412.714158183,1779490257.9617214,0.7306499160110851,,28.831239501385635,psi,,hardware
FI-PT,pressure,1412.717869351,1779490257.9654326,0.5478877482280431,,5.985968528505387,psi,,hardware
E-LC,thrust,1412.711640079,1779490257.9592032,0.078125,0.078125,0.0,N,,hardware
FT-PT,pressure,1412.721595501,1779490257.9691586,1.109312308944739,,76.16403861809238,psi,,hardware
WM-PT,pressure,1412.726174289,1779490257.9737375,0.4334152261513741,,-8.323096731078234,psi,,hardware
CC-PT,pressure,1412.729888865,1779490257.9774523,0.23696544611042095,,-32.87931923619738,psi,,hardware
N-LC,thrust,1412.723574005,1779490257.9711373,0.078125,0.078125,0.0,N,,hardware
LF-PT,pressure,1412.733679678,1779490257.9812431,0.21610322190561557,,-35.48709726179805,psi,,hardware
FM-PT,pressure,1412.73792917,1779490257.9854925,0.7301885760055276,,28.773572000690944,psi,,hardware
FI-PT,pressure,1412.741659467,1779490257.989223,0.548117822184303,,6.014727773037881,psi,,hardware
E-LC,thrust,1412.735320496,1779490257.982884,0.078125,0.078125,0.0,N,,hardware
FT-PT,pressure,1412.745463501,1779490257.9930267,1.1089308391727017,,76.11635489658772,psi,,hardware
WM-PT,pressure,1412.749647237,1779490257.9972107,0.43391113685502253,,-8.261107893122183,psi,,hardware
N-LC,thrust,1412.747061655,1779490257.994625,0.078125,0.078125,0.0,N,,hardware
CC-PT,pressure,1412.753348795,1779490258.0009122,0.23729982820747234,,-32.83752147406596,psi,,hardware
LF-PT,pressure,1412.758516755,1779490258.00608,0.2160632867888554,,-35.492089151393074,psi,,hardware
FM-PT,pressure,1412.762341918,1779490258.009905,0.7297767078610311,,28.722088482628887,psi,,hardware
E-LC,thrust,1412.757230807,1779490258.0047944,0.078125,0.078125,0.0,N,,hardware
FI-PT,pressure,1412.765973518,1779490258.0135367,0.5485112128867164,,6.063901610839556,psi,,hardware
FT-PT,pressure,1412.772272824,1779490258.0198364,1.108578575680086,,76.07232196001077,psi,,hardware
WM-PT,pressure,1412.775973587,1779490258.023537,0.4344463866289123,,-8.194201671385965,psi,,hardware
N-LC,thrust,1412.770605044,1779490258.0181692,0.078125,0.078125,0.0,N,,hardware
CC-PT,pressure,1412.780065494,1779490258.0276291,0.237537054721958,,-32.80786815975525,psi,,hardware
LF-PT,pressure,1412.784305413,1779490258.031869,0.21609308911479583,,-35.488363860650516,psi,,hardware
E-LC,thrust,1412.781732571,1779490258.029296,0.078125,0.078125,0.0,N,,hardware
FM-PT,pressure,1412.787983102,1779490258.0355463,0.7294113313450017,,28.67641641812521,psi,,hardware
FI-PT,pressure,1412.79609507,1779490258.0436585,0.5486685691676818,,6.083571145960226,psi,,hardware
LF-PT,pressure,1412.799872587,1779490258.047436,0.21648886400328446,,-35.43889199958944,psi,,hardware
N-LC,thrust,1412.794065106,1779490258.041629,0.078125,0.078125,0.0,N,,hardware
FT-PT,pressure,1412.804061712,1779490258.0516255,1.1080814728834,,76.01018411042502,psi,,hardware
WM-PT,pressure,1412.808408735,1779490258.055972,0.4349303764021845,,-8.133702949726935,psi,,hardware
CC-PT,pressure,1412.812173902,1779490258.0597372,0.23773851844531516,,-32.782685194335606,psi,,hardware
E-LC,thrust,1412.806098213,1779490258.053662,0.078125,0.078125,0.0,N,,hardware
LF-PT,pressure,1412.816311066,1779490258.0638742,0.21674993237852244,,-35.40625845268469,psi,,hardware
FM-PT,pressure,1412.820458064,1779490258.0680215,0.7290721808757998,,28.63402260947498,psi,,hardware
FI-PT,pressure,1412.824124846,1779490258.0716882,0.5488807617283775,,6.11009521604719,psi,,hardware
N-LC,thrust,1412.817916238,1779490258.0654795,0.078125,0.078125,0.0,N,,hardware
FT-PT,pressure,1412.827857181,1779490258.0754204,1.1078162321825304,,75.97702902281631,psi,,hardware
WM-PT,pressure,1412.832052231,1779490258.0796156,0.43549423640897705,,-8.063220448877868,psi,,hardware
CC-PT,pressure,1412.835725717,1779490258.083289,0.2379823014715077,,-32.75221231606154,psi,,hardware
E-LC,thrust,1412.829451169,1779490258.0770144,0.078125,0.078125,0.0,N,,hardware
LF-PT,pressure,1412.8394607,1779490258.0870242,0.2167040367965742,,-35.41199540042822,psi,,hardware
FM-PT,pressure,1412.843695248,1779490258.0912585,0.7287473355230494,,28.59341694038117,psi,,hardware
N-LC,thrust,1412.841103685,1779490258.088667,0.078125,0.078125,0.0,N,,hardware
FI-PT,pressure,1412.848451786,1779490258.0960152,0.5490321575441548,,6.12901969301935,psi,,hardware
FT-PT,pressure,1412.851622429,1779490258.0991857,1.1074621805503584,,75.9327725687948,psi,,hardware
WM-PT,pressure,1412.856686877,1779490258.1042504,0.43599074315914427,,-8.001157105106966,psi,,hardware
E-LC,thrust,1412.851205174,1779490258.0987685,0.078125,0.078125,0.0,N,,hardware
CC-PT,pressure,1412.860439692,1779490258.1080031,0.23826065519579115,,-32.7174181005261,psi,,hardware
LF-PT,pressure,1412.864691073,1779490258.1122544,0.2166676779589269,,-35.41654025513413,psi,,hardware
FM-PT,pressure,1412.868443258,1779490258.1160066,0.7283748064487943,,28.546850806099282,psi,,hardware
N-LC,thrust,1412.863002609,1779490258.1105661,0.078125,0.078125,0.0,N,,hardware
FI-PT,pressure,1412.871931143,1779490258.1194944,0.5493659435946875,,6.170742949335936,psi,,hardware
FT-PT,pressure,1412.878008332,1779490258.1255722,1.1073256858975513,,75.91571073719392,psi,,hardware
E-LC,thrust,1412.874199094,1779490258.1217623,0.078125,0.078125,0.0,N,,hardware
WM-PT,pressure,1412.88372367,1779490258.1312876,0.4368448778205964,,-7.8943902724254515,psi,,hardware
CC-PT,pressure,1412.892262744,1779490258.139827,0.23837092380177066,,-32.703634524778664,psi,,hardware
N-LC,thrust,1412.886049859,1779490258.1336136,0.078125,0.078125,0.0,N,,hardware
LF-PT,pressure,1412.897281639,1779490258.144845,0.21653893191086435,,-35.43263351114195,psi,,hardware
FT-PT,pressure,1412.901562129,1779490258.1491253,1.1066569217034485,,75.83211521293107,psi,,hardware
FM-PT,pressure,1412.905274502,1779490258.1528375,0.7285703097069633,,28.571288713370418,psi,,hardware
E-LC,thrust,1412.899870128,1779490258.1474335,0.078125,0.078125,0.0,N,,hardware
FI-PT,pressure,1412.908938396,1779490258.1565018,0.5495691954576011,,6.1961494322001345,psi,,hardware
LF-PT,pressure,1412.913104096,1779490258.1606674,0.21689119540347998,,-35.388600574565,psi,,hardware
WM-PT,pressure,1412.916851652,1779490258.164415,0.4369754120082154,,-7.878073498973078,psi,,hardware
N-LC,thrust,1412.911516385,1779490258.1590798,0.078125,0.078125,0.0,N,,hardware
CC-PT,pressure,1412.920973095,1779490258.1685367,0.23863974078175315,,-32.67003240228085,psi,,hardware
FT-PT,pressure,1412.925116555,1779490258.17268,1.1060948498362124,,75.76185622952656,psi,,hardware
FM-PT,pressure,1412.928757062,1779490258.1763206,0.7286996518015447,,28.58745647519309,psi,,hardware
E-LC,thrust,1412.922535918,1779490258.1700993,0.078125,0.078125,0.0,N,,hardware
FI-PT,pressure,1412.932383273,1779490258.1799464,0.5497503935993188,,6.218799199914845,psi,,hardware
LF-PT,pressure,1412.936557028,1779490258.1841204,0.21702947819584348,,-35.37131522551956,psi,,hardware
N-LC,thrust,1412.93398863,1779490258.181552,0.078125,0.078125,0.0,N,,hardware
WM-PT,pressure,1412.940203274,1779490258.1877668,0.4370755478233752,,-7.865556522078099,psi,,hardware
CC-PT,pressure,1412.946798806,1779490258.1943622,0.23874762520165743,,-32.65654684979282,psi,,hardware
LF-PT,pressure,1412.951380983,1779490258.1989446,0.2173376342460673,,-35.33279571924158,psi,,hardware
E-LC,thrust,1412.945089658,1779490258.1926544,0.078125,0.078125,0.0,N,,hardware
FT-PT,pressure,1412.955141594,1779490258.202705,1.105589998434782,,75.69874980434774,psi,,hardware
FM-PT,pressure,1412.959183338,1779490258.206747,0.728832570175239,,28.604071271904868,psi,,hardware
FI-PT,pressure,1412.96324284,1779490258.2108066,0.5499107301128782,,6.23884126410977,psi,,hardware
N-LC,thrust,1412.956751636,1779490258.204315,0.078125,0.078125,0.0,N,,hardware
LF-PT,pressure,1412.967120796,1779490258.2146845,0.21777930471650417,,-35.27758691043697,psi,,hardware
WM-PT,pressure,1412.971927054,1779490258.2194903,0.4372710510815443,,-7.841118614806963,psi,,hardware
E-LC,thrust,1412.969327843,1779490258.216891,0.078125,0.078125,0.0,N,,hardware
CC-PT,pressure,1412.976768347,1779490258.2243319,0.2390229986933468,,-32.622125163331646,psi,,hardware
FT-PT,pressure,1412.9809284,1779490258.2284915,1.1051536923830143,,75.6442115478768,psi,,hardware
FM-PT,pressure,1412.984547166,1779490258.2321103,0.7288719092454803,,28.608988655685035,psi,,hardware
N-LC,thrust,1412.979345263,1779490258.2269087,0.078125,0.078125,0.0,N,,hardware
FI-PT,pressure,1412.988181321,1779490258.2357447,0.5501187503479422,,6.264843793492777,psi,,hardware
LF-PT,pressure,1412.996182517,1779490258.2437463,0.2178913614620401,,-35.26357981724498,psi,,hardware
E-LC,thrust,1412.992810792,1779490258.2403748,0.078125,0.078125,0.0,N,,hardware
FT-PT,pressure,1413.001064178,1779490258.2486277,1.1045200949335212,,75.56501186669016,psi,,hardware
WM-PT,pressure,1413.007295507,1779490258.2548587,0.4377395436453275,,-7.78255704433406,psi,,hardware
CC-PT,pressure,1413.011036563,1779490258.2586,0.23911896218287493,,-32.61012972714063,psi,,hardware
N-LC,thrust,1413.005656281,1779490258.25322,0.078125,0.078125,0.0,N,,hardware
LF-PT,pressure,1413.014694606,1779490258.2622578,0.2180654070455321,,-35.24182411930848,psi,,hardware
FM-PT,pressure,1413.018953116,1779490258.2665164,0.7288373385473894,,28.604667318423676,psi,,hardware
FI-PT,pressure,1413.022730577,1779490258.2702937,0.5502951801175094,,6.28689751468868,psi,,hardware
E-LC,thrust,1413.017312371,1779490258.264876,0.078125,0.078125,0.0,N,,hardware
FT-PT,pressure,1413.026334975,1779490258.2738981,1.1042250519067112,,75.5281314883389,psi,,hardware
WM-PT,pressure,1413.030563671,1779490258.278127,0.43825989225624706,,-7.717513467969117,psi,,hardware
CC-PT,pressure,1413.034279914,1779490258.2818432,0.23935142032521012,,-32.58107245934873,psi,,hardware
N-LC,thrust,1413.028973517,1779490258.276537,0.078125,0.078125,0.0,N,,hardware
LF-PT,pressure,1413.037994139,1779490258.2855573,0.21813752867430788,,-35.23280891571151,psi,,hardware
FM-PT,pressure,1413.04262198,1779490258.2901852,0.7283932838908773,,28.549160486359664,psi,,hardware
FI-PT,pressure,1413.046509159,1779490258.2940729,0.5504567087241065,,6.307088590513307,psi,,hardware
E-LC,thrust,1413.040409563,1779490258.2879732,0.078125,0.078125,0.0,N,,hardware
FT-PT,pressure,1413.050196681,1779490258.29776,1.1038453702742304,,75.4806712842788,psi,,hardware
WM-PT,pressure,1413.054376565,1779490258.30194,0.4387808369136854,,-7.652395385789323,psi,,hardware
CC-PT,pressure,1413.057980814,1779490258.305544,0.23958805079317697,,-32.551493650852876,psi,,hardware
LF-PT,pressure,1413.061458848,1779490258.309022,0.21806004262686282,,-35.24249467164214,psi,,hardware
N-LC,thrust,1413.052135131,1779490258.2996984,0.078125,0.078125,0.0,N,,hardware
FM-PT,pressure,1413.063827257,1779490258.3113904,0.7280326757469984,,28.504084468374796,psi,,hardware
FI-PT,pressure,1413.067235849,1779490258.314799,0.5505902231443195,,6.323777893039936,psi,,hardware
E-LC,thrust,1413.065107483,1779490258.3126707,0.078125,0.078125,0.0,N,,hardware
FT-PT,pressure,1413.071797491,1779490258.3193607,1.1035401944566006,,75.44252430707508,psi,,hardware
WM-PT,pressure,1413.076814034,1779490258.3243773,0.43912535180155654,,-7.609331024805432,psi,,hardware
CC-PT,pressure,1413.079137241,1779490258.3267004,0.23986938475005443,,-32.516326906243194,psi,,hardware
N-LC,thrust,1413.07556238,1779490258.3231263,0.078125,0.078125,0.0,N,,hardware
LF-PT,pressure,1413.084508154,1779490258.3320718,0.21830442169957417,,-35.21194728755322,psi,,hardware
FM-PT,pressure,1413.092387115,1779490258.3399515,0.7276822003939392,,28.460275049242394,psi,,hardware
FI-PT,pressure,1413.096987551,1779490258.3445513,0.5507696331464808,,6.346204143310094,psi,,hardware
E-LC,thrust,1413.087045146,1779490258.3346086,0.078125,0.078125,0.0,N,,hardware
FT-PT,pressure,1413.100694128,1779490258.3482575,1.103283894453513,,75.41048680668914,psi,,hardware
WM-PT,pressure,1413.104907085,1779490258.3524706,0.4397070932039133,,-7.5366133495108345,psi,,hardware
CC-PT,pressure,1413.108625383,1779490258.3561888,0.24002495289146336,,-32.49688088856708,psi,,hardware
N-LC,thrust,1413.10229356,1779490258.3498569,0.078125,0.078125,0.0,N,,hardware
LF-PT,pressure,1413.112298517,1779490258.3598619,0.21853449565583416,,-35.18318804302073,psi,,hardware
FM-PT,pressure,1413.118161959,1779490258.3657262,0.7272071513184488,,28.4008939148061,psi,,hardware
FI-PT,pressure,1413.122071284,1779490258.3696346,0.5510497750103206,,6.381221876290074,psi,,hardware
E-LC,thrust,1413.113857025,1779490258.3614206,0.078125,0.078125,0.0,N,,hardware
FT-PT,pressure,1413.126473286,1779490258.3740368,1.1030287865434631,,75.3785983179329,psi,,hardware
WM-PT,pressure,1413.130663799,1779490258.3782272,0.4402226734426824,,-7.4721658196647,psi,,hardware
CC-PT,pressure,1413.134272826,1779490258.3818362,0.24030688289485963,,-32.46163963814254,psi,,hardware
N-LC,thrust,1413.128146214,1779490258.3757098,0.078125,0.078125,0.0,N,,hardware
LF-PT,pressure,1413.138027474,1779490258.385591,0.21859052402860213,,-35.17618449642473,psi,,hardware
FM-PT,pressure,1413.142172583,1779490258.389736,0.7268489273606451,,28.356115920080637,psi,,hardware
FI-PT,pressure,1413.145929879,1779490258.3934932,0.5511904419887593,,6.398805248594916,psi,,hardware
E-LC,thrust,1413.139606018,1779490258.3871694,0.078125,0.078125,0.0,N,,hardware
FT-PT,pressure,1413.149718729,1779490258.3972821,1.102724802818871,,75.34060035235888,psi,,hardware
WM-PT,pressure,1413.153953425,1779490258.4015164,0.44073646554189505,,-7.407941807263119,psi,,hardware
N-LC,thrust,1413.151339104,1779490258.3989024,0.078125,0.078125,0.0,N,,hardware
CC-PT,pressure,1413.157706148,1779490258.4052696,0.24050715452517923,,-32.43660568435259,psi,,hardware
LF-PT,pressure,1413.162747782,1779490258.410311,0.2185523770513984,,-35.1809528685752,psi,,hardware
FM-PT,pressure,1413.166568704,1779490258.4141319,0.7264525564256377,,28.306569553204707,psi,,hardware
FI-PT,pressure,1413.170046256,1779490258.4176097,0.5512685240827232,,6.4085655103404,psi,,hardware
E-LC,thrust,1413.161472332,1779490258.4090354,0.078125,0.078125,0.0,N,,hardware
FT-PT,pressure,1413.172435738,1779490258.419999,1.102336180488608,,75.29202256107601,psi,,hardware
WM-PT,pressure,1413.177793781,1779490258.4253573,0.4412848283391986,,-7.339396457600178,psi,,hardware
N-LC,thrust,1413.173326523,1779490258.42089,0.078125,0.078125,0.0,N,,hardware
LF-PT,pressure,1413.181843709,1779490258.4294071,0.2187192700766647,,-35.16009124041691,psi,,hardware
FM-PT,pressure,1413.186009132,1779490258.4335725,0.7265473278221282,,28.31841597776602,psi,,hardware
E-LC,thrust,1413.183408884,1779490258.430972,0.078125,0.078125,0.0,N,,hardware
CC-PT,pressure,1413.194418305,1779490258.4419825,0.2408105422032526,,-32.39868222459342,psi,,hardware
LF-PT,pressure,1413.199093459,1779490258.4466567,0.21877947077506432,,-35.15256615311696,psi,,hardware
FT-PT,pressure,1413.201680004,1779490258.4492433,1.1019451739722699,,75.24314674653374,psi,,hardware
N-LC,thrust,1413.197481176,1779490258.445045,0.078125,0.078125,0.0,N,,hardware
FI-PT,pressure,1413.206809782,1779490258.4543734,0.5516994657158215,,6.462433214477689,psi,,hardware
WM-PT,pressure,1413.210975722,1779490258.458539,0.4414266874106749,,-7.321664073665635,psi,,hardware
LF-PT,pressure,1413.214604803,1779490258.462168,0.21900894868480547,,-35.123881414399314,psi,,hardware
E-LC,thrust,1413.209401845,1779490258.4569654,0.078125,0.078125,0.0,N,,hardware
FM-PT,pressure,1413.218700581,1779490258.4662638,0.7263357313079513,,28.291966413493906,psi,,hardware
CC-PT,pressure,1413.222919056,1779490258.4704823,0.2411377717420783,,-32.35777853224021,psi,,hardware
FT-PT,pressure,1413.226658168,1779490258.4742215,1.1015660883863079,,75.19576104828849,psi,,hardware
N-LC,thrust,1413.220344085,1779490258.4679074,0.078125,0.078125,0.0,N,,hardware
FI-PT,pressure,1413.23238521,1779490258.4799492,0.5521047773486111,,6.513097168576384,psi,,hardware
WM-PT,pressure,1413.236713771,1779490258.4842772,0.4416567613669349,,-7.29290482913314,psi,,hardware
LF-PT,pressure,1413.240463531,1779490258.4880269,0.21915259589583824,,-35.10592551302022,psi,,hardware
E-LC,thrust,1413.234102746,1779490258.481666,0.078125,0.078125,0.0,N,,hardware
FM-PT,pressure,1413.244222605,1779490258.491786,0.7259030015352965,,28.237875191912064,psi,,hardware
CC-PT,pressure,1413.247805281,1779490258.4953685,0.2415544082587252,,-32.305698967659346,psi,,hardware
FT-PT,pressure,1413.251722254,1779490258.4992857,1.1009342790763712,,75.1167848845464,psi,,hardware
N-LC,thrust,1413.245815204,1779490258.4933786,0.078125,0.078125,0.0,N,,hardware
FI-PT,pressure,1413.255786811,1779490258.50335,0.552524394097852,,6.565549262231504,psi,,hardware
WM-PT,pressure,1413.260118224,1779490258.5076816,0.4418540527646604,,-7.2682434044174515,psi,,hardware
LF-PT,pressure,1413.263824375,1779490258.5113876,0.21924975147840398,,-35.0937810651995,psi,,hardware
E-LC,thrust,1413.25734543,1779490258.5049088,0.078125,0.078125,0.0,N,,hardware
FM-PT,pressure,1413.267608596,1779490258.515172,0.7255525261822373,,28.194065772779663,psi,,hardware
CC-PT,pressure,1413.271620971,1779490258.5191844,0.2417147447722846,,-32.28565690346442,psi,,hardware
FT-PT,pressure,1413.27401123,1779490258.5215745,1.1006392360495612,,75.07990450619515,psi,,hardware
N-LC,thrust,1413.26922262,1779490258.5167859,0.078125,0.078125,0.0,N,,hardware
FI-PT,pressure,1413.27910188,1779490258.5266654,0.5530018273594174,,6.625228419927173,psi,,hardware
WM-PT,pressure,1413.283267951,1779490258.5308313,0.4421151211398985,,-7.2356098575126895,psi,,hardware
LF-PT,pressure,1413.286864774,1779490258.534428,0.21957578892419205,,-35.05302638447599,psi,,hardware
E-LC,thrust,1413.28165589,1779490258.5292192,0.078125,0.078125,0.0,N,,hardware
FM-PT,pressure,1413.29419958,1779490258.5417635,0.725236621527269,,28.15457769090862,psi,,hardware
CC-PT,pressure,1413.298514272,1779490258.5460777,0.24218264128954903,,-32.22716983880637,psi,,hardware
FT-PT,pressure,1413.302251421,1779490258.5498147,1.1001600146484394,,75.02000183105493,psi,,hardware
N-LC,thrust,1413.296853233,1779490258.5444164,0.078125,0.078125,0.0,N,,hardware
FI-PT,pressure,1413.305875688,1779490258.5534391,0.5533236924795738,,6.665461559946725,psi,,hardware
WM-PT,pressure,1413.31004324,1779490258.5576065,0.44225757625789364,,-7.217802967763295,psi,,hardware
LF-PT,pressure,1413.313628527,1779490258.5611918,0.21974208590293953,,-35.032239262132556,psi,,hardware
E-LC,thrust,1413.30846914,1779490258.5560324,0.078125,0.078125,0.0,N,,hardware
FM-PT,pressure,1413.317250219,1779490258.5648136,0.7249314457096392,,28.116430713704897,psi,,hardware
CC-PT,pressure,1413.321375551,1779490258.568939,0.24246218710687006,,-32.19222661164124,psi,,hardware
FT-PT,pressure,1413.325062944,1779490258.572626,1.0996229767349932,,74.95287209187416,psi,,hardware
N-LC,thrust,1413.319802433,1779490258.5673656,0.078125,0.078125,0.0,N,,hardware
FI-PT,pressure,1413.328799463,1779490258.5763628,0.5537015859724982,,6.712698246562273,psi,,hardware
WM-PT,pressure,1413.332985755,1779490258.580549,0.442486458121116,,-7.1891927348605025,psi,,hardware
LF-PT,pressure,1413.336621928,1779490258.5841854,0.21992328404465722,,-35.009589494417845,psi,,hardware
E-LC,thrust,1413.331339289,1779490258.5789025,0.078125,0.078125,0.0,N,,hardware
FM-PT,pressure,1413.342612233,1779490258.590176,0.7245922952404373,,28.074036905054665,psi,,hardware
CC-PT,pressure,1413.346098859,1779490258.5936623,0.24286809478617843,,-32.14148815172769,psi,,hardware
FT-PT,pressure,1413.350496213,1779490258.5980594,1.0990597127747195,,74.88246409683994,psi,,hardware
N-LC,thrust,1413.343992491,1779490258.5915558,0.078125,0.078125,0.0,N,,hardware
FI-PT,pressure,1413.354274267,1779490258.6018379,0.5541039173726937,,6.7629896715867135,psi,,hardware
WM-PT,pressure,1413.358595996,1779490258.6061594,0.4427004388213681,,-7.162445147328985,psi,,hardware
LF-PT,pressure,1413.362315628,1779490258.6098788,0.2200085186968468,,-34.99893516289415,psi,,hardware
E-LC,thrust,1413.356298009,1779490258.6038613,0.078125,0.078125,0.0,N,,hardware
FM-PT,pressure,1413.366435997,1779490258.6139994,0.7243067889579282,,28.038348619741026,psi,,hardware
CC-PT,pressure,1413.370604623,1779490258.6181679,0.24312916316141645,,-32.108854604822945,psi,,hardware
FT-PT,pressure,1413.374302626,1779490258.6218657,1.0985018132331148,,74.81272665413935,psi,,hardware
N-LC,thrust,1413.368025281,1779490258.6155887,0.078125,0.078125,0.0,N,,hardware
FI-PT,pressure,1413.378032201,1779490258.6255956,0.5545384352849049,,6.817304410613109,psi,,hardware
WM-PT,pressure,1413.382248954,1779490258.6298122,0.44283991370676923,,-7.145010786653846,psi,,hardware
E-LC,thrust,1413.379657835,1779490258.6272213,0.078125,0.078125,0.0,N,,hardware
LF-PT,pressure,1413.385959475,1779490258.633523,0.22041323428311754,,-34.948345714610305,psi,,hardware
FM-PT,pressure,1413.39444807,1779490258.6420114,0.7239569096513878,,27.994613706423475,psi,,hardware
CC-PT,pressure,1413.398364728,1779490258.6459284,0.24346294921194903,,-32.06713134850637,psi,,hardware
FT-PT,pressure,1413.40186302,1779490258.6494265,1.0978443739228694,,74.73054674035868,psi,,hardware
N-LC,thrust,1413.393071552,1779490258.6406357,0.078125,0.078125,0.0,N,,hardware
FI-PT,pressure,1413.40424415,1779490258.6518078,0.5548638766841741,,6.857984585521767,psi,,hardware
WM-PT,pressure,1413.407593672,1779490258.655157,0.4430413774301264,,-7.1198278212342005,psi,,hardware
E-LC,thrust,1413.405522803,1779490258.6530862,0.078125,0.078125,0.0,N,,hardware
LF-PT,pressure,1413.412021618,1779490258.6595848,0.22062542684381325,,-34.92182164452334,psi,,hardware
FM-PT,pressure,1413.417033087,1779490258.6645963,0.7236714033688787,,27.958925421109836,psi,,hardware
CC-PT,pressure,1413.421397942,1779490258.6689615,0.24381998107671513,,-32.02250236541061,psi,,hardware
N-LC,thrust,1413.415744249,1779490258.6633074,0.078125,0.078125,0.0,N,,hardware
FT-PT,pressure,1413.425127314,1779490258.6726906,1.0974938985698102,,74.68673732122627,psi,,hardware
FI-PT,pressure,1413.431052234,1779490258.6786156,0.5552256769210907,,6.903209615136338,psi,,hardware
E-LC,thrust,1413.42754035,1779490258.6751037,0.078125,0.078125,0.0,N,,hardware
WM-PT,pressure,1413.434672038,1779490258.6822355,0.4433054260379584,,-7.086821745255198,psi,,hardware
LF-PT,pressure,1413.437817904,1779490258.6853812,0.22077920684566577,,-34.90259914429178,psi,,hardware
FM-PT,pressure,1413.442891573,1779490258.6904547,0.7233560947604292,,27.919511845053645,psi,,hardware
N-LC,thrust,1413.437564955,1779490258.6851282,0.078125,0.078125,0.0,N,,hardware
CC-PT,pressure,1413.446633556,1779490258.6941967,0.24423661759336204,,-31.97042280082975,psi,,hardware
FT-PT,pressure,1413.450866919,1779490258.6984303,1.0969461318190254,,74.61826647737819,psi,,hardware
FI-PT,pressure,1413.454593939,1779490258.7021573,0.5556429094842564,,6.9553636855320535,psi,,hardware
E-LC,thrust,1413.449197268,1779490258.6967607,0.078125,0.078125,0.0,N,,hardware
WM-PT,pressure,1413.460292241,1779490258.7078567,0.4435658983666776,,-7.054262704165301,psi,,hardware
LF-PT,pressure,1413.464489032,1779490258.7120526,0.22087874661430673,,-34.890156673211656,psi,,hardware
FM-PT,pressure,1413.468224811,1779490258.7157881,0.7230509189427994,,27.88136486784992,psi,,hardware
N-LC,thrust,1413.462873453,1779490258.7104368,0.078125,0.078125,0.0,N,,hardware
CC-PT,pressure,1413.471967108,1779490258.7195306,0.2446699434125356,,-31.916257073433055,psi,,hardware
FT-PT,pressure,1413.476256449,1779490258.7238197,1.0965783711169208,,74.5722963896151,psi,,hardware
FI-PT,pressure,1413.479993747,1779490258.7275572,0.5559999413490225,,6.999992668627816,psi,,hardware
E-LC,thrust,1413.473966888,1779490258.7215302,0.078125,0.078125,0.0,N,,hardware
WM-PT,pressure,1413.483633383,1779490258.7311969,0.4437321953454251,,-7.0334755818218655,psi,,hardware
LF-PT,pressure,1413.487810804,1779490258.735374,0.22088232289341958,,-34.88970963832255,psi,,hardware
FM-PT,pressure,1413.496256346,1779490258.7438204,0.7226062682397685,,27.82578352997106,psi,,hardware
N-LC,thrust,1413.486202262,1779490258.7337656,0.078125,0.078125,0.0,N,,hardware
CC-PT,pressure,1413.500073232,1779490258.7476368,0.24499598085832366,,-31.875502392709546,psi,,hardware
FT-PT,pressure,1413.504708499,1779490258.7522721,1.0960079545984214,,74.50099432480268,psi,,hardware
FI-PT,pressure,1413.509968233,1779490258.7575321,0.556399292516624,,7.049911564578001,psi,,hardware
E-LC,thrust,1413.502703034,1779490258.7502666,0.078125,0.078125,0.0,N,,hardware
WM-PT,pressure,1413.51490802,1779490258.7624717,0.44435625605061724,,-6.955467993672845,psi,,hardware
LF-PT,pressure,1413.519888713,1779490258.7674522,0.2209049726611343,,-34.88687841735821,psi,,hardware
FM-PT,pressure,1413.523749874,1779490258.7713134,0.722368445678764,,27.7960557098455,psi,,hardware
N-LC,thrust,1413.516877247,1779490258.764441,0.078125,0.078125,0.0,N,,hardware
CC-PT,pressure,1413.528702532,1779490258.7762663,0.24555566853948457,,-31.80554143256443,psi,,hardware
FT-PT,pressure,1413.533680669,1779490258.7812438,1.0955478066859015,,74.44347583573769,psi,,hardware
FI-PT,pressure,1413.537441447,1779490258.7850049,0.556837386707948,,7.104673338493503,psi,,hardware
E-LC,thrust,1413.530638223,1779490258.7782016,0.078125,0.078125,0.0,N,,hardware
WM-PT,pressure,1413.542346162,1779490258.7899098,0.44459109837902766,,-6.926112702621542,psi,,hardware
LF-PT,pressure,1413.547290876,1779490258.7948542,0.2209669614990904,,-34.8791298126137,psi,,hardware
FM-PT,pressure,1413.551136223,1779490258.7987,0.7221711542810385,,27.771394285129812,psi,,hardware
N-LC,thrust,1413.54426478,1779490258.7918282,0.078125,0.078125,0.0,N,,hardware
CC-PT,pressure,1413.556150969,1779490258.8037145,0.2458936269156488,,-31.7632966355439,psi,,hardware
FT-PT,pressure,1413.560503381,1779490258.8080668,1.095207464123662,,74.40093301545775,psi,,hardware
FI-PT,pressure,1413.565434373,1779490258.8129978,0.557182497642338,,7.147812205292245,psi,,hardware
E-LC,thrust,1413.558118807,1779490258.8056824,0.078125,0.078125,0.0,N,,hardware
WM-PT,pressure,1413.569201299,1779490258.816765,0.44487541256849916,,-6.890573428937604,psi,,hardware
LF-PT,pressure,1413.573789143,1779490258.8213525,0.22106352103513732,,-34.86705987060783,psi,,hardware
FM-PT,pressure,1413.578471203,1779490258.8260348,0.7220585014889838,,27.75731268612297,psi,,hardware
N-LC,thrust,1413.571771715,1779490258.8193355,0.078125,0.078125,0.0,N,,hardware
CC-PT,pressure,1413.585403994,1779490258.8329685,0.24637046413069535,,-31.70369198366308,psi,,hardware
LF-PT,pressure,1413.592916272,1779490258.8404806,0.22112133754746172,,-34.85983280656728,psi,,hardware
FT-PT,pressure,1413.597998071,1779490258.8455617,1.0948259943516248,,74.3532492939531,psi,,hardware
E-LC,thrust,1413.591547476,1779490258.8391113,0.078125,0.078125,0.0,N,,hardware
FI-PT,pressure,1413.602573397,1779490258.8501368,0.5575311848558407,,7.191398106980093,psi,,hardware
WM-PT,pressure,1413.606800167,1779490258.8543634,0.4450834328035632,,-6.8645708995545975,psi,,hardware
N-LC,thrust,1413.604197012,1779490258.8517604,0.078125,0.078125,0.0,N,,hardware
LF-PT,pressure,1413.610541779,1779490258.8581052,0.22141042010908368,,-34.82369748636454,psi,,hardware
FM-PT,pressure,1413.615572673,1779490258.863136,0.7217473652061659,,27.718420650770735,psi,,hardware
CC-PT,pressure,1413.619439186,1779490258.8670027,0.24681332669416983,,-31.64833416322877,psi,,hardware
E-LC,thrust,1413.614334351,1779490258.8618977,0.078125,0.078125,0.0,N,,hardware
FT-PT,pressure,1413.623075396,1779490258.8706386,1.0943211429501942,,74.29014286877428,psi,,hardware
FI-PT,pressure,1413.627219208,1779490258.8747826,0.5578870246275692,,7.235878078446153,psi,,hardware
WM-PT,pressure,1413.630787607,1779490258.8783507,0.4452854925734392,,-6.839313428320101,psi,,hardware
N-LC,thrust,1413.625648127,1779490258.8732114,0.078125,0.078125,0.0,N,,hardware
LF-PT,pressure,1413.63441954,1779490258.881983,0.22151174801728107,,-34.81103149783986,psi,,hardware
FM-PT,pressure,1413.638590092,1779490258.8861535,0.7214749719470706,,27.684371493383818,psi,,hardware
CC-PT,pressure,1413.642295002,1779490258.8898582,0.24714115227951433,,-31.60735596506071,psi,,hardware
E-LC,thrust,1413.636977605,1779490258.884541,0.078125,0.078125,0.0,N,,hardware
FT-PT,pressure,1413.64598258,1779490258.8935456,1.093747150152582,,74.21839376907275,psi,,hardware
FI-PT,pressure,1413.650120078,1779490258.8976831,0.5581719348635595,,7.271491857944942,psi,,hardware
WM-PT,pressure,1413.653754658,1779490258.9013178,0.4455465609486772,,-6.806679881415353,psi,,hardware
N-LC,thrust,1413.648536164,1779490258.8960993,0.078125,0.078125,0.0,N,,hardware
LF-PT,pressure,1413.657521713,1779490258.9050848,0.2216446663909753,,-34.794416701128085,psi,,hardware
FM-PT,pressure,1413.661709098,1779490258.9092724,0.7211858893854486,,27.648236173181072,psi,,hardware
CC-PT,pressure,1413.665549204,1779490258.9131126,0.24752798647022084,,-31.559001691222395,psi,,hardware
E-LC,thrust,1413.660062261,1779490258.9076254,0.078125,0.078125,0.0,N,,hardware
FT-PT,pressure,1413.669206747,1779490258.91677,1.0932470671233019,,74.15588339041274,psi,,hardware
FI-PT,pressure,1413.673779739,1779490258.9213433,0.5584830711463774,,7.310383893297176,psi,,hardware
WM-PT,pressure,1413.677403154,1779490258.9249663,0.4457825953701252,,-6.777175578734348,psi,,hardware
N-LC,thrust,1413.671786681,1779490258.91935,0.078125,0.078125,0.0,N,,hardware
LF-PT,pressure,1413.681103564,1779490258.9286668,0.22181573174187325,,-34.77303353226584,psi,,hardware
FM-PT,pressure,1413.685253784,1779490258.9328172,0.7211084033380035,,27.63855041725044,psi,,hardware
CC-PT,pressure,1413.692413988,1779490258.939978,0.24783197019481307,,-31.521003725648367,psi,,hardware
E-LC,thrust,1413.683658667,1779490258.931222,0.078125,0.078125,0.0,N,,hardware
LF-PT,pressure,1413.696319091,1779490258.9438825,0.22194865011556747,,-34.756418735554064,psi,,hardware
FT-PT,pressure,1413.701197901,1779490258.9487615,1.0928542724674073,,74.10678405842592,psi,,hardware
FI-PT,pressure,1413.706844391,1779490258.9544086,0.5587804983592627,,7.347562294907836,psi,,hardware
N-LC,thrust,1413.698605245,1779490258.9461687,0.078125,0.078125,0.0,N,,hardware
WM-PT,pressure,1413.710585836,1779490258.9581492,0.44593756746501534,,-6.757804066873082,psi,,hardware
LF-PT,pressure,1413.71481744,1779490258.962381,0.22224726942149037,,-34.7190913223137,psi,,hardware
FM-PT,pressure,1413.718491241,1779490258.9660544,0.7207883263574035,,27.59854079467544,psi,,hardware
E-LC,thrust,1413.7122076,1779490258.959771,0.078125,0.078125,0.0,N,,hardware
CC-PT,pressure,1413.722191503,1779490258.969755,0.24811509229124695,,-31.48561346359413,psi,,hardware
FT-PT,pressure,1413.726457198,1779490258.9740207,1.0922677626929,,74.03347033661251,psi,,hardware
FI-PT,pressure,1413.730177644,1779490258.977741,0.5591661404569317,,7.395767557116462,psi,,hardware
N-LC,thrust,1413.723840655,1779490258.971404,0.078125,0.078125,0.0,N,,hardware
WM-PT,pressure,1413.734028269,1779490258.9815917,0.4461473758396358,,-6.731578020045522,psi,,hardware
LF-PT,pressure,1413.738264947,1779490258.9858282,0.22232833174804828,,-34.70895853149396,psi,,hardware
FM-PT,pressure,1413.742039131,1779490258.9896023,0.7203275823983648,,27.5409477997956,psi,,hardware
E-LC,thrust,1413.735640385,1779490258.9832036,0.078125,0.078125,0.0,N,,hardware
CC-PT,pressure,1413.745779206,1779490258.9933424,0.24850192648195346,,-31.437259189755817,psi,,hardware
FT-PT,pressure,1413.750015606,1779490258.997579,1.0917933096639287,,73.9741637079911,psi,,hardware
FI-PT,pressure,1413.754142863,1779490259.0017068,0.559466547902411,,7.433318487801377,psi,,hardware
N-LC,thrust,1413.747385674,1779490258.994949,0.078125,0.078125,0.0,N,,hardware
WM-PT,pressure,1413.757977396,1779490259.0055408,0.44649844723921384,,-6.68769409509827,psi,,hardware
LF-PT,pressure,1413.761977235,1779490259.0095406,0.2224463489587723,,-34.69420638015346,psi,,hardware
FM-PT,pressure,1413.765851766,1779490259.0134149,0.7201440000705719,,27.518000008821485,psi,,hardware
E-LC,thrust,1413.759751856,1779490259.0073152,0.003164494787394379,0.03803147456425125,2068.774133426841,N,,hardware
CC-PT,pressure,1413.770722762,1779490259.018286,0.24893823253372105,,-31.38272093328487,psi,,hardware
LF-PT,pressure,1413.775889501,1779490259.023453,0.2225989368675872,,-34.6751328915516,psi,,hardware
N-LC,thrust,1413.771970583,1779490259.0195339,0.078125,0.078125,0.0,N,,hardware
FT-PT,pressure,1413.779506527,1779490259.0270698,1.0912914384950922,,73.91142981188653,psi,,hardware
FI-PT,pressure,1413.783679412,1779490259.0312428,0.5597478818592885,,7.4684852324110595,psi,,hardware
WM-PT,pressure,1413.787407321,1779490259.0349705,0.44680898747551295,,-6.648876565560881,psi,,hardware
E-LC,thrust,1413.78206237,1779490259.0296257,0.078125,0.078125,0.0,N,,hardware
LF-PT,pressure,1413.793349907,1779490259.0409138,0.222789075707087,,-34.65136553661412,psi,,hardware
FM-PT,pressure,1413.798814833,1779490259.0463781,0.7198239230899719,,27.477990386246486,psi,,hardware
CC-PT,pressure,1413.80257563,1779490259.050139,0.24911406625676946,,-31.360741717903817,psi,,hardware
N-LC,thrust,1413.797187403,1779490259.0447512,0.078125,0.078125,0.0,N,,hardware
FT-PT,pressure,1413.806712628,1779490259.0542758,1.0907883752332181,,73.84854690415227,psi,,hardware
FI-PT,pressure,1413.810946806,1779490259.05851,0.5602867079122911,,7.535838489036384,psi,,hardware
E-LC,thrust,1413.808332226,1779490259.0558956,0.078125,0.078125,0.0,N,,hardware
WM-PT,pressure,1413.817738772,1779490259.0653028,0.44722502794564106,,-6.596871506794868,psi,,hardware
LF-PT,pressure,1413.822661154,1779490259.0702243,0.22280099663746317,,-34.6498754203171,psi,,hardware
FT-PT,pressure,1413.826402655,1779490259.073966,1.0902030575517485,,73.77538219396857,psi,,hardware
N-LC,thrust,1413.820070942,1779490259.0676343,0.078125,0.078125,0.0,N,,hardware
FM-PT,pressure,1413.830187135,1779490259.0777502,0.7199592256497414,,27.494903206217668,psi,,hardware
CC-PT,pressure,1413.834202251,1779490259.0817657,0.24941804998136163,,-31.322743752329796,psi,,hardware
LF-PT,pressure,1413.838032914,1779490259.085596,0.22286477361497564,,-34.64190329812804,psi,,hardware
E-LC,thrust,1413.83174705,1779490259.0793104,0.078125,0.078125,0.0,N,,hardware
FI-PT,pressure,1413.841893594,1779490259.0894568,0.5602324676790795,,7.529058459884941,psi,,hardware
WM-PT,pressure,1413.846225137,1779490259.0937884,0.4473281439933949,,-6.583982000825641,psi,,hardware
FT-PT,pressure,1413.85005493,1779490259.097618,1.0899068224319008,,73.73835280398761,psi,,hardware
N-LC,thrust,1413.844195691,1779490259.0917592,0.078125,0.078125,0.0,N,,hardware
FM-PT,pressure,1413.854430841,1779490259.1019943,0.7202077770480844,,27.525972131010544,psi,,hardware
CC-PT,pressure,1413.858689703,1779490259.1062531,0.24973157045025474,,-31.283553693718158,psi,,hardware
LF-PT,pressure,1413.86244124,1779490259.1100044,0.22281291756783933,,-34.64838530402008,psi,,hardware
E-LC,thrust,1413.85608614,1779490259.1036496,0.078125,0.078125,0.0,N,,hardware
FI-PT,pressure,1413.866204259,1779490259.1137674,0.5602163744230717,,7.527046802883963,psi,,hardware
WM-PT,pressure,1413.870412624,1779490259.1179757,0.4476655063230403,,-6.541811709619962,psi,,hardware
N-LC,thrust,1413.867801172,1779490259.1153643,0.078125,0.078125,0.0,N,,hardware
FT-PT,pressure,1413.875178662,1779490259.122742,1.0896058189399027,,73.70072736748784,psi,,hardware
FM-PT,pressure,1413.879372324,1779490259.1269355,0.7202632093743335,,27.53290117179169,psi,,hardware
E-LC,thrust,1413.877846869,1779490259.12541,0.078125,0.078125,0.0,N,,hardware
CC-PT,pressure,1413.883466769,1779490259.1310303,0.2500504553378171,,-31.24369308277286,psi,,hardware
LF-PT,pressure,1413.887595804,1779490259.135159,0.22294464384849594,,-34.631919518938005,psi,,hardware
FI-PT,pressure,1413.894515171,1779490259.1420796,0.5600500774443242,,7.506259680540528,psi,,hardware
WM-PT,pressure,1413.898327353,1779490259.1458912,0.44790809725619524,,-6.511487842975596,psi,,hardware
N-LC,thrust,1413.887811367,1779490259.1353745,0.078125,0.078125,0.0,N,,hardware
FT-PT,pressure,1413.90206541,1779490259.1496286,1.0892356740517228,,73.65445925646536,psi,,hardware
FM-PT,pressure,1413.906262386,1779490259.1538255,0.7204718256559164,,27.558978206989547,psi,,hardware
CC-PT,pressure,1413.909964556,1779490259.157528,0.25041881208644057,,-31.19764848919493,psi,,hardware
E-LC,thrust,1413.90368547,1779490259.151249,0.078125,0.078125,0.0,N,,hardware
LF-PT,pressure,1413.914132497,1779490259.1616962,0.22305014408232499,,-34.618731989709374,psi,,hardware
FI-PT,pressure,1413.918276551,1779490259.1658401,0.5599457693035328,,7.493221162941599,psi,,hardware
N-LC,thrust,1413.915730763,1779490259.1632943,0.078125,0.078125,0.0,N,,hardware
WM-PT,pressure,1413.92204918,1779490259.1696126,0.44816320516624514,,-6.479599354219358,psi,,hardware
FT-PT,pressure,1413.927094721,1779490259.174658,1.0890407668400726,,73.63009585500907,psi,,hardware
FM-PT,pressure,1413.932930183,1779490259.180494,0.7206643486814914,,27.583043585186427,psi,,hardware
E-LC,thrust,1413.925815643,1779490259.1733787,0.078125,0.078125,0.0,N,,hardware
CC-PT,pressure,1413.937370461,1779490259.184934,0.25082412371923013,,-31.146984535096234,psi,,hardware
LF-PT,pressure,1413.943459409,1779490259.1910233,0.2229053047782546,,-34.63683690271817,psi,,hardware
FT-PT,pressure,1413.946926703,1779490259.1944904,1.0885049210196638,,73.56311512745798,psi,,hardware
N-LC,thrust,1413.938918841,1779490259.1864822,0.078125,0.078125,0.0,N,,hardware
FI-PT,pressure,1413.950615263,1779490259.1981785,0.5602533293072378,,7.531666163404727,psi,,hardware
WM-PT,pressure,1413.954815943,1779490259.2023792,0.4483485756335945,,-6.45642804580069,psi,,hardware
LF-PT,pressure,1413.958539167,1779490259.2061026,0.22313657082755217,,-34.607928646555976,psi,,hardware
E-LC,thrust,1413.952243601,1779490259.199807,0.078125,0.078125,0.0,N,,hardware
FM-PT,pressure,1413.962398884,1779490259.2099626,0.7203991079806218,,27.549888497577722,psi,,hardware
CC-PT,pressure,1413.966576047,1779490259.2141395,0.25108936442009977,,-31.11382944748753,psi,,hardware
FT-PT,pressure,1413.970317566,1779490259.2178807,1.0879517898502098,,73.49397373127623,psi,,hardware
N-LC,thrust,1413.963955578,1779490259.211519,0.078125,0.078125,0.0,N,,hardware
FI-PT,pressure,1413.974052438,1779490259.2216156,0.5605298948919648,,7.566236861495601,psi,,hardware
WM-PT,pressure,1413.977578896,1779490259.2251422,0.44867342098634494,,-6.415822376706883,psi,,hardware
LF-PT,pressure,1413.981929438,1779490259.2294927,0.22319796361898941,,-34.60025454762632,psi,,hardware
E-LC,thrust,1413.975666777,1779490259.2232301,0.078125,0.078125,0.0,N,,hardware
FM-PT,pressure,1413.985559908,1779490259.2331233,0.7201976442572646,,27.524705532158077,psi,,hardware
CC-PT,pressure,1413.992158884,1779490259.2397234,0.2513158620972469,,-31.08551723784414,psi,,hardware
LF-PT,pressure,1413.996838538,1779490259.244402,0.22332313338793913,,-34.584608326507606,psi,,hardware
N-LC,thrust,1413.987199412,1779490259.2347627,0.078125,0.078125,0.0,N,,hardware
FT-PT,pressure,1414.000570391,1779490259.2481337,1.0876913175214906,,73.46141469018633,psi,,hardware
FI-PT,pressure,1414.004716037,1779490259.2522795,0.5608690453611667,,7.608630670145833,psi,,hardware
E-LC,thrust,1414.002199785,1779490259.249763,0.078125,0.078125,0.0,N,,hardware
WM-PT,pressure,1414.009570163,1779490259.2571335,0.44877713308061756,,-6.402858364922805,psi,,hardware
LF-PT,pressure,1414.013827377,1779490259.2613907,0.22352161687870228,,-34.55979789016221,psi,,hardware
FM-PT,pressure,1414.017451607,1779490259.2650151,0.7200635337905328,,27.507941723816597,psi,,hardware
N-LC,thrust,1414.012245519,1779490259.2598088,0.078125,0.078125,0.0,N,,hardware
CC-PT,pressure,1414.021183516,1779490259.268747,0.2516615690781556,,-31.042303865230547,psi,,hardware
FT-PT,pressure,1414.025412232,1779490259.2729757,1.0871411665846307,,73.39264582307884,psi,,hardware
FI-PT,pressure,1414.029182639,1779490259.276746,0.561203427458218,,7.650428432277256,psi,,hardware
E-LC,thrust,1414.023745674,1779490259.2713091,0.078125,0.078125,0.0,N,,hardware
WM-PT,pressure,1414.032646655,1779490259.28021,0.44920747866719707,,-6.349065166600367,psi,,hardware
LF-PT,pressure,1414.037481893,1779490259.285045,0.22341969292398609,,-34.57253838450173,psi,,hardware
FM-PT,pressure,1414.041155139,1779490259.2887182,0.7196999454140598,,27.462493176757473,psi,,hardware
N-LC,thrust,1414.034903199,1779490259.2824667,0.078125,0.078125,0.0,N,,hardware
CC-PT,pressure,1414.044878307,1779490259.2924418,0.2520168128033653,,-30.997898399579338,psi,,hardware
LF-PT,pressure,1414.051289349,1779490259.2988527,0.22366407199669744,,-34.541991000412814,psi,,hardware
FT-PT,pressure,1414.05501511,1779490259.3025784,1.086611877275929,,73.32648465949113,psi,,hardware
E-LC,thrust,1414.048617568,1779490259.2961817,0.078125,0.078125,0.0,N,,hardware
FI-PT,pressure,1414.058744631,1779490259.3063078,0.561508007229329,,7.688500903666129,psi,,hardware
WM-PT,pressure,1414.062957958,1779490259.3105214,0.44935231797126746,,-6.330960253591568,psi,,hardware
LF-PT,pressure,1414.066662424,1779490259.3142257,0.22388103292954362,,-34.51487088380704,psi,,hardware
N-LC,thrust,1414.060352192,1779490259.3079152,0.078125,0.078125,0.0,N,,hardware
FM-PT,pressure,1414.070739315,1779490259.3183026,0.7195056342489283,,27.43820428111604,psi,,hardware
CC-PT,pressure,1414.074990955,1779490259.322554,0.25225284722481334,,-30.968394096898333,psi,,hardware
E-LC,thrust,1414.072385281,1779490259.3199484,0.078125,0.078125,0.0,N,,hardware
FT-PT,pressure,1414.07872579,1779490259.326289,1.0861690147124545,,73.27112683905682,psi,,hardware
FI-PT,pressure,1414.083761702,1779490259.3313248,0.5618817283966218,,7.73521604957772,psi,,hardware
WM-PT,pressure,1414.087620252,1779490259.3351836,0.4498434603027654,,-6.269567462154326,psi,,hardware
N-LC,thrust,1414.082521751,1779490259.330085,0.078125,0.078125,0.0,N,,hardware
LF-PT,pressure,1414.09459006,1779490259.3421543,0.2239603071165451,,-34.504961610431856,psi,,hardware
FT-PT,pressure,1414.099433742,1779490259.3469973,1.085651646334129,,73.20645579176613,psi,,hardware
FM-PT,pressure,1414.103131635,1779490259.3506951,0.7197667026241663,,27.470837828020787,psi,,hardware
E-LC,thrust,1414.096840383,1779490259.344404,0.078125,0.078125,0.0,N,,hardware
CC-PT,pressure,1414.106869951,1779490259.3544335,0.25250855118138205,,-30.936431102327244,psi,,hardware
LF-PT,pressure,1414.111102925,1779490259.3586662,0.2240771322342315,,-34.490358470721056,psi,,hardware
FI-PT,pressure,1414.114791485,1779490259.362355,0.5617249681621752,,7.715621020271901,psi,,hardware
N-LC,thrust,1414.108503751,1779490259.3560677,0.078125,0.078125,0.0,N,,hardware
WM-PT,pressure,1414.118521635,1779490259.366085,0.45005922914257396,,-6.242596357178256,psi,,hardware
FT-PT,pressure,1414.122684576,1779490259.3702478,1.0852332216779257,,73.15415270974071,psi,,hardware
FM-PT,pressure,1414.126438558,1779490259.374002,0.7199383640215831,,27.492295502697882,psi,,hardware
E-LC,thrust,1414.120079588,1779490259.367643,0.078125,0.078125,0.0,N,,hardware
CC-PT,pressure,1414.130232742,1779490259.3777962,0.2528888288603817,,-30.888896392452285,psi,,hardware
LF-PT,pressure,1414.134461235,1779490259.3820248,0.22399070548900432,,-34.501161813874454,psi,,hardware
FI-PT,pressure,1414.138217087,1779490259.3857806,0.5616492702542866,,7.706158781785821,psi,,hardware
N-LC,thrust,1414.131835099,1779490259.3793983,0.078125,0.078125,0.0,N,,hardware
WM-PT,pressure,1414.142014344,1779490259.3895774,0.4503024161222477,,-6.2121979847190385,psi,,hardware
FT-PT,pressure,1414.146035979,1779490259.3935993,1.0848445993476628,,73.10557491845785,psi,,hardware
FM-PT,pressure,1414.150366966,1779490259.3979301,0.7199949884408698,,27.49937355510873,psi,,hardware
E-LC,thrust,1414.143597981,1779490259.3911614,0.078125,0.078125,0.0,N,,hardware
CC-PT,pressure,1414.154082265,1779490259.4016457,0.2532446686321102,,-30.844416420986224,psi,,hardware
LF-PT,pressure,1414.158331609,1779490259.4058952,0.22417309572375962,,-34.47836303453004,psi,,hardware
FI-PT,pressure,1414.164172645,1779490259.4117367,0.5615074111828102,,7.688426397851278,psi,,hardware
N-LC,thrust,1414.155704677,1779490259.403268,0.078125,0.078125,0.0,N,,hardware
WM-PT,pressure,1414.167974069,1779490259.4155374,0.45048778658959704,,-6.1890266763003705,psi,,hardware
FT-PT,pressure,1414.172229727,1779490259.419793,1.084601412367989,,73.07517654599863,psi,,hardware
E-LC,thrust,1414.169620628,1779490259.417184,0.078125,0.078125,0.0,N,,hardware
FM-PT,pressure,1414.177184459,1779490259.4247477,0.7201976442572646,,27.524705532158077,psi,,hardware
CC-PT,pressure,1414.181352474,1779490259.4289157,0.25356295747315377,,-30.80463031585578,psi,,hardware
LF-PT,pressure,1414.185461955,1779490259.4330254,0.2243161468882736,,-34.460481638965796,psi,,hardware
N-LC,thrust,1414.179730302,1779490259.4272938,0.078125,0.078125,0.0,N,,hardware
FI-PT,pressure,1414.192808409,1779490259.4403725,0.5614561511821927,,7.68201889777409,psi,,hardware
WM-PT,pressure,1414.19725815,1779490259.4448218,0.4507619679882488,,-6.1547540014689,psi,,hardware
FT-PT,pressure,1414.200952635,1779490259.448516,1.0843421321323075,,73.04276651653844,psi,,hardware
E-LC,thrust,1414.194605645,1779490259.4421692,0.078125,0.078125,0.0,N,,hardware
FM-PT,pressure,1414.204703784,1779490259.452267,0.7202614212347771,,27.532677654347136,psi,,hardware
CC-PT,pressure,1414.208924314,1779490259.4564877,0.2539301221287396,,-30.75873473390755,psi,,hardware
N-LC,thrust,1414.206332399,1779490259.453896,0.078125,0.078125,0.0,N,,hardware
LF-PT,pressure,1414.213714685,1779490259.461278,0.22434833340028923,,-34.45645832496384,psi,,hardware
FI-PT,pressure,1414.217891514,1779490259.4654548,0.5613786651347477,,7.672333141843457,psi,,hardware
WM-PT,pressure,1414.221984404,1779490259.4695475,0.45096104752553073,,-6.129869059308659,psi,,hardware
E-LC,thrust,1414.216377318,1779490259.4639406,0.078125,0.078125,0.0,N,,hardware
FT-PT,pressure,1414.225607078,1779490259.4731705,1.0840053658491808,,73.00067073114761,psi,,hardware
FM-PT,pressure,1414.230183774,1779490259.4777472,0.7203800344920199,,27.54750431150249,psi,,hardware
CC-PT,pressure,1414.233994142,1779490259.4815578,0.25420251538783495,,-30.72468557652063,psi,,hardware
N-LC,thrust,1414.227605784,1779490259.475169,0.078125,0.078125,0.0,N,,hardware
LF-PT,pressure,1414.237733088,1779490259.4852967,0.22433283619080022,,-34.45839547614997,psi,,hardware
FI-PT,pressure,1414.24199008,1779490259.4895535,0.5612934304825581,,7.661678810319761,psi,,hardware
E-LC,thrust,1414.239388517,1779490259.4869518,0.078125,0.078125,0.0,N,,hardware
WM-PT,pressure,1414.245724007,1779490259.4932873,0.4512155593890618,,-6.098055076367272,psi,,hardware
FT-PT,pressure,1414.250729829,1779490259.498293,1.083632240728407,,72.95403009105087,psi,,hardware
FM-PT,pressure,1414.254578472,1779490259.502142,0.7204670572837659,,27.55838216047074,psi,,hardware
N-LC,thrust,1414.249467934,1779490259.4970312,0.078125,0.078125,0.0,N,,hardware
CC-PT,pressure,1414.258214368,1779490259.5057776,0.25453868562444276,,-30.682664296944655,psi,,hardware
LF-PT,pressure,1414.262535023,1779490259.5100987,0.22448661619265273,,-34.4391729759184,psi,,hardware
FI-PT,pressure,1414.264957095,1779490259.5125208,0.5611676646670896,,7.645958083386195,psi,,hardware
WM-PT,pressure,1414.269092038,1779490259.5166557,0.4516602100920928,,-6.042473738488402,psi,,hardware
E-LC,thrust,1414.260785358,1779490259.5083487,0.039837448950105776,0.037355678883871896,147.25169059654357,N,,hardware
FT-PT,pressure,1414.274886632,1779490259.5224507,1.0832692483984527,,72.9086560498066,psi,,hardware
FM-PT,pressure,1414.279134439,1779490259.5266976,0.7200551891392695,,27.506898642408682,psi,,hardware
N-LC,thrust,1414.276564652,1779490259.524128,0.078125,0.078125,0.0,N,,hardware
CC-PT,pressure,1414.282856682,1779490259.53042,0.2548826044657951,,-30.639674441775615,psi,,hardware
LF-PT,pressure,1414.287950184,1779490259.5355134,0.2244341640989976,,-34.44572948762529,psi,,hardware
FI-PT,pressure,1414.29568932,1779490259.5432534,0.561110444201284,,7.638805525160497,psi,,hardware
E-LC,thrust,1414.286681938,1779490259.5342455,0.078125,0.078125,0.0,N,,hardware
WM-PT,pressure,1414.299588294,1779490259.547152,0.45186823032715684,,-6.016471209105395,psi,,hardware
FT-PT,pressure,1414.303796807,1779490259.55136,1.0829771856042367,,72.8721482005296,psi,,hardware
FM-PT,pressure,1414.307962489,1779490259.5555258,0.7202322149553555,,27.529026869419436,psi,,hardware
N-LC,thrust,1414.301211095,1779490259.5487745,0.078125,0.078125,0.0,N,,hardware
CC-PT,pressure,1414.311735952,1779490259.5593,0.25553825563648414,,-30.557718045439483,psi,,hardware
LF-PT,pressure,1414.315931798,1779490259.563495,0.2244258194477343,,-34.44677256903321,psi,,hardware
E-LC,thrust,1414.313319681,1779490259.560883,0.078125,0.078125,0.0,N,,hardware
FI-PT,pressure,1414.319690613,1779490259.567254,0.5610824300149,,7.635303751862499,psi,,hardware
WM-PT,pressure,1414.324679954,1779490259.5722435,0.45210962916727415,,-5.986296354090731,psi,,hardware
FT-PT,pressure,1414.329309537,1779490259.5768726,1.0826857188565395,,72.83571485706744,psi,,hardware
N-LC,thrust,1414.32338845,1779490259.5709517,0.078125,0.078125,0.0,N,,hardware
FM-PT,pressure,1414.332978376,1779490259.5805416,0.7203502321660795,,27.54377902075994,psi,,hardware
CC-PT,pressure,1414.337080079,1779490259.5846436,0.2557760781974886,,-30.527990225313925,psi,,hardware
LF-PT,pressure,1414.340699106,1779490259.5882623,0.2244341640989976,,-34.44572948762529,psi,,hardware
E-LC,thrust,1414.334621638,1779490259.582185,0.078125,0.078125,0.0,N,,hardware
FI-PT,pressure,1414.344519658,1779490259.5920832,0.5611038876895771,,7.637985961197136,psi,,hardware
WM-PT,pressure,1414.348698969,1779490259.5962622,0.45232062963493225,,-5.959921295633469,psi,,hardware
FT-PT,pressure,1414.352511281,1779490259.6000748,1.0822935202471637,,72.78669003089547,psi,,hardware
N-LC,thrust,1414.346121516,1779490259.5936847,0.078125,0.078125,0.0,N,,hardware
FM-PT,pressure,1414.356219765,1779490259.6037831,0.7205278540286844,,27.565981753585543,psi,,hardware
CC-PT,pressure,1414.360421353,1779490259.6079845,0.2560818500616372,,-30.48976874229535,psi,,hardware
LF-PT,pressure,1414.364157669,1779490259.611721,0.2243978052613503,,-34.450274342331205,psi,,hardware
E-LC,thrust,1414.35783553,1779490259.605399,0.078125,0.078125,0.0,N,,hardware
FI-PT,pressure,1414.367876819,1779490259.6154404,0.5609936190835976,,7.6242023854496965,psi,,hardware
WM-PT,pressure,1414.372082055,1779490259.6196454,0.4525590482424555,,-5.93011896969306,psi,,hardware
N-LC,thrust,1414.369494973,1779490259.6170583,0.078125,0.078125,0.0,N,,hardware
FT-PT,pressure,1414.376912812,1779490259.6244764,1.082016358615918,,72.75204482698975,psi,,hardware
FM-PT,pressure,1414.381514377,1779490259.6290777,0.7206208372856184,,27.577604660702303,psi,,hardware
CC-PT,pressure,1414.385147292,1779490259.632711,0.256663591463994,,-30.417051067000752,psi,,hardware
E-LC,thrust,1414.379530577,1779490259.627094,0.078125,0.078125,0.0,N,,hardware
LF-PT,pressure,1414.394158322,1779490259.6417227,0.22434773735377042,,-34.45653283077869,psi,,hardware
FT-PT,pressure,1414.398441794,1779490259.6460052,1.0814989902375924,,72.68737377969906,psi,,hardware
FI-PT,pressure,1414.402549831,1779490259.6501133,0.5612260772259328,,7.653259653241595,psi,,hardware
N-LC,thrust,1414.396836344,1779490259.6444,0.078125,0.078125,0.0,N,,hardware
WM-PT,pressure,1414.406182486,1779490259.653746,0.45281475219902423,,-5.898155975121972,psi,,hardware
LF-PT,pressure,1414.410399721,1779490259.657963,0.2245146303790367,,-34.435671202620405,psi,,hardware
FM-PT,pressure,1414.414212625,1779490259.6617758,0.7202745342581909,,27.53431678227386,psi,,hardware
E-LC,thrust,1414.407800806,1779490259.655364,0.078125,0.078125,0.0,N,,hardware
CC-PT,pressure,1414.417883871,1779490259.6654472,0.2569264479787884,,-30.38419400265145,psi,,hardware
FT-PT,pressure,1414.422025925,1779490259.6695893,1.081003079533944,,72.62538494174301,psi,,hardware
FI-PT,pressure,1414.425671968,1779490259.6732354,0.5615550949043149,,7.69438686303936,psi,,hardware
N-LC,thrust,1414.419500691,1779490259.667064,0.078125,0.078125,0.0,N,,hardware
WM-PT,pressure,1414.429376304,1779490259.6769397,0.4530686680160365,,-5.866416497995436,psi,,hardware
LF-PT,pressure,1414.433646462,1779490259.6812098,0.22459271247300058,,-34.42591094087492,psi,,hardware
E-LC,thrust,1414.431027697,1779490259.678591,0.078125,0.078125,0.0,N,,hardware
FM-PT,pressure,1414.437363946,1779490259.6849272,0.7200498247206002,,27.506228090075023,psi,,hardware
CC-PT,pressure,1414.442367249,1779490259.6899307,0.25726679054102786,,-30.341651182371518,psi,,hardware
FT-PT,pressure,1414.446230225,1779490259.6937935,1.080484519062581,,72.56056488282262,psi,,hardware
FI-PT,pressure,1414.449725388,1779490259.6972888,0.5618334486285983,,7.729181078574787,psi,,hardware
N-LC,thrust,1414.441075893,1779490259.6886392,0.078125,0.078125,0.0,N,,hardware
WM-PT,pressure,1414.45208826,1779490259.6996515,0.4531783405754972,,-5.852707428062848,psi,,hardware
LF-PT,pressure,1414.455427894,1779490259.7029912,0.22469284828816036,,-34.41339396397995,psi,,hardware
FM-PT,pressure,1414.460347257,1779490259.7079105,0.7196933889023529,,27.46167361279411,psi,,hardware
E-LC,thrust,1414.45335858,1779490259.7009218,0.078125,0.078125,0.0,N,,hardware
FT-PT,pressure,1414.464097128,1779490259.7116604,1.0802413320829072,,72.5301665103634,psi,,hardware
FI-PT,pressure,1414.468368064,1779490259.7159314,0.5621690228186873,,7.771127852335913,psi,,hardware
CC-PT,pressure,1414.472107121,1779490259.7196705,0.25740566937991016,,-30.32429132751123,psi,,hardware
N-LC,thrust,1414.466073688,1779490259.713637,0.078125,0.078125,0.0,N,,hardware
LF-PT,pressure,1414.475742683,1779490259.723306,0.22479596433591417,,-34.40050445801072,psi,,hardware
FM-PT,pressure,1414.479911735,1779490259.7274752,0.7194001340150993,,27.42501675188741,psi,,hardware
WM-PT,pressure,1414.483604146,1779490259.7311676,0.45355265778930876,,-5.805917776336406,psi,,hardware
E-LC,thrust,1414.478312211,1779490259.7258754,0.078125,0.078125,0.0,N,,hardware
FT-PT,pressure,1414.487698184,1779490259.7352617,1.0799415206839467,,72.49269008549334,psi,,hardware
FI-PT,pressure,1414.493473353,1779490259.741037,0.5625016167761823,,7.812702097022783,psi,,hardware
CC-PT,pressure,1414.497875948,1779490259.7454395,0.25759402007985355,,-30.300747490018306,psi,,hardware
N-LC,thrust,1414.491677672,1779490259.739242,0.078125,0.078125,0.0,N,,hardware
LF-PT,pressure,1414.501692241,1779490259.7492554,0.2248776227089909,,-34.39029716137613,psi,,hardware
FM-PT,pressure,1414.508144281,1779490259.7557077,0.7190752886623488,,27.3844110827936,psi,,hardware
WM-PT,pressure,1414.511765677,1779490259.759329,0.4538542573278257,,-5.7682178340217884,psi,,hardware
E-LC,thrust,1414.505837942,1779490259.7534018,0.078125,0.078125,0.0,N,,hardware
FT-PT,pressure,1414.515477124,1779490259.7630405,1.0797317123093262,,72.46646403866578,psi,,hardware
FI-PT,pressure,1414.519552015,1779490259.7671156,0.5628181174776694,,7.852264684708676,psi,,hardware
CC-PT,pressure,1414.523343476,1779490259.7709072,0.25792184566519805,,-30.259769291850244,psi,,hardware
N-LC,thrust,1414.518004339,1779490259.7655678,0.078125,0.078125,0.0,N,,hardware
LF-PT,pressure,1414.527043387,1779490259.7746067,0.2249586850355488,,-34.38016437055639,psi,,hardware
FM-PT,pressure,1414.532534145,1779490259.7800975,0.7186920307507552,,27.336503843844394,psi,,hardware
E-LC,thrust,1414.529036223,1779490259.7766,0.078125,0.078125,0.0,N,,hardware
WM-PT,pressure,1414.536277461,1779490259.7838407,0.45412784267995865,,-5.734019665005169,psi,,hardware
FT-PT,pressure,1414.539584541,1779490259.7871478,1.0795058106786979,,72.43822633483724,psi,,hardware
FI-PT,pressure,1414.544689394,1779490259.792253,0.5631256774813744,,7.890709685171804,psi,,hardware
N-LC,thrust,1414.539071643,1779490259.7866352,0.078125,0.078125,0.0,N,,hardware
CC-PT,pressure,1414.548338234,1779490259.795902,0.25814893938886396,,-30.231382576392004,psi,,hardware
LF-PT,pressure,1414.552636649,1779490259.8002,0.22492709457005197,,-34.3841131787435,psi,,hardware
FM-PT,pressure,1414.556347152,1779490259.8039105,0.7183832786540125,,27.297909831751564,psi,,hardware
E-LC,thrust,1414.550960222,1779490259.798524,0.078125,0.078125,0.0,N,,hardware
WM-PT,pressure,1414.559986326,1779490259.8075497,0.4545105045450335,,-5.686186931870813,psi,,hardware
FT-PT,pressure,1414.564196449,1779490259.8117597,1.0791601036977891,,72.39501296222365,psi,,hardware
FI-PT,pressure,1414.567942413,1779490259.8155057,0.5633921102752817,,7.924013784410211,psi,,hardware
N-LC,thrust,1414.562597703,1779490259.810161,0.078125,0.078125,0.0,N,,hardware
CC-PT,pressure,1414.571577828,1779490259.8191411,0.2584266970666286,,-30.196662866671428,psi,,hardware
LF-PT,pressure,1414.57577223,1779490259.8233354,0.22486748991817115,,-34.3915637602286,psi,,hardware
FM-PT,pressure,1414.579266171,1779490259.8268292,0.7179255149275678,,27.24068936594598,psi,,hardware
E-LC,thrust,1414.574156077,1779490259.8217194,0.078125,0.078125,0.0,N,,hardware
WM-PT,pressure,1414.581636153,1779490259.8291993,0.4549325054803497,,-5.633436814956289,psi,,hardware
FT-PT,pressure,1414.587195093,1779490259.8347583,1.0790903662550886,,72.38629578188608,psi,,hardware
FI-PT,pressure,1414.594174567,1779490259.8417387,0.5637384133027092,,7.967301662838655,psi,,hardware
N-LC,thrust,1414.585629733,1779490259.833193,0.078125,0.078125,0.0,N,,hardware
CC-PT,pressure,1414.597946807,1779490259.8455105,0.25869491800009226,,-30.163135249988468,psi,,hardware
LF-PT,pressure,1414.602187578,1779490259.8497508,0.2248853713137354,,-34.38932858578307,psi,,hardware
FM-PT,pressure,1414.605883933,1779490259.8534472,0.7176209351564568,,27.202616894557092,psi,,hardware
E-LC,thrust,1414.600495114,1779490259.8480587,0.078125,0.078125,0.0,N,,hardware
WM-PT,pressure,1414.609515496,1779490259.8570788,0.45524185362361114,,-5.594768297048608,psi,,hardware
FT-PT,pressure,1414.614083026,1779490259.8616464,1.0789753292769586,,72.37191615961983,psi,,hardware
FI-PT,pressure,1414.619718647,1779490259.8672829,0.5641240554003781,,8.015506925047266,psi,,hardware
N-LC,thrust,1414.612088801,1779490259.859652,0.078125,0.078125,0.0,N,,hardware
CC-PT,pressure,1414.62397675,1779490259.8715403,0.2588135312573351,,-30.148308592833114,psi,,hardware
LF-PT,pressure,1414.628176059,1779490259.8757393,0.2248996764301868,,-34.387540446226645,psi,,hardware
E-LC,thrust,1414.625590329,1779490259.8731537,0.078125,0.078125,0.0,N,,hardware
FM-PT,pressure,1414.631906469,1779490259.8794699,0.7173211237574962,,27.165140469687028,psi,,hardware
WM-PT,pressure,1414.636948177,1779490259.8845115,0.45559352106970796,,-5.550809866286505,psi,,hardware
FT-PT,pressure,1414.641331569,1779490259.8888948,1.0786409471799072,,72.3301183974884,psi,,hardware
N-LC,thrust,1414.635653469,1779490259.8832169,0.078125,0.078125,0.0,N,,hardware
FI-PT,pressure,1414.645051868,1779490259.8926153,0.5644274430784515,,8.053430384806436,psi,,hardware
CC-PT,pressure,1414.64935945,1779490259.8969226,0.25903824079492577,,-30.12021990063428,psi,,hardware
LF-PT,pressure,1414.653117061,1779490259.9006805,0.22482397852229816,,-34.397002684712724,psi,,hardware
E-LC,thrust,1414.647061056,1779490259.8946245,0.078125,0.078125,0.0,N,,hardware
FM-PT,pressure,1414.657230672,1779490259.9047942,0.7170213123585357,,27.127664044816964,psi,,hardware
WM-PT,pressure,1414.661440258,1779490259.9090035,0.45584147642153217,,-5.5198154473084795,psi,,hardware
FT-PT,pressure,1414.66513254,1779490259.912696,1.0782761667103966,,72.28452083879958,psi,,hardware
N-LC,thrust,1414.658810808,1779490259.9063742,0.078125,0.078125,0.0,N,,hardware
FI-PT,pressure,1414.668805489,1779490259.916369,0.564795799827075,,8.099474978384368,psi,,hardware
CC-PT,pressure,1414.673032927,1779490259.9205961,0.25920572986671087,,-30.09928376666114,psi,,hardware
LF-PT,pressure,1414.676654398,1779490259.924218,0.22481861410362888,,-34.397673237046384,psi,,hardware
E-LC,thrust,1414.670414569,1779490259.9179778,0.078125,0.078125,0.0,N,,hardware
FM-PT,pressure,1414.680271554,1779490259.9278352,0.7167232890991316,,27.090411137391452,psi,,hardware
WM-PT,pressure,1414.684487992,1779490259.9320512,0.45643156247515226,,-5.446054690605967,psi,,hardware
N-LC,thrust,1414.681894447,1779490259.9294577,0.078125,0.078125,0.0,N,,hardware
LF-PT,pressure,1414.691959902,1779490259.9395244,0.22499623596623372,,-34.37547050422078,psi,,hardware
FT-PT,pressure,1414.697097995,1779490259.944662,1.0778380725190726,,72.22975906488408,psi,,hardware
FI-PT,pressure,1414.70075837,1779490259.9483218,0.5650413709928239,,8.13017137410299,psi,,hardware
E-LC,thrust,1414.695465398,1779490259.9430287,0.078125,0.078125,0.0,N,,hardware
CC-PT,pressure,1414.704440708,1779490259.9520042,0.2593404363799615,,-30.08244545250481,psi,,hardware
LF-PT,pressure,1414.708591983,1779490259.9561553,0.22517564596839498,,-34.35304425395062,psi,,hardware
FM-PT,pressure,1414.712208565,1779490259.9597719,0.7164014239789752,,27.0501779973719,psi,,hardware
N-LC,thrust,1414.707009217,1779490259.9545724,0.078125,0.078125,0.0,N,,hardware
WM-PT,pressure,1414.715882348,1779490259.9634454,0.45672779759500004,,-5.409025300624995,psi,,hardware
FT-PT,pressure,1414.720136006,1779490259.9676995,1.0774285885606514,,72.17857357008143,psi,,hardware
FI-PT,pressure,1414.72382664,1779490259.97139,0.5654007870436653,,8.175098380458156,psi,,hardware
CC-PT,pressure,1414.727485164,1779490259.9750488,0.259609253359944,,-30.048843330007,psi,,hardware
E-LC,thrust,1414.717868388,1779490259.9654317,0.078125,0.078125,0.0,N,,hardware
LF-PT,pressure,1414.732111099,1779490259.9796753,0.2250612050367838,,-34.36734937040202,psi,,hardware
FM-PT,pressure,1414.736067514,1779490259.983631,0.716022934439532,,27.0028668049415,psi,,hardware
N-LC,thrust,1414.733072547,1779490259.980636,0.078125,0.078125,0.0,N,,hardware
WM-PT,pressure,1414.739967951,1779490259.9875312,0.4572058269030842,,-5.349271637114475,psi,,hardware
FT-PT,pressure,1414.745640496,1779490259.9932036,1.0771091076265702,,72.13863845332128,psi,,hardware
FI-PT,pressure,1414.749611503,1779490259.9971747,0.5656827170470615,,8.21033963088269,psi,,hardware
E-LC,thrust,1414.744329345,1779490259.9918928,0.078125,0.078125,0.0,N,,hardware
CC-PT,pressure,1414.753355541,1779490260.000919,0.2599221777823183,,-30.009727777210212,psi,,hardware
LF-PT,pressure,1414.757659734,1779490260.0052233,0.22506239712982143,,-34.367200358772315,psi,,hardware
FM-PT,pressure,1414.761907653,1779490260.009471,0.7158763069959052,,26.98453837448815,psi,,hardware
N-LC,thrust,1414.755353507,1779490260.0029168,0.078125,0.078125,0.0,N,,hardware
WM-PT,pressure,1414.766497886,1779490260.0140612,0.45745020597579555,,-5.318724253025556,psi,,hardware
FT-PT,pressure,1414.770565314,1779490260.0181289,1.076708564365931,,72.08857054574139,psi,,hardware
FI-PT,pressure,1414.772950574,1779490260.020514,0.5661178310057915,,8.264728875723936,psi,,hardware
E-LC,thrust,1414.768174906,1779490260.0157382,0.078125,0.078125,0.0,N,,hardware
CC-PT,pressure,1414.778079704,1779490260.025643,0.260187418483188,,-29.9765726896015,psi,,hardware
LF-PT,pressure,1414.782278033,1779490260.0298414,0.22502723038521175,,-34.371596201848526,psi,,hardware
FM-PT,pressure,1414.785745142,1779490260.0333085,0.7157332558313912,,26.966656978923904,psi,,hardware
N-LC,thrust,1414.780672527,1779490260.0282357,0.078125,0.078125,0.0,N,,hardware
WM-PT,pressure,1414.792700636,1779490260.0402646,0.45777803156114005,,-5.277746054857493,psi,,hardware
LF-PT,pressure,1414.79751682,1779490260.04508,0.22534909550536816,,-34.331363061828974,psi,,hardware
FT-PT,pressure,1414.801168771,1779490260.048732,1.076243052034742,,72.03038150434274,psi,,hardware
E-LC,thrust,1414.795175002,1779490260.0427384,0.078125,0.078125,0.0,N,,hardware
FI-PT,pressure,1414.804924586,1779490260.0524879,0.5664838035683397,,8.310475446042464,psi,,hardware
CC-PT,pressure,1414.80904953,1779490260.0566132,0.2603316617407396,,-29.958542282407553,psi,,hardware
LF-PT,pressure,1414.812687352,1779490260.060251,0.22536220852878194,,-34.32972393390225,psi,,hardware
N-LC,thrust,1414.807442858,1779490260.0550063,0.078125,0.078125,0.0,N,,hardware
FM-PT,pressure,1414.816431946,1779490260.0639951,0.7154000658273775,,26.925008228422183,psi,,hardware
WM-PT,pressure,1414.820502633,1779490260.0680661,0.45807069040187487,,-5.241163699765641,psi,,hardware
FT-PT,pressure,1414.824141603,1779490260.071705,1.0759086699376905,,71.98858374221132,psi,,hardware
E-LC,thrust,1414.818955698,1779490260.066519,0.078125,0.078125,0.0,N,,hardware
FI-PT,pressure,1414.827839829,1779490260.075403,0.5667669256647736,,8.3458657080967,psi,,hardware
CC-PT,pressure,1414.831953625,1779490260.079517,0.2604955745334118,,-29.93805318332352,psi,,hardware
LF-PT,pressure,1414.835714496,1779490260.083278,0.22542062108762514,,-34.32242236404685,psi,,hardware
N-LC,thrust,1414.830404394,1779490260.077968,0.078125,0.078125,0.0,N,,hardware
FM-PT,pressure,1414.83937615,1779490260.0869393,0.7152766841979842,,26.90958552474802,psi,,hardware
WM-PT,pressure,1414.845148801,1779490260.0927134,0.45834010342837617,,-5.207487071452979,psi,,hardware
LF-PT,pressure,1414.849575302,1779490260.097139,0.2256363899274337,,-34.29545125907078,psi,,hardware
E-LC,thrust,1414.841945714,1779490260.089509,0.078125,0.078125,0.0,N,,hardware
FT-PT,pressure,1414.853356931,1779490260.1009204,1.0755546183055185,,71.94432728818981,psi,,hardware
FI-PT,pressure,1414.857650625,1779490260.1052139,0.5670339545051997,,8.379244313149957,psi,,hardware
CC-PT,pressure,1414.861408477,1779490260.108972,0.2606249166279932,,-29.92188542150085,psi,,hardware
N-LC,thrust,1414.855916126,1779490260.1034796,0.078125,0.078125,0.0,N,,hardware
LF-PT,pressure,1414.865517477,1779490260.1130807,0.22579195806884264,,-34.276005241394664,psi,,hardware
FM-PT,pressure,1414.86971238,1779490260.1172757,0.7150334972183104,,26.879187152288804,psi,,hardware
WM-PT,pressure,1414.873394255,1779490260.1209574,0.4586208413387348,,-5.1723948326581475,psi,,hardware
E-LC,thrust,1414.86712102,1779490260.1146843,0.078125,0.078125,0.0,N,,hardware
FT-PT,pressure,1414.87713346,1779490260.1246967,1.075201758766384,,71.900219845798,psi,,hardware
FI-PT,pressure,1414.881317604,1779490260.128881,0.567362376137063,,8.42029701713287,psi,,hardware
N-LC,thrust,1414.878776186,1779490260.1263397,0.078125,0.078125,0.0,N,,hardware
CC-PT,pressure,1414.884928928,1779490260.1324923,0.2610278440747075,,-29.87151949066156,psi,,hardware
LF-PT,pressure,1414.892533313,1779490260.1400964,0.22579911062706834,,-34.27511117161645,psi,,hardware
FT-PT,pressure,1414.897690201,1779490260.1452537,1.0746742575972388,,71.83428219965485,psi,,hardware
E-LC,thrust,1414.891888329,1779490260.1394527,0.078125,0.078125,0.0,N,,hardware
FM-PT,pressure,1414.901425814,1779490260.1489892,0.7152498621046378,,26.906232763079725,psi,,hardware
WM-PT,pressure,1414.905724655,1779490260.1532881,0.4588515113415136,,-5.143561082310802,psi,,hardware
LF-PT,pressure,1414.909325072,1779490260.1568882,0.22600295853650076,,-34.2496301829374,psi,,hardware
N-LC,thrust,1414.903426798,1779490260.15099,0.078125,0.078125,0.0,N,,hardware
FI-PT,pressure,1414.912769774,1779490260.1603332,0.5671877345070522,,8.398466813381521,psi,,hardware
CC-PT,pressure,1414.917132298,1779490260.1646955,0.2612668587287496,,-29.8416426589063,psi,,hardware
FT-PT,pressure,1414.921508654,1779490260.169072,1.0742337792198395,,71.77922240247995,psi,,hardware
E-LC,thrust,1414.915074242,1779490260.1626375,0.078125,0.078125,0.0,N,,hardware
FM-PT,pressure,1414.925167289,1779490260.1727307,0.715454306060589,,26.931788257573626,psi,,hardware
WM-PT,pressure,1414.92974019,1779490260.1773038,0.45913165320535343,,-5.108543349330821,psi,,hardware
LF-PT,pressure,1414.933453452,1779490260.1810167,0.22605541063015588,,-34.24307367123051,psi,,hardware
N-LC,thrust,1414.927149719,1779490260.1747136,0.078125,0.078125,0.0,N,,hardware
FI-PT,pressure,1414.937125235,1779490260.1846886,0.5672550877636775,,8.406885970459687,psi,,hardware
CC-PT,pressure,1414.943676159,1779490260.1912408,0.2613979889628874,,-29.825251379639074,psi,,hardware
E-LC,thrust,1414.938735834,1779490260.186299,0.078125,0.078125,0.0,N,,hardware
LF-PT,pressure,1414.948157435,1779490260.1957207,0.22621455505067767,,-34.22318061866529,psi,,hardware
FT-PT,pressure,1414.952358893,1779490260.199922,1.0738427727035014,,71.73034658793767,psi,,hardware
N-LC,thrust,1414.949805624,1779490260.1973689,0.078125,0.078125,0.0,N,,hardware
FM-PT,pressure,1414.956082729,1779490260.2036462,0.7157803435063771,,26.972542938297135,psi,,hardware
WM-PT,pressure,1414.963061167,1779490260.2106245,0.4593468259986432,,-5.081646750169602,psi,,hardware
LF-PT,pressure,1414.96585259,1779490260.2134156,0.22638919668068846,,-34.20135041491394,psi,,hardware
E-LC,thrust,1414.961781495,1779490260.209346,0.078125,0.078125,0.0,N,,hardware
FI-PT,pressure,1414.970997941,1779490260.2185616,0.567188330553571,,8.398541319196372,psi,,hardware
CC-PT,pressure,1414.975097016,1779490260.2226605,0.2615195824527243,,-29.810052193409465,psi,,hardware
FT-PT,pressure,1414.978793335,1779490260.2263567,1.0734165994425535,,71.6770749303192,psi,,hardware
N-LC,thrust,1414.973553729,1779490260.2211173,0.078125,0.078125,0.0,N,,hardware
FM-PT,pressure,1414.982593092,1779490260.230157,0.7159531969968315,,26.99414962460393,psi,,hardware
WM-PT,pressure,1414.986681278,1779490260.2342446,0.45978968856211766,,-5.026288929735292,psi,,hardware
LF-PT,pressure,1414.992679732,1779490260.240244,0.22646966296072757,,-34.19129212990905,psi,,hardware
E-LC,thrust,1414.985137436,1779490260.2327006,0.078125,0.078125,0.0,N,,hardware
FT-PT,pressure,1414.997152435,1779490260.2447166,1.072945722692695,,71.61821533658689,psi,,hardware
FI-PT,pressure,1415.001490256,1779490260.2490537,0.5675936421863605,,8.449205273295068,psi,,hardware
CC-PT,pressure,1415.005650605,1779490260.253214,0.2615881278023872,,-29.801484024701598,psi,,hardware
N-LC,thrust,1414.9991669,1779490260.2467303,0.078125,0.078125,0.0,N,,hardware
LF-PT,pressure,1415.009724551,1779490260.257288,0.22654297668254098,,-34.182127914682376,psi,,hardware
FM-PT,pressure,1415.013902751,1779490260.261466,0.7156510014117957,,26.956375176474463,psi,,hardware
E-LC,thrust,1415.011337964,1779490260.2589014,0.078125,0.078125,0.0,N,,hardware
WM-PT,pressure,1415.017585441,1779490260.2651486,0.46013062717087594,,-4.9836716036405075,psi,,hardware
FT-PT,pressure,1415.021851396,1779490260.2694147,1.0727323380389617,,71.59154225487022,psi,,hardware
FI-PT,pressure,1415.026871217,1779490260.2744346,0.5678421935847036,,8.480274198087944,psi,,hardware
N-LC,thrust,1415.021409586,1779490260.268973,0.078125,0.078125,0.0,N,,hardware
CC-PT,pressure,1415.030553555,1779490260.278117,0.2618259503633917,,-29.77175620457604,psi,,hardware
LF-PT,pressure,1415.034796603,1779490260.2823598,0.22656920272936854,,-34.17884965882893,psi,,hardware
FM-PT,pressure,1415.038513328,1779490260.2860768,0.7152796644305782,,26.909958053822276,psi,,hardware
E-LC,thrust,1415.032539836,1779490260.2801032,0.078125,0.078125,0.0,N,,hardware
WM-PT,pressure,1415.042131966,1779490260.2896953,0.46049421554734893,,-4.938223056581384,psi,,hardware
FT-PT,pressure,1415.046226485,1779490260.2937896,1.0724837866406187,,71.56047333007734,psi,,hardware
FI-PT,pressure,1415.049968561,1779490260.2975318,0.568148561495371,,8.51857018692137,psi,,hardware
N-LC,thrust,1415.04468555,1779490260.2922487,0.078125,0.078125,0.0,N,,hardware
CC-PT,pressure,1415.053654787,1779490260.3012183,0.26207211757565946,,-29.740985303042567,psi,,hardware
LF-PT,pressure,1415.05783495,1779490260.3053985,0.2265233071474203,,-34.18458660657246,psi,,hardware
FM-PT,pressure,1415.061323817,1779490260.3088872,0.7148165362854643,,26.85206703568303,psi,,hardware
E-LC,thrust,1415.056220223,1779490260.3037837,0.078125,0.078125,0.0,N,,hardware
WM-PT,pressure,1415.063683245,1779490260.3112469,0.46091025601747704,,-4.88621799781537,psi,,hardware
FT-PT,pressure,1415.06921639,1779490260.3167799,1.0721649017530563,,71.52061271913205,psi,,hardware
FI-PT,pressure,1415.073768792,1779490260.3213327,0.5684513531269255,,8.556419140865689,psi,,hardware
N-LC,thrust,1415.0676639,1779490260.3152275,0.078125,0.078125,0.0,N,,hardware
CC-PT,pressure,1415.078737487,1779490260.3263006,0.26233497409045387,,-29.708128238693266,psi,,hardware
LF-PT,pressure,1415.083374551,1779490260.330938,0.2265221150543827,,-34.18473561820216,psi,,hardware
FM-PT,pressure,1415.087118478,1779490260.3346822,0.7148117679133138,,26.851470989164223,psi,,hardware
E-LC,thrust,1415.081311977,1779490260.3288753,0.078125,0.078125,0.0,N,,hardware
WM-PT,pressure,1415.094592222,1779490260.3421562,0.46120172276517424,,-4.84978465435322,psi,,hardware
LF-PT,pressure,1415.098822716,1779490260.346386,0.22673013528944674,,-34.158733088819154,psi,,hardware
FT-PT,pressure,1415.10251559,1779490260.350079,1.0719312515176835,,71.49140643971045,psi,,hardware
N-LC,thrust,1415.097219228,1779490260.3447826,0.078125,0.078125,0.0,N,,hardware
FI-PT,pressure,1415.106219686,1779490260.3537834,0.5687571249910741,,8.594640623884263,psi,,hardware
CC-PT,pressure,1415.110454365,1779490260.3580174,0.2623647764163943,,-29.704402947950715,psi,,hardware
LF-PT,pressure,1415.114212643,1779490260.3617759,0.2268284829650501,,-34.146439629368736,psi,,hardware
E-LC,thrust,1415.108790844,1779490260.3563542,0.078125,0.078125,0.0,N,,hardware
FM-PT,pressure,1415.117898999,1779490260.3654623,0.7145650046545272,,26.8206255818159,psi,,hardware
WM-PT,pressure,1415.122079014,1779490260.3696423,0.46151107090843574,,-4.811116136445532,psi,,hardware
FT-PT,pressure,1415.126189736,1779490260.373753,1.0715992536067074,,71.44990670083843,psi,,hardware
N-LC,thrust,1415.120483471,1779490260.3680468,0.078125,0.078125,0.0,N,,hardware
FI-PT,pressure,1415.129847853,1779490260.3774111,0.569077798018193,,8.634724752274128,psi,,hardware
CC-PT,pressure,1415.133968556,1779490260.381532,0.2625102117669835,,-29.68622352912706,psi,,hardware
LF-PT,pressure,1415.137806904,1779490260.385371,0.22679391226695922,,-34.150760966630095,psi,,hardware
E-LC,thrust,1415.131466377,1779490260.3790295,0.078125,0.078125,0.0,N,,hardware
FM-PT,pressure,1415.14158957,1779490260.3891535,0.7143408911634553,,26.792611395431916,psi,,hardware
WM-PT,pressure,1415.145812823,1779490260.3933764,0.46173399230647,,-4.78325096169125,psi,,hardware
FT-PT,pressure,1415.149501161,1779490260.3970647,1.071258911044468,,71.40736388055849,psi,,hardware
N-LC,thrust,1415.14321976,1779490260.3907833,0.078125,0.078125,0.0,N,,hardware
FI-PT,pressure,1415.153224349,1779490260.4007878,0.5694515191854858,,8.681439898185719,psi,,hardware
CC-PT,pressure,1415.157459509,1779490260.4050229,0.262776048514372,,-29.652993935703503,psi,,hardware
LF-PT,pressure,1415.16155375,1779490260.4091177,0.22679391226695922,,-34.150760966630095,psi,,hardware
E-LC,thrust,1415.154877333,1779490260.4024408,0.078125,0.078125,0.0,N,,hardware
FM-PT,pressure,1415.165232107,1779490260.4127953,0.7139868395312833,,26.74835494141041,psi,,hardware
WM-PT,pressure,1415.169504728,1779490260.417068,0.46206539417092735,,-4.7418257286340815,psi,,hardware
N-LC,thrust,1415.166882777,1779490260.414446,0.078125,0.078125,0.0,N,,hardware
FT-PT,pressure,1415.174265915,1779490260.42183,1.0709686363898083,,71.37107954872604,psi,,hardware
FI-PT,pressure,1415.178484576,1779490260.426048,0.5696911298860466,,8.71139123575583,psi,,hardware
CC-PT,pressure,1415.182210115,1779490260.4297736,0.26300910270322597,,-29.623862162096753,psi,,hardware
E-LC,thrust,1415.176905791,1779490260.4244692,0.078125,0.078125,0.0,N,,hardware
LF-PT,pressure,1415.185915489,1779490260.4334788,0.2267337115685596,,-34.15828605393005,psi,,hardware
FM-PT,pressure,1415.195846118,1779490260.4434094,0.7136828558066911,,26.710356975836387,psi,,hardware
N-LC,thrust,1415.192495022,1779490260.4400592,0.078125,0.078125,0.0,N,,hardware
WM-PT,pressure,1415.199629729,1779490260.4471931,0.4624754741758674,,-4.690565728016578,psi,,hardware
FT-PT,pressure,1415.204668105,1779490260.4522314,1.0707564438291126,,71.34455547863908,psi,,hardware
FI-PT,pressure,1415.208652259,1779490260.4562156,0.5699754440755181,,8.746930509439768,psi,,hardware
E-LC,thrust,1415.203356175,1779490260.4509196,0.078125,0.078125,0.0,N,,hardware
CC-PT,pressure,1415.21233956,1779490260.459903,0.2635926322451392,,-29.550920969357602,psi,,hardware
LF-PT,pressure,1415.21647617,1779490260.4640393,0.22671106180084488,,-34.16111727489439,psi,,hardware
FM-PT,pressure,1415.220178747,1779490260.467742,0.7133991376637384,,26.6748922079673,psi,,hardware
N-LC,thrust,1415.214895107,1779490260.4624584,0.078125,0.078125,0.0,N,,hardware
WM-PT,pressure,1415.223918323,1779490260.4714816,0.4628211811567761,,-4.647352355402985,psi,,hardware
FT-PT,pressure,1415.228189944,1779490260.4757533,1.0703845108013763,,71.29806385017204,psi,,hardware
FI-PT,pressure,1415.231772547,1779490260.479336,0.5703092301260507,,8.78865376575634,psi,,hardware
E-LC,thrust,1415.226518275,1779490260.4740815,0.078125,0.078125,0.0,N,,hardware
CC-PT,pressure,1415.236153347,1779490260.4837167,0.26372853085142745,,-29.53393364357157,psi,,hardware
LF-PT,pressure,1415.240161723,1779490260.4877253,0.226704505289138,,-34.16193683885775,psi,,hardware
FM-PT,pressure,1415.244455472,1779490260.492019,0.7130570069619425,,26.632125870242813,psi,,hardware
N-LC,thrust,1415.237743427,1779490260.4853067,0.078125,0.078125,0.0,N,,hardware
WM-PT,pressure,1415.248211491,1779490260.4957747,0.46311443604402974,,-4.610695494496282,psi,,hardware
FT-PT,pressure,1415.252374711,1779490260.4999382,1.070106157077093,,71.26326963463661,psi,,hardware
E-LC,thrust,1415.249769962,1779490260.4973333,0.078125,0.078125,0.0,N,,hardware
FI-PT,pressure,1415.25611786,1779490260.5036814,0.5706722224560049,,8.834027807000613,psi,,hardware
CC-PT,pressure,1415.261142533,1779490260.5087059,0.2639222459700401,,-29.509719253744986,psi,,hardware
LF-PT,pressure,1415.265053507,1779490260.5126166,0.22670629342869442,,-34.161713321413195,psi,,hardware
N-LC,thrust,1415.259844233,1779490260.5074077,0.078125,0.078125,0.0,N,,hardware
FM-PT,pressure,1415.269548393,1779490260.5171123,0.7128126278892312,,26.601578486153894,psi,,hardware
WM-PT,pressure,1415.273768998,1779490260.5213325,0.4633158997673869,,-4.585512529076636,psi,,hardware
FT-PT,pressure,1415.277538776,1779490260.5251021,1.0697729670730791,,71.2216208841349,psi,,hardware
E-LC,thrust,1415.271184916,1779490260.5187485,0.078125,0.078125,0.0,N,,hardware
FI-PT,pressure,1415.28123078,1779490260.528794,0.5710966075773963,,8.88707594717454,psi,,hardware
CC-PT,pressure,1415.285468014,1779490260.5330312,0.26437583737085313,,-29.45302032864336,psi,,hardware
N-LC,thrust,1415.282881487,1779490260.5304449,0.078125,0.078125,0.0,N,,hardware
LF-PT,pressure,1415.292194965,1779490260.5397592,0.22671761831255177,,-34.160297710931026,psi,,hardware
FT-PT,pressure,1415.29772761,1779490260.5452914,1.0692645393925355,,71.15806742406694,psi,,hardware
FM-PT,pressure,1415.301499499,1779490260.5490632,0.7129568711467827,,26.61960889334784,psi,,hardware
E-LC,thrust,1415.295942114,1779490260.543506,0.078125,0.078125,0.0,N,,hardware
WM-PT,pressure,1415.307157619,1779490260.5547216,0.46363359256191167,,-4.545800929761041,psi,,hardware
LF-PT,pressure,1415.311437277,1779490260.5590005,0.22685530505839646,,-34.14308686770044,psi,,hardware
FI-PT,pressure,1415.315136614,1779490260.5627,0.5708361352486772,,8.854516906084644,psi,,hardware
N-LC,thrust,1415.30982029,1779490260.5573838,0.078125,0.078125,0.0,N,,hardware
CC-PT,pressure,1415.318841247,1779490260.5664043,0.26456001574516486,,-29.429998031854392,psi,,hardware
FT-PT,pressure,1415.323488829,1779490260.571052,1.0690010868312223,,71.12513585390279,psi,,hardware
FM-PT,pressure,1415.327167408,1779490260.5747306,0.7130963460321839,,26.63704325402298,psi,,hardware
E-LC,thrust,1415.321261616,1779490260.568825,0.078125,0.078125,0.0,N,,hardware
WM-PT,pressure,1415.330898762,1779490260.578462,0.4639632062868126,,-4.504599214148426,psi,,hardware
LF-PT,pressure,1415.33500054,1779490260.582564,0.22703054273492607,,-34.12118215813424,psi,,hardware
FI-PT,pressure,1415.338772503,1779490260.5863357,0.5707735503642023,,8.846693795525287,psi,,hardware
N-LC,thrust,1415.333444291,1779490260.5810077,0.078125,0.078125,0.0,N,,hardware
CC-PT,pressure,1415.342431249,1779490260.5899947,0.264848502260268,,-29.393937217466497,psi,,hardware
FT-PT,pressure,1415.346517639,1779490260.5940807,1.0685713372911616,,71.0714171613952,psi,,hardware
FM-PT,pressure,1415.3502644,1779490260.5978277,0.7132727758017511,,26.659096975218883,psi,,hardware
E-LC,thrust,1415.344961501,1779490260.5925248,0.078125,0.078125,0.0,N,,hardware
WM-PT,pressure,1415.353944238,1779490260.6015077,0.46423738768546435,,-4.470326539316956,psi,,hardware
LF-PT,pressure,1415.358087773,1779490260.6056511,0.22708299482858119,,-34.11462564642735,psi,,hardware
FI-PT,pressure,1415.36179885,1779490260.6093624,0.5706424201300645,,8.830302516258062,psi,,hardware
N-LC,thrust,1415.356506285,1779490260.6040697,0.078125,0.078125,0.0,N,,hardware
CC-PT,pressure,1415.365496613,1779490260.6130598,0.2650517541231816,,-29.3685307346023,psi,,hardware
FT-PT,pressure,1415.370937782,1779490260.6185014,1.0681397996115445,,71.01747495144306,psi,,hardware
E-LC,thrust,1415.367481062,1779490260.6150444,0.078125,0.078125,0.0,N,,hardware
FM-PT,pressure,1415.375052467,1779490260.622616,0.7133419171979328,,26.667739649741602,psi,,hardware
WM-PT,pressure,1415.379101415,1779490260.6266649,0.4645020323398152,,-4.437245957523102,psi,,hardware
LF-PT,pressure,1415.382778623,1779490260.630342,0.2272373708769525,,-34.095328640380934,psi,,hardware
N-LC,thrust,1415.377523741,1779490260.625087,0.078125,0.078125,0.0,N,,hardware
FI-PT,pressure,1415.386862643,1779490260.634426,0.5707592452477509,,8.844905655968862,psi,,hardware
CC-PT,pressure,1415.393648795,1779490260.6412127,0.26531580273101363,,-29.335524658623296,psi,,hardware
LF-PT,pressure,1415.398195308,1779490260.6457584,0.22736373273893984,,-34.07953340763252,psi,,hardware
E-LC,thrust,1415.391374585,1779490260.6389387,0.078125,0.078125,0.0,N,,hardware
FT-PT,pressure,1415.40195442,1779490260.6495175,1.0677851519328536,,70.9731439916067,psi,,hardware
FM-PT,pressure,1415.406178284,1779490260.6537416,0.7135326520839514,,26.69158151049393,psi,,hardware
WM-PT,pressure,1415.409863344,1779490260.6574266,0.4647291260634811,,-4.408859242064862,psi,,hardware
N-LC,thrust,1415.403583406,1779490260.6511467,0.078125,0.078125,0.0,N,,hardware
LF-PT,pressure,1415.413624863,1779490260.6611881,0.22762062878854616,,-34.04742140143173,psi,,hardware
FI-PT,pressure,1415.419176082,1779490260.6667402,0.5706841433863811,,8.835517923297633,psi,,hardware
CC-PT,pressure,1415.423034614,1779490260.6705978,0.2654820997097611,,-29.31473753627986,psi,,hardware
E-LC,thrust,1415.415220666,1779490260.662784,0.078125,0.078125,0.0,N,,hardware
FT-PT,pressure,1415.427399433,1779490260.6749628,1.0673697075092443,,70.92121343865554,psi,,hardware
FM-PT,pressure,1415.43160815,1779490260.6791713,0.7137102739465563,,26.713784243319534,psi,,hardware
N-LC,thrust,1415.429070824,1779490260.676634,0.078125,0.078125,0.0,N,,hardware
WM-PT,pressure,1415.436427723,1779490260.6839912,0.4649752932757489,,-4.37808834053139,psi,,hardware
LF-PT,pressure,1415.440719769,1779490260.6882832,0.22780003879070743,,-34.02499515116157,psi,,hardware
FI-PT,pressure,1415.444458455,1779490260.6920218,0.5704981768725129,,8.812272109064114,psi,,hardware
E-LC,thrust,1415.439117837,1779490260.6866813,0.078125,0.078125,0.0,N,,hardware
CC-PT,pressure,1415.44812285,1779490260.695686,0.26564541645591455,,-29.29432294301068,psi,,hardware
FT-PT,pressure,1415.452288865,1779490260.699852,1.066932805410958,,70.86660067636974,psi,,hardware
FM-PT,pressure,1415.456033682,1779490260.703597,0.7137263672025641,,26.71579590032051,psi,,hardware
N-LC,thrust,1415.450704007,1779490260.6982677,0.078125,0.078125,0.0,N,,hardware
WM-PT,pressure,1415.459752851,1779490260.707316,0.4653126556053943,,-4.335918049325711,psi,,hardware
LF-PT,pressure,1415.463949624,1779490260.711513,0.2277475866970523,,-34.03155166286846,psi,,hardware
FI-PT,pressure,1415.467735975,1779490260.7152994,0.5704099619877293,,8.801245248466163,psi,,hardware
E-LC,thrust,1415.462279399,1779490260.7098427,0.078125,0.078125,0.0,N,,hardware
CC-PT,pressure,1415.47133791,1779490260.7189012,0.26586774180743,,-29.26653227407125,psi,,hardware
FT-PT,pressure,1415.476086597,1779490260.7236497,1.0665060361034913,,70.81325451293641,psi,,hardware
FM-PT,pressure,1415.479784712,1779490260.7273479,0.7137883560405202,,26.723544505065018,psi,,hardware
N-LC,thrust,1415.473821775,1779490260.7213852,0.078125,0.078125,0.0,N,,hardware
WM-PT,pressure,1415.48344894,1779490260.731012,0.4656333286325131,,-4.295833920935861,psi,,hardware
LF-PT,pressure,1415.487581717,1779490260.7351449,0.22804859018905044,,-33.99392622636869,psi,,hardware
FI-PT,pressure,1415.49449938,1779490260.7420633,0.5701471054729349,,8.768388184116862,psi,,hardware
E-LC,thrust,1415.48600408,1779490260.7335675,0.078125,0.078125,0.0,N,,hardware
CC-PT,pressure,1415.496892565,1779490260.7444563,0.26617828204372906,,-29.227714744533866,psi,,hardware
FT-PT,pressure,1415.502526261,1779490260.7500894,1.0661078770289274,,70.76348462861593,psi,,hardware
FM-PT,pressure,1415.506237597,1779490260.7538009,0.7139421360423727,,26.74276700529658,psi,,hardware
N-LC,thrust,1415.500913274,1779490260.7484767,0.078125,0.078125,0.0,N,,hardware
WM-PT,pressure,1415.509913083,1779490260.7574766,0.46589082072863824,,-4.263647408920219,psi,,hardware
LF-PT,pressure,1415.51410169,1779490260.7616649,0.22819998600482772,,-33.97500174939653,psi,,hardware
FI-PT,pressure,1415.517823582,1779490260.7653868,0.5700141870992407,,8.751773387405084,psi,,hardware
E-LC,thrust,1415.512496796,1779490260.76006,0.078125,0.078125,0.0,N,,hardware
CC-PT,pressure,1415.521522715,1779490260.7690861,0.2663863022787931,,-29.20171221515086,psi,,hardware
FT-PT,pressure,1415.525811205,1779490260.7733748,1.065838464002426,,70.72980800030327,psi,,hardware
FM-PT,pressure,1415.531569394,1779490260.7791336,0.7140738623230293,,26.759232790378658,psi,,hardware
N-LC,thrust,1415.523506256,1779490260.7710695,0.078125,0.078125,0.0,N,,hardware
WM-PT,pressure,1415.535339412,1779490260.7829027,0.466180499336779,,-4.227437582902622,psi,,hardware
LF-PT,pressure,1415.539519224,1779490260.7870824,0.22821786740039196,,-33.972766574951,psi,,hardware
FI-PT,pressure,1415.543215894,1779490260.790779,0.5699611389590667,,8.745142369883343,psi,,hardware
E-LC,thrust,1415.537932513,1779490260.785496,0.078125,0.078125,0.0,N,,hardware
CC-PT,pressure,1415.547341393,1779490260.7949045,0.26656928856006723,,-29.178838929991596,psi,,hardware
FT-PT,pressure,1415.551962366,1779490260.799526,1.0654122907414783,,70.67653634268478,psi,,hardware
FM-PT,pressure,1415.555672369,1779490260.8032355,0.7141441958122486,,26.768024476531078,psi,,hardware
N-LC,thrust,1415.548902642,1779490260.796466,0.078125,0.078125,0.0,N,,hardware
WM-PT,pressure,1415.559413148,1779490260.8069766,0.4665160735268681,,-4.1854908091414895,psi,,hardware
LF-PT,pressure,1415.563636049,1779490260.8111992,0.22836389879750002,,-33.954512650312495,psi,,hardware
E-LC,thrust,1415.561041893,1779490260.8086052,0.078125,0.078125,0.0,N,,hardware
FI-PT,pressure,1415.568437271,1779490260.8160005,0.5698729240742831,,8.734115509285392,psi,,hardware
CC-PT,pressure,1415.572600157,1779490260.8201632,0.26676598391127393,,-29.154252011090758,psi,,hardware
FT-PT,pressure,1415.576306346,1779490260.8238697,1.065009363294764,,70.6261704118455,psi,,hardware
N-LC,thrust,1415.57103089,1779490260.8185942,0.078125,0.078125,0.0,N,,hardware
FM-PT,pressure,1415.580022089,1779490260.8275855,0.7143253939539663,,26.79067424424579,psi,,hardware
WM-PT,pressure,1415.58412222,1779490260.8316855,0.46672647794800737,,-4.159190256499079,psi,,hardware
LF-PT,pressure,1415.587942643,1779490260.8355062,0.22851946693890896,,-33.93506663263638,psi,,hardware
E-LC,thrust,1415.582553175,1779490260.8301165,0.078125,0.078125,0.0,N,,hardware
FI-PT,pressure,1415.594964615,1779490260.8425288,0.5698151075619587,,8.726888445244843,psi,,hardware
CC-PT,pressure,1415.599241217,1779490260.8468044,0.2669042667036374,,-29.13696666204532,psi,,hardware
FT-PT,pressure,1415.602972515,1779490260.8505359,1.0646344500344336,,70.5793062543042,psi,,hardware
N-LC,thrust,1415.596688892,1779490260.8442523,0.078125,0.078125,0.0,N,,hardware
FM-PT,pressure,1415.606648946,1779490260.8542123,0.7144297020947578,,26.803712761844718,psi,,hardware
WM-PT,pressure,1415.610875329,1779490260.8584387,0.46726291981493473,,-4.092135023133158,psi,,hardware
LF-PT,pressure,1415.614620589,1779490260.862184,0.228581455776865,,-33.92731802789187,psi,,hardware
E-LC,thrust,1415.608260378,1779490260.8558235,0.078125,0.078125,0.0,N,,hardware
FI-PT,pressure,1415.618373738,1779490260.865937,0.5697239124445811,,8.715489055572636,psi,,hardware
CC-PT,pressure,1415.622587251,1779490260.8701503,0.26705745065897113,,-29.117818667628608,psi,,hardware
N-LC,thrust,1415.619974837,1779490260.8675382,0.078125,0.078125,0.0,N,,hardware
FT-PT,pressure,1415.626317401,1779490260.8738806,1.0643084125886455,,70.53855157358069,psi,,hardware
FM-PT,pressure,1415.63170174,1779490260.879265,0.714550103491557,,26.818762936444625,psi,,hardware
WM-PT,pressure,1415.635554106,1779490260.8831177,0.46746974795696117,,-4.0662815053798536,psi,,hardware
E-LC,thrust,1415.630466029,1779490260.8780293,0.078125,0.078125,0.0,N,,hardware
LF-PT,pressure,1415.639014419,1779490260.8865778,0.22883298740780206,,-33.89587657402474,psi,,hardware
FI-PT,pressure,1415.645818847,1779490260.8933825,0.5695653640705781,,8.695670508822264,psi,,hardware
CC-PT,pressure,1415.649550682,1779490260.897114,0.2672064622886732,,-29.099192213915853,psi,,hardware
N-LC,thrust,1415.641270667,1779490260.888834,0.078125,0.078125,0.0,N,,hardware
FT-PT,pressure,1415.653299202,1779490260.9008627,1.0639442281656537,,70.49302852070672,psi,,hardware
FM-PT,pressure,1415.657452551,1779490260.905016,0.7146764653535443,,26.83455816919304,psi,,hardware
E-LC,thrust,1415.654888246,1779490260.9024515,0.078125,0.078125,0.0,N,,hardware
WM-PT,pressure,1415.66221996,1779490260.9097834,0.46767955633158165,,-4.040055458552294,psi,,hardware
LF-PT,pressure,1415.66540014,1779490260.9129634,0.22902729857293352,,-33.87158767838331,psi,,hardware
FI-PT,pressure,1415.670447497,1779490260.918011,0.5694044315104999,,8.675553938812488,psi,,hardware
N-LC,thrust,1415.6649827,1779490260.9125462,0.078125,0.078125,0.0,N,,hardware
CC-PT,pressure,1415.674194202,1779490260.9217577,0.2674466690357529,,-29.069166370530883,psi,,hardware
FT-PT,pressure,1415.678310924,1779490260.9258742,1.0635854081613312,,70.4481760201664,psi,,hardware
FM-PT,pressure,1415.681931395,1779490260.9294946,0.7148415702392542,,26.855196279906774,psi,,hardware
E-LC,thrust,1415.676760211,1779490260.9243236,0.078125,0.078125,0.0,N,,hardware
WM-PT,pressure,1415.685654656,1779490260.933218,0.4681146702903116,,-3.9856662137110477,psi,,hardware
LF-PT,pressure,1415.69234648,1779490260.9399107,0.2289593492697894,,-33.88008134127632,psi,,hardware
FT-PT,pressure,1415.695769258,1779490260.943333,1.0629780367586656,,70.37225459483321,psi,,hardware
FI-PT,pressure,1415.699467076,1779490260.9470305,0.5696976863977535,,8.712210799719191,psi,,hardware
N-LC,thrust,1415.688212074,1779490260.9357755,0.078125,0.078125,0.0,N,,hardware
CC-PT,pressure,1415.703201745,1779490260.9507651,0.26746157019872313,,-29.067303725159608,psi,,hardware
LF-PT,pressure,1415.707276302,1779490260.9548397,0.22907915462006984,,-33.86510567249127,psi,,hardware
FM-PT,pressure,1415.709663432,1779490260.957227,0.7145834820966103,,26.82293526207628,psi,,hardware
E-LC,thrust,1415.704844897,1779490260.9524083,0.078125,0.078125,0.0,N,,hardware
WM-PT,pressure,1415.714687161,1779490260.9622505,0.46838587145636934,,-3.9517660679538325,psi,,hardware
FT-PT,pressure,1415.719033815,1779490260.9665973,1.0627884939656846,,70.34856174571058,psi,,hardware
FI-PT,pressure,1415.722744707,1779490260.970308,0.5700153791922783,,8.751922399034786,psi,,hardware
N-LC,thrust,1415.717231301,1779490260.9647946,0.078125,0.078125,0.0,N,,hardware
CC-PT,pressure,1415.726384677,1779490260.9739482,0.26772561880655515,,-29.034297649180605,psi,,hardware
LF-PT,pressure,1415.730559951,1779490260.9781232,0.22905233252672347,,-33.868458434159564,psi,,hardware
FM-PT,pressure,1415.734287342,1779490260.9818509,0.7141638653473693,,26.770483168421162,psi,,hardware
E-LC,thrust,1415.728955741,1779490260.976519,0.078125,0.078125,0.0,N,,hardware
WM-PT,pressure,1415.738010863,1779490260.9855745,0.4687321744837969,,-3.9084781895253884,psi,,hardware
FT-PT,pressure,1415.742198359,1779490260.9897618,1.0624260976822493,,70.30326221028116,psi,,hardware
FI-PT,pressure,1415.745931509,1779490260.993495,0.5703682387314127,,8.796029841426591,psi,,hardware
N-LC,thrust,1415.740577854,1779490260.9881413,0.078125,0.078125,0.0,N,,hardware
CC-PT,pressure,1415.749596459,1779490260.99716,0.2679783425305298,,-29.00270718368377,psi,,hardware
LF-PT,pressure,1415.753724698,1779490261.001288,0.22918823113301173,,-33.85147110837353,psi,,hardware
FM-PT,pressure,1415.759470462,1779490261.0070348,0.7138092176686784,,26.726152208584804,psi,,hardware
E-LC,thrust,1415.752141173,1779490260.9997046,0.078125,0.078125,0.0,N,,hardware
WM-PT,pressure,1415.763161189,1779490261.0107245,0.46890383588121365,,-3.887020514848294,psi,,hardware
FT-PT,pressure,1415.767536045,1779490261.0150998,0.22974255439550334,,-33.78218070056208,psi,,hardware
FI-PT,pressure,1415.771593437,1779490261.0191572,0.5701709473336872,,8.771368416710903,psi,,hardware
N-LC,thrust,1415.765778862,1779490261.0133424,0.078125,0.078125,0.0,N,,hardware
CC-PT,pressure,1415.775280386,1779490261.0228438,0.2680731139270203,,-28.99086075912246,psi,,hardware
LF-PT,pressure,1415.77946355,1779490261.027027,0.229936269514116,,-33.7579663107355,psi,,hardware
FM-PT,pressure,1415.783417447,1779490261.0309808,0.7132918492903529,,26.661481161294116,psi,,hardware
E-LC,thrust,1415.77784884,1779490261.0254123,0.078125,0.078125,0.0,N,,hardware
WM-PT,pressure,1415.785796134,1779490261.0333593,0.4696882330999652,,-3.7889708625043483,psi,,hardware
LF-PT,pressure,1415.795040283,1779490261.0426035,0.23015382649348098,,-33.730771688314874,psi,,hardware
FT-PT,pressure,1415.798786506,1779490261.04635,1.061553485578714,,70.19418569733926,psi,,hardware
N-LC,thrust,1415.793363244,1779490261.0409272,0.078125,0.078125,0.0,N,,hardware
FI-PT,pressure,1415.802536822,1779490261.0501003,0.5705017531516258,,8.81271914395322,psi,,hardware
CC-PT,pressure,1415.806714671,1779490261.0542781,0.2682465634639935,,-28.96917956700081,psi,,hardware
LF-PT,pressure,1415.810428359,1779490261.0579917,0.23029866579755137,,-33.712666775306076,psi,,hardware
E-LC,thrust,1415.80506639,1779490261.0526297,0.078125,0.078125,0.0,N,,hardware
FM-PT,pressure,1415.814112123,1779490261.0616755,0.713061775334093,,26.63272191676162,psi,,hardware
WM-PT,pressure,1415.818256252,1779490261.0658197,0.46992486356793206,,-3.7593920540084924,psi,,hardware
FT-PT,pressure,1415.821987624,1779490261.069551,1.061211950923437,,70.15149386542963,psi,,hardware
N-LC,thrust,1415.816685188,1779490261.0642486,0.078125,0.078125,0.0,N,,hardware
FI-PT,pressure,1415.825682166,1779490261.0732455,0.5708349431556395,,8.854367894454942,psi,,hardware
CC-PT,pressure,1415.829979526,1779490261.0775425,0.2683699450933868,,-28.95375686332665,psi,,hardware
LF-PT,pressure,1415.833714991,1779490261.0812783,0.23023310068048247,,-33.72086241493969,psi,,hardware
E-LC,thrust,1415.827689428,1779490261.0752528,0.078125,0.078125,0.0,N,,hardware
FM-PT,pressure,1415.837829584,1779490261.0853932,0.7127768650981027,,26.597108137262833,psi,,hardware
WM-PT,pressure,1415.842017228,1779490261.0895805,0.47015136124507917,,-3.731079844365104,psi,,hardware
FT-PT,pressure,1415.845726824,1779490261.0932903,1.060926444640928,,70.11580558011599,psi,,hardware
N-LC,thrust,1415.83940761,1779490261.0869708,0.078125,0.078125,0.0,N,,hardware
FI-PT,pressure,1415.849450827,1779490261.0970142,0.5711430992058634,,8.89288740073292,psi,,hardware
CC-PT,pressure,1415.853603103,1779490261.1011662,0.2685952506774963,,-28.925593665312963,psi,,hardware
LF-PT,pressure,1415.857345252,1779490261.1049085,0.23017289998208285,,-33.72838750223964,psi,,hardware
E-LC,thrust,1415.851008965,1779490261.098572,0.078125,0.078125,0.0,N,,hardware
FM-PT,pressure,1415.861395663,1779490261.1089592,0.7124448671871265,,26.555608398390813,psi,,hardware
WM-PT,pressure,1415.865593344,1779490261.1131566,0.47057217008735774,,-3.678478739080282,psi,,hardware
N-LC,thrust,1415.86303089,1779490261.1105943,0.078125,0.078125,0.0,N,,hardware
LF-PT,pressure,1415.872388218,1779490261.1199522,0.23038390044974094,,-33.70201244378238,psi,,hardware
FT-PT,pressure,1415.876786444,1779490261.12435,1.0605270934733264,,70.0658866841658,psi,,hardware
FI-PT,pressure,1415.880584313,1779490261.1281474,0.5714107240928082,,8.92634051160103,psi,,hardware
E-LC,thrust,1415.875083499,1779490261.122647,0.078125,0.078125,0.0,N,,hardware
CC-PT,pressure,1415.88421945,1779490261.131783,0.26885572300621546,,-28.893034624223066,psi,,hardware
LF-PT,pressure,1415.892341715,1779490261.1399057,0.23050012952090854,,-33.68748380988643,psi,,hardware
N-LC,thrust,1415.886215379,1779490261.133779,0.078125,0.078125,0.0,N,,hardware
FT-PT,pressure,1415.896788142,1779490261.144352,1.0600895953285212,,70.01119941606515,psi,,hardware
FM-PT,pressure,1415.901022432,1779490261.1485858,0.7126385823057392,,26.579822788217395,psi,,hardware
WM-PT,pressure,1415.904808949,1779490261.1523726,0.47079747567146724,,-3.6503155410665955,psi,,hardware
E-LC,thrust,1415.899360151,1779490261.1469235,0.078125,0.078125,0.0,N,,hardware
LF-PT,pressure,1415.908463826,1779490261.156027,0.2306717909183253,,-33.666026135209336,psi,,hardware
FI-PT,pressure,1415.912659359,1779490261.1602228,0.5712503875792488,,8.906298447406105,psi,,hardware
CC-PT,pressure,1415.916410453,1779490261.1639736,0.26915255417258194,,-28.855930728427257,psi,,hardware
N-LC,thrust,1415.911073926,1779490261.1586373,0.078125,0.078125,0.0,N,,hardware
FT-PT,pressure,1415.920152621,1779490261.1677163,1.0597593855571015,,69.96992319463769,psi,,hardware
FM-PT,pressure,1415.924386633,1779490261.17195,0.71269818695762,,26.587273369702498,psi,,hardware
WM-PT,pressure,1415.928129283,1779490261.1756926,0.4710865582330892,,-3.6141802208638496,psi,,hardware
E-LC,thrust,1415.922781035,1779490261.1703446,0.078125,0.078125,0.0,N,,hardware
LF-PT,pressure,1415.931840212,1779490261.1794035,0.23084941278093016,,-33.643823402383724,psi,,hardware
FI-PT,pressure,1415.936044652,1779490261.1836078,0.5712867464168961,,8.910843302112017,psi,,hardware
CC-PT,pressure,1415.942036125,1779490261.1896005,0.26928428045323854,,-28.83946494334518,psi,,hardware
N-LC,thrust,1415.934396556,1779490261.18196,0.078125,0.078125,0.0,N,,hardware
LF-PT,pressure,1415.946063389,1779490261.193627,0.23110988510964933,,-33.61126436129383,psi,,hardware
FT-PT,pressure,1415.950276662,1779490261.19784,1.0594053339249294,,69.92566674061618,psi,,hardware
FM-PT,pressure,1415.954023311,1779490261.2015867,0.7129145518439474,,26.61431898049342,psi,,hardware
E-LC,thrust,1415.947689801,1779490261.1952531,0.078125,0.078125,0.0,N,,hardware
WM-PT,pressure,1415.957803903,1779490261.2053673,0.47137742893426765,,-3.5778213832165435,psi,,hardware
LF-PT,pressure,1415.962041934,1779490261.2096055,0.23130538836781842,,-33.58682645402269,psi,,hardware
FI-PT,pressure,1415.965780954,1779490261.2133446,0.571215816881158,,8.901977110144745,psi,,hardware
N-LC,thrust,1415.959488405,1779490261.2070518,0.078125,0.078125,0.0,N,,hardware
CC-PT,pressure,1415.969584916,1779490261.2171483,0.2695006453395659,,-28.81241933255426,psi,,hardware
FT-PT,pressure,1415.973800188,1779490261.2213635,1.0589702199661994,,69.87127749577493,psi,,hardware
FM-PT,pressure,1415.977483045,1779490261.2250466,0.7129735604493094,,26.62169505616367,psi,,hardware
E-LC,thrust,1415.971197069,1779490261.2187605,0.078125,0.078125,0.0,N,,hardware
WM-PT,pressure,1415.981259378,1779490261.2288227,0.4717034663800557,,-3.5370667024930342,psi,,hardware
LF-PT,pressure,1415.987077471,1779490261.2346413,0.2314144648807603,,-33.573191889904955,psi,,hardware
FI-PT,pressure,1415.992676687,1779490261.2402406,0.5710501159489293,,8.881264493616161,psi,,hardware
N-LC,thrust,1415.982814016,1779490261.2303772,0.078125,0.078125,0.0,N,,hardware
CC-PT,pressure,1415.996625178,1779490261.244189,0.26972297069108137,,-28.78462866361483,psi,,hardware
FT-PT,pressure,1416.001469083,1779490261.2490323,1.0586316655435164,,69.82895819293955,psi,,hardware
FM-PT,pressure,1416.005888474,1779490261.2534518,0.7130230323103705,,26.627879038796305,psi,,hardware
E-LC,thrust,1416.000096491,1779490261.2476597,0.078125,0.078125,0.0,N,,hardware
WM-PT,pressure,1416.009649808,1779490261.257213,0.47199672126730935,,-3.500409841586331,psi,,hardware
LF-PT,pressure,1416.013748013,1779490261.2613113,0.23160579581329774,,-33.549275523337776,psi,,hardware
FI-PT,pressure,1416.017488589,1779490261.2650518,0.5709607089711081,,8.870088621388508,psi,,hardware
N-LC,thrust,1416.012143766,1779490261.2597072,0.078125,0.078125,0.0,N,,hardware
CC-PT,pressure,1416.021996605,1779490261.2695599,0.2699596011590482,,-28.755049855118973,psi,,hardware
FT-PT,pressure,1416.026145807,1779490261.273709,1.0582484076319227,,69.78105095399034,psi,,hardware
FM-PT,pressure,1416.029752167,1779490261.2773156,0.7131541625445083,,26.64427031806353,psi,,hardware
E-LC,thrust,1416.02363372,1779490261.2711968,0.078125,0.078125,0.0,N,,hardware
WM-PT,pressure,1416.033493243,1779490261.281057,0.47230368522449556,,-3.4620393469380546,psi,,hardware
LF-PT,pressure,1416.037724015,1779490261.2852874,0.2316034116272225,,-33.54957354659718,psi,,hardware
FI-PT,pressure,1416.041406279,1779490261.2889698,0.5707979882714734,,8.849748533934179,psi,,hardware
N-LC,thrust,1416.035102212,1779490261.2826655,0.078125,0.078125,0.0,N,,hardware
CC-PT,pressure,1416.04511956,1779490261.2926831,0.2701634490684806,,-28.729568866439923,psi,,hardware
FT-PT,pressure,1416.04935422,1779490261.2969177,1.057871706232036,,69.7339632790045,psi,,hardware
FM-PT,pressure,1416.053057613,1779490261.3006213,0.7132304564989157,,26.65380706236446,psi,,hardware
E-LC,thrust,1416.046710437,1779490261.2942739,0.078125,0.078125,0.0,N,,hardware
WM-PT,pressure,1416.056780375,1779490261.3043437,0.47264641197281027,,-3.4191985033987167,psi,,hardware
LF-PT,pressure,1416.060932225,1779490261.3084955,0.23167910953511114,,-33.5401113081111,psi,,hardware
N-LC,thrust,1416.05833955,1779490261.305903,0.078125,0.078125,0.0,N,,hardware
FI-PT,pressure,1416.064648061,1779490261.3122113,0.5707789147828716,,8.847364347858946,psi,,hardware
CC-PT,pressure,1416.069720658,1779490261.317284,0.27024749162763256,,-28.71906354654593,psi,,hardware
FT-PT,pressure,1416.073720886,1779490261.3212843,1.0574908325065175,,69.6863540633147,psi,,hardware
E-LC,thrust,1416.068381638,1779490261.3159451,0.078125,0.078125,0.0,N,,hardware
FM-PT,pressure,1416.077379041,1779490261.3249426,0.7132876769647213,,26.66095962059016,psi,,hardware
WM-PT,pressure,1416.081570018,1779490261.3291333,0.4728156891841518,,-3.3980388519810263,psi,,hardware
LF-PT,pressure,1416.085319464,1779490261.332883,0.23199203395748544,,-33.500995755314314,psi,,hardware
N-LC,thrust,1416.079959161,1779490261.3275225,0.078125,0.078125,0.0,N,,hardware
FI-PT,pressure,1416.092376268,1779490261.3399403,0.5707288468752917,,8.84110585941146,psi,,hardware
CC-PT,pressure,1416.097350314,1779490261.3449142,0.2703661048848754,,-28.704236889390575,psi,,hardware
FT-PT,pressure,1416.101059614,1779490261.3486233,1.0572267838986855,,69.65334798733569,psi,,hardware
E-LC,thrust,1416.094911354,1779490261.342475,0.078125,0.078125,0.0,N,,hardware
FM-PT,pressure,1416.1068076,1779490261.3543718,0.7134474174317619,,26.680927178970233,psi,,hardware
WM-PT,pressure,1416.111095535,1779490261.358659,0.4730219212796594,,-3.3722598400425725,psi,,hardware
LF-PT,pressure,1416.114860591,1779490261.3624241,0.2320552148884791,,-33.493098138940105,psi,,hardware
N-LC,thrust,1416.10942707,1779490261.3569908,0.078125,0.078125,0.0,N,,hardware
FI-PT,pressure,1416.118496858,1779490261.3660605,0.5706281150136131,,8.828514376701637,psi,,hardware
CC-PT,pressure,1416.12268965,1779490261.370253,0.2706200207018877,,-28.67249741226404,psi,,hardware
FT-PT,pressure,1416.126422801,1779490261.373986,1.0568518706383552,,69.6064838297944,psi,,hardware
E-LC,thrust,1416.121073497,1779490261.3686368,0.078125,0.078125,0.0,N,,hardware
FM-PT,pressure,1416.130152395,1779490261.3777158,0.7135475532469217,,26.693444155865205,psi,,hardware
WM-PT,pressure,1416.134342484,1779490261.381906,0.4732627240732579,,-3.3421594908427594,psi,,hardware
LF-PT,pressure,1416.138063709,1779490261.385627,0.23216071512230815,,-33.479910609711474,psi,,hardware
N-LC,thrust,1416.132697962,1779490261.3802614,0.078125,0.078125,0.0,N,,hardware
FI-PT,pressure,1416.141516338,1779490261.3890796,0.5705792391990708,,8.822404899883853,psi,,hardware
CC-PT,pressure,1416.146347947,1779490261.3939114,0.27071300395882175,,-28.66087450514728,psi,,hardware
FT-PT,pressure,1416.150081968,1779490261.3976452,1.0564334459821518,,69.55418074776898,psi,,hardware
E-LC,thrust,1416.143778104,1779490261.3913417,0.078125,0.078125,0.0,N,,hardware
FM-PT,pressure,1416.15386293,1779490261.401426,0.7136745111554278,,26.709313894428472,psi,,hardware
WM-PT,pressure,1416.158027854,1779490261.4055912,0.4736412136127011,,-3.29484829841236,psi,,hardware
LF-PT,pressure,1416.161715951,1779490261.4092793,0.23213925744763106,,-33.48259281904611,psi,,hardware
N-LC,thrust,1416.155507453,1779490261.4030707,0.078125,0.078125,0.0,N,,hardware
FI-PT,pressure,1416.165432602,1779490261.4129958,0.5705255950123781,,8.815699376547261,psi,,hardware
CC-PT,pressure,1416.169688539,1779490261.4172518,0.2708900297749078,,-28.638746278136527,psi,,hardware
FT-PT,pressure,1416.173806946,1779490261.4213703,1.056091315280356,,69.5114144100445,psi,,hardware
E-LC,thrust,1416.167085735,1779490261.414649,0.078125,0.078125,0.0,N,,hardware
FM-PT,pressure,1416.177528912,1779490261.4250925,0.7138211385990546,,26.727642324881824,psi,,hardware
WM-PT,pressure,1416.181782886,1779490261.4293466,0.47379737780062886,,-3.2753277749213923,psi,,hardware
LF-PT,pressure,1416.185557645,1779490261.433121,0.23242416768362137,,-33.44697903954732,psi,,hardware
N-LC,thrust,1416.179177712,1779490261.4267414,0.078125,0.078125,0.0,N,,hardware
FI-PT,pressure,1416.192249877,1779490261.439814,0.5703688347779315,,8.796104347241442,psi,,hardware
CC-PT,pressure,1416.195646841,1779490261.4432101,0.2711111630333856,,-28.611104620826797,psi,,hardware
FT-PT,pressure,1416.200074084,1779490261.4476376,1.055665738065927,,69.45821725824086,psi,,hardware
E-LC,thrust,1416.193591841,1779490261.4411554,0.078125,0.078125,0.0,N,,hardware
FM-PT,pressure,1416.203818345,1779490261.4513814,0.7139206783676956,,26.740084795961945,psi,,hardware
WM-PT,pressure,1416.208041265,1779490261.4556046,0.4740477173385283,,-3.244035332683963,psi,,hardware
N-LC,thrust,1416.205442294,1779490261.4530058,0.078125,0.078125,0.0,N,,hardware
LF-PT,pressure,1416.21285195,1779490261.4604156,0.23256781489465414,,-33.429023138168226,psi,,hardware
FI-PT,pressure,1416.218673154,1779490261.4662368,0.5701649868684991,,8.770623358562393,psi,,hardware
CC-PT,pressure,1416.22103947,1779490261.4686031,0.27130964652414874,,-28.586294184481407,psi,,hardware
E-LC,thrust,1416.215470845,1779490261.4630344,0.078125,0.078125,0.0,N,,hardware
FT-PT,pressure,1416.226775142,1779490261.4743385,1.0554338759701105,,69.42923449626382,psi,,hardware
FM-PT,pressure,1416.230944862,1779490261.4785082,0.7139808790660952,,26.747609883261898,psi,,hardware
WM-PT,pressure,1416.234786617,1779490261.4823503,0.47437137059824114,,-3.2035786752198576,psi,,hardware
N-LC,thrust,1416.228317892,1779490261.4758816,0.078125,0.078125,0.0,N,,hardware
LF-PT,pressure,1416.238474177,1779490261.4860377,0.23274901303637183,,-33.406373370453515,psi,,hardware
FI-PT,pressure,1416.242710171,1779490261.4902735,0.5701107466352876,,8.76384332941095,psi,,hardware
CC-PT,pressure,1416.246414749,1779490261.493978,0.2715671386202739,,-28.554107672465765,psi,,hardware
E-LC,thrust,1416.240133717,1779490261.4876971,0.078125,0.078125,0.0,N,,hardware
FT-PT,pressure,1416.250114734,1779490261.4976778,1.055003530383531,,69.37544129794138,psi,,hardware
FM-PT,pressure,1416.254680951,1779490261.5022442,0.7140833990673302,,26.760424883416274,psi,,hardware
WM-PT,pressure,1416.258361678,1779490261.505925,0.47459131176368136,,-3.1760860295398303,psi,,hardware
N-LC,thrust,1416.252078702,1779490261.4996421,0.078125,0.078125,0.0,N,,hardware
LF-PT,pressure,1416.262130734,1779490261.509694,0.23277345094364296,,-33.40331863204462,psi,,hardware
FI-PT,pressure,1416.266333488,1779490261.5138967,0.5700702154720086,,8.75877693400108,psi,,hardware
CC-PT,pressure,1416.27133133,1779490261.5188947,0.27157429117849957,,-28.553213602687553,psi,,hardware
E-LC,thrust,1416.263727518,1779490261.5112908,0.078125,-3.695488416610768e-05,4637.609323127189,N,,hardware
FT-PT,pressure,1416.273713997,1779490261.5212777,1.0545910661925157,,69.32388327406447,psi,,hardware
FM-PT,pressure,1416.277074668,1779490261.524638,0.7141382353470606,,26.767279418382568,psi,,hardware
WM-PT,pressure,1416.281472078,1779490261.5290356,0.47480350432437707,,-3.1495619594528663,psi,,hardware
N-LC,thrust,1416.27540411,1779490261.5229676,0.078125,0.078125,0.0,N,,hardware
LF-PT,pressure,1416.285158491,1779490261.532722,0.2330893555986113,,-33.36383055017358,psi,,hardware
FI-PT,pressure,1416.291783485,1779490261.539348,0.5699265682609759,,8.740821032621984,psi,,hardware
CC-PT,pressure,1416.296204987,1779490261.543769,0.2717662181575558,,-28.529222730305523,psi,,hardware
E-LC,thrust,1416.287695242,1779490261.5352585,0.078125,0.078125,0.0,N,,hardware
FT-PT,pressure,1416.299929101,1779490261.5474925,1.0542650287467277,,69.28312859334096,psi,,hardware
FM-PT,pressure,1416.304046656,1779490261.55161,0.7142067806967235,,26.775847587090436,psi,,hardware
WM-PT,pressure,1416.307696996,1779490261.5552604,0.475074109443916,,-3.115736319510502,psi,,hardware
N-LC,thrust,1416.302463649,1779490261.550027,0.078125,0.078125,0.0,N,,hardware
LF-PT,pressure,1416.311845791,1779490261.5594091,0.23320618071629773,,-33.34922741046278,psi,,hardware
FI-PT,pressure,1416.315998381,1779490261.5635617,0.5698043787246202,,8.725547340577524,psi,,hardware
CC-PT,pressure,1416.319749068,1779490261.5673125,0.27179721257653383,,-28.52534842793327,psi,,hardware
E-LC,thrust,1416.313473388,1779490261.561037,0.078125,0.078125,0.0,N,,hardware
FT-PT,pressure,1416.323527419,1779490261.5710907,1.0539836947898502,,69.24796184873128,psi,,hardware
FM-PT,pressure,1416.327574182,1779490261.5751379,0.7143551962799067,,26.79439953498834,psi,,hardware
WM-PT,pressure,1416.333060516,1779490261.5806246,0.4752714008416415,,-3.0910748947948137,psi,,hardware
N-LC,thrust,1416.325152257,1779490261.5727155,0.078125,0.078125,0.0,N,,hardware
LF-PT,pressure,1416.3368497,1779490261.5844133,0.2333712856020076,,-33.32858929974905,psi,,hardware
FI-PT,pressure,1416.340991069,1779490261.5885544,0.5697686159334917,,8.721076991686463,psi,,hardware
CC-PT,pressure,1416.34469911,1779490261.5922625,0.2719992723464098,,-28.500090956698774,psi,,hardware
FT-PT,pressure,1416.348194014,1779490261.5957572,1.0534567896672238,,69.18209870840298,psi,,hardware
E-LC,thrust,1416.339401081,1779490261.5869644,0.078125,0.078125,0.0,N,,hardware
FM-PT,pressure,1416.3505692,1779490261.5981324,0.7143998997688173,,26.799987471102167,psi,,hardware
WM-PT,pressure,1416.353930593,1779490261.601494,0.47551697200739046,,-3.0603784990761924,psi,,hardware
LF-PT,pressure,1416.358534826,1779490261.606098,0.23340347211402324,,-33.32456598574709,psi,,hardware
N-LC,thrust,1416.351833595,1779490261.599397,0.078125,0.078125,0.0,N,,hardware
FI-PT,pressure,1416.362277475,1779490261.6098406,0.5697006666303476,,8.712583328793446,psi,,hardware
CC-PT,pressure,1416.366501896,1779490261.6140652,0.2722561683960162,,-28.467978950497976,psi,,hardware
FT-PT,pressure,1416.370201418,1779490261.617765,1.053086048732525,,69.13575609156564,psi,,hardware
E-LC,thrust,1416.363885852,1779490261.6114492,0.078125,0.078125,0.0,N,,hardware
FM-PT,pressure,1416.373943123,1779490261.621507,0.7146758693070255,,26.83448366337819,psi,,hardware
WM-PT,pressure,1416.378119954,1779490261.6256835,0.4756874413117696,,-3.0390698360288,psi,,hardware
LF-PT,pressure,1416.381877436,1779490261.6294408,0.23349049490576923,,-33.31368813677884,psi,,hardware
N-LC,thrust,1416.375544704,1779490261.6231081,0.078125,0.078125,0.0,N,,hardware
FI-PT,pressure,1416.385512703,1779490261.633076,0.569935508958758,,8.741938619844749,psi,,hardware
CC-PT,pressure,1416.394240287,1779490261.6418045,0.27234021095516814,,-28.45747363060398,psi,,hardware
E-LC,thrust,1416.387119134,1779490261.6346824,0.078125,0.078125,0.0,N,,hardware
LF-PT,pressure,1416.398011639,1779490261.6455753,0.23360910816301206,,-33.29886147962349,psi,,hardware
FT-PT,pressure,1416.402276761,1779490261.64984,1.0528571668693028,,69.10714585866285,psi,,hardware
FM-PT,pressure,1416.406880234,1779490261.6544442,0.7147754090756665,,26.84692613445831,psi,,hardware
N-LC,thrust,1416.400658403,1779490261.6482217,0.078125,0.078125,0.0,N,,hardware
WM-PT,pressure,1416.410648938,1779490261.6582124,0.4759729475942787,,-3.00338155071516,psi,,hardware
LF-PT,pressure,1416.414897616,1779490261.662461,0.23381295607244446,,-33.27338049094444,psi,,hardware
FI-PT,pressure,1416.418619786,1779490261.6661832,0.5698162996549964,,8.727037456874545,psi,,hardware
E-LC,thrust,1416.412310015,1779490261.6598735,0.078125,0.078125,0.0,N,,hardware
CC-PT,pressure,1416.422345196,1779490261.6699085,0.2724117365374251,,-28.44853293282186,psi,,hardware
FT-PT,pressure,1416.426523489,1779490261.6740866,1.052486425934604,,69.06080324182551,psi,,hardware
FM-PT,pressure,1416.430213882,1779490261.6777773,0.7148344176810285,,26.854302210128562,psi,,hardware
N-LC,thrust,1416.423901612,1779490261.671465,0.078125,0.078125,0.0,N,,hardware
WM-PT,pressure,1416.434005622,1779490261.681569,0.4762006373644635,,-2.974920329442063,psi,,hardware
LF-PT,pressure,1416.438252707,1779490261.685816,0.23390117095722807,,-33.26235363034649,psi,,hardware
FI-PT,pressure,1416.442014134,1779490261.6895776,0.5696553670949182,,8.706920886864769,psi,,hardware
E-LC,thrust,1416.435653811,1779490261.683217,0.078125,0.078125,0.0,N,,hardware
CC-PT,pressure,1416.44767044,1779490261.6952348,0.27259591491173685,,-28.425510636032893,psi,,hardware
FT-PT,pressure,1416.451938431,1779490261.6995018,1.0520727696505512,,69.0090962063189,psi,,hardware
FM-PT,pressure,1416.455656231,1779490261.7032194,0.7148683923326006,,26.85854904157507,psi,,hardware
N-LC,thrust,1416.44933185,1779490261.6968951,0.078125,0.078125,0.0,N,,hardware
WM-PT,pressure,1416.459376511,1779490261.70694,0.4764491887628065,,-2.9438514046491866,psi,,hardware
LF-PT,pressure,1416.463629856,1779490261.711193,0.23408475328502099,,-33.239405839372374,psi,,hardware
E-LC,thrust,1416.461028033,1779490261.7085915,0.078125,0.078125,0.0,N,,hardware
FI-PT,pressure,1416.46843143,1779490261.7159948,0.5696160280246768,,8.702003503084601,psi,,hardware
CC-PT,pressure,1416.472612278,1779490261.7201755,0.27274194630884485,,-28.407256711394393,psi,,hardware
FT-PT,pressure,1416.476359465,1779490261.723923,1.051787263368042,,68.97340792100526,psi,,hardware
N-LC,thrust,1416.471071324,1779490261.7186348,0.078125,0.078125,0.0,N,,hardware
FM-PT,pressure,1416.480058599,1779490261.7276218,0.7149816411711741,,26.872705146396765,psi,,hardware
WM-PT,pressure,1416.484722106,1779490261.7322855,0.4767454238826542,,-2.9068220146682284,psi,,hardware
LF-PT,pressure,1416.491184368,1779490261.7387483,0.23405912328471223,,-33.24260958941097,psi,,hardware
E-LC,thrust,1416.482500467,1779490261.730064,0.078125,0.078125,0.0,N,,hardware
FT-PT,pressure,1416.496595095,1779490261.744159,1.0512836040596492,,68.91045050745615,psi,,hardware
FI-PT,pressure,1416.500055889,1779490261.7476194,0.5698478901204932,,8.730986265061649,psi,,hardware
CC-PT,pressure,1416.504526167,1779490261.7520895,0.27279380235598116,,-28.400774705502354,psi,,hardware
N-LC,thrust,1416.497925504,1779490261.745489,0.078125,0.078125,0.0,N,,hardware
LF-PT,pressure,1416.508279723,1779490261.7558432,0.2342611830545882,,-33.21735211817647,psi,,hardware
FM-PT,pressure,1416.512520161,1779490261.7600834,0.7146407025624159,,26.83008782030198,psi,,hardware
WM-PT,pressure,1416.516226702,1779490261.7637901,0.4772651764470549,,-2.841852944118137,psi,,hardware
E-LC,thrust,1416.509916783,1779490261.7574801,0.078125,0.078125,0.0,N,,hardware
FT-PT,pressure,1416.519978777,1779490261.7675424,1.0511059821970443,,68.88824777463054,psi,,hardware
FI-PT,pressure,1416.524194605,1779490261.771758,0.5701518738450854,,8.76898423063567,psi,,hardware
CC-PT,pressure,1416.527890257,1779490261.7754533,0.27293029700878824,,-28.38371287390147,psi,,hardware
N-LC,thrust,1416.521629577,1779490261.7691927,0.078125,0.078125,0.0,N,,hardware
LF-PT,pressure,1416.531621148,1779490261.7791843,0.23424330165902396,,-33.219587292622,psi,,hardware
FM-PT,pressure,1416.535833384,1779490261.783397,0.7143343346517484,,26.791791831468554,psi,,hardware
E-LC,thrust,1416.533260782,1779490261.7808244,0.078125,0.078125,0.0,N,,hardware
WM-PT,pressure,1416.53952537,1779490261.7870886,0.47754591435741356,,-2.8067607053233052,psi,,hardware
FT-PT,pressure,1416.543738976,1779490261.7913022,1.0509325326600711,,68.8665665825089,psi,,hardware
FI-PT,pressure,1416.548824275,1779490261.7963877,0.5705232108263029,,8.815401353287857,psi,,hardware
N-LC,thrust,1416.543337201,1779490261.7909007,0.078125,0.078125,0.0,N,,hardware
CC-PT,pressure,1416.552589442,1779490261.800153,0.27314248956948395,,-28.357188803814505,psi,,hardware
LF-PT,pressure,1416.558491661,1779490261.8060558,0.2342170756121964,,-33.22286554847545,psi,,hardware
FM-PT,pressure,1416.562880313,1779490261.8104439,0.7138849155765671,,26.735614447070883,psi,,hardware
E-LC,thrust,1416.555241373,1779490261.8028047,0.078125,0.078125,0.0,N,,hardware
WM-PT,pressure,1416.566638832,1779490261.814202,0.4779220197107815,,-2.75974753615231,psi,,hardware
FT-PT,pressure,1416.572091093,1779490261.8196545,1.0508079589376402,,68.85099486720503,psi,,hardware
N-LC,thrust,1416.568597448,1779490261.8161607,0.078125,0.078125,0.0,N,,hardware
FI-PT,pressure,1416.575832928,1779490261.8233964,0.570740171759149,,8.84252146989363,psi,,hardware
CC-PT,pressure,1416.579023145,1779490261.8265865,0.2734870044573551,,-28.314124442830614,psi,,hardware
LF-PT,pressure,1416.58411724,1779490261.8316805,0.23413541723911968,,-33.23307284511004,psi,,hardware
E-LC,thrust,1416.578640591,1779490261.8262038,0.078125,0.078125,0.0,N,,hardware
FM-PT,pressure,1416.587833595,1779490261.8353968,0.7136220590617727,,26.702757382721583,psi,,hardware
WM-PT,pressure,1416.595424408,1779490261.8429878,0.47820037343506494,,-2.7249533206168826,psi,,hardware
N-LC,thrust,1416.592765422,1779490261.8403296,0.078125,0.078125,0.0,N,,hardware
LF-PT,pressure,1416.599189371,1779490261.8467524,0.234668878873453,,-33.16639014081837,psi,,hardware
FT-PT,pressure,1416.604224266,1779490261.8517878,1.050516492189943,,68.81456152374288,psi,,hardware
E-LC,thrust,1416.602926484,1779490261.8504899,0.078125,0.078125,0.0,N,,hardware
FI-PT,pressure,1416.608920698,1779490261.856484,0.5710554803675986,,8.88193504594982,psi,,hardware
CC-PT,pressure,1416.613162691,1779490261.860726,0.27347091120134726,,-28.316136099831592,psi,,hardware
LF-PT,pressure,1416.616875731,1779490261.864439,0.23472907957185263,,-33.15886505351842,psi,,hardware
FM-PT,pressure,1416.620591956,1779490261.8681552,0.7132095948707574,,26.651199358844675,psi,,hardware
N-LC,thrust,1416.612977164,1779490261.8605404,0.078125,0.078125,0.0,N,,hardware
WM-PT,pressure,1416.624317792,1779490261.8718812,0.4783595178555867,,-2.7050602680516596,psi,,hardware
FT-PT,pressure,1416.628525843,1779490261.876089,1.0502917826523523,,68.78647283154405,psi,,hardware
FI-PT,pressure,1416.632215903,1779490261.879779,0.5713421787431453,,8.917772342893162,psi,,hardware
E-LC,thrust,1416.625958537,1779490261.8735218,0.078125,0.078125,0.0,N,,hardware
CC-PT,pressure,1416.635912796,1779490261.883476,0.27365270538958375,,-28.29341182630203,psi,,hardware
LF-PT,pressure,1416.639964374,1779490261.887528,0.2346396725940314,,-33.17004092574607,psi,,hardware
FM-PT,pressure,1416.642350615,1779490261.8899138,0.7129711762632341,,26.621397032904266,psi,,hardware
N-LC,thrust,1416.637524265,1779490261.8850875,0.078125,0.078125,0.0,N,,hardware
WM-PT,pressure,1416.647481764,1779490261.895045,0.4785764787884329,,-2.6779401514458874,psi,,hardware
FT-PT,pressure,1416.651672686,1779490261.8992362,1.0499442875318872,,68.7430359414859,psi,,hardware
FI-PT,pressure,1416.655164497,1779490261.9027276,0.571613379909203,,8.951672488650377,psi,,hardware
E-LC,thrust,1416.650066902,1779490261.8976302,0.078125,0.078125,0.0,N,,hardware
CC-PT,pressure,1416.657533758,1779490261.9050972,0.2739328472534236,,-28.25839409332205,psi,,hardware
LF-PT,pressure,1416.663087884,1779490261.9106512,0.23453238422064593,,-33.183451972419256,psi,,hardware
FM-PT,pressure,1416.666716485,1779490261.91428,0.7127345457952673,,26.59181822440841,psi,,hardware
N-LC,thrust,1416.661528561,1779490261.909092,0.078125,0.078125,0.0,N,,hardware
WM-PT,pressure,1416.672201263,1779490261.9197657,0.47879224762824146,,-2.6509690464698172,psi,,hardware
FT-PT,pressure,1416.67621025,1779490261.9237735,1.0495938121788277,,68.69922652235347,psi,,hardware
FI-PT,pressure,1416.678586677,1779490261.92615,0.5719882931695334,,8.99853664619167,psi,,hardware
E-LC,thrust,1416.674160935,1779490261.9217246,0.078125,0.078125,0.0,N,,hardware
CC-PT,pressure,1416.683716308,1779490261.9312797,0.2741438477210817,,-28.232019034864788,psi,,hardware
LF-PT,pressure,1416.687869676,1779490261.935433,0.23447814398743438,,-33.1902320015707,psi,,hardware
FM-PT,pressure,1416.694908278,1779490261.9424727,0.7125408306766546,,26.567603834581828,psi,,hardware
N-LC,thrust,1416.686254912,1779490261.933818,0.078125,0.078125,0.0,N,,hardware
WM-PT,pressure,1416.698693796,1779490261.9462574,0.47908311832941985,,-2.6146102088225183,psi,,hardware
FT-PT,pressure,1416.702957732,1779490261.9505208,1.0495479165968795,,68.69348957460994,psi,,hardware
E-LC,thrust,1416.700365742,1779490261.9479294,0.078125,0.078125,0.0,N,,hardware
FI-PT,pressure,1416.707795693,1779490261.9553592,0.5723113503827274,,9.038918797840925,psi,,hardware
CC-PT,pressure,1416.711954283,1779490261.9595175,0.27458551819151855,,-28.17681022606018,psi,,hardware
LF-PT,pressure,1416.71570971,1779490261.963273,0.23453178817412712,,-33.18352647823411,psi,,hardware
N-LC,thrust,1416.710378054,1779490261.9579415,0.078125,0.078125,0.0,N,,hardware
FM-PT,pressure,1416.720306221,1779490261.9678698,0.7122100248587161,,26.52625310733951,psi,,hardware
WM-PT,pressure,1416.724483792,1779490261.972047,0.4793120001926422,,-2.5859999759197256,psi,,hardware
FT-PT,pressure,1416.72813965,1779490261.975703,1.0492814838029723,,68.66018547537153,psi,,hardware
E-LC,thrust,1416.721858952,1779490261.9694223,0.078125,0.078125,0.0,N,,hardware
FI-PT,pressure,1416.731847858,1779490261.9794111,0.5726165262003572,,9.077065775044648,psi,,hardware
CC-PT,pressure,1416.736193993,1779490261.9837573,0.2745825379589245,,-28.177182755134435,psi,,hardware
LF-PT,pressure,1416.739910163,1779490261.9874735,0.23444834166149398,,-33.19395729231325,psi,,hardware
N-LC,thrust,1416.733606633,1779490261.98117,0.078125,0.078125,0.0,N,,hardware
FM-PT,pressure,1416.743644962,1779490261.991208,0.7118464364822431,,26.480804560280387,psi,,hardware
WM-PT,pressure,1416.747874307,1779490261.9954376,0.47958498949825634,,-2.5518763127179573,psi,,hardware
FT-PT,pressure,1416.751585774,1779490261.999149,1.049055582172344,,68.631947771543,psi,,hardware
E-LC,thrust,1416.745281725,1779490261.992845,0.078125,0.078125,0.0,N,,hardware
FI-PT,pressure,1416.755254798,1779490262.002818,0.5730099169027706,,9.126239612846323,psi,,hardware
CC-PT,pressure,1416.75947183,1779490262.0070355,0.2747887700544322,,-28.151403743195974,psi,,hardware
LF-PT,pressure,1416.763238849,1779490262.010802,0.23445370608016325,,-33.19328673997959,psi,,hardware
N-LC,thrust,1416.756863415,1779490262.0044267,0.078125,0.078125,0.0,N,,hardware
FM-PT,pressure,1416.766938612,1779490262.0145018,0.7115347041529064,,26.441838019113302,psi,,hardware
WM-PT,pressure,1416.771063112,1779490262.0186265,0.4797840690355383,,-2.526991370557716,psi,,hardware
E-LC,thrust,1416.768544785,1779490262.0161083,0.0,0.078125,4635.416666666666,N,,hardware
FT-PT,pressure,1416.774863315,1779490262.0224266,1.048905974496123,,68.61324681201539,psi,,hardware
FI-PT,pressure,1416.779917061,1779490262.0274804,0.5733329741159646,,9.166621764495577,psi,,hardware
CC-PT,pressure,1416.78615665,1779490262.0337205,0.2751010984302877,,-28.11236269621404,psi,,hardware
LF-PT,pressure,1416.79311372,1779490262.0406778,0.23419084956536884,,-33.22614380432889,psi,,hardware
N-LC,thrust,1416.77866061,1779490262.026224,0.078125,0.078125,0.0,N,,hardware
FT-PT,pressure,1416.795572661,1779490262.0431364,1.048691993795871,,68.58649922448387,psi,,hardware
FM-PT,pressure,1416.800627667,1779490262.048191,0.7116253032237653,,26.453162902970657,psi,,hardware
WM-PT,pressure,1416.804386742,1779490262.05195,0.4800129508987606,,-2.498381137654923,psi,,hardware
E-LC,thrust,1416.798004919,1779490262.0455687,0.078125,0.078125,0.0,N,,hardware
LF-PT,pressure,1416.808218128,1779490262.0557814,0.2345454972440597,,-33.18181284449253,psi,,hardware
FI-PT,pressure,1416.812361738,1779490262.059925,0.5732405869055494,,9.155073363193669,psi,,hardware
N-LC,thrust,1416.809750027,1779490262.0573134,0.078125,0.078125,0.0,N,,hardware
CC-PT,pressure,1416.816063983,1779490262.0636272,0.27527395192074205,,-28.090756009907242,psi,,hardware
FT-PT,pressure,1416.821089823,1779490262.068653,1.048315888442503,,68.53948605531288,psi,,hardware
FM-PT,pressure,1416.82508957,1779490262.072653,0.7116890802012777,,26.461135025159717,psi,,hardware
E-LC,thrust,1416.819782801,1779490262.067346,0.078125,0.078125,0.0,N,,hardware
WM-PT,pressure,1416.828782908,1779490262.0763462,0.48026388648317886,,-2.4670141896026427,psi,,hardware
LF-PT,pressure,1416.832843745,1779490262.0804071,0.23461523468676027,,-33.173095664154964,psi,,hardware
FI-PT,pressure,1416.836488289,1779490262.0840516,0.5730730978337643,,9.134137229220531,psi,,hardware
N-LC,thrust,1416.831251053,1779490262.0788145,0.078125,0.078125,0.0,N,,hardware
CC-PT,pressure,1416.840012877,1779490262.0875766,0.27557078308710853,,-28.053652114111433,psi,,hardware
FT-PT,pressure,1416.844845561,1779490262.092409,1.047943359368248,,68.49291992103099,psi,,hardware
FM-PT,pressure,1416.848518641,1779490262.096082,0.71185299299395,,26.481624124243748,psi,,hardware
E-LC,thrust,1416.842278088,1779490262.0898414,0.078125,0.078125,0.0,N,,hardware
WM-PT,pressure,1416.852232033,1779490262.0997953,0.4805148220675971,,-2.4356472415503623,psi,,hardware
LF-PT,pressure,1416.856473582,1779490262.1040368,0.2346468251522571,,-33.16914685596786,psi,,hardware
FI-PT,pressure,1416.860127626,1779490262.107691,0.5729759422511985,,9.121992781399815,psi,,hardware
N-LC,thrust,1416.853845687,1779490262.101409,0.078125,0.078125,0.0,N,,hardware
CC-PT,pressure,1416.863837444,1779490262.1114008,0.27574780890319456,,-28.03152388710068,psi,,hardware
FT-PT,pressure,1416.868059254,1779490262.1156228,1.0475779828522185,,68.44724785652731,psi,,hardware
E-LC,thrust,1416.865463931,1779490262.1130273,0.078125,0.078125,0.0,N,,hardware
FM-PT,pressure,1416.872058038,1779490262.1196215,0.7120383634612993,,26.504795432662416,psi,,hardware
WM-PT,pressure,1416.877091063,1779490262.1246543,0.4808939076535591,,-2.388261543305112,psi,,hardware
LF-PT,pressure,1416.881785477,1779490262.1293492,0.2347785514329137,,-33.152681070885784,psi,,hardware
N-LC,thrust,1416.875802448,1779490262.123366,0.078125,0.078125,0.0,N,,hardware
FI-PT,pressure,1416.885417633,1779490262.132981,0.5732185331843535,,9.15231664804418,psi,,hardware
CC-PT,pressure,1416.894321227,1779490262.1418855,0.2758378119275346,,-28.020273509058175,psi,,hardware
E-LC,thrust,1416.887070488,1779490262.1346338,0.078125,0.078125,0.0,N,,hardware
LF-PT,pressure,1416.898069303,1779490262.1456327,0.23501637399391817,,-33.122953250760226,psi,,hardware
FT-PT,pressure,1416.904469699,1779490262.152033,1.0473502930820338,,68.41878663525422,psi,,hardware
FM-PT,pressure,1416.908113391,1779490262.1556766,0.7121593609046174,,26.519920113077173,psi,,hardware
N-LC,thrust,1416.902798511,1779490262.1503627,0.078125,0.078125,0.0,N,,hardware
WM-PT,pressure,1416.911831728,1779490262.159395,0.48105007184148696,,-2.36874101981413,psi,,hardware
LF-PT,pressure,1416.916096424,1779490262.1636598,0.23519161167044778,,-33.101048541194025,psi,,hardware
FI-PT,pressure,1416.919834518,1779490262.167398,0.5730343548100417,,9.129294351255215,psi,,hardware
E-LC,thrust,1416.913799029,1779490262.1613624,0.078125,0.078125,0.0,N,,hardware
CC-PT,pressure,1416.923489321,1779490262.1710525,0.27592185448668655,,-28.00976818916418,psi,,hardware
FT-PT,pressure,1416.927588693,1779490262.1751518,1.0469855126125232,,68.3731890765654,psi,,hardware
FM-PT,pressure,1416.931325918,1779490262.1788895,0.7122362509055437,,26.529531363192955,psi,,hardware
N-LC,thrust,1416.92603611,1779490262.1735995,0.078125,0.078125,0.0,N,,hardware
WM-PT,pressure,1416.934996238,1779490262.1825595,0.48131233230976256,,-2.33595846127968,psi,,hardware
LF-PT,pressure,1416.939235862,1779490262.186799,0.2353239339976232,,-33.0845082502971,psi,,hardware
FI-PT,pressure,1416.942638937,1779490262.1902034,0.5729670015534164,,9.12087519417705,psi,,hardware
E-LC,thrust,1416.936978039,1779490262.1845415,0.078125,0.078125,0.0,N,,hardware
CC-PT,pressure,1416.947989927,1779490262.195554,0.27615371658250293,,-27.980785427187133,psi,,hardware
LF-PT,pressure,1416.952790001,1779490262.2003534,0.23550990051149134,,-33.06126243606358,psi,,hardware
FT-PT,pressure,1416.956533873,1779490262.204097,1.0466708000505924,,68.33385000632406,psi,,hardware
N-LC,thrust,1416.950681522,1779490262.198245,0.078125,0.078125,0.0,N,,hardware
FM-PT,pressure,1416.960189454,1779490262.2077532,0.7122749939292662,,26.53437424115827,psi,,hardware
WM-PT,pressure,1416.964463261,1779490262.2120266,0.48161154766220426,,-2.2985565422244667,psi,,hardware
LF-PT,pressure,1416.968222299,1779490262.2157855,0.23579302260792526,,-33.02587217400934,psi,,hardware
E-LC,thrust,1416.962822442,1779490262.210386,0.078125,0.078125,0.0,N,,hardware
FI-PT,pressure,1416.971844974,1779490262.2194083,0.5728275266680153,,9.10344083350191,psi,,hardware
CC-PT,pressure,1416.976031859,1779490262.2235954,0.2762812705375279,,-27.964841182809014,psi,,hardware
FT-PT,pressure,1416.979750881,1779490262.2273142,1.0463382060930975,,68.29227576163719,psi,,hardware
N-LC,thrust,1416.97441902,1779490262.2219825,0.078125,0.078125,0.0,N,,hardware
FM-PT,pressure,1416.983452571,1779490262.231016,0.7124037399773288,,26.550467497166093,psi,,hardware
WM-PT,pressure,1416.987544739,1779490262.2351081,0.48204904580700947,,-2.243869274123816,psi,,hardware
LF-PT,pressure,1416.994556009,1779490262.2421205,0.23578527400318075,,-33.02684074960241,psi,,hardware
FT-PT,pressure,1416.998439133,1779490262.2460024,1.0457546765511843,,68.21933456889803,psi,,hardware
E-LC,thrust,1416.985998581,1779490262.2335618,0.078125,0.078125,0.0,N,,hardware
FI-PT,pressure,1417.001399529,1779490262.248963,0.5731303182995698,,9.14128978744623,psi,,hardware
CC-PT,pressure,1417.004803568,1779490262.2523668,0.27622166588564706,,-27.972291764294116,psi,,hardware
LF-PT,pressure,1417.009310751,1779490262.2568743,0.23585620353891892,,-33.017974557635135,psi,,hardware
N-LC,thrust,1417.002716514,1779490262.25028,0.078125,0.078125,0.0,N,,hardware
FM-PT,pressure,1417.012917297,1779490262.2604809,0.7121992960213775,,26.524912002672192,psi,,hardware
WM-PT,pressure,1417.019044337,1779490262.2666085,0.48233872441515024,,-2.2076594481062193,psi,,hardware
E-LC,thrust,1417.014458677,1779490262.2620218,0.078125,0.078125,0.0,N,,hardware
LF-PT,pressure,1417.023886558,1779490262.2714498,0.23611548377460048,,-32.98556452817494,psi,,hardware
FT-PT,pressure,1417.028078517,1779490262.2756422,1.0454173142215388,,68.17716427769236,psi,,hardware
FI-PT,pressure,1417.031937512,1779490262.279501,0.5733156887669192,,9.164461095864898,psi,,hardware
CC-PT,pressure,1417.03432968,1779490262.2818928,0.2762681575141141,,-27.966480310735736,psi,,hardware
N-LC,thrust,1417.026496269,1779490262.2740595,0.078125,0.078125,0.0,N,,hardware
LF-PT,pressure,1417.038189712,1779490262.285753,0.2361315770306083,,-32.98355287117396,psi,,hardware
FM-PT,pressure,1417.041574067,1779490262.2891371,0.7118696822964766,,26.483710287059576,psi,,hardware
WM-PT,pressure,1417.046137969,1779490262.2937014,0.4825533011619212,,-2.180837354759851,psi,,hardware
E-LC,thrust,1417.039455903,1779490262.2870193,0.078125,0.078125,0.0,N,,hardware
FT-PT,pressure,1417.04984638,1779490262.2974095,1.0452343279402647,,68.15429099253309,psi,,hardware
FI-PT,pressure,1417.054058616,1779490262.301622,0.5736935822598436,,9.211697782480446,psi,,hardware
CC-PT,pressure,1417.057699901,1779490262.3052633,0.27647438960962173,,-27.940701298797283,psi,,hardware
N-LC,thrust,1417.051472367,1779490262.2990355,0.078125,0.078125,0.0,N,,hardware
LF-PT,pressure,1417.061408535,1779490262.3089726,0.23633780912611593,,-32.95777385923551,psi,,hardware
FM-PT,pressure,1417.06560242,1779490262.313166,0.7115716590370725,,26.446457379634065,psi,,hardware
WM-PT,pressure,1417.069301313,1779490262.3168647,0.4827666858156545,,-2.154164273043185,psi,,hardware
E-LC,thrust,1417.06301693,1779490262.3105805,0.078125,0.078125,0.0,N,,hardware
FT-PT,pressure,1417.073033501,1779490262.320597,1.044975643751102,,68.12195546888775,psi,,hardware
FI-PT,pressure,1417.077244829,1779490262.3248081,0.573993989705323,,9.249248713165375,psi,,hardware
CC-PT,pressure,1417.080901262,1779490262.328465,0.2766114803089476,,-27.923564961381548,psi,,hardware
N-LC,thrust,1417.074675227,1779490262.3222387,0.078125,0.078125,0.0,N,,hardware
LF-PT,pressure,1417.084471477,1779490262.3320348,0.23655178982636807,,-32.93102627170399,psi,,hardware
FM-PT,pressure,1417.092533413,1779490262.340098,0.7111699236833958,,26.396240460424476,psi,,hardware
WM-PT,pressure,1417.095997041,1779490262.3435605,0.48295861279471075,,-2.130173400661156,psi,,hardware
E-LC,thrust,1417.086009061,1779490262.3335724,0.078125,0.078125,0.0,N,,hardware
FT-PT,pressure,1417.099688657,1779490262.347252,1.0448308044470316,,68.10385055587895,psi,,hardware
FI-PT,pressure,1417.103873098,1779490262.3514364,0.5742294280802522,,9.27867851003153,psi,,hardware
CC-PT,pressure,1417.107963933,1779490262.3555274,0.2767479749617547,,-27.906503129780663,psi,,hardware
N-LC,thrust,1417.101282219,1779490262.3488455,0.078125,0.078125,0.0,N,,hardware
LF-PT,pressure,1417.111702194,1779490262.3592656,0.23660006959439153,,-32.92499130070106,psi,,hardware
FM-PT,pressure,1417.115875488,1779490262.3634386,0.7109279287967597,,26.36599109959496,psi,,hardware
E-LC,thrust,1417.113294423,1779490262.360858,0.078125,0.078125,0.0,N,,hardware
WM-PT,pressure,1417.120701079,1779490262.3682644,0.4832089523326102,,-2.0988809584237265,psi,,hardware
FT-PT,pressure,1417.124897131,1779490262.3724604,1.0446293407236744,,68.0786675904593,psi,,hardware
FI-PT,pressure,1417.1286373,1779490262.3762004,0.574516126455799,,9.314515806974871,psi,,hardware
N-LC,thrust,1417.123336067,1779490262.3708994,0.078125,0.078125,0.0,N,,hardware
CC-PT,pressure,1417.134076284,1779490262.3816404,0.2768785091493737,,-27.89018635632829,psi,,hardware
LF-PT,pressure,1417.138334314,1779490262.3858974,0.23656728703585708,,-32.929089120517865,psi,,hardware
FM-PT,pressure,1417.142044133,1779490262.3896074,0.710613216234829,,26.32665202935362,psi,,hardware
E-LC,thrust,1417.136066733,1779490262.38363,0.078125,0.078125,0.0,N,,hardware
WM-PT,pressure,1417.145703306,1779490262.393267,0.483501611173345,,-2.0622986033318744,psi,,hardware
FT-PT,pressure,1417.149896117,1779490262.3974593,1.0446436458401258,,68.08045573001573,psi,,hardware
FI-PT,pressure,1417.153645396,1779490262.4012086,0.5748433559946247,,9.355419499328082,psi,,hardware
N-LC,thrust,1417.148296499,1779490262.3958597,0.078125,0.078125,0.0,N,,hardware
CC-PT,pressure,1417.157337679,1779490262.404901,0.2771193119429722,,-27.860086007128476,psi,,hardware
LF-PT,pressure,1417.161601819,1779490262.4091651,0.23644628959253902,,-32.94421380093262,psi,,hardware
FM-PT,pressure,1417.165355432,1779490262.4129188,0.7103050601846052,,26.288132523075642,psi,,hardware
E-LC,thrust,1417.159900337,1779490262.4074638,0.078125,0.078125,0.0,N,,hardware
WM-PT,pressure,1417.169446415,1779490262.4170096,0.4836452583843778,,-2.044342701952778,psi,,hardware
FT-PT,pressure,1417.173604931,1779490262.421168,1.0444052272326025,,68.05065340407532,psi,,hardware
FI-PT,pressure,1417.177275308,1779490262.4248385,0.5751324385562466,,9.391554819530828,psi,,hardware
N-LC,thrust,1417.170981758,1779490262.4185452,0.078125,0.078125,0.0,N,,hardware
CC-PT,pressure,1417.181017402,1779490262.4285805,0.2772164675255379,,-27.84794155930776,psi,,hardware
LF-PT,pressure,1417.185579175,1779490262.4331422,0.23661437471084293,,-32.923203161144635,psi,,hardware
FM-PT,pressure,1417.191487245,1779490262.4390516,0.7099188220404175,,26.23985275505218,psi,,hardware
E-LC,thrust,1417.182987685,1779490262.430551,0.078125,0.078125,0.0,N,,hardware
WM-PT,pressure,1417.195764848,1779490262.4433281,0.48394328164378186,,-2.0070897945272668,psi,,hardware
FT-PT,pressure,1417.199999064,1779490262.4475625,1.0441626362994476,,68.02032953743095,psi,,hardware
FI-PT,pressure,1417.203743288,1779490262.4513068,0.5754447669321021,,9.430595866512764,psi,,hardware
N-LC,thrust,1417.197405556,1779490262.444969,0.078125,0.078125,0.0,N,,hardware
CC-PT,pressure,1417.207459754,1779490262.455023,0.2774107786906694,,-27.823652663666326,psi,,hardware
LF-PT,pressure,1417.211601679,1779490262.459165,0.2365833802918649,,-32.92707746351689,psi,,hardware
E-LC,thrust,1417.20899069,1779490262.456554,0.078125,0.078125,0.0,N,,hardware
FM-PT,pressure,1417.215288314,1779490262.4628515,0.7097227227357296,,26.215340341966193,psi,,hardware
WM-PT,pressure,1417.220362281,1779490262.4679255,0.48411851932031147,,-1.9851850849610664,psi,,hardware
FT-PT,pressure,1417.224186353,1779490262.4717495,1.0439301781571124,,67.99127226963905,psi,,hardware
N-LC,thrust,1417.21910696,1779490262.4666703,0.078125,0.078125,0.0,N,,hardware
FI-PT,pressure,1417.227880543,1779490262.4754436,0.5757672280987773,,9.470903512347167,psi,,hardware
CC-PT,pressure,1417.232057762,1779490262.4796212,0.2775502535760705,,-27.806218302991187,psi,,hardware
LF-PT,pressure,1417.235904017,1779490262.4834673,0.23643913703431332,,-32.945107870710835,psi,,hardware
E-LC,thrust,1417.230467125,1779490262.4780304,0.078125,0.078125,0.0,N,,hardware
FM-PT,pressure,1417.23846238,1779490262.4860258,0.7096589457582171,,26.207368219777134,psi,,hardware
WM-PT,pressure,1417.245839445,1779490262.493403,0.48434918932309023,,-1.9563513346137207,psi,,hardware
LF-PT,pressure,1417.249562226,1779490262.4971254,0.23671808680511555,,-32.91023914936056,psi,,hardware
N-LC,thrust,1417.244129037,1779490262.491693,0.078125,0.078125,0.0,N,,hardware
FT-PT,pressure,1417.253673745,1779490262.5012372,1.043744807689763,,67.96810096122039,psi,,hardware
FI-PT,pressure,1417.257873629,1779490262.505437,0.5759406776357505,,9.492584704468815,psi,,hardware
CC-PT,pressure,1417.262039646,1779490262.509603,0.277573499390304,,-27.803312576211997,psi,,hardware
E-LC,thrust,1417.255278417,1779490262.502842,0.078125,0.078125,0.0,N,,hardware
LF-PT,pressure,1417.265748316,1779490262.5133119,0.23682895145761387,,-32.896381067798266,psi,,hardware
FM-PT,pressure,1417.269901666,1779490262.5174654,0.7093680750570387,,26.171009382129835,psi,,hardware
WM-PT,pressure,1417.273702017,1779490262.5212655,0.48456793839549284,,-1.9290077005633954,psi,,hardware
N-LC,thrust,1417.267362859,1779490262.5149262,0.078125,0.078125,0.0,N,,hardware
FT-PT,pressure,1417.277521978,1779490262.5250854,1.0434867195471191,,67.9358399433899,psi,,hardware
FI-PT,pressure,1417.281644811,1779490262.529208,0.5763787718270745,,9.547346478384316,psi,,hardware
CC-PT,pressure,1417.285337964,1779490262.5329013,0.27793291544114535,,-27.75838556985683,psi,,hardware
E-LC,thrust,1417.279117244,1779490262.5266805,0.078125,0.078125,0.0,N,,hardware
LF-PT,pressure,1417.292461413,1779490262.5400252,0.23664358099026453,,-32.919552376216934,psi,,hardware
FT-PT,pressure,1417.297810069,1779490262.5453734,1.0430694869839534,,67.88368587299418,psi,,hardware
N-LC,thrust,1417.293395141,1779490262.5409584,0.078125,0.078125,0.0,N,,hardware
FM-PT,pressure,1417.301666121,1779490262.5492296,0.709606493664562,,26.200811708070244,psi,,hardware
WM-PT,pressure,1417.306504434,1779490262.5540676,0.48472052630430773,,-1.9099342119615337,psi,,hardware
LF-PT,pressure,1417.310195939,1779490262.5577595,0.23678186378262803,,-32.9022670271715,psi,,hardware
E-LC,thrust,1417.30394872,1779490262.551512,0.078125,0.078125,0.0,N,,hardware
FI-PT,pressure,1417.313871352,1779490262.5614345,0.5761653871733412,,9.52067339666765,psi,,hardware
CC-PT,pressure,1417.318019072,1779490262.5655823,0.2780467603262377,,-27.744154959220285,psi,,hardware
FT-PT,pressure,1417.321780481,1779490262.5693438,1.0427112630261497,,67.83890787826871,psi,,hardware
N-LC,thrust,1417.315493505,1779490262.5630567,0.078125,0.078125,0.0,N,,hardware
FM-PT,pressure,1417.325449579,1779490262.5730128,0.7097048413401653,,26.213105167520663,psi,,hardware
WM-PT,pressure,1417.329654056,1779490262.5772173,0.4850239139823811,,-1.8720107522023632,psi,,hardware
E-LC,thrust,1417.327065566,1779490262.5746288,0.078125,0.078125,0.0,N,,hardware
LF-PT,pressure,1417.334458982,1779490262.5820222,0.23692849122625484,,-32.883938596718146,psi,,hardware
FI-PT,pressure,1417.339058383,1779490262.586622,0.5760998220562723,,9.512477757034038,psi,,hardware
CC-PT,pressure,1417.342714871,1779490262.5902781,0.27813855149013417,,-27.732681063733228,psi,,hardware
N-LC,thrust,1417.337070712,1779490262.584634,0.078125,0.078125,0.0,N,,hardware
FT-PT,pressure,1417.346767282,1779490262.5943308,1.042474036511664,,67.809254563958,psi,,hardware
FM-PT,pressure,1417.350952779,1779490262.598516,0.7099784266922983,,26.247303336537282,psi,,hardware
WM-PT,pressure,1417.357527739,1779490262.6050918,0.4851055723554578,,-1.8618034555677732,psi,,hardware
E-LC,thrust,1417.348356122,1779490262.5959196,0.078125,0.078125,0.0,N,,hardware
LF-PT,pressure,1417.359973459,1779490262.6075373,0.23700180494806825,,-32.87477438149147,psi,,hardware
FI-PT,pressure,1417.364570989,1779490262.6121345,0.5758918018212082,,9.486475227651031,psi,,hardware
CC-PT,pressure,1417.368323194,1779490262.615887,0.2783745859115822,,-27.703176761052223,psi,,hardware
N-LC,thrust,1417.362013275,1779490262.6095767,0.078125,0.078125,0.0,N,,hardware
FT-PT,pressure,1417.372128322,1779490262.6196916,1.0421527674380264,,67.7690959297533,psi,,hardware
FM-PT,pressure,1417.376309875,1779490262.623873,0.7100422036698107,,26.25527545872634,psi,,hardware
E-LC,thrust,1417.373741569,1779490262.621305,0.078125,0.078125,0.0,N,,hardware
WM-PT,pressure,1417.380016156,1779490262.6275797,0.485397039103155,,-1.8253701121056232,psi,,hardware
LF-PT,pressure,1417.384223726,1779490262.631787,0.2373767182083986,,-32.82791022395018,psi,,hardware
FI-PT,pressure,1417.392518982,1779490262.6400833,0.5756748408883621,,9.459355111045259,psi,,hardware
CC-PT,pressure,1417.39495961,1779490262.6425228,0.2783942554467029,,-27.70071806916214,psi,,hardware
N-LC,thrust,1417.383823988,1779490262.6313875,0.078125,0.078125,0.0,N,,hardware
FT-PT,pressure,1417.399197696,1779490262.646761,1.04192090534221,,67.74011316777626,psi,,hardware
FM-PT,pressure,1417.403339158,1779490262.6509025,0.7101041925077668,,26.263024063470848,psi,,hardware
WM-PT,pressure,1417.407079734,1779490262.6546433,0.4855853898030984,,-1.8018262746127,psi,,hardware
E-LC,thrust,1417.400790462,1779490262.6483538,0.078125,0.078125,0.0,N,,hardware
LF-PT,pressure,1417.410832532,1779490262.658396,0.23752155751246898,,-32.80980531094138,psi,,hardware
FI-PT,pressure,1417.415023417,1779490262.6625867,0.5755830497244656,,9.447881215558201,psi,,hardware
CC-PT,pressure,1417.419151324,1779490262.666715,0.27857366544886414,,-27.67829181889198,psi,,hardware
N-LC,thrust,1417.412413447,1779490262.6599767,0.078125,0.078125,0.0,N,,hardware
FT-PT,pressure,1417.422937843,1779490262.6705015,1.0415549327796618,,67.69436659745773,psi,,hardware
FM-PT,pressure,1417.427122413,1779490262.6746857,0.7102406871605739,,26.280085895071732,psi,,hardware
WM-PT,pressure,1417.430873952,1779490262.6784375,0.4858428818992236,,-1.7696397625970515,psi,,hardware
E-LC,thrust,1417.42452172,1779490262.672085,0.078125,0.078125,0.0,N,,hardware
LF-PT,pressure,1417.434662174,1779490262.6822255,0.23765745611875724,,-32.792817985155345,psi,,hardware
FI-PT,pressure,1417.43889926,1779490262.6864626,0.5755007953048701,,9.43759941310876,psi,,hardware
N-LC,thrust,1417.436286604,1779490262.68385,0.078125,0.078125,0.0,N,,hardware
CC-PT,pressure,1417.442583561,1779490262.690147,0.27869227870610697,,-27.663465161736628,psi,,hardware
FT-PT,pressure,1417.447606624,1779490262.6951697,1.0412378360316559,,67.65472950395699,psi,,hardware
FM-PT,pressure,1417.451432288,1779490262.6989958,0.7103289020453575,,26.291112755669683,psi,,hardware
E-LC,thrust,1417.446273622,1779490262.6938372,0.078125,0.078125,0.0,N,,hardware
WM-PT,pressure,1417.455151088,1779490262.7027144,0.48611646725135654,,-1.7354415935804322,psi,,hardware
LF-PT,pressure,1417.45929192,1779490262.706855,0.23770394774722428,,-32.787006531596965,psi,,hardware
FI-PT,pressure,1417.463047995,1779490262.7106113,0.5753464192564988,,9.418302407062345,psi,,hardware
N-LC,thrust,1417.45767997,1779490262.7052433,0.078125,0.078125,0.0,N,,hardware
CC-PT,pressure,1417.466693169,1779490262.7142563,0.2789348696392619,,-27.633141295092262,psi,,hardware
FT-PT,pressure,1417.473025383,1779490262.7205887,1.040892725097266,,67.61159063715824,psi,,hardware
FM-PT,pressure,1417.476691371,1779490262.7242546,0.7103777778598998,,26.297222232487467,psi,,hardware
E-LC,thrust,1417.470688954,1779490262.7182531,0.078125,0.078125,0.0,N,,hardware
WM-PT,pressure,1417.480425855,1779490262.727989,0.48630779818389397,,-1.711525227013254,psi,,hardware
LF-PT,pressure,1417.484677033,1779490262.7322404,0.23783984635351255,,-32.77001920581093,psi,,hardware
FI-PT,pressure,1417.490960435,1779490262.7385244,0.5753559560007997,,9.419494500099962,psi,,hardware
N-LC,thrust,1417.483034714,1779490262.7305982,0.078125,0.078125,0.0,N,,hardware
CC-PT,pressure,1417.495876448,1779490262.7434406,0.27902606475663955,,-27.621741905420055,psi,,hardware
FT-PT,pressure,1417.500474533,1779490262.7480378,1.0406572867223367,,67.58216084029209,psi,,hardware
E-LC,thrust,1417.497889913,1779490262.7454536,0.078125,0.078125,0.0,N,,hardware
FM-PT,pressure,1417.504220054,1779490262.7517834,0.7104558599538636,,26.30698249423295,psi,,hardware
WM-PT,pressure,1417.509243764,1779490262.756807,0.4864985330699126,,-1.6876833662609267,psi,,hardware
LF-PT,pressure,1417.51315185,1779490262.760715,0.2380824372866675,,-32.73969533916656,psi,,hardware
N-LC,thrust,1417.50802083,1779490262.7555842,0.078125,0.078125,0.0,N,,hardware
FI-PT,pressure,1417.516778414,1779490262.7643418,0.5752874106511368,,9.410926331392094,psi,,hardware
CC-PT,pressure,1417.520918376,1779490262.7684817,0.279263887317644,,-27.592014085294498,psi,,hardware
FT-PT,pressure,1417.524662711,1779490262.772226,1.0402621078803669,,67.53276348504586,psi,,hardware
E-LC,thrust,1417.519347497,1779490262.766911,0.078125,0.078125,0.0,N,,hardware
FM-PT,pressure,1417.528421601,1779490262.775985,0.7105941427462271,,26.32426784327839,psi,,hardware
WM-PT,pressure,1417.532454143,1779490262.7800174,0.48680966935273046,,-1.648791330908693,psi,,hardware
LF-PT,pressure,1417.536596549,1779490262.78416,0.23814621426417998,,-32.7317232169775,psi,,hardware
N-LC,thrust,1417.530945317,1779490262.778509,0.078125,0.078125,0.0,N,,hardware
FI-PT,pressure,1417.540279462,1779490262.7878428,0.5752218455340679,,9.402730691758482,psi,,hardware
CC-PT,pressure,1417.544468569,1779490262.792032,0.2792865370853587,,-27.58918286433016,psi,,hardware
FT-PT,pressure,1417.548131038,1779490262.7956944,1.0400117683424672,,67.5014710428084,psi,,hardware
E-LC,thrust,1417.541885542,1779490262.7894487,0.078125,0.078125,0.0,N,,hardware
FM-PT,pressure,1417.551861504,1779490262.7994251,0.7107729567018696,,26.346619587733695,psi,,hardware
WM-PT,pressure,1417.556186178,1779490262.8037496,0.48697775447103436,,-1.6277806911207047,psi,,hardware
LF-PT,pressure,1417.559873183,1779490262.8074365,0.2382576749631971,,-32.71779062960036,psi,,hardware
N-LC,thrust,1417.553548561,1779490262.8011117,0.078125,0.078125,0.0,N,,hardware
FI-PT,pressure,1417.563638091,1779490262.8112016,0.575162240882187,,9.39528011027338,psi,,hardware
CC-PT,pressure,1417.56784542,1779490262.815409,0.2794617747618883,,-27.567278154763958,psi,,hardware
FT-PT,pressure,1417.571990178,1779490262.8195536,1.0397161292691384,,67.4645161586423,psi,,hardware
E-LC,thrust,1417.565246893,1779490262.8128102,0.078125,0.078125,0.0,N,,hardware
FM-PT,pressure,1417.575752105,1779490262.8233154,0.7108838213543679,,26.360477669295985,psi,,hardware
WM-PT,pressure,1417.579975655,1779490262.827539,0.487373529359523,,-1.5783088300596257,psi,,hardware
LF-PT,pressure,1417.585730715,1779490262.8332946,0.23846629124477997,,-32.6917135944025,psi,,hardware
N-LC,thrust,1417.577368666,1779490262.824932,0.078125,0.078125,0.0,N,,hardware
FI-PT,pressure,1417.592806037,1779490262.8403702,0.5750835627417044,,9.385445342713044,psi,,hardware
CC-PT,pressure,1417.597163043,1779490262.8447266,0.279453430110625,,-27.568321236171872,psi,,hardware
E-LC,thrust,1417.594565183,1779490262.8421288,0.078125,0.078125,0.0,N,,hardware
FT-PT,pressure,1417.600853233,1779490262.8484166,1.0395146655457812,,67.43933319322265,psi,,hardware
FM-PT,pressure,1417.605952273,1779490262.8535159,0.710902298796451,,26.362787349556367,psi,,hardware
WM-PT,pressure,1417.609759309,1779490262.8573227,0.48753505796612,,-1.5581177542349987,psi,,hardware
N-LC,thrust,1417.604688749,1779490262.8522522,0.078125,0.078125,0.0,N,,hardware
LF-PT,pressure,1417.613401631,1779490262.860965,0.23853841287355576,,-32.68269839080553,psi,,hardware
FI-PT,pressure,1417.617629792,1779490262.865193,0.5749774664613565,,9.372183307669562,psi,,hardware
CC-PT,pressure,1417.621254152,1779490262.8688176,0.2796602582526515,,-27.54246771841856,psi,,hardware
E-LC,thrust,1417.616032434,1779490262.8635957,0.078125,0.078125,0.0,N,,hardware
FT-PT,pressure,1417.62497934,1779490262.8725426,1.0392148541468207,,67.40185676835259,psi,,hardware
FM-PT,pressure,1417.629158059,1779490262.8767214,0.7109905136812346,,26.37381421015432,psi,,hardware
WM-PT,pressure,1417.632858786,1779490262.880422,0.48771923634043174,,-1.5350954574460327,psi,,hardware
N-LC,thrust,1417.627529184,1779490262.8750925,0.078125,0.078125,0.0,N,,hardware
LF-PT,pressure,1417.636520329,1779490262.8840837,0.23881199822568872,,-32.64850022178891,psi,,hardware
FI-PT,pressure,1417.64076036,1779490262.888324,0.5749345511120023,,9.366818889000289,psi,,hardware
E-LC,thrust,1417.639161113,1779490262.8867242,0.078125,0.078125,0.0,N,,hardware
CC-PT,pressure,1417.644854917,1779490262.8924181,0.27983013151051184,,-27.52123356118602,psi,,hardware
FT-PT,pressure,1417.649386284,1779490262.8969495,1.0388995455383712,,67.3624431922964,psi,,hardware
FM-PT,pressure,1417.653119786,1779490262.9006832,0.7110811127520934,,26.385139094011674,psi,,hardware
WM-PT,pressure,1417.65677446,1779490262.904338,0.48790341471474347,,-1.5120731606570668,psi,,hardware
N-LC,thrust,1417.649207553,1779490262.8967707,0.078125,0.078125,0.0,N,,hardware
LF-PT,pressure,1417.660507147,1779490262.9080703,0.23876133427159002,,-32.654833216051244,psi,,hardware
FI-PT,pressure,1417.664671867,1779490262.9122353,0.5748493164598127,,9.356164557476593,psi,,hardware
E-LC,thrust,1417.662086025,1779490262.9096494,0.078125,0.078125,0.0,N,,hardware
CC-PT,pressure,1417.66836315,1779490262.9159267,0.2801555729097811,,-27.48055338627736,psi,,hardware
FT-PT,pressure,1417.673368806,1779490262.920932,1.0385687397204326,,67.32109246505408,psi,,hardware
FM-PT,pressure,1417.677350961,1779490262.9249141,0.711038793449258,,26.37984918115725,psi,,hardware
N-LC,thrust,1417.672071598,1779490262.919635,0.078125,0.078125,0.0,N,,hardware
WM-PT,pressure,1417.681039929,1779490262.9286034,0.4881686554156131,,-1.4789180730483618,psi,,hardware
LF-PT,pressure,1417.685200724,1779490262.932764,0.23903313148416655,,-32.62085856447918,psi,,hardware
FI-PT,pressure,1417.691853383,1779490262.9394174,0.5746538132016437,,9.331726650205457,psi,,hardware
E-LC,thrust,1417.683620049,1779490262.9311833,0.078125,0.078125,0.0,N,,hardware
CC-PT,pressure,1417.696081526,1779490262.9436452,0.2802849150043625,,-27.46438562445469,psi,,hardware
LF-PT,pressure,1417.702272748,1779490262.9498367,0.2392471121844187,,-32.59411097694766,psi,,hardware
N-LC,thrust,1417.697714771,1779490262.9452784,0.078125,0.078125,0.0,N,,hardware
FT-PT,pressure,1417.707160318,1779490262.9547236,1.0383911178578278,,67.29888973222847,psi,,hardware
FM-PT,pressure,1417.711450383,1779490262.9590137,0.711225356009645,,26.40316950120562,psi,,hardware
WM-PT,pressure,1417.715201032,1779490262.9627643,0.4883665428598574,,-1.4541821425178223,psi,,hardware
E-LC,thrust,1417.709797009,1779490262.9573603,0.078125,0.078125,0.0,N,,hardware
LF-PT,pressure,1417.718840058,1779490262.9664035,0.23956301683938702,,-32.55462289507662,psi,,hardware
FI-PT,pressure,1417.722984705,1779490262.970548,0.574547120874777,,9.318390109347124,psi,,hardware
CC-PT,pressure,1417.726695672,1779490262.974259,0.28040591244768054,,-27.44926094403993,psi,,hardware
N-LC,thrust,1417.721412086,1779490262.9689753,0.078125,0.078125,0.0,N,,hardware
FT-PT,pressure,1417.731259537,1779490262.978823,1.038150911110748,,67.26886388884351,psi,,hardware
FM-PT,pressure,1417.735602321,1779490262.9831657,0.7112450255447657,,26.405628193095705,psi,,hardware
WM-PT,pressure,1417.739325324,1779490262.9868884,0.48857933146707194,,-1.4275835666160073,psi,,hardware
E-LC,thrust,1417.732961742,1779490262.9805253,0.078125,0.078125,0.0,N,,hardware
LF-PT,pressure,1417.743093806,1779490262.9906573,0.23963096614253115,,-32.5461292321836,psi,,hardware
FI-PT,pressure,1417.747299024,1779490262.9948623,0.5744153945941204,,9.301924324265048,psi,,hardware
CC-PT,pressure,1417.751051155,1779490262.9986143,0.28052989012359264,,-27.43376373455092,psi,,hardware
N-LC,thrust,1417.744678925,1779490262.992242,0.078125,0.078125,0.0,N,,hardware
FT-PT,pressure,1417.754844229,1779490263.0024073,1.0378701732003894,,67.23377165004868,psi,,hardware
FM-PT,pressure,1417.759075964,1779490263.006639,0.7112491978703973,,26.406149733799662,psi,,hardware
WM-PT,pressure,1417.76282428,1779490263.0103877,0.48875337705056393,,-1.4058278686795087,psi,,hardware
E-LC,thrust,1417.756469808,1779490263.0040333,0.078125,0.078125,0.0,N,,hardware
LF-PT,pressure,1417.766616187,1779490263.0141792,0.23967984195707343,,-32.54001975536582,psi,,hardware
FI-PT,pressure,1417.77084546,1779490263.0184088,0.5743414848257882,,9.292685603223521,psi,,hardware
CC-PT,pressure,1417.774691568,1779490263.022255,0.5746323555269666,,9.32904444087082,psi,,hardware
N-LC,thrust,1417.768238748,1779490263.0158021,0.078125,-3.815629043058043e-05,4637.680606565547,N,,hardware
FT-PT,pressure,1417.778552304,1779490263.0261157,1.0376639411048818,,67.20799263811023,psi,,hardware
FM-PT,pressure,1417.782627529,1779490263.030191,0.7113535060111887,,26.41918825139859,psi,,hardware
WM-PT,pressure,1417.786377957,1779490263.0339413,0.489091931473247,,-1.363508565844128,psi,,hardware
E-LC,thrust,1417.780067445,1779490263.0276308,0.078125,0.078125,0.0,N,,hardware
LF-PT,pressure,1417.79241578,1779490263.0399797,0.23981335637728646,,-32.52333045283919,psi,,hardware
FI-PT,pressure,1417.797092584,1779490263.044656,0.5745340078513632,,9.316750981420402,psi,,hardware
CC-PT,pressure,1417.80081118,1779490263.0483744,0.2802485561667152,,-27.4689304791606,psi,,hardware
N-LC,thrust,1417.795427285,1779490263.042991,0.078125,0.078125,0.0,N,,hardware
FT-PT,pressure,1417.804451429,1779490263.0520146,1.0374845311027205,,67.18556638784007,psi,,hardware
FM-PT,pressure,1417.809113307,1779490263.0566766,0.7116676225266007,,26.45845281582508,psi,,hardware
WM-PT,pressure,1417.814729375,1779490263.0622935,0.4893255817086198,,-1.3343022864225271,psi,,hardware
E-LC,thrust,1417.806895834,1779490263.054459,0.078125,0.078125,0.0,N,,hardware
LF-PT,pressure,1417.818790323,1779490263.0663536,0.2398824977734682,,-32.51468777831647,psi,,hardware
FI-PT,pressure,1417.8230128,1779490263.0705762,0.5743951290124809,,9.299391126560113,psi,,hardware
CC-PT,pressure,1417.826704379,1779490263.0742679,0.2804047203546429,,-27.449409955669633,psi,,hardware
N-LC,thrust,1417.820439068,1779490263.0680025,0.078125,0.078125,0.0,N,,hardware
FT-PT,pressure,1417.830443159,1779490263.0780065,1.0372991606353712,,67.1623950794214,psi,,hardware
FM-PT,pressure,1417.834679987,1779490263.0822434,0.7116431846193295,,26.455398077416188,psi,,hardware
WM-PT,pressure,1417.838360789,1779490263.0859241,0.4895598279905114,,-1.3050215011860753,psi,,hardware
E-LC,thrust,1417.83209707,1779490263.0796602,0.078125,0.078125,0.0,N,,hardware
LF-PT,pressure,1417.842066404,1779490263.0896297,0.24001720428671885,,-32.49784946416014,psi,,hardware
FI-PT,pressure,1417.846212033,1779490263.0937753,0.5743736713378038,,9.296708917225477,psi,,hardware
N-LC,thrust,1417.843645578,1779490263.091209,0.078125,0.078125,0.0,N,,hardware
CC-PT,pressure,1417.851024292,1779490263.0985878,0.2805644608216835,,-27.42944239728956,psi,,hardware
FT-PT,pressure,1417.855240713,1779490263.102804,1.0369564338870565,,67.11955423588206,psi,,hardware
FM-PT,pressure,1417.859017066,1779490263.1065805,0.711725439038925,,26.46567987986563,psi,,hardware
E-LC,thrust,1417.853629152,1779490263.1011925,0.078125,0.078125,0.0,N,,hardware
WM-PT,pressure,1417.863132159,1779490263.1106954,0.48981195566796726,,-1.2735055415040928,psi,,hardware
LF-PT,pressure,1417.867319396,1779490263.1148827,0.2400213766123505,,-32.49732792345618,psi,,hardware
N-LC,thrust,1417.864710018,1779490263.1122735,0.078125,0.078125,0.0,N,,hardware
FI-PT,pressure,1417.872146025,1779490263.1197095,0.5743039338951033,,9.287991736887907,psi,,hardware
CC-PT,pressure,1417.876339244,1779490263.1239028,0.2807540036146645,,-27.405749548166934,psi,,hardware
FT-PT,pressure,1417.880454856,1779490263.1280181,1.0366333766738625,,67.07917208423281,psi,,hardware
E-LC,thrust,1417.874741682,1779490263.122305,0.078125,0.078125,0.0,N,,hardware
FM-PT,pressure,1417.884498287,1779490263.132062,0.7121003522992554,,26.512544037406922,psi,,hardware
WM-PT,pressure,1417.892216704,1779490263.1397808,0.4899734842745643,,-1.2533144656794657,psi,,hardware
N-LC,thrust,1417.886111033,1779490263.1336741,0.078125,0.078125,0.0,N,,hardware
LF-PT,pressure,1417.896667113,1779490263.1442308,0.24012747289269837,,-32.4840658884127,psi,,hardware
FT-PT,pressure,1417.900845221,1779490263.1484087,1.0362662120182766,,67.03327650228458,psi,,hardware
FI-PT,pressure,1417.904578409,1779490263.1521418,0.574603149247545,,9.32539365594312,psi,,hardware
E-LC,thrust,1417.899253029,1779490263.1468167,0.078125,0.078125,0.0,N,,hardware
CC-PT,pressure,1417.908283599,1779490263.1558468,0.2806961871023401,,-27.412976612207483,psi,,hardware
LF-PT,pressure,1417.912526259,1779490263.1600893,0.24019721033539893,,-32.47534870807513,psi,,hardware
FM-PT,pressure,1417.916233041,1779490263.1637962,0.7116694106661571,,26.458676333269633,psi,,hardware
N-LC,thrust,1417.910852016,1779490263.158415,0.078125,0.078125,0.0,N,,hardware
WM-PT,pressure,1417.919906399,1779490263.1674695,0.49015468241628196,,-1.2306646979647549,psi,,hardware
FT-PT,pressure,1417.924157022,1779490263.1717207,1.036116008295537,,67.01450103694212,psi,,hardware
FI-PT,pressure,1417.930169273,1779490263.1777334,0.574798652505714,,9.349831563214256,psi,,hardware
E-LC,thrust,1417.922561923,1779490263.1701252,0.078125,0.078125,0.0,N,,hardware
CC-PT,pressure,1417.933950199,1779490263.1815138,0.28092447291904366,,-27.38444088511954,psi,,hardware
LF-PT,pressure,1417.938194378,1779490263.1857576,0.24020793917273747,,-32.47400760340781,psi,,hardware
N-LC,thrust,1417.935608924,1779490263.1831725,0.078125,0.078125,0.0,N,,hardware
FM-PT,pressure,1417.944447097,1779490263.1920116,0.711371387406753,,26.42142342584412,psi,,hardware
WM-PT,pressure,1417.948788363,1779490263.1963518,0.4905284035835747,,-1.1839495520531638,psi,,hardware
FT-PT,pressure,1417.952510607,1779490263.200074,1.0359365982933757,,66.99207478667196,psi,,hardware
E-LC,thrust,1417.947106046,1779490263.1946695,0.078125,0.078125,0.0,N,,hardware
FI-PT,pressure,1417.95618165,1779490263.2037451,0.5751020401837874,,9.387755022973426,psi,,hardware
CC-PT,pressure,1417.960465808,1779490263.2080295,0.28102520478072224,,-27.37184940240972,psi,,hardware
LF-PT,pressure,1417.964974862,1779490263.2125385,0.2402460861499412,,-32.46923923125735,psi,,hardware
N-LC,thrust,1417.958792473,1779490263.2063558,0.078125,0.078125,0.0,N,,hardware
FM-PT,pressure,1417.968710976,1779490263.2162745,0.7111335648457485,,26.391695605718564,psi,,hardware
WM-PT,pressure,1417.972846031,1779490263.2204094,0.49075430521420305,,-1.1557118482246191,psi,,hardware
FT-PT,pressure,1417.976589052,1779490263.2241523,1.035721425500086,,66.96517818751074,psi,,hardware
E-LC,thrust,1417.97032974,1779490263.2178931,0.078125,0.078125,0.0,N,,hardware
FI-PT,pressure,1417.980245633,1779490263.227809,0.5755341739099233,,9.441771738740417,psi,,hardware
CC-PT,pressure,1417.984449721,1779490263.232013,0.28110567106076134,,-27.36179111740483,psi,,hardware
N-LC,thrust,1417.981856953,1779490263.2294202,0.078125,0.078125,0.0,N,,hardware
LF-PT,pressure,1417.988186668,1779490263.23575,0.24009647847372034,,-32.487940190784954,psi,,hardware
FM-PT,pressure,1417.996767373,1779490263.2443306,0.7107789171670577,,26.347364645882205,psi,,hardware
WM-PT,pressure,1418.000514486,1779490263.2480779,0.4909116614951684,,-1.1360423131039492,psi,,hardware
E-LC,thrust,1417.995090019,1779490263.2426543,0.078125,0.078125,0.0,N,,hardware
FT-PT,pressure,1418.00429119,1779490263.2518547,1.0356302303827083,,66.95377879783854,psi,,hardware
FI-PT,pressure,1418.008559775,1779490263.256123,0.5757481546101755,,9.468519326271934,psi,,hardware
CC-PT,pressure,1418.012269427,1779490263.2598329,0.2814811803676105,,-27.314852454048687,psi,,hardware
N-LC,thrust,1418.006942547,1779490263.2545059,0.078125,0.078125,0.0,N,,hardware
LF-PT,pressure,1418.015995356,1779490263.2635586,0.24002614498450098,,-32.496731876937375,psi,,hardware
FM-PT,pressure,1418.020141133,1779490263.2677045,0.7104767215820219,,26.309590197752737,psi,,hardware
WM-PT,pressure,1418.024263652,1779490263.271827,0.49107617033435946,,-1.115478708205067,psi,,hardware
E-LC,thrust,1418.018597253,1779490263.2661607,0.078125,0.078125,0.0,N,,hardware
FT-PT,pressure,1418.027972064,1779490263.2755353,1.035438303403652,,66.92978792545651,psi,,hardware
FI-PT,pressure,1418.032180911,1779490263.2797446,0.5759716720547285,,9.496459006841068,psi,,hardware
N-LC,thrust,1418.029564237,1779490263.2771275,0.078125,0.078125,0.0,N,,hardware
CC-PT,pressure,1418.035864009,1779490263.2834272,0.2818316557206697,,-27.271043034916286,psi,,hardware
LF-PT,pressure,1418.042924796,1779490263.2904882,0.24004760265917807,,-32.49404966760274,psi,,hardware
FT-PT,pressure,1418.047454071,1779490263.2950175,1.0350514692129456,,66.8814336516182,psi,,hardware
E-LC,thrust,1418.041593497,1779490263.2891574,0.078125,0.078125,0.0,N,,hardware
FM-PT,pressure,1418.051282179,1779490263.2988458,0.7106883180961988,,26.33603976202485,psi,,hardware
WM-PT,pressure,1418.055519673,1779490263.303083,0.49122041359191104,,-1.0974483010111196,psi,,hardware
LF-PT,pressure,1418.059171125,1779490263.3067346,0.2402973461505587,,-32.46283173118016,psi,,hardware
N-LC,thrust,1418.053847726,1779490263.3014114,0.078125,0.078125,0.0,N,,hardware
FI-PT,pressure,1418.062864519,1779490263.3104277,0.5758512706579293,,9.481408832241161,psi,,hardware
CC-PT,pressure,1418.067041924,1779490263.3146052,0.28200093293201123,,-27.249883383498595,psi,,hardware
FT-PT,pressure,1418.071152387,1779490263.3187156,1.0347451013022781,,66.84313766278477,psi,,hardware
E-LC,thrust,1418.065442436,1779490263.313006,0.078125,0.078125,0.0,N,,hardware
FM-PT,pressure,1418.074918944,1779490263.3224823,0.7108999146103757,,26.362489326296963,psi,,hardware
WM-PT,pressure,1418.080232602,1779490263.327796,0.4913992275475535,,-1.0750965565558128,psi,,hardware
N-LC,thrust,1418.076529765,1779490263.324093,0.078125,0.078125,0.0,N,,hardware
LF-PT,pressure,1418.083961179,1779490263.3315244,0.24040165429135013,,-32.44979321358123,psi,,hardware
FI-PT,pressure,1418.088241431,1779490263.3358047,0.5757046432143025,,9.46308040178781,psi,,hardware
E-LC,thrust,1418.086573502,1779490263.3341367,0.078125,0.078125,0.0,N,,hardware
CC-PT,pressure,1418.097127156,1779490263.3446915,0.28201106572283097,,-27.248616784646128,psi,,hardware
LF-PT,pressure,1418.101381186,1779490263.3489447,0.24078372010990623,,-32.40203498626172,psi,,hardware
FT-PT,pressure,1418.105192389,1779490263.3527558,1.0345513861836655,,66.81892327295819,psi,,hardware
N-LC,thrust,1418.099762459,1779490263.347326,0.078125,0.078125,0.0,N,,hardware
FM-PT,pressure,1418.108850099,1779490263.3564134,0.7109654797274446,,26.370684965930575,psi,,hardware
WM-PT,pressure,1418.112942786,1779490263.360506,0.49156433243326336,,-1.0544584458420796,psi,,hardware
LF-PT,pressure,1418.11665879,1779490263.3642223,0.24094584476302205,,-32.38176940462224,psi,,hardware
E-LC,thrust,1418.111412035,1779490263.3589754,0.078125,0.078125,0.0,N,,hardware
FI-PT,pressure,1418.120313908,1779490263.3678775,0.5756939143769639,,9.461739297120491,psi,,hardware
CC-PT,pressure,1418.125052412,1779490263.3726156,0.28208318735160676,,-27.239601581049154,psi,,hardware
FT-PT,pressure,1418.128799136,1779490263.3763626,1.0342414419938852,,66.78018024923566,psi,,hardware
N-LC,thrust,1418.122798552,1779490263.3703618,0.078125,0.078125,0.0,N,,hardware
FM-PT,pressure,1418.132452421,1779490263.3800159,0.7110525025191906,,26.381562814898825,psi,,hardware
WM-PT,pressure,1418.136638103,1779490263.3842015,0.4918230166224261,,-1.0221229221967358,psi,,hardware
E-LC,thrust,1418.135025857,1779490263.382589,0.078125,0.078125,0.0,N,,hardware
LF-PT,pressure,1418.140745567,1779490263.388309,0.2410155822057226,,-32.37305222428467,psi,,hardware
FI-PT,pressure,1418.14494086,1779490263.3925042,0.5755162925143591,,9.439536564294887,psi,,hardware
CC-PT,pressure,1418.148612551,1779490263.3961759,0.28214875246867566,,-27.23140594141554,psi,,hardware
FT-PT,pressure,1418.152357239,1779490263.3999207,1.0339046757107586,,66.73808446384483,psi,,hardware
N-LC,thrust,1418.145071872,1779490263.392635,0.078125,0.078125,0.0,N,,hardware
FM-PT,pressure,1418.157535127,1779490263.4050992,0.7111210478688536,,26.390130983606692,psi,,hardware
WM-PT,pressure,1418.162182062,1779490263.4097455,0.4920715680207691,,-0.9910539974038596,psi,,hardware
LF-PT,pressure,1418.165898269,1779490263.4134614,0.24113359941644663,,-32.35830007294417,psi,,hardware
E-LC,thrust,1418.159594442,1779490263.4071577,0.078125,0.078125,0.0,N,,hardware
FI-PT,pressure,1418.169571293,1779490263.4171345,0.575448343211215,,9.43104290140187,psi,,hardware
CC-PT,pressure,1418.173809621,1779490263.421373,0.2824932673565468,,-27.18834158043165,psi,,hardware
N-LC,thrust,1418.171195447,1779490263.4187589,0.078125,0.078125,0.0,N,,hardware
FT-PT,pressure,1418.177515588,1779490263.4250789,1.033760432453207,,66.72005405665088,psi,,hardware
FM-PT,pressure,1418.182484098,1779490263.4300475,0.7113296641504364,,26.41620801880455,psi,,hardware
WM-PT,pressure,1418.187162661,1779490263.434726,0.4923773398849177,,-0.952832514385285,psi,,hardware
E-LC,thrust,1418.181201408,1779490263.4287646,0.078125,0.078125,0.0,N,,hardware
LF-PT,pressure,1418.193685088,1779490263.4412494,0.24112585081170212,,-32.35926864853723,psi,,hardware
FT-PT,pressure,1418.197965024,1779490263.4455285,1.0334570447751337,,66.68213059689171,psi,,hardware
FI-PT,pressure,1418.202563555,1779490263.4501274,0.5757183522842351,,9.464794035529383,psi,,hardware
N-LC,thrust,1418.196335464,1779490263.443899,0.078125,0.078125,0.0,N,,hardware
CC-PT,pressure,1418.206274688,1779490263.4538379,0.2824724057283885,,-27.190949283951436,psi,,hardware
LF-PT,pressure,1418.210510349,1779490263.4580736,0.24121764197559858,,-32.347794753050174,psi,,hardware
FM-PT,pressure,1418.214182707,1779490263.461746,0.7108724964705105,,26.359062058813816,psi,,hardware
E-LC,thrust,1418.207902397,1779490263.4554658,0.078125,0.078125,0.0,N,,hardware
WM-PT,pressure,1418.217990835,1779490263.4655542,0.4926163545389598,,-0.922955682630025,psi,,hardware
FT-PT,pressure,1418.222174129,1779490263.4697375,1.0332561770982953,,66.65702213728692,psi,,hardware
N-LC,thrust,1418.219539882,1779490263.4671032,0.078125,0.078125,0.0,N,,hardware
FI-PT,pressure,1418.226934521,1779490263.474498,0.5759740562408038,,9.496757030100472,psi,,hardware
CC-PT,pressure,1418.231120314,1779490263.4786837,0.28262201340460935,,-27.17224832442383,psi,,hardware
LF-PT,pressure,1418.235289312,1779490263.482853,0.24117770685883844,,-32.35278664264519,psi,,hardware
E-LC,thrust,1418.229586656,1779490263.47715,0.078125,0.078125,0.0,N,,hardware
FM-PT,pressure,1418.239006037,1779490263.4865694,0.7104987753032178,,26.312346912902225,psi,,hardware
WM-PT,pressure,1418.243131686,1779490263.4906952,0.49283748779743763,,-0.8953140253202957,psi,,hardware
FT-PT,pressure,1418.246804895,1779490263.494368,1.0331244508176387,,66.64055635220484,psi,,hardware
N-LC,thrust,1418.240548677,1779490263.488112,0.078125,0.078125,0.0,N,,hardware
FI-PT,pressure,1418.250539824,1779490263.4981031,0.5762673111280574,,9.533413891007175,psi,,hardware
CC-PT,pressure,1418.254689564,1779490263.5022528,0.2827698329412738,,-27.153770882340776,psi,,hardware
LF-PT,pressure,1418.258395549,1779490263.5059588,0.241219430115155,,-32.34757123560562,psi,,hardware
E-LC,thrust,1418.252135238,1779490263.4996984,0.078125,0.078125,0.0,N,,hardware
FM-PT,pressure,1418.262205863,1779490263.5097692,0.7104844701867664,,26.3105587733458,psi,,hardware
WM-PT,pressure,1418.269620056,1779490263.5171843,0.49300497686922273,,-0.8743778913471584,psi,,hardware
N-LC,thrust,1418.263758705,1779490263.511322,0.078125,0.078125,0.0,N,,hardware
LF-PT,pressure,1418.274033022,1779490263.521597,0.24149957197899485,,-32.31255350262564,psi,,hardware
FT-PT,pressure,1418.278902871,1779490263.5264664,1.0329068938382737,,66.61336172978422,psi,,hardware
FI-PT,pressure,1418.282742442,1779490263.5303059,0.5764908285726105,,9.561353571576308,psi,,hardware
E-LC,thrust,1418.276728618,1779490263.5242918,0.078125,0.078125,0.0,N,,hardware
CC-PT,pressure,1418.286836574,1779490263.5343997,0.2829689124785557,,-27.128885940180535,psi,,hardware
LF-PT,pressure,1418.293841901,1779490263.541406,0.24163129825965146,,-32.296087717543564,psi,,hardware
FT-PT,pressure,1418.297669991,1779490263.5452335,1.0325003901124465,,66.56254876405582,psi,,hardware
N-LC,thrust,1418.290832396,1779490263.5383964,0.078125,0.078125,0.0,N,,hardware
FM-PT,pressure,1418.301351793,1779490263.548915,0.7106686485610781,,26.333581070134766,psi,,hardware
WM-PT,pressure,1418.306793777,1779490263.554357,0.49313074268469126,,-0.8586571644135926,psi,,hardware
E-LC,thrust,1418.303326853,1779490263.5508902,0.078125,0.078125,0.0,N,,hardware
LF-PT,pressure,1418.310552057,1779490263.5581152,0.24162951012009504,,-32.29631123498812,psi,,hardware
FI-PT,pressure,1418.313757569,1779490263.5613208,0.5764651985723017,,9.558149821537715,psi,,hardware
CC-PT,pressure,1418.318871238,1779490263.5664346,0.28289917503585515,,-27.137603120518104,psi,,hardware
N-LC,thrust,1418.313369072,1779490263.5609324,0.078125,0.078125,0.0,N,,hardware
FT-PT,pressure,1418.322653183,1779490263.5702164,1.0322434940628402,,66.53043675785503,psi,,hardware
FM-PT,pressure,1418.326745592,1779490263.5743089,0.7107520950737113,,26.34401188421391,psi,,hardware
WM-PT,pressure,1418.330370601,1779490263.577934,0.49337690989695904,,-0.8278862628801203,psi,,hardware
E-LC,thrust,1418.325201583,1779490263.5727649,0.078125,0.078125,0.0,N,,hardware
LF-PT,pressure,1418.334100585,1779490263.581664,0.2417797138428347,,-32.27753576964566,psi,,hardware
FI-PT,pressure,1418.338358319,1779490263.5859218,0.5763948650830824,,9.549358135385294,psi,,hardware
CC-PT,pressure,1418.34206686,1779490263.5896301,0.2831215003873706,,-27.109812451578673,psi,,hardware
N-LC,thrust,1418.336693501,1779490263.5842571,0.078125,0.078125,0.0,N,,hardware
FT-PT,pressure,1418.345747014,1779490263.5933104,1.0319746770828577,,66.49683463535722,psi,,hardware
FM-PT,pressure,1418.350021154,1779490263.5975847,0.7109040869360074,,26.36301086700092,psi,,hardware
WM-PT,pressure,1418.35368142,1779490263.6012447,0.4935283057127363,,-0.8089617859079606,psi,,hardware
LF-PT,pressure,1418.357571452,1779490263.605135,0.2417147447722846,,-32.28565690346442,psi,,hardware
E-LC,thrust,1418.348363095,1779490263.5959265,0.078125,0.078125,0.0,N,,hardware
FI-PT,pressure,1418.359950749,1779490263.607514,0.5762434692673051,,9.530433658413134,psi,,hardware
CC-PT,pressure,1418.364558946,1779490263.612122,0.2831995824813345,,-27.10005218983319,psi,,hardware
N-LC,thrust,1418.360890254,1779490263.6084538,0.078125,0.078125,0.0,N,,hardware
FT-PT,pressure,1418.368275061,1779490263.6158385,1.0317112245215445,,66.46390306519307,psi,,hardware
FM-PT,pressure,1418.373304012,1779490263.6208673,0.7108665360053225,,26.358317000665306,psi,,hardware
WM-PT,pressure,1418.376122657,1779490263.623686,0.49391812013603686,,-0.7602349829953919,psi,,hardware
E-LC,thrust,1418.37201747,1779490263.6195812,0.078125,0.078125,0.0,N,,hardware
LF-PT,pressure,1418.38294816,1779490263.6305122,0.24193468593772482,,-32.258164257784394,psi,,hardware
FI-PT,pressure,1418.387318091,1779490263.6348813,0.5763418169429084,,9.542727117863553,psi,,hardware
CC-PT,pressure,1418.395024324,1779490263.642589,0.28335753480881865,,-27.080308148897668,psi,,hardware
N-LC,thrust,1418.38564157,1779490263.633205,0.078125,0.078125,0.0,N,,hardware
LF-PT,pressure,1418.39891693,1779490263.6464803,0.24197462105448497,,-32.253172368189375,psi,,hardware
FT-PT,pressure,1418.403077391,1779490263.6506407,1.0316683091721903,,66.45853864652379,psi,,hardware
E-LC,thrust,1418.40054886,1779490263.6481123,0.078125,0.078125,0.0,N,,hardware
FM-PT,pressure,1418.407898243,1779490263.6554618,0.7110864771707627,,26.385809646345333,psi,,hardware
WM-PT,pressure,1418.412194474,1779490263.6597579,0.49407011199833295,,-0.7412360002083812,psi,,hardware
LF-PT,pressure,1418.41588759,1779490263.663451,0.2422243645458656,,-32.2219544317668,psi,,hardware
N-LC,thrust,1418.410592042,1779490263.6581552,0.078125,0.078125,0.0,N,,hardware
FI-PT,pressure,1418.419668424,1779490263.667232,0.5763102264774116,,9.538778309676449,psi,,hardware
CC-PT,pressure,1418.423860198,1779490263.6714234,0.2833175996920585,,-27.085300038492687,psi,,hardware
FT-PT,pressure,1418.427575554,1779490263.6751392,1.0313756503314555,,66.42195629143194,psi,,hardware
E-LC,thrust,1418.422198177,1779490263.6697614,0.078125,0.078125,0.0,N,,hardware
FM-PT,pressure,1418.431243449,1779490263.6788068,0.7111550225204256,,26.3943778150532,psi,,hardware
WM-PT,pressure,1418.435738466,1779490263.6833022,0.49428826502421674,,-0.713966871972907,psi,,hardware
LF-PT,pressure,1418.439394714,1779490263.686958,0.2422309210575725,,-32.221134867803435,psi,,hardware
N-LC,thrust,1418.433755073,1779490263.6813183,0.078125,0.078125,0.0,N,,hardware
FI-PT,pressure,1418.443150327,1779490263.690714,0.576309034384374,,9.538629298046747,psi,,hardware
CC-PT,pressure,1418.447343156,1779490263.6949067,0.283443365507527,,-27.06957931155912,psi,,hardware
FT-PT,pressure,1418.451091047,1779490263.6986544,1.031072858699901,,66.38410733748762,psi,,hardware
E-LC,thrust,1418.445728206,1779490263.6932917,0.078125,0.078125,0.0,N,,hardware
FM-PT,pressure,1418.454845327,1779490263.702409,0.7113254918248048,,26.415686478100593,psi,,hardware
WM-PT,pressure,1418.46056376,1779490263.708127,0.4944098585140536,,-0.6987676857432984,psi,,hardware
N-LC,thrust,1418.457078095,1779490263.7046416,0.078125,0.078125,0.0,N,,hardware
LF-PT,pressure,1418.464195249,1779490263.7117584,0.24226370361610694,,-32.21703704798663,psi,,hardware
FI-PT,pressure,1418.467350635,1779490263.7149138,0.5762291641508537,,9.52864551885671,psi,,hardware
CC-PT,pressure,1418.472122897,1779490263.7196865,0.28364900155651585,,-27.043874805435518,psi,,hardware
E-LC,thrust,1418.467120499,1779490263.714684,0.078125,0.078125,0.0,N,,hardware
FT-PT,pressure,1418.475849196,1779490263.7234125,1.0308356321854153,,66.35445402317691,psi,,hardware
FM-PT,pressure,1418.479961012,1779490263.7275243,0.7114029778722498,,26.425372234031226,psi,,hardware
WM-PT,pressure,1418.483720958,1779490263.7312841,0.4946655624706223,,-0.6668046911722098,psi,,hardware
N-LC,thrust,1418.478416095,1779490263.7259793,0.078125,0.078125,0.0,N,,hardware
LF-PT,pressure,1418.487402574,1779490263.7349663,0.24253967315431513,,-32.182540855710606,psi,,hardware
FI-PT,pressure,1418.495309112,1779490263.7428725,0.5762929411283662,,9.536617641045769,psi,,hardware
E-LC,thrust,1418.493530411,1779490263.7410944,0.078125,0.078125,0.0,N,,hardware
CC-PT,pressure,1418.502899851,1779490263.7504642,0.28368655248720076,,-27.039180939099904,psi,,hardware
LF-PT,pressure,1418.507129716,1779490263.7546928,0.24271789106343877,,-32.16026361707015,psi,,hardware
FT-PT,pressure,1418.510889403,1779490263.758453,1.0306860245091944,,66.3357530636493,psi,,hardware
N-LC,thrust,1418.505515396,1779490263.7530787,0.078125,0.078125,0.0,N,,hardware
FM-PT,pressure,1418.514580908,1779490263.7621443,0.7115585460136588,,26.444818251707343,psi,,hardware
WM-PT,pressure,1418.520558364,1779490263.768122,0.4948098057281739,,-0.6487742839782623,psi,,hardware
E-LC,thrust,1418.517033775,1779490263.7645972,0.078125,0.078125,0.0,N,,hardware
LF-PT,pressure,1418.524317995,1779490263.771881,0.2428591540883963,,-32.14260573895046,psi,,hardware
FI-PT,pressure,1418.527452381,1779490263.7750156,0.5762953253144414,,9.536915664305173,psi,,hardware
CC-PT,pressure,1418.532510628,1779490263.780074,0.28370085760365216,,-27.03739279954348,psi,,hardware
N-LC,thrust,1418.527071198,1779490263.7746346,0.078125,0.078125,0.0,N,,hardware
FT-PT,pressure,1418.536217817,1779490263.783781,1.0304905212510254,,66.31131515637817,psi,,hardware
FM-PT,pressure,1418.540426887,1779490263.7879903,0.7116455688054047,,26.455696100675592,psi,,hardware
WM-PT,pressure,1418.544148038,1779490263.7917116,0.49486344991486664,,-0.6420687606416703,psi,,hardware
E-LC,thrust,1418.538747699,1779490263.7863111,0.078125,0.078125,0.0,N,,hardware
LF-PT,pressure,1418.547629018,1779490263.7951922,0.24294260060102948,,-32.132174924871315,psi,,hardware
FI-PT,pressure,1418.552463368,1779490263.8000267,0.5762559862442,,9.531998280525006,psi,,hardware
N-LC,thrust,1418.549882841,1779490263.7974463,0.078125,0.078125,0.0,N,,hardware
CC-PT,pressure,1418.557289183,1779490263.804853,0.2838427166751285,,-27.019660415608936,psi,,hardware
FT-PT,pressure,1418.561475087,1779490263.8090384,1.0301400458979662,,66.26750573724577,psi,,hardware
FM-PT,pressure,1418.564971677,1779490263.812535,0.7115662946184033,,26.445786827300406,psi,,hardware
E-LC,thrust,1418.559866674,1779490263.8074298,0.078125,0.078125,0.0,N,,hardware
WM-PT,pressure,1418.567329068,1779490263.8148925,0.4951876992210983,,-0.6015375973627141,psi,,hardware
LF-PT,pressure,1418.572929119,1779490263.8204925,0.24301889455543693,,-32.122638180570384,psi,,hardware
FI-PT,pressure,1418.57655909,1779490263.8241227,0.5762017460109885,,9.525218251373563,psi,,hardware
N-LC,thrust,1418.57133576,1779490263.8188992,0.078125,0.078125,0.0,N,,hardware
CC-PT,pressure,1418.58026452,1779490263.827828,0.2838653664428432,,-27.016829194644597,psi,,hardware
FT-PT,pressure,1418.584501533,1779490263.8320649,1.0298968589182924,,66.23710736478655,psi,,hardware
FM-PT,pressure,1418.588228869,1779490263.835792,0.7114679469427999,,26.433493367849987,psi,,hardware
E-LC,thrust,1418.582829641,1779490263.830393,0.078125,0.078125,0.0,N,,hardware
WM-PT,pressure,1418.596532848,1779490263.8440979,0.49562877364501645,,-0.5464032943729435,psi,,hardware
LF-PT,pressure,1418.603373665,1779490263.8509374,0.24301293409024885,,-32.123383238718894,psi,,hardware
N-LC,thrust,1418.598604551,1779490263.8461683,0.078125,0.078125,0.0,N,,hardware
FT-PT,pressure,1418.607769947,1779490263.8553336,1.0300655400831151,,66.25819251038939,psi,,hardware
FI-PT,pressure,1418.612793991,1779490263.8603575,0.5766249390393423,,9.578117379917789,psi,,hardware
CC-PT,pressure,1418.619651604,1779490263.8672159,0.2838123183026693,,-27.023460212166338,psi,,hardware
E-LC,thrust,1418.610811098,1779490263.8583746,0.078125,0.078125,0.0,N,,hardware
LF-PT,pressure,1418.623397809,1779490263.8709614,0.24317982711551514,,-32.10252161056061,psi,,hardware
FT-PT,pressure,1418.629483889,1779490263.8770475,1.0297931468240198,,66.22414335300248,psi,,hardware
FM-PT,pressure,1418.634349109,1779490263.881913,0.7116467608984424,,26.455845112305294,psi,,hardware
N-LC,thrust,1418.627970508,1779490263.8755343,0.078125,0.078125,0.0,N,,hardware
WM-PT,pressure,1418.638528476,1779490263.886092,0.49586182783387045,,-0.5172715207661938,psi,,hardware
LF-PT,pressure,1418.643673274,1779490263.8912365,0.24339857618791774,,-32.07517797651028,psi,,hardware
FI-PT,pressure,1418.648676227,1779490263.8962395,0.5765045376425431,,9.563067205317882,psi,,hardware
E-LC,thrust,1418.641125207,1779490263.8886886,0.078125,0.078125,0.0,N,,hardware
CC-PT,pressure,1418.652345881,1779490263.8999093,0.28378132388369126,,-27.02733451453859,psi,,hardware
FT-PT,pressure,1418.657198138,1779490263.9047616,1.0295863186819934,,66.19828983524917,psi,,hardware
FM-PT,pressure,1418.661426522,1779490263.9089901,0.711750472992715,,26.468809124089372,psi,,hardware
N-LC,thrust,1418.653888168,1779490263.9014518,0.078125,0.078125,0.0,N,,hardware
WM-PT,pressure,1418.66627976,1779490263.9138434,0.4961276645812589,,-0.48404192734263773,psi,,hardware
LF-PT,pressure,1418.671308564,1779490263.918872,0.24345520060720452,,-32.068099924099435,psi,,hardware
FI-PT,pressure,1418.675078324,1779490263.9226418,0.5766505690396511,,9.581321129956383,psi,,hardware
E-LC,thrust,1418.668269431,1779490263.9158328,0.078125,0.078125,0.0,N,,hardware
CC-PT,pressure,1418.680046408,1779490263.9276102,0.28397146272319107,,-27.003567159601115,psi,,hardware
LF-PT,pressure,1418.685627867,1779490263.933192,0.24375680014572146,,-32.03039998178482,psi,,hardware
FT-PT,pressure,1418.693020358,1779490263.9405847,1.0294563805408932,,66.18204756761165,psi,,hardware
N-LC,thrust,1418.682042986,1779490263.9296067,0.078125,0.078125,0.0,N,,hardware
FM-PT,pressure,1418.697113249,1779490263.9446769,0.7119757785768245,,26.49697232210306,psi,,hardware
WM-PT,pressure,1418.701359557,1779490263.9489229,0.4962647552805848,,-0.46690558992690256,psi,,hardware
LF-PT,pressure,1418.705079635,1779490263.9526432,0.24391475247320563,,-32.0106559408493,psi,,hardware
E-LC,thrust,1418.69875979,1779490263.946323,0.078125,0.078125,0.0,N,,hardware
FI-PT,pressure,1418.708871246,1779490263.9564345,0.5765385122941151,,9.56731403676439,psi,,hardware
CC-PT,pressure,1418.71303904,1779490263.9606023,0.28406325388708753,,-26.992093264114057,psi,,hardware
FT-PT,pressure,1418.716704972,1779490263.9642682,1.0291714703049029,,66.14643378811286,psi,,hardware
N-LC,thrust,1418.71041644,1779490263.9579797,0.078125,0.078125,0.0,N,,hardware
FM-PT,pressure,1418.720311815,1779490263.967875,0.7120329990426301,,26.504124880328757,psi,,hardware
WM-PT,pressure,1418.724529477,1779490263.9720926,0.4966140385406064,,-0.4232451824242034,psi,,hardware
E-LC,thrust,1418.721938005,1779490263.9695013,0.078125,0.078125,0.0,N,,hardware
LF-PT,pressure,1418.729319478,1779490263.976883,0.24400296735798924,,-31.99962908025135,psi,,hardware
FI-PT,pressure,1418.733686873,1779490263.98125,0.576424071362504,,9.553008920312994,psi,,hardware
CC-PT,pressure,1418.737327251,1779490263.9848907,0.28410080481777245,,-26.987399397778443,psi,,hardware
N-LC,thrust,1418.731981465,1779490263.9795449,0.078125,0.078125,0.0,N,,hardware
FT-PT,pressure,1418.74110527,1779490263.9886687,1.0288960968132135,,66.11201210165169,psi,,hardware
FM-PT,pressure,1418.747297344,1779490263.994861,0.7121307506717146,,26.516343833964324,psi,,hardware
WM-PT,pressure,1418.751061438,1779490263.998625,0.49672251900702946,,-0.4096851241213173,psi,,hardware
E-LC,thrust,1418.74566221,1779490263.993226,0.078125,0.078125,0.0,N,,hardware
LF-PT,pressure,1418.754699168,1779490264.0022628,0.2440804534054343,,-31.989943324320716,psi,,hardware
FI-PT,pressure,1418.758904516,1779490264.006468,0.5764330120602861,,9.55412650753576,psi,,hardware
CC-PT,pressure,1418.762620668,1779490264.010184,0.2843833308676875,,-26.95208364153906,psi,,hardware
N-LC,thrust,1418.757312934,1779490264.0048764,0.078125,0.078125,0.0,N,,hardware
FT-PT,pressure,1418.767235401,1779490264.014799,1.02873278006706,,66.0915975083825,psi,,hardware
FM-PT,pressure,1418.771479821,1779490264.019043,0.7121194257878573,,26.514928223482155,psi,,hardware
WM-PT,pressure,1418.775163901,1779490264.0227273,0.4969215985443114,,-0.3848001819610758,psi,,hardware
E-LC,thrust,1418.76891607,1779490264.0164795,0.078125,0.078125,0.0,N,,hardware
LF-PT,pressure,1418.779044563,1779490264.026608,0.24423184922121158,,-31.971018847348557,psi,,hardware
FI-PT,pressure,1418.783324036,1779490264.0308874,0.5763376446172768,,9.542205577159596,psi,,hardware
CC-PT,pressure,1418.787049447,1779490264.0346127,0.2847057920343628,,-26.911775995704648,psi,,hardware
N-LC,thrust,1418.780806394,1779490264.0283697,0.078125,0.078125,0.0,N,,hardware
LF-PT,pressure,1418.793445122,1779490264.0410094,0.24435940317623653,,-31.955074602970438,psi,,hardware
FT-PT,pressure,1418.797671469,1779490264.0452347,1.0285354886693345,,66.06693608366682,psi,,hardware
FM-PT,pressure,1418.801782192,1779490264.0493457,0.712191547416633,,26.52394342707913,psi,,hardware
E-LC,thrust,1418.796074055,1779490264.0436375,0.078125,0.078125,0.0,N,,hardware
WM-PT,pressure,1418.805432033,1779490264.0529954,0.4971498843610149,,-0.3562644548731342,psi,,hardware
LF-PT,pressure,1418.809716396,1779490264.0572796,0.24451556736416427,,-31.93555407947947,psi,,hardware
FI-PT,pressure,1418.813482249,1779490264.0610454,0.5762148590344023,,9.526857379300285,psi,,hardware
N-LC,thrust,1418.807080278,1779490264.0546436,0.078125,0.078125,0.0,N,,hardware
CC-PT,pressure,1418.817181031,1779490264.0647445,0.2848142725007859,,-26.898215937401762,psi,,hardware
FT-PT,pressure,1418.821413489,1779490264.0689769,1.0282517705263818,,66.03147131579773,psi,,hardware
FM-PT,pressure,1418.825127586,1779490264.072691,0.7122565164871831,,26.53206456089789,psi,,hardware
E-LC,thrust,1418.818806981,1779490264.0663702,0.078125,0.078125,0.0,N,,hardware
WM-PT,pressure,1418.828834405,1779490264.076398,0.49733346668880785,,-0.33331666389901926,psi,,hardware
LF-PT,pressure,1418.833018606,1779490264.080582,0.24457815224863913,,-31.927730968920113,psi,,hardware
N-LC,thrust,1418.830409246,1779490264.0779724,0.078125,0.078125,0.0,N,,hardware
FI-PT,pressure,1418.836760646,1779490264.084324,0.5762237997321844,,9.52797496652305,psi,,hardware
CC-PT,pressure,1418.841743193,1779490264.0893066,0.28489175854823096,,-26.88853018147113,psi,,hardware
FT-PT,pressure,1418.845200248,1779490264.0927637,1.027881625638202,,65.98520320477525,psi,,hardware
E-LC,thrust,1418.840441707,1779490264.0880048,0.078125,0.078125,0.0,N,,hardware
FM-PT,pressure,1418.84889192,1779490264.096455,0.7123918190469526,,26.548977380869072,psi,,hardware
WM-PT,pressure,1418.853931556,1779490264.1014948,0.49756771297069946,,-0.3040358786625674,psi,,hardware
LF-PT,pressure,1418.860208496,1779490264.1077724,0.24463656480748233,,-31.920429399064712,psi,,hardware
N-LC,thrust,1418.852657625,1779490264.100221,0.078125,0.078125,0.0,N,,hardware
FT-PT,pressure,1418.864044012,1779490264.1116076,1.0276151928442947,,65.95189910553684,psi,,hardware
FI-PT,pressure,1418.86824012,1779490264.1158035,0.5765194388055133,,9.564929850689158,psi,,hardware
CC-PT,pressure,1418.872280829,1779490264.1198444,0.2849114280833516,,-26.886071489581045,psi,,hardware
E-LC,thrust,1418.866629707,1779490264.1141932,0.078125,0.078125,0.0,N,,hardware
LF-PT,pressure,1418.875999518,1779490264.1235628,0.24468782480809984,,-31.914021898987524,psi,,hardware
FM-PT,pressure,1418.880273418,1779490264.127837,0.7122553243941455,,26.531915549268188,psi,,hardware
WM-PT,pressure,1418.883910704,1779490264.131474,0.4977727529731695,,-0.2784058783538157,psi,,hardware
N-LC,thrust,1418.877687557,1779490264.1252508,0.078125,0.078125,0.0,N,,hardware
FT-PT,pressure,1418.887647688,1779490264.135211,1.0275758537740534,,65.94698172175667,psi,,hardware
FI-PT,pressure,1418.894772787,1779490264.1423366,0.5768281909022559,,9.603523862781987,psi,,hardware
CC-PT,pressure,1418.898485883,1779490264.1460495,0.2849752050608641,,-26.878099367391986,psi,,hardware
E-LC,thrust,1418.891747709,1779490264.139312,0.078125,0.078125,0.0,N,,hardware
LF-PT,pressure,1418.902249218,1779490264.1498127,0.2445900731790153,,-31.926240852623092,psi,,hardware
FM-PT,pressure,1418.90639194,1779490264.1539552,0.7118625297382509,,26.482816217281364,psi,,hardware
WM-PT,pressure,1418.910153756,1779490264.157717,0.498013555766768,,-0.2483055291540026,psi,,hardware
N-LC,thrust,1418.903793394,1779490264.1513567,0.078125,0.078125,0.0,N,,hardware
FT-PT,pressure,1418.913903888,1779490264.161467,1.027431014469983,,65.92887680874787,psi,,hardware
FI-PT,pressure,1418.918136716,1779490264.1657,0.5770785304401553,,9.634816305019417,psi,,hardware
CC-PT,pressure,1418.92217561,1779490264.169739,0.28501454413110544,,-26.87318198361182,psi,,hardware
E-LC,thrust,1418.915518616,1779490264.163082,0.078125,0.078125,0.0,N,,hardware
LF-PT,pressure,1418.925805008,1779490264.1733682,0.24466755922646036,,-31.91655509669246,psi,,hardware
FM-PT,pressure,1418.930027762,1779490264.177591,0.7114351643842655,,26.42939554803318,psi,,hardware
WM-PT,pressure,1418.933759876,1779490264.181323,0.49820131042019256,,-0.22483619747593053,psi,,hardware
N-LC,thrust,1418.927459085,1779490264.1750224,0.078125,0.078125,0.0,N,,hardware
FT-PT,pressure,1418.93750699,1779490264.1850703,1.0273046526079956,,65.91308157599946,psi,,hardware
FI-PT,pressure,1418.941505108,1779490264.189069,0.5773407909084309,,9.667598863553867,psi,,hardware
E-LC,thrust,1418.939087683,1779490264.186651,0.078125,0.078125,0.0,N,,hardware
CC-PT,pressure,1418.948105939,1779490264.1956704,0.28518322529592816,,-26.85209683800898,psi,,hardware
LF-PT,pressure,1418.952356136,1779490264.1999195,0.24443212085153113,,-31.945984893558613,psi,,hardware
FT-PT,pressure,1418.956064344,1779490264.2036276,1.0270930560938187,,65.88663201172734,psi,,hardware
N-LC,thrust,1418.950755648,1779490264.1983192,0.078125,0.078125,0.0,N,,hardware
FM-PT,pressure,1418.959822827,1779490264.207386,0.7116020574095318,,26.450257176191467,psi,,hardware
WM-PT,pressure,1418.964036379,1779490264.2115998,0.49841946344607635,,-0.1975670692404563,psi,,hardware
LF-PT,pressure,1418.967785103,1779490264.2153485,0.24482551155394452,,-31.896811055756938,psi,,hardware
E-LC,thrust,1418.962404948,1779490264.2099683,0.078125,0.078125,0.0,N,,hardware
FI-PT,pressure,1418.97352185,1779490264.221086,0.577290723000851,,9.66134037510638,psi,,hardware
CC-PT,pressure,1418.977750771,1779490264.2253141,0.28514746250479966,,-26.85656718690004,psi,,hardware
FT-PT,pressure,1418.981519069,1779490264.2290823,1.0267807277179632,,65.84759096474541,psi,,hardware
N-LC,thrust,1418.976086046,1779490264.2236495,0.078125,0.078125,0.0,N,,hardware
FM-PT,pressure,1418.985154781,1779490264.232718,0.7119751825303057,,26.496897816288207,psi,,hardware
WM-PT,pressure,1418.992644582,1779490264.2402089,0.4984152911204447,,-0.19808860994441346,psi,,hardware
LF-PT,pressure,1418.995064322,1779490264.2426276,0.24485829411247897,,-31.892713235940132,psi,,hardware
FI-PT,pressure,1418.999204099,1779490264.2467675,0.5772454234654216,,9.655677933177703,psi,,hardware
E-LC,thrust,1418.987739586,1779490264.235303,0.078125,0.078125,0.0,N,,hardware
CC-PT,pressure,1419.003243197,1779490264.2508068,0.28529885832057694,,-26.83764270992788,psi,,hardware
FT-PT,pressure,1419.007520227,1779490264.2550836,1.0266370805069305,,65.82963506336631,psi,,hardware
N-LC,thrust,1419.004915607,1779490264.252479,0.078125,0.078125,0.0,N,,hardware
FM-PT,pressure,1419.011243008,1779490264.2588062,0.7121259822995641,,26.515747787445516,psi,,hardware
WM-PT,pressure,1419.016256572,1779490264.26382,0.4986107943786138,,-0.1736507026732781,psi,,hardware
LF-PT,pressure,1419.0202803,1779490264.2678435,0.2448684269032987,,-31.891446637087665,psi,,hardware
E-LC,thrust,1419.014963901,1779490264.2625272,0.078125,0.078125,0.0,N,,hardware
FI-PT,pressure,1419.023937696,1779490264.271501,0.5770666095097792,,9.633326188722396,psi,,hardware
CC-PT,pressure,1419.028090269,1779490264.2756534,0.28538528506580413,,-26.826839366774482,psi,,hardware
FT-PT,pressure,1419.031717741,1779490264.279281,1.0263438256196769,,65.79297820245961,psi,,hardware
N-LC,thrust,1419.026511354,1779490264.2740746,0.078125,0.078125,0.0,N,,hardware
FM-PT,pressure,1419.03549963,1779490264.2830627,0.7122088327656785,,26.526104095709808,psi,,hardware
WM-PT,pressure,1419.039708219,1779490264.2872715,0.4988515971722123,,-0.143550353473465,psi,,hardware
LF-PT,pressure,1419.043454536,1779490264.2910178,0.24494293271814974,,-31.882133410231287,psi,,hardware
E-LC,thrust,1419.038043697,1779490264.2856069,0.078125,0.078125,0.0,N,,hardware
FI-PT,pressure,1419.047118431,1779490264.2946815,0.5770248862534626,,9.628110781682825,psi,,hardware
CC-PT,pressure,1419.051260579,1779490264.2988238,0.28557780809137917,,-26.802773988577602,psi,,hardware
FT-PT,pressure,1419.055016322,1779490264.3025799,1.0259623558476396,,65.74529448095495,psi,,hardware
N-LC,thrust,1419.049686627,1779490264.29725,0.078125,0.078125,0.0,N,,hardware
FM-PT,pressure,1419.058480562,1779490264.3060439,0.7123727455583507,,26.54659319479384,psi,,hardware
WM-PT,pressure,1419.064023041,1779490264.3115866,0.4990143178718469,,-0.12321026601913587,psi,,hardware
E-LC,thrust,1419.060504582,1779490264.3080678,0.078125,0.078125,0.0,N,,hardware
LF-PT,pressure,1419.067768062,1779490264.3153317,0.24502161085863242,,-31.872298642670952,psi,,hardware
FI-PT,pressure,1419.070869044,1779490264.3184323,0.5768538209025647,,9.606727612820581,psi,,hardware
CC-PT,pressure,1419.076057598,1779490264.3236217,0.2856511218131926,,-26.793609773350926,psi,,hardware
N-LC,thrust,1419.070535414,1779490264.318099,0.078125,0.078125,0.0,N,,hardware
FT-PT,pressure,1419.079755696,1779490264.3273194,1.025914672126135,,65.73933401576687,psi,,hardware
FM-PT,pressure,1419.085604678,1779490264.333169,0.7122511520685139,,26.53139400856423,psi,,hardware
WM-PT,pressure,1419.087975087,1779490264.3355384,0.49920743694394076,,-0.09907038200740459,psi,,hardware
LF-PT,pressure,1419.095231401,1779490264.3427956,0.24514916481365737,,-31.856354398292833,psi,,hardware
E-LC,thrust,1419.082364944,1779490264.3299284,0.078125,0.078125,0.0,N,,hardware
FI-PT,pressure,1419.099154042,1779490264.3467174,0.576747128575698,,9.593391071962248,psi,,hardware
CC-PT,pressure,1419.102693907,1779490264.3502574,0.28575721809354043,,-26.780347738307444,psi,,hardware
FT-PT,pressure,1419.10655494,1779490264.3541183,1.0257453949147934,,65.71817436434918,psi,,hardware
N-LC,thrust,1419.100779381,1779490264.3483431,0.078125,0.078125,0.0,N,,hardware
FM-PT,pressure,1419.110835988,1779490264.3583994,0.7126522913756718,,26.58153642195897,psi,,hardware
WM-PT,pressure,1419.11499645,1779490264.3625598,0.49935168020149234,,-0.08103997481345715,psi,,hardware
E-LC,thrust,1419.112463512,1779490264.3600268,0.078125,0.078125,0.0,N,,hardware
LF-PT,pressure,1419.118756933,1779490264.3663201,0.2452105576050946,,-31.848680299363178,psi,,hardware
FI-PT,pressure,1419.123738943,1779490264.3713021,0.5766231508997859,,9.577893862473235,psi,,hardware
CC-PT,pressure,1419.12767562,1779490264.375239,0.28584602902484285,,-26.769246371894642,psi,,hardware
N-LC,thrust,1419.122445475,1779490264.370009,0.078125,0.078125,0.0,N,,hardware
FT-PT,pressure,1419.131513803,1779490264.3790772,1.0255898267733845,,65.69872834667306,psi,,hardware
FM-PT,pressure,1419.136339673,1779490264.383903,0.7126761332364241,,26.58451665455301,psi,,hardware
WM-PT,pressure,1419.140036233,1779490264.3875997,0.4995245336919467,,-0.05943328850666063,psi,,hardware
E-LC,thrust,1419.133758663,1779490264.381322,0.078125,0.078125,0.0,N,,hardware
LF-PT,pressure,1419.143682519,1779490264.3912458,0.24534943644397691,,-31.83132044450289,psi,,hardware
FI-PT,pressure,1419.147872775,1779490264.395436,0.5765277834567766,,9.565972932097072,psi,,hardware
CC-PT,pressure,1419.15156141,1779490264.3991246,0.28591755460709983,,-26.76030567411252,psi,,hardware
N-LC,thrust,1419.145302858,1779490264.3928664,0.078125,0.078125,0.0,N,,hardware
FT-PT,pressure,1419.155659097,1779490264.4032226,1.0252953797930933,,65.66192247413666,psi,,hardware
FM-PT,pressure,1419.159902814,1779490264.4074662,0.7126618281199727,,26.582728514996585,psi,,hardware
WM-PT,pressure,1419.16379729,1779490264.4113607,0.49977368113680853,,-0.028289857898933235,psi,,hardware
E-LC,thrust,1419.157292621,1779490264.404856,0.078125,0.078125,0.0,N,,hardware
LF-PT,pressure,1419.167575975,1779490264.4151394,0.24542155807275273,,-31.82230524090591,psi,,hardware
FI-PT,pressure,1419.171725863,1779490264.419289,0.5764795036887531,,9.559937961094139,psi,,hardware
CC-PT,pressure,1419.175418239,1779490264.422982,0.286119018330457,,-26.735122708692874,psi,,hardware
N-LC,thrust,1419.169157483,1779490264.4167209,0.078125,0.078125,0.0,N,,hardware
FT-PT,pressure,1419.179149057,1779490264.4267125,1.0250426560691186,,65.63033200863983,psi,,hardware
FM-PT,pressure,1419.183384144,1779490264.4309475,0.7127315655626733,,26.591445695334155,psi,,hardware
WM-PT,pressure,1419.18702693,1779490264.4345906,0.5000222325351515,,0.0027790668939431384,psi,,hardware
E-LC,thrust,1419.180805709,1779490264.428369,0.078125,0.078125,0.0,N,,hardware
LF-PT,pressure,1419.193080197,1779490264.4406443,0.24553897923695794,,-31.807627595380257,psi,,hardware
FI-PT,pressure,1419.19811626,1779490264.4456797,0.5766297074114928,,9.578713426436597,psi,,hardware
N-LC,thrust,1419.196514513,1779490264.444078,0.078125,0.078125,0.0,N,,hardware
CC-PT,pressure,1419.205211027,1779490264.4527752,0.28614464833076575,,-26.73191895865428,psi,,hardware
LF-PT,pressure,1419.209432763,1779490264.4569957,0.24557056970245478,,-31.803678787193153,psi,,hardware
FT-PT,pressure,1419.21319369,1779490264.460757,1.0249198704862441,,65.61498381078052,psi,,hardware
E-LC,thrust,1419.207772352,1779490264.4553356,0.078125,0.078125,0.0,N,,hardware
FM-PT,pressure,1419.216700483,1779490264.4642637,0.7127232209114099,,26.59040261392624,psi,,hardware
WM-PT,pressure,1419.221542223,1779490264.4691055,0.5002153516072454,,0.02691895090567442,psi,,hardware
LF-PT,pressure,1419.225231784,1779490264.4727948,0.24577203342581194,,-31.778495821773507,psi,,hardware
N-LC,thrust,1419.218972398,1779490264.4665356,0.078125,0.078125,0.0,N,,hardware
FI-PT,pressure,1419.228904735,1779490264.476468,0.5765122862472876,,9.564035780910945,psi,,hardware
CC-PT,pressure,1419.232912704,1779490264.4804764,0.2861756427497438,,-26.728044656282027,psi,,hardware
E-LC,thrust,1419.230515778,1779490264.4780793,0.078125,0.078125,0.0,N,,hardware
FT-PT,pressure,1419.237094276,1779490264.484658,1.0247911244381815,,65.5988905547727,psi,,hardware
FM-PT,pressure,1419.241980087,1779490264.4895434,0.712819184400938,,26.602398050117255,psi,,hardware
WM-PT,pressure,1419.246210545,1779490264.493774,0.5003768802138424,,0.04711002673030151,psi,,hardware
N-LC,thrust,1419.24068786,1779490264.4882512,0.078125,0.078125,0.0,N,,hardware
LF-PT,pressure,1419.249929364,1779490264.4974928,0.24583223412421157,,-31.770970734473554,psi,,hardware
FI-PT,pressure,1419.254109935,1779490264.5016732,0.5763883085713755,,9.548538571421933,psi,,hardware
CC-PT,pressure,1419.257820847,1779490264.5053842,0.2863228662398894,,-26.709641720013824,psi,,hardware
E-LC,thrust,1419.252517336,1779490264.5000806,0.078125,0.078125,0.0,N,,hardware
FT-PT,pressure,1419.261546276,1779490264.5091095,1.0244907169927022,,65.56133962408778,psi,,hardware
FM-PT,pressure,1419.265770086,1779490264.5133333,0.7128102437031559,,26.60128046289449,psi,,hardware
WM-PT,pressure,1419.269472684,1779490264.517036,0.5005348325413266,,0.06685406766582247,psi,,hardware
N-LC,thrust,1419.264107953,1779490264.5116713,0.078125,0.078125,0.0,N,,hardware
LF-PT,pressure,1419.27311671,1779490264.5206802,0.2458781297061598,,-31.765233786730025,psi,,hardware
FI-PT,pressure,1419.277311633,1779490264.5248747,0.0,,-62.5,psi,,hardware
CC-PT,pressure,1419.281243699,1779490264.5288074,0.28627458647186593,,-26.715676691016757,psi,,hardware
E-LC,thrust,1419.275698164,1779490264.5232615,0.078125,0.078125,0.0,N,,hardware
FT-PT,pressure,1419.285882987,1779490264.5334466,1.024764898391354,,65.59561229891925,psi,,hardware
FM-PT,pressure,1419.294696161,1779490264.5422604,0.7127983227727798,,26.59979034659747,psi,,hardware
N-LC,thrust,1419.287219433,1779490264.5347826,0.078125,0.078125,0.0,N,,hardware
WM-PT,pressure,1419.298442886,1779490264.5460062,0.5007440448694283,,0.09300560867853136,psi,,hardware
LF-PT,pressure,1419.302635457,1779490264.5501988,0.2458858783109043,,-31.764265211136962,psi,,hardware
FI-PT,pressure,1419.306259132,1779490264.5538225,0.5762458534533803,,9.530731681672538,psi,,hardware
E-LC,thrust,1419.301045338,1779490264.5486088,0.078125,0.078125,0.0,N,,hardware
CC-PT,pressure,1419.309908677,1779490264.557472,0.28640690879904135,,-26.69913640011983,psi,,hardware
FT-PT,pressure,1419.314676291,1779490264.5622396,1.0245127707138981,,65.56409633923727,psi,,hardware
FM-PT,pressure,1419.320714096,1779490264.5682783,0.7128185883544192,,26.602323544302404,psi,,hardware
N-LC,thrust,1419.312399321,1779490264.5599625,0.078125,0.078125,0.0,N,,hardware
WM-PT,pressure,1419.324470709,1779490264.5720344,0.5009645820813873,,0.12057276017340968,psi,,hardware
LF-PT,pressure,1419.328701815,1779490264.5762649,0.24589541505520524,,-31.763073118099346,psi,,hardware
E-LC,thrust,1419.326088363,1779490264.5736518,0.078125,0.078125,0.0,N,,hardware
FI-PT,pressure,1419.333501075,1779490264.5810642,0.5762959213609602,,9.536990170120024,psi,,hardware
CC-PT,pressure,1419.337655278,1779490264.5852187,0.2867168529888216,,-26.6603933763973,psi,,hardware
FT-PT,pressure,1419.341780316,1779490264.5893435,1.0242314367570207,,65.52892959462758,psi,,hardware
N-LC,thrust,1419.33608027,1779490264.5836437,0.078125,0.078125,0.0,N,,hardware
FM-PT,pressure,1419.345535003,1779490264.5930984,0.7129807130075351,,26.622589125941882,psi,,hardware
WM-PT,pressure,1419.349776404,1779490264.5973396,0.501204788828467,,0.15059860355837174,psi,,hardware
E-LC,thrust,1419.347149416,1779490264.5947127,0.078125,0.078125,0.0,N,,hardware
LF-PT,pressure,1419.354721564,1779490264.602285,0.24595561575360486,,-31.755548030799392,psi,,hardware
FI-PT,pressure,1419.35882027,1779490264.6063836,0.5761546583360027,,9.519332292000332,psi,,hardware
CC-PT,pressure,1419.362478573,1779490264.6100419,0.2868390425251773,,-26.64511968435284,psi,,hardware
N-LC,thrust,1419.357241244,1779490264.6048045,0.078125,0.078125,0.0,N,,hardware
FT-PT,pressure,1419.366183634,1779490264.613747,1.0240025548937983,,65.50031936172479,psi,,hardware
FM-PT,pressure,1419.370386852,1779490264.6179502,0.7129163399835038,,26.614542497937972,psi,,hardware
WM-PT,pressure,1419.374031193,1779490264.6215944,0.5013871790632223,,0.1733973829027846,psi,,hardware
E-LC,thrust,1419.368136973,1779490264.6157002,0.078125,0.078125,0.0,N,,hardware
LF-PT,pressure,1419.377649925,1779490264.6252134,0.246141582267473,,-31.732302216565873,psi,,hardware
FI-PT,pressure,1419.381948601,1779490264.6295118,0.5760491581021736,,9.5061447627717,psi,,hardware
CC-PT,pressure,1419.385596516,1779490264.6331596,0.2871722325291911,,-26.60347093385111,psi,,hardware
N-LC,thrust,1419.379652243,1779490264.6272156,0.078125,0.078125,0.0,N,,hardware
LF-PT,pressure,1419.393442909,1779490264.641007,0.24618628575638363,,-31.726714280452047,psi,,hardware
FT-PT,pressure,1419.398382051,1779490264.6459453,1.0238767890783298,,65.48459863479123,psi,,hardware
FM-PT,pressure,1419.402065483,1779490264.6496286,0.7129997864961369,,26.624973312017115,psi,,hardware
E-LC,thrust,1419.395836021,1779490264.6433995,0.078125,0.078125,0.0,N,,hardware
WM-PT,pressure,1419.405699769,1779490264.653263,0.5015761258096845,,0.19701572621055874,psi,,hardware
LF-PT,pressure,1419.409960077,1779490264.6575232,0.24647417622496798,,-31.690727971879003,psi,,hardware
N-LC,thrust,1419.407329755,1779490264.6548934,0.078125,0.078125,0.0,N,,hardware
FI-PT,pressure,1419.413652601,1779490264.6612158,0.5760580987999557,,9.507262349994466,psi,,hardware
CC-PT,pressure,1419.418640407,1779490264.6662037,0.28718236532001085,,-26.602204334998643,psi,,hardware
FT-PT,pressure,1419.422591157,1779490264.6701546,1.023487570701548,,65.43594633769351,psi,,hardware
E-LC,thrust,1419.417349457,1779490264.6649127,0.078125,0.078125,0.0,N,,hardware
FM-PT,pressure,1419.4249694,1779490264.6725328,0.7133025781276915,,26.662822265961434,psi,,hardware
WM-PT,pressure,1419.432364613,1779490264.679928,0.5017114283694539,,0.21392854618174084,psi,,hardware
LF-PT,pressure,1419.43609832,1779490264.6836615,0.2464467580851028,,-31.69415523936215,psi,,hardware
N-LC,thrust,1419.430299076,1779490264.6778631,0.078125,0.078125,0.0,N,,hardware
FT-PT,pressure,1419.439753883,1779490264.6873176,1.0232247141867536,,65.40308927334421,psi,,hardware
FI-PT,pressure,1419.443922085,1779490264.6914854,0.5762977095005166,,9.537213687564577,psi,,hardware
CC-PT,pressure,1419.447654495,1779490264.6952178,0.28719070997127416,,-26.60116125359073,psi,,hardware
E-LC,thrust,1419.442324763,1779490264.689888,0.078125,0.078125,0.0,N,,hardware
LF-PT,pressure,1419.451403053,1779490264.6989665,0.2465194757603974,,-31.685065529950325,psi,,hardware
FM-PT,pressure,1419.455513332,1779490264.7030766,0.7128966704483831,,26.612083806047888,psi,,hardware
WM-PT,pressure,1419.45929661,1779490264.7068598,0.5017519595327329,,0.21899494159161037,psi,,hardware
N-LC,thrust,1419.453966749,1779490264.7015302,0.078125,0.078125,0.0,N,,hardware
FT-PT,pressure,1419.462981023,1779490264.7105443,1.0230500725567429,,65.38125906959286,psi,,hardware
FI-PT,pressure,1419.467574739,1779490264.715138,0.5766171904345978,,9.577148804324725,psi,,hardware
CC-PT,pressure,1419.471279411,1779490264.718843,0.287293826019028,,-26.5882717476215,psi,,hardware
E-LC,thrust,1419.465575439,1779490264.7131386,0.078125,0.078125,0.0,N,,hardware
LF-PT,pressure,1419.47537732,1779490264.7229404,0.24647358017844917,,-31.690802477693854,psi,,hardware
FM-PT,pressure,1419.479582687,1779490264.727146,0.7125777855608207,,26.57222319510259,psi,,hardware
N-LC,thrust,1419.47698703,1779490264.7245505,0.078125,0.078125,0.0,N,,hardware
WM-PT,pressure,1419.483274192,1779490264.7308376,0.5020708444202953,,0.2588555525369074,psi,,hardware
LF-PT,pressure,1419.48970218,1779490264.7372656,0.24667623599484395,,-31.665470500644506,psi,,hardware
FT-PT,pressure,1419.495993175,1779490264.7435575,1.0228933123222963,,65.36166404028704,psi,,hardware
E-LC,thrust,1419.486987826,1779490264.734551,0.078125,0.078125,0.0,N,,hardware
FI-PT,pressure,1419.499837542,1779490264.747401,0.5769301148569721,,9.616264357121512,psi,,hardware
CC-PT,pressure,1419.504055908,1779490264.7516193,0.287281309042133,,-26.589836369733373,psi,,hardware
LF-PT,pressure,1419.507794226,1779490264.7553575,0.24681332669416983,,-31.64833416322877,psi,,hardware
N-LC,thrust,1419.501441382,1779490264.7490048,0.078125,0.078125,0.0,N,,hardware
FM-PT,pressure,1419.51158667,1779490264.75915,0.7121659174163243,,26.520739677040535,psi,,hardware
WM-PT,pressure,1419.515764149,1779490264.7633276,0.5024469497736632,,0.3058687217079026,psi,,hardware
FT-PT,pressure,1419.519531076,1779490264.7670944,1.0227621820881585,,65.34527276101981,psi,,hardware
E-LC,thrust,1419.513199009,1779490264.7607625,0.078125,0.078125,0.0,N,,hardware
FI-PT,pressure,1419.523234599,1779490264.7707977,0.5772448274189028,,9.655603427362852,psi,,hardware
CC-PT,pressure,1419.527512092,1779490264.7750754,0.2872902497399151,,-26.588718782510607,psi,,hardware
LF-PT,pressure,1419.531295222,1779490264.7788584,0.24669948180907747,,-31.662564773865316,psi,,hardware
N-LC,thrust,1419.524892344,1779490264.7724557,0.078125,0.078125,0.0,N,,hardware
FM-PT,pressure,1419.534971395,1779490264.7825346,0.7118178262493403,,26.477228281167537,psi,,hardware
WM-PT,pressure,1419.539254887,1779490264.786818,0.5027813318707146,,0.3476664838393262,psi,,hardware
FT-PT,pressure,1419.544889213,1779490264.7924528,1.0226441648774345,,65.33052060967931,psi,,hardware
E-LC,thrust,1419.536634139,1779490264.7841973,0.078125,0.078125,0.0,N,,hardware
FI-PT,pressure,1419.549044971,1779490264.7966087,0.5776549074238428,,9.706863427980355,psi,,hardware
CC-PT,pressure,1419.55329004,1779490264.8008535,0.28743687718354194,,-26.570390352057256,psi,,hardware
LF-PT,pressure,1419.557044986,1779490264.8046086,0.24663451273852738,,-31.670685907684078,psi,,hardware
N-LC,thrust,1419.550708345,1779490264.7982717,0.078125,0.078125,0.0,N,,hardware
FM-PT,pressure,1419.560697827,1779490264.8082612,0.7114119185700319,,26.42648982125399,psi,,hardware
WM-PT,pressure,1419.56486027,1779490264.8124235,0.5030114058269746,,0.37642572837182087,psi,,hardware
E-LC,thrust,1419.562239707,1779490264.809803,0.078125,0.078125,0.0,N,,hardware
FT-PT,pressure,1419.569611292,1779490264.8171747,1.0224957492942512,,65.3119686617814,psi,,hardware
FI-PT,pressure,1419.573842139,1779490264.8214054,0.5778498146354931,,9.73122682943664,psi,,hardware
CC-PT,pressure,1419.57763062,1779490264.825194,0.2876961574192235,,-26.53798032259706,psi,,hardware
N-LC,thrust,1419.572243836,1779490264.8198073,0.078125,0.078125,0.0,N,,hardware
LF-PT,pressure,1419.581737103,1779490264.8293004,0.24663928111067784,,-31.67008986116527,psi,,hardware
FM-PT,pressure,1419.585861789,1779490264.833425,0.7114721192684316,,26.434014908553944,psi,,hardware
E-LC,thrust,1419.583296408,1779490264.8308594,0.078125,0.078125,0.0,N,,hardware
WM-PT,pressure,1419.594131826,1779490264.8416958,0.5032599572253176,,0.40749465316469724,psi,,hardware
LF-PT,pressure,1419.598454464,1779490264.8460176,0.24677935204259777,,-31.65258099467528,psi,,hardware
FT-PT,pressure,1419.602213891,1779490264.8497772,1.0224277999911071,,65.30347499888839,psi,,hardware
N-LC,thrust,1419.596765906,1779490264.844329,0.078125,0.078125,0.0,N,,hardware
FI-PT,pressure,1419.605906008,1779490264.8534694,0.5781573746391981,,9.769671829899767,psi,,hardware
CC-PT,pressure,1419.610207202,1779490264.8577704,0.28763297648822983,,-26.54587793897127,psi,,hardware
LF-PT,pressure,1419.613974259,1779490264.8615375,0.24690213762547225,,-31.63723279681597,psi,,hardware
E-LC,thrust,1419.60788866,1779490264.8554518,0.078125,0.078125,0.0,N,,hardware
FM-PT,pressure,1419.618081798,1779490264.8656452,0.7110644234495668,,26.383052931195845,psi,,hardware
WM-PT,pressure,1419.622280887,1779490264.869844,0.5034149293202077,,0.4268661650259631,psi,,hardware
FT-PT,pressure,1419.626403702,1779490264.8739674,1.0222740199892546,,65.28425249865683,psi,,hardware
N-LC,thrust,1419.619667046,1779490264.8672302,0.078125,0.078125,0.0,N,,hardware
FI-PT,pressure,1419.63014476,1779490264.877708,0.5784184430144361,,9.802305376804515,psi,,hardware
CC-PT,pressure,1419.63434859,1779490264.8819118,0.2877235755590887,,-26.534553055113914,psi,,hardware
LF-PT,pressure,1419.638078093,1779490264.8856416,0.24682882390365884,,-31.646397012042645,psi,,hardware
E-LC,thrust,1419.631760451,1779490264.8793237,0.078125,0.078125,0.0,N,,hardware
FM-PT,pressure,1419.6417476,1779490264.889311,0.7108975304243005,,26.36219130303756,psi,,hardware
WM-PT,pressure,1419.645921949,1779490264.8934853,0.5036050681597075,,0.45063351996343926,psi,,hardware
FT-PT,pressure,1419.649634028,1779490264.8971972,1.0221059348709507,,65.26324185886884,psi,,hardware
N-LC,thrust,1419.643372846,1779490264.8909361,0.078125,0.078125,0.0,N,,hardware
FI-PT,pressure,1419.653331236,1779490264.9008946,0.57893163906713,,9.866454883391246,psi,,hardware
CC-PT,pressure,1419.659734448,1779490264.9072988,0.28784636114196316,,-26.519204857254604,psi,,hardware
LF-PT,pressure,1419.663506338,1779490264.9110696,0.2467310722745743,,-31.658615965678212,psi,,hardware
E-LC,thrust,1419.654980666,1779490264.902544,0.078125,0.078125,0.0,N,,hardware
FT-PT,pressure,1419.667211435,1779490264.914775,1.0217530753318163,,65.21913441647703,psi,,hardware
FM-PT,pressure,1419.671395784,1779490264.9189591,0.7109791887973772,,26.37239859967215,psi,,hardware
N-LC,thrust,1419.668828589,1779490264.9163918,0.078125,0.078125,0.0,N,,hardware
WM-PT,pressure,1419.676214618,1779490264.923778,0.5037510995568155,,0.46888744460193976,psi,,hardware
LF-PT,pressure,1419.680475055,1779490264.9280384,0.2468914087881337,,-31.638573901483287,psi,,hardware
FI-PT,pressure,1419.684114378,1779490264.9316776,0.5788285230193762,,9.853565377422019,psi,,hardware
E-LC,thrust,1419.678874049,1779490264.9264376,0.078125,0.078125,0.0,N,,hardware
CC-PT,pressure,1419.687832141,1779490264.9353955,0.287834440211587,,-26.520694973551624,psi,,hardware
LF-PT,pressure,1419.695815675,1779490264.9433792,0.247030287627016,,-31.621214046623,psi,,hardware
FT-PT,pressure,1419.699520254,1779490264.9470835,1.021632673935017,,65.20408424187713,psi,,hardware
N-LC,thrust,1419.693125283,1779490264.9406893,0.078125,0.078125,0.0,N,,hardware
FM-PT,pressure,1419.703248146,1779490264.9508116,0.7110799206590558,,26.38499008238197,psi,,hardware
WM-PT,pressure,1419.707907636,1779490264.9554708,0.5039150123494878,,0.48937654368597094,psi,,hardware
LF-PT,pressure,1419.711633399,1779490264.9591966,0.24711909855831843,,-31.610112680210197,psi,,hardware
E-LC,thrust,1419.705303739,1779490264.9528673,0.078125,0.078125,0.0,N,,hardware
FI-PT,pressure,1419.715199374,1779490264.9627626,0.578962633486108,,9.870329185763499,psi,,hardware
CC-PT,pressure,1419.719285784,1779490264.9668493,0.28789523695650543,,-26.51309538043682,psi,,hardware
FT-PT,pressure,1419.72300401,1779490264.9705675,1.0213882948623056,,65.1735368577882,psi,,hardware
N-LC,thrust,1419.716713663,1779490264.964277,0.078125,0.078125,0.0,N,,hardware
FM-PT,pressure,1419.726735384,1779490264.974299,0.711138333217899,,26.392291652237372,psi,,hardware
WM-PT,pressure,1419.73094925,1779490264.9785123,0.5040926342120926,,0.5115792765115756,psi,,hardware
LF-PT,pressure,1419.734746897,1779490264.9823103,0.2471393641399579,,-31.607579482505262,psi,,hardware
E-LC,thrust,1419.728360741,1779490264.975924,0.078125,0.078125,0.0,N,,hardware
FI-PT,pressure,1419.738538027,1779490264.9861012,0.5788946841829639,,9.861835522870482,psi,,hardware
CC-PT,pressure,1419.742691915,1779490264.990255,0.288067494400441,,-26.491563199944874,psi,,hardware
FT-PT,pressure,1419.746406734,1779490264.9939702,1.0210986162541649,,65.13732703177061,psi,,hardware
N-LC,thrust,1419.740135774,1779490264.9876993,0.078125,0.078125,0.0,N,,hardware
FM-PT,pressure,1419.750175568,1779490264.997739,0.7111937655441481,,26.399220693018517,psi,,hardware
WM-PT,pressure,1419.7544021,1779490265.0019653,0.5043024425867131,,0.5378053233391356,psi,,hardware
LF-PT,pressure,1419.758172972,1779490265.005736,0.24724605646682457,,-31.59424294164693,psi,,hardware
E-LC,thrust,1419.751788204,1779490264.9993515,0.078125,0.078125,0.0,N,,hardware
FI-PT,pressure,1419.761893902,1779490265.009457,0.5788076613912179,,9.850957673902233,psi,,hardware
CC-PT,pressure,1419.766098972,1779490265.013662,0.2882427320769706,,-26.469658490378674,psi,,hardware
FT-PT,pressure,1419.771742225,1779490265.0193062,1.020859005553604,,65.1073756942005,psi,,hardware
N-LC,thrust,1419.763500186,1779490265.0110633,0.078125,0.078125,0.0,N,,hardware
FM-PT,pressure,1419.775423638,1779490265.022987,0.7111925734511105,,26.399071681388815,psi,,hardware
WM-PT,pressure,1419.779393259,1779490265.0269568,0.5046159630556062,,0.5769953819507734,psi,,hardware
E-LC,thrust,1419.776962667,1779490265.0245261,0.078125,0.078125,0.0,N,,hardware
LF-PT,pressure,1419.785389178,1779490265.0329528,0.2473646697240674,,-31.579416284491575,psi,,hardware
FI-PT,pressure,1419.791751132,1779490265.0393152,0.5786520932498089,,9.831511656226116,psi,,hardware
CC-PT,pressure,1419.796218522,1779490265.0437822,0.2882880316124,,-26.463996048449996,psi,,hardware
N-LC,thrust,1419.788046609,1779490265.03561,0.078125,0.078125,0.0,N,,hardware
FT-PT,pressure,1419.800041132,1779490265.0476046,1.0207332397381355,,65.09165496726693,psi,,hardware
FM-PT,pressure,1419.80435203,1779490265.0519152,0.7111937655441481,,26.399220693018517,psi,,hardware
WM-PT,pressure,1419.807876008,1779490265.0554395,0.5047852402669477,,0.5981550333684638,psi,,hardware
E-LC,thrust,1419.802684083,1779490265.0502474,0.078125,0.078125,0.0,N,,hardware
LF-PT,pressure,1419.811789742,1779490265.059353,0.24769130321637428,,-31.538587097953215,psi,,hardware
FI-PT,pressure,1419.817268818,1779490265.064832,0.5785346720856037,,9.816834010700465,psi,,hardware
N-LC,thrust,1419.81377545,1779490265.061339,0.078125,0.078125,0.0,N,,hardware
CC-PT,pressure,1419.821043653,1779490265.068607,0.2884692297541177,,-26.441346280735285,psi,,hardware
FT-PT,pressure,1419.824211649,1779490265.071775,1.0205252195030714,,65.06565243788393,psi,,hardware
FM-PT,pressure,1419.829281637,1779490265.0768447,0.7112247599631262,,26.40309499539077,psi,,hardware
E-LC,thrust,1419.82382167,1779490265.0713851,0.078125,0.078125,0.0,N,,hardware
WM-PT,pressure,1419.833026769,1779490265.08059,0.5049789553855604,,0.6223694231950461,psi,,hardware
LF-PT,pressure,1419.837326983,1779490265.0848901,0.24774494740306702,,-31.531881574616623,psi,,hardware
FI-PT,pressure,1419.841152703,1779490265.0887163,0.5784708951080912,,9.808861888511405,psi,,hardware
N-LC,thrust,1419.835025939,1779490265.0825894,0.078125,0.078125,0.0,N,,hardware
CC-PT,pressure,1419.844779268,1779490265.0923426,0.28854373556896873,,-26.432033053878907,psi,,hardware
FT-PT,pressure,1419.848965821,1779490265.0965292,1.0202963376398488,,65.0370422049811,psi,,hardware
FM-PT,pressure,1419.852756914,1779490265.1003203,0.7113237036852483,,26.41546296065604,psi,,hardware
E-LC,thrust,1419.84734113,1779490265.0949047,0.078125,0.078125,0.0,N,,hardware
WM-PT,pressure,1419.856402959,1779490265.1039662,0.5051756507367671,,0.6469563420958835,psi,,hardware
LF-PT,pressure,1419.861047728,1779490265.108611,0.24776342484515007,,-31.52957189435624,psi,,hardware
FI-PT,pressure,1419.864698384,1779490265.1122618,0.5784118865027292,,9.801485812841154,psi,,hardware
N-LC,thrust,1419.858813366,1779490265.1063766,0.078125,0.078125,0.0,N,,hardware
CC-PT,pressure,1419.868793368,1779490265.1163568,0.28874937161795755,,-26.406328547755304,psi,,hardware
FT-PT,pressure,1419.872999086,1779490265.1205628,1.0200418257763177,,65.00522822203972,psi,,hardware
FM-PT,pressure,1419.876673112,1779490265.1242363,0.7113439692668878,,26.417996158360975,psi,,hardware
E-LC,thrust,1419.870404429,1779490265.1179678,0.078125,0.078125,0.0,N,,hardware
WM-PT,pressure,1419.880406948,1779490265.1279702,0.5055213577176759,,0.6901697147094904,psi,,hardware
LF-PT,pressure,1419.886300132,1779490265.1338634,0.24802747345298215,,-31.49656581837723,psi,,hardware
FI-PT,pressure,1419.892823041,1779490265.1403873,0.5781418774297091,,9.76773467871364,psi,,hardware
CC-PT,pressure,1419.895717256,1779490265.1432807,0.28874877557143874,,-26.406403053570155,psi,,hardware
N-LC,thrust,1419.883967053,1779490265.131531,0.078125,0.078125,0.0,N,,hardware
FT-PT,pressure,1419.89992103,1779490265.1474848,1.0199339413564135,,64.99174266955168,psi,,hardware
FM-PT,pressure,1419.904117657,1779490265.151681,0.7114500655472357,,26.431258193404457,psi,,hardware
WM-PT,pressure,1419.907808977,1779490265.1553724,0.5057258016736271,,0.7157252092033911,psi,,hardware
E-LC,thrust,1419.901543703,1779490265.149107,0.078125,0.078125,0.0,N,,hardware
LF-PT,pressure,1419.911540277,1779490265.1591034,0.24820390322254937,,-31.47451209718133,psi,,hardware
FI-PT,pressure,1419.915747774,1779490265.163311,0.5781901571977326,,9.773769649716574,psi,,hardware
N-LC,thrust,1419.913123433,1779490265.1606867,0.078125,0.078125,0.0,N,,hardware
CC-PT,pressure,1419.920583347,1779490265.1681466,0.28880659208376314,,-26.399175989529606,psi,,hardware
FT-PT,pressure,1419.924758308,1779490265.1723216,1.0196549915856112,,64.9568739482014,psi,,hardware
FM-PT,pressure,1419.928455999,1779490265.1760194,0.7114244355469269,,26.428054443365863,psi,,hardware
E-LC,thrust,1419.923130174,1779490265.1706934,0.078125,0.078125,0.0,N,,hardware
WM-PT,pressure,1419.932149449,1779490265.1797128,0.5058801777219984,,0.7350222152498059,psi,,hardware
LF-PT,pressure,1419.936802014,1779490265.1843655,0.24821701624596315,,-31.472872969254606,psi,,hardware
FI-PT,pressure,1419.940539017,1779490265.1881025,0.5781198237085132,,9.764977963564153,psi,,hardware
N-LC,thrust,1419.934715459,1779490265.1822789,0.078125,0.078125,0.0,N,,hardware
CC-PT,pressure,1419.945421311,1779490265.1929855,0.2889490472017583,,-26.381369099780212,psi,,hardware
FT-PT,pressure,1419.950328547,1779490265.197892,1.0194892906533826,,64.93616133167282,psi,,hardware
FM-PT,pressure,1419.95400022,1779490265.2015636,0.7114435090355288,,26.430438629441095,psi,,hardware
E-LC,thrust,1419.947725557,1779490265.1952891,0.078125,0.078125,0.0,N,,hardware
WM-PT,pressure,1419.957731965,1779490265.2052953,0.506092966329213,,0.761620791151621,psi,,hardware
LF-PT,pressure,1419.962086101,1779490265.2096493,0.24825993159531734,,-31.467508550585332,psi,,hardware
FI-PT,pressure,1419.965786792,1779490265.21335,0.5780667755683393,,9.758346946042412,psi,,hardware
N-LC,thrust,1419.959420781,1779490265.2069843,0.078125,0.078125,0.0,N,,hardware
CC-PT,pressure,1419.969511943,1779490265.2170758,0.28912130464569386,,-26.359836919288266,psi,,hardware
FT-PT,pressure,1419.973727217,1779490265.2212908,1.0192043804173923,,64.90054755217403,psi,,hardware
FM-PT,pressure,1419.977473961,1779490265.2250373,0.7115120543851917,,26.439006798148963,psi,,hardware
E-LC,thrust,1419.97114643,1779490265.2187097,0.078125,0.078125,0.0,N,,hardware
WM-PT,pressure,1419.981195816,1779490265.228759,0.5063117154016156,,0.7889644252019462,psi,,hardware
LF-PT,pressure,1419.985434311,1779490265.2329977,0.24845126252785477,,-31.443592184018154,psi,,hardware
N-LC,thrust,1419.982808193,1779490265.2303715,0.078125,0.078125,0.0,N,,hardware
FI-PT,pressure,1419.992249205,1779490265.2398136,0.57808644510346,,9.760805637932496,psi,,hardware
CC-PT,pressure,1419.997835923,1779490265.2453992,0.28909865487797914,,-26.362668140252605,psi,,hardware
FT-PT,pressure,1420.000228961,1779490265.2477925,1.019050004369021,,64.88125054612762,psi,,hardware
FM-PT,pressure,1420.00587501,1779490265.253439,0.7115162267108234,,26.43952833885292,psi,,hardware
E-LC,thrust,1419.995702834,1779490265.2432663,0.078125,0.078125,0.0,N,,hardware
WM-PT,pressure,1420.009629087,1779490265.2571924,0.5065262921483865,,0.8157865185483143,psi,,hardware
LF-PT,pressure,1420.013845842,1779490265.2614093,0.24849179369113372,,-31.438525788608285,psi,,hardware
FI-PT,pressure,1420.018005341,1779490265.2655687,0.5780691597544145,,9.758644969301816,psi,,hardware
N-LC,thrust,1420.011265665,1779490265.2588289,0.078125,0.078125,0.0,N,,hardware
CC-PT,pressure,1420.021748529,1779490265.269312,0.28932634464816387,,-26.334206918979515,psi,,hardware
FT-PT,pressure,1420.025978987,1779490265.2735422,1.0188843034367923,,64.86053792959903,psi,,hardware
FM-PT,pressure,1420.029752358,1779490265.2773159,0.7115513934554331,,26.44392418192913,psi,,hardware
E-LC,thrust,1420.023362164,1779490265.2709255,0.078125,0.078125,0.0,N,,hardware
WM-PT,pressure,1420.033395996,1779490265.2809591,0.5066729195920133,,0.8341149490016658,psi,,hardware
LF-PT,pressure,1420.03763151,1779490265.2851946,0.24867358787937022,,-31.415801515078723,psi,,hardware
N-LC,thrust,1420.035031871,1779490265.2825954,0.078125,0.078125,0.0,N,,hardware
FI-PT,pressure,1420.042452584,1779490265.290016,0.5779267046364194,,9.740838079552422,psi,,hardware
CC-PT,pressure,1420.046600584,1779490265.2941637,0.2894515144171136,,-26.3185606978608,psi,,hardware
FT-PT,pressure,1420.050341642,1779490265.297905,1.018564822502711,,64.82060281283889,psi,,hardware
E-LC,thrust,1420.045027927,1779490265.2925913,0.078125,0.078125,0.0,N,,hardware
FM-PT,pressure,1420.054433885,1779490265.3019974,0.7115555657810647,,26.444445722633088,psi,,hardware
WM-PT,pressure,1420.058671732,1779490265.306235,0.5068600781989191,,0.8575097748648869,psi,,hardware
N-LC,thrust,1420.056083612,1779490265.303647,0.078125,0.078125,0.0,N,,hardware
LF-PT,pressure,1420.062388625,1779490265.309952,0.2487534581128905,,-31.405817735888686,psi,,hardware
FI-PT,pressure,1420.067332675,1779490265.3148959,0.5778498146354931,,9.73122682943664,psi,,hardware
CC-PT,pressure,1420.071230058,1779490265.3187935,0.2894872772082421,,-26.31409034896974,psi,,hardware
E-LC,thrust,1420.066101148,1779490265.3136644,0.078125,0.078125,0.0,N,,hardware
FT-PT,pressure,1420.074921341,1779490265.3224847,1.0184289238964228,,64.80361548705285,psi,,hardware
FM-PT,pressure,1420.079104117,1779490265.3266673,0.7115466250832826,,26.443328135410322,psi,,hardware
WM-PT,pressure,1420.082837842,1779490265.3304014,0.50689464889701,,0.8618311121262462,psi,,hardware
N-LC,thrust,1420.077521609,1779490265.325085,0.078125,0.078125,0.0,N,,hardware
LF-PT,pressure,1420.086551662,1779490265.3341148,0.24906221020963315,,-31.367223723795856,psi,,hardware
FI-PT,pressure,1420.093866417,1779490265.34143,0.5776471588190983,,9.705894852387292,psi,,hardware
CC-PT,pressure,1420.097258013,1779490265.3448215,0.2895975458142216,,-26.3003067732223,psi,,hardware
E-LC,thrust,1420.092547099,1779490265.3401113,0.078125,0.078125,0.0,N,,hardware
FT-PT,pressure,1420.102391182,1779490265.3499546,1.0182495138942615,,64.7811892367827,psi,,hardware
FM-PT,pressure,1420.106537422,1779490265.3541007,0.7115680827579597,,26.44601034474496,psi,,hardware
WM-PT,pressure,1420.11015858,1779490265.357722,0.5071843275051507,,0.8980409381438431,psi,,hardware
LF-PT,pressure,1420.113842938,1779490265.3614063,0.24912896741973967,,-31.35887907253254,psi,,hardware
N-LC,thrust,1420.104966192,1779490265.3525298,0.078125,0.078125,0.0,N,,hardware
FI-PT,pressure,1420.118284588,1779490265.3658488,0.5776328537026469,,9.704106712830868,psi,,hardware
CC-PT,pressure,1420.123774442,1779490265.371338,0.28974178907177317,,-26.282276366028352,psi,,hardware
E-LC,thrust,1420.119238574,1779490265.366802,0.078125,0.078125,0.0,N,,hardware
FT-PT,pressure,1420.127490594,1779490265.3750541,1.018055798775649,,64.75697484695611,psi,,hardware
FM-PT,pressure,1420.131678351,1779490265.3792417,0.7116098060142763,,26.45122575178453,psi,,hardware
WM-PT,pressure,1420.13531347,1779490265.3828766,0.5073208221579578,,0.9151027697447273,psi,,hardware
N-LC,thrust,1420.12942462,1779490265.376988,0.078125,0.078125,0.0,N,,hardware
LF-PT,pressure,1420.139412436,1779490265.3869758,0.2493286430035404,,-31.33391962455745,psi,,hardware
FI-PT,pressure,1420.143578675,1779490265.391142,0.5775464269574198,,9.69330336967747,psi,,hardware
E-LC,thrust,1420.141011461,1779490265.3885748,0.078125,0.078125,0.0,N,,hardware
CC-PT,pressure,1420.147268162,1779490265.3948317,0.28984848139863983,,-26.26893982517002,psi,,hardware
FT-PT,pressure,1420.151488917,1779490265.3990521,1.01792526458803,,64.74065807350374,psi,,hardware
FM-PT,pressure,1420.156557441,1779490265.4041207,0.7115603341532152,,26.445041769151896,psi,,hardware
N-LC,thrust,1420.151088272,1779490265.3986516,0.078125,0.078125,0.0,N,,hardware
WM-PT,pressure,1420.160247799,1779490265.4078112,0.5074906954158181,,0.9363369269772687,psi,,hardware
LF-PT,pressure,1420.164457814,1779490265.412021,0.24939003579497765,,-31.326245525627794,psi,,hardware
FI-PT,pressure,1420.168206353,1779490265.4157696,0.5773920509090484,,9.674006363631054,psi,,hardware
E-LC,thrust,1420.16280755,1779490265.4103708,0.078125,0.078125,0.0,N,,hardware
CC-PT,pressure,1420.172673595,1779490265.420237,0.2899116623296335,,-26.26104220879581,psi,,hardware
FT-PT,pressure,1420.176842834,1779490265.4244063,1.0177327415624549,,64.71659269530686,psi,,hardware
N-LC,thrust,1420.174289786,1779490265.421853,0.078125,0.078125,0.0,N,,hardware
FM-PT,pressure,1420.180562523,1779490265.4281256,0.7116711988057135,,26.458899850714186,psi,,hardware
WM-PT,pressure,1420.185559144,1779490265.4331224,0.507814348675531,,0.9767935844413739,psi,,hardware
LF-PT,pressure,1420.192098423,1779490265.4396622,0.24937036625985698,,-31.328704217517878,psi,,hardware
E-LC,thrust,1420.184327821,1779490265.4318912,0.078125,0.078125,0.0,N,,hardware
FT-PT,pressure,1420.196364805,1779490265.4439282,1.0174019357445163,,64.67524196806454,psi,,hardware
FI-PT,pressure,1420.20066087,1779490265.448224,0.5777067634709792,,9.713345433872394,psi,,hardware
CC-PT,pressure,1420.204303305,1779490265.4518666,0.28996471046980743,,-26.25441119127407,psi,,hardware
N-LC,thrust,1420.198979294,1779490265.4465427,0.078125,0.078125,0.0,N,,hardware
LF-PT,pressure,1420.208374734,1779490265.455938,0.2494675218424227,,-31.31655976969716,psi,,hardware
FM-PT,pressure,1420.212571157,1779490265.4601347,0.711287344847601,,26.410918105950127,psi,,hardware
WM-PT,pressure,1420.216188519,1779490265.463752,0.5079973349568051,,0.9996668696006378,psi,,hardware
E-LC,thrust,1420.209956557,1779490265.4575198,0.078125,0.078125,0.0,N,,hardware
FT-PT,pressure,1420.219816472,1779490265.46738,1.0173268338831465,,64.66585423539331,psi,,hardware
FI-PT,pressure,1420.224043671,1779490265.471607,0.5781818125464693,,9.77272656830866,psi,,hardware
CC-PT,pressure,1420.230425847,1779490265.4779902,0.28992954372519775,,-26.25880703435028,psi,,hardware
N-LC,thrust,1420.221480938,1779490265.4690444,0.078125,0.078125,0.0,N,,hardware
LF-PT,pressure,1420.232801756,1779490265.480365,0.24941149346965474,,-31.323563316293157,psi,,hardware
FM-PT,pressure,1420.237544613,1779490265.4851081,0.7108593834470968,,26.357422930887093,psi,,hardware
E-LC,thrust,1420.235006379,1779490265.48257,0.078125,0.078125,0.0,N,,hardware
WM-PT,pressure,1420.242389316,1779490265.4899528,0.5082268128665463,,1.0283516083182813,psi,,hardware
FT-PT,pressure,1420.246582221,1779490265.4941454,1.0172028562072344,,64.6503570259043,psi,,hardware
FI-PT,pressure,1420.250474363,1779490265.498038,0.5785042737131445,,9.813034214143062,psi,,hardware
N-LC,thrust,1420.245042896,1779490265.4926062,0.078125,0.078125,0.0,N,,hardware
CC-PT,pressure,1420.254818686,1779490265.502382,0.29005292535459104,,-26.24338433067612,psi,,hardware
LF-PT,pressure,1420.258934335,1779490265.5064979,0.24938169114371433,,-31.327288607035708,psi,,hardware
FM-PT,pressure,1420.262698911,1779490265.5102623,0.7105738771645876,,26.321734645573454,psi,,hardware
E-LC,thrust,1420.256379084,1779490265.5039427,0.078125,0.078125,0.0,N,,hardware
WM-PT,pressure,1420.266483875,1779490265.5140471,0.5084568868228062,,1.057110852850776,psi,,hardware
FT-PT,pressure,1420.270713074,1779490265.5182765,1.01709497178733,,64.63687147341626,psi,,hardware
FI-PT,pressure,1420.274407246,1779490265.5219705,0.5787921641817289,,9.849020522716106,psi,,hardware
N-LC,thrust,1420.268093918,1779490265.5156572,0.078125,0.078125,0.0,N,,hardware
CC-PT,pressure,1420.278129342,1779490265.5256927,0.2901578295419013,,-26.23027130726234,psi,,hardware
LF-PT,pressure,1420.282269805,1779490265.5298333,0.24935129277125512,,-31.33108840359311,psi,,hardware
E-LC,thrust,1420.279723257,1779490265.5272865,0.078125,0.078125,0.0,N,,hardware
FM-PT,pressure,1420.286389714,1779490265.5339534,0.7104874504193605,,26.310931302420055,psi,,hardware
WM-PT,pressure,1420.295681659,1779490265.543245,0.5085564265914472,,1.0695533239308967,psi,,hardware
LF-PT,pressure,1420.299380424,1779490265.5469437,0.2496552764958473,,-31.29309043801909,psi,,hardware
N-LC,thrust,1420.293057541,1779490265.5406218,0.078125,0.078125,0.0,N,,hardware
FT-PT,pressure,1420.303125649,1779490265.550689,1.016933443180733,,64.61668039759164,psi,,hardware
FI-PT,pressure,1420.307282389,1779490265.5548458,0.5790532325569668,,9.881654069620854,psi,,hardware
CC-PT,pressure,1420.310895917,1779490265.558459,0.29017034651879625,,-26.228706685150467,psi,,hardware
E-LC,thrust,1420.304784893,1779490265.5523484,0.078125,0.078125,0.0,N,,hardware
LF-PT,pressure,1420.314625957,1779490265.5621893,0.24967434998444915,,-31.290706251943856,psi,,hardware
FM-PT,pressure,1420.318862915,1779490265.5664263,0.7101488959966774,,26.268611999584675,psi,,hardware
WM-PT,pressure,1420.322553365,1779490265.5701165,0.5087036500815928,,1.0879562601990993,psi,,hardware
N-LC,thrust,1420.316249537,1779490265.563813,0.078125,0.078125,0.0,N,,hardware
FT-PT,pressure,1420.326269221,1779490265.5738325,1.0168774148079651,,64.60967685099564,psi,,hardware
FI-PT,pressure,1420.330799608,1779490265.578363,0.5793643688397847,,9.920546104973088,psi,,hardware
CC-PT,pressure,1420.334542092,1779490265.5821054,0.29029432419470835,,-26.213209475661454,psi,,hardware
E-LC,thrust,1420.328288965,1779490265.5758529,0.078125,0.078125,0.0,N,,hardware
LF-PT,pressure,1420.338242356,1779490265.585806,0.24992945789449905,,-31.25881776318762,psi,,hardware
FM-PT,pressure,1420.345250888,1779490265.5928152,0.7097793471550163,,26.22241839437704,psi,,hardware
N-LC,thrust,1420.33986488,1779490265.587428,0.078125,0.078125,0.0,N,,hardware
WM-PT,pressure,1420.349250506,1779490265.596814,0.5089283596191835,,1.1160449523979348,psi,,hardware
FT-PT,pressure,1420.353540813,1779490265.601104,1.0167552252716094,,64.59440315895118,psi,,hardware
FI-PT,pressure,1420.357320573,1779490265.6048837,0.5796606039596324,,9.957575494954046,psi,,hardware
E-LC,thrust,1420.351828646,1779490265.599392,0.078125,0.078125,0.0,N,,hardware
CC-PT,pressure,1420.361062891,1779490265.6086261,0.29038790349816124,,-26.201512062729844,psi,,hardware
LF-PT,pressure,1420.365362771,1779490265.612926,0.24984183905623425,,-31.26977011797072,psi,,hardware
FM-PT,pressure,1420.369066517,1779490265.61663,0.7094097983133553,,26.176224789169407,psi,,hardware
N-LC,thrust,1420.363058154,1779490265.6106215,0.078125,0.078125,0.0,N,,hardware
WM-PT,pressure,1420.372712247,1779490265.6202757,0.5091435324124732,,1.142941551559154,psi,,hardware
FT-PT,pressure,1420.376902763,1779490265.624466,1.0166240950374716,,64.57801187968396,psi,,hardware
FI-PT,pressure,1420.380508014,1779490265.6280713,0.579928824893096,,9.991103111637006,psi,,hardware
E-LC,thrust,1420.375271443,1779490265.622835,0.078125,0.078125,0.0,N,,hardware
CC-PT,pressure,1420.384047842,1779490265.631611,0.2907723535027925,,-26.153455812150934,psi,,hardware
LF-PT,pressure,1420.392279345,1779490265.6398432,0.24978521463694747,,-31.276848170381566,psi,,hardware
N-LC,thrust,1420.386306166,1779490265.6338696,0.078125,0.078125,0.0,N,,hardware
FT-PT,pressure,1420.397246171,1779490265.6448095,1.0163815041043167,,64.54768801303959,psi,,hardware
FM-PT,pressure,1420.401523682,1779490265.6490872,0.709534968082305,,26.19187101028812,psi,,hardware
WM-PT,pressure,1420.40525963,1779490265.652823,0.5092400919485202,,1.1550114935650195,psi,,hardware
E-LC,thrust,1420.399881659,1779490265.647445,0.078125,0.078125,0.0,N,,hardware
LF-PT,pressure,1420.40985455,1779490265.657418,0.24993482231316833,,-31.25814721085396,psi,,hardware
FI-PT,pressure,1420.414055343,1779490265.6616187,0.5797535872165664,,9.969198402070806,psi,,hardware
CC-PT,pressure,1420.417726201,1779490265.6652894,0.29081944117777836,,-26.147569852777703,psi,,hardware
N-LC,thrust,1420.411471574,1779490265.659035,0.078125,0.078125,0.0,N,,hardware
FT-PT,pressure,1420.421461334,1779490265.6690247,1.0162587185214422,,64.53233981518028,psi,,hardware
FM-PT,pressure,1420.425625796,1779490265.6731892,0.7095838438968473,,26.197980487105905,psi,,hardware
E-LC,thrust,1420.423088284,1779490265.6706517,0.078125,0.078125,0.0,N,,hardware
WM-PT,pressure,1420.430431501,1779490265.677995,0.5093652617174699,,1.1706577146837343,psi,,hardware
LF-PT,pressure,1420.433576814,1779490265.68114,0.2501011192919158,,-31.237360088510524,psi,,hardware
FI-PT,pressure,1420.438641449,1779490265.6862051,0.5796355700058424,,9.954446250730303,psi,,hardware
N-LC,thrust,1420.433186446,1779490265.68075,0.078125,0.078125,0.0,N,,hardware
CC-PT,pressure,1420.442375471,1779490265.689939,0.2909815658308942,,-26.127304271138225,psi,,hardware
FT-PT,pressure,1420.446558173,1779490265.6941214,1.01591479968009,,64.48934996001124,psi,,hardware
FM-PT,pressure,1420.450179015,1779490265.6977422,0.7096649062234052,,26.208113277925644,psi,,hardware
E-LC,thrust,1420.444940722,1779490265.6925042,0.078125,0.078125,0.0,N,,hardware
WM-PT,pressure,1420.453920259,1779490265.7014837,0.509582222650316,,1.1977778312895064,psi,,hardware
LF-PT,pressure,1420.460399596,1779490265.7079632,0.2501213848735553,,-31.23482689080559,psi,,hardware
FT-PT,pressure,1420.464042845,1779490265.7116063,1.0156203526997987,,64.45254408747483,psi,,hardware
N-LC,thrust,1420.458097831,1779490265.705662,0.078125,0.078125,0.0,N,,hardware
FI-PT,pressure,1420.467752665,1779490265.7153163,0.5799592232655553,,9.994902908194408,psi,,hardware
CC-PT,pressure,1420.471931755,1779490265.719495,0.29100123536601485,,-26.12484557924814,psi,,hardware
LF-PT,pressure,1420.475711719,1779490265.723275,0.25015416743208974,,-31.230729070988783,psi,,hardware
E-LC,thrust,1420.470295917,1779490265.7178593,0.078125,0.078125,0.0,N,,hardware
FM-PT,pressure,1420.479403836,1779490265.726967,0.7094747673839054,,26.184345922988168,psi,,hardware
WM-PT,pressure,1420.484025884,1779490265.7315893,0.5096716296281373,,1.2089537035171598,psi,,hardware
FT-PT,pressure,1420.487780886,1779490265.7353442,1.0153920668830951,,64.42400836038689,psi,,hardware
N-LC,thrust,1420.481962828,1779490265.7295263,0.078125,0.078125,0.0,N,,hardware
FI-PT,pressure,1420.493606147,1779490265.7411702,0.5802453255945832,,10.030665699322899,psi,,hardware
CC-PT,pressure,1420.499222142,1779490265.7467856,0.291010176063797,,-26.123727992025376,psi,,hardware
LF-PT,pressure,1420.502056935,1779490265.7496202,0.25014641882734523,,-31.231697646581846,psi,,hardware
E-LC,thrust,1420.497951118,1779490265.7455149,0.078125,0.078125,0.0,N,,hardware
FM-PT,pressure,1420.507090016,1779490265.7546532,0.7089931617967083,,26.124145224588542,psi,,hardware
WM-PT,pressure,1420.511319919,1779490265.758883,0.5100924384704159,,1.2615548088019817,psi,,hardware
FT-PT,pressure,1420.515419588,1779490265.7629828,1.0154010075808773,,64.42512594760966,psi,,hardware
N-LC,thrust,1420.509705543,1779490265.7572687,0.078125,0.078125,0.0,N,,hardware
FI-PT,pressure,1420.519112556,1779490265.7666757,0.5806136823432066,,10.076710292900831,psi,,hardware
CC-PT,pressure,1420.523397696,1779490265.7709608,0.29115382327482975,,-26.10577209064628,psi,,hardware
E-LC,thrust,1420.52077406,1779490265.7683375,0.078125,0.078125,0.0,N,,hardware
LF-PT,pressure,1420.528155626,1779490265.775719,0.25011005998969793,,-31.23624250128776,psi,,hardware
FM-PT,pressure,1420.532601184,1779490265.7801647,0.7087583194682979,,26.09478993353724,psi,,hardware
WM-PT,pressure,1420.536191195,1779490265.7837546,0.510172904750455,,1.2716130938068697,psi,,hardware
FT-PT,pressure,1420.539645491,1779490265.7872088,1.0150243061809905,,64.37803827262381,psi,,hardware
N-LC,thrust,1420.530816983,1779490265.7783806,0.078125,0.078125,0.0,N,,hardware
FI-PT,pressure,1420.541976644,1779490265.7895398,0.5809033609513474,,10.112920118918428,psi,,hardware
CC-PT,pressure,1420.545323168,1779490265.7928865,0.2912962783928249,,-26.087965200896885,psi,,hardware
LF-PT,pressure,1420.549703544,1779490265.797267,0.25017622115328564,,-31.227972355839295,psi,,hardware
E-LC,thrust,1420.543267204,1779490265.7908306,0.078125,0.078125,0.0,N,,hardware
FM-PT,pressure,1420.553464935,1779490265.801028,0.7084251294642842,,26.053141183035518,psi,,hardware
WM-PT,pressure,1420.557705596,1779490265.8052692,0.510281981263397,,1.2852476579246208,psi,,hardware
FT-PT,pressure,1420.561871502,1779490265.8094351,1.0148979443190032,,64.3622430398754,psi,,hardware
N-LC,thrust,1420.555079626,1779490265.802643,0.078125,0.078125,0.0,N,,hardware
FI-PT,pressure,1420.56554786,1779490265.8131113,0.581280658397753,,10.160082299719125,psi,,hardware
CC-PT,pressure,1420.569675342,1779490265.8172388,0.2913254846722465,,-26.084314415969185,psi,,hardware
LF-PT,pressure,1420.575430496,1779490265.8229945,0.2500582039425616,,-31.242724507179798,psi,,hardware
E-LC,thrust,1420.567080185,1779490265.8146436,0.078125,0.078125,0.0,N,,hardware
FM-PT,pressure,1420.579182369,1779490265.8267457,0.708121145739692,,26.015143217461496,psi,,hardware
WM-PT,pressure,1420.583402846,1779490265.8309662,0.5105871570810268,,1.3233946351283443,psi,,hardware
N-LC,thrust,1420.580793153,1779490265.8283565,0.078125,0.078125,0.0,N,,hardware
FT-PT,pressure,1420.588249105,1779490265.8358123,1.0148448961788292,,64.35561202235365,psi,,hardware
FI-PT,pressure,1420.595689428,1779490265.8432527,0.5815792777036759,,10.197409712959487,psi,,hardware
CC-PT,pressure,1420.59807741,1779490265.8456407,0.29146138327853477,,-26.067327090183152,psi,,hardware
E-LC,thrust,1420.593546802,1779490265.841111,0.078125,0.078125,0.0,N,,hardware
LF-PT,pressure,1420.6032333,1779490265.8507967,0.249969989057778,,-31.25375136777775,psi,,hardware
FM-PT,pressure,1420.60751783,1779490265.8550808,0.7077742466657455,,25.97178083321819,psi,,hardware
WM-PT,pressure,1420.611149931,1779490265.8587132,0.5109316719688979,,1.3664589961122353,psi,,hardware
N-LC,thrust,1420.60587327,1779490265.8534367,0.078125,0.078125,0.0,N,,hardware
FT-PT,pressure,1420.614902952,1779490265.8624663,1.0147590654801208,,64.3448831850151,psi,,hardware
FI-PT,pressure,1420.619126836,1779490265.8666902,0.5818349816602446,,10.229372707530576,psi,,hardware
CC-PT,pressure,1420.622812787,1779490265.870376,0.29153350490731056,,-26.05831188658618,psi,,hardware
E-LC,thrust,1420.6174625,1779490265.8650258,0.078125,0.078125,0.0,N,,hardware
LF-PT,pressure,1420.626489941,1779490265.874053,0.2500003874302372,,-31.249951571220347,psi,,hardware
FM-PT,pressure,1420.630617071,1779490265.8781803,0.7074792036389355,,25.934900454866934,psi,,hardware
WM-PT,pressure,1420.634706759,1779490265.88227,0.5110997570872018,,1.3874696359002237,psi,,hardware
N-LC,thrust,1420.629041323,1779490265.8766046,0.078125,0.078125,0.0,N,,hardware
FT-PT,pressure,1420.638390913,1779490265.8859544,1.0146446245485097,,64.33057806856371,psi,,hardware
FI-PT,pressure,1420.643011351,1779490265.890575,0.5821282365474982,,10.266029568437279,psi,,hardware
E-LC,thrust,1420.640442063,1779490265.8880057,0.078125,0.078125,0.0,N,,hardware
CC-PT,pressure,1420.647799112,1779490265.8953626,0.2916616549088543,,-26.04229313639321,psi,,hardware
LF-PT,pressure,1420.652078845,1779490265.8996422,0.24989250301033294,,-31.263437123708382,psi,,hardware
FM-PT,pressure,1420.655701744,1779490265.903265,0.7070434936336867,,25.880436704210837,psi,,hardware
N-LC,thrust,1420.650483913,1779490265.8980472,0.078125,0.078125,0.0,N,,hardware
WM-PT,pressure,1420.659427729,1779490265.906991,0.5113292349969429,,1.4161543746178673,psi,,hardware
FT-PT,pressure,1420.663628522,1779490265.9111917,1.014516474546966,,64.31455931837074,psi,,hardware
FI-PT,pressure,1420.667244939,1779490265.914808,0.5823702314341344,,10.296278929266794,psi,,hardware
E-LC,thrust,1420.662014145,1779490265.9095774,0.078125,0.078125,0.0,N,,hardware
CC-PT,pressure,1420.670940463,1779490265.9185038,0.2918100704920376,,-26.0237411884953,psi,,hardware
LF-PT,pressure,1420.675157236,1779490265.9227204,0.24986329673091134,,-31.267087908636082,psi,,hardware
FM-PT,pressure,1420.67891759,1779490265.926481,0.7067705043280725,,25.84631304100907,psi,,hardware
N-LC,thrust,1420.673507658,1779490265.921071,0.078125,0.078125,0.0,N,,hardware
WM-PT,pressure,1420.68450229,1779490265.9320667,0.5117792501186431,,1.4724062648303893,psi,,hardware
LF-PT,pressure,1420.692536192,1779490265.9401004,0.2500403225469974,,-31.24495968162533,psi,,hardware
FT-PT,pressure,1420.696356173,1779490265.9439197,1.01440441780143,,64.30055222517875,psi,,hardware
E-LC,thrust,1420.686822221,1779490265.9343858,0.078125,0.078125,0.0,N,,hardware
FI-PT,pressure,1420.700086861,1779490265.9476507,0.5827028253916293,,10.337853173953665,psi,,hardware
CC-PT,pressure,1420.704336929,1779490265.9519002,0.29174808165408156,,-26.031489793239807,psi,,hardware
N-LC,thrust,1420.701744161,1779490265.9493074,0.078125,0.078125,0.0,N,,hardware
LF-PT,pressure,1420.709158282,1779490265.9567213,0.2501011192919158,,-31.237360088510524,psi,,hardware
FM-PT,pressure,1420.7133018,1779490265.960865,0.706529701534474,,25.816212691809255,psi,,hardware
WM-PT,pressure,1420.717395377,1779490265.964959,0.5119175329110066,,1.4896916138758265,psi,,hardware
E-LC,thrust,1420.711729033,1779490265.9592924,0.078125,0.078125,0.0,N,,hardware
FT-PT,pressure,1420.721470732,1779490265.9690342,1.0142589824508408,,64.2823728063551,psi,,hardware
FI-PT,pressure,1420.725604769,1779490265.9731684,0.583002040744071,,10.375255093008878,psi,,hardware
CC-PT,pressure,1420.729339828,1779490265.9769032,0.29192927979579925,,-26.008840025525096,psi,,hardware
N-LC,thrust,1420.723038352,1779490265.9706018,0.078125,0.078125,0.0,N,,hardware
LF-PT,pressure,1420.73312107,1779490265.9806845,0.2500188648723203,,-31.247641890959965,psi,,hardware
FM-PT,pressure,1420.737461133,1779490265.9850245,0.7061804182744524,,25.772552284306556,psi,,hardware
E-LC,thrust,1420.734849625,1779490265.982413,0.078125,0.078125,0.0,N,,hardware
WM-PT,pressure,1420.7411911,1779490265.9887547,0.5120915784944986,,1.511447311812325,psi,,hardware
FT-PT,pressure,1420.746208923,1779490265.993772,1.0142345445435696,,64.2793180679462,psi,,hardware
FI-PT,pressure,1420.75002144,1779490265.9975848,0.5832780102822792,,10.409751285284901,psi,,hardware
N-LC,thrust,1420.744964342,1779490265.9925277,0.078125,0.078125,0.0,N,,hardware
CC-PT,pressure,1420.754150274,1779490266.0017138,0.2920937886349903,,-25.988276420626214,psi,,hardware
LF-PT,pressure,1420.758345623,1779490266.0059087,0.25015595557164616,,-31.23050555354423,psi,,hardware
E-LC,thrust,1420.755733912,1779490266.0032973,0.078125,0.078125,0.0,N,,hardware
FM-PT,pressure,1420.763168032,1779490266.0107312,0.7058180219910171,,25.727252748877135,psi,,hardware
WM-PT,pressure,1420.767309384,1779490266.0148726,0.512270392450141,,1.5337990562676318,psi,,hardware
FT-PT,pressure,1420.771051683,1779490266.0186148,1.0140116231455354,,64.25145289319192,psi,,hardware
N-LC,thrust,1420.765740412,1779490266.0133035,0.078125,0.078125,0.0,N,,hardware
FI-PT,pressure,1420.774775835,1779490266.022339,0.5836243133097069,,10.45303916371336,psi,,hardware
CC-PT,pressure,1420.779093086,1779490266.0266562,0.292175447008067,,-25.978069123991624,psi,,hardware
LF-PT,pressure,1420.782728502,1779490266.0302918,0.2500278055701024,,-31.2465243037372,psi,,hardware
E-LC,thrust,1420.776797616,1779490266.024361,0.078125,0.078125,0.0,N,,hardware
FM-PT,pressure,1420.786807283,1779490266.0343707,0.7057447082692037,,25.71808853365046,psi,,hardware
WM-PT,pressure,1420.794224941,1779490266.0417886,0.5124456301266707,,1.5557037658338324,psi,,hardware
LF-PT,pressure,1420.798814843,1779490266.0463786,0.25048914557565993,,-31.18885680304251,psi,,hardware
N-LC,thrust,1420.792560234,1779490266.0401244,0.078125,0.078125,0.0,N,,hardware
FT-PT,pressure,1420.804551814,1779490266.052116,1.013953806633211,,64.24422582915138,psi,,hardware
FI-PT,pressure,1420.808743052,1779490266.0563064,0.5837774972650406,,10.472187158130073,psi,,hardware
E-LC,thrust,1420.806188652,1779490266.053752,0.078125,0.078125,0.0,N,,hardware
CC-PT,pressure,1420.81244765,1779490266.060011,0.29212657119352475,,-25.984178600809408,psi,,hardware
LF-PT,pressure,1420.817472899,1779490266.065036,0.2504295409237791,,-31.19630738452761,psi,,hardware
FM-PT,pressure,1420.821448538,1779490266.0690117,0.7053483373341962,,25.66854216677453,psi,,hardware
N-LC,thrust,1420.816171913,1779490266.0637355,0.078125,0.078125,0.0,N,,hardware
WM-PT,pressure,1420.825140525,1779490266.0727038,0.5125457659418304,,1.5682207427288042,psi,,hardware
FT-PT,pressure,1420.829325319,1779490266.0768886,1.013910295237338,,64.23878690466725,psi,,hardware
FI-PT,pressure,1420.833432803,1779490266.0809963,0.5840147237795262,,10.50184047244078,psi,,hardware
E-LC,thrust,1420.827702314,1779490266.0752656,0.078125,0.078125,0.0,N,,hardware
CC-PT,pressure,1420.837097477,1779490266.0846608,0.29229525235834747,,-25.963093455206568,psi,,hardware
LF-PT,pressure,1420.841296418,1779490266.0888596,0.2504498065054186,,-31.193774186822676,psi,,hardware
FM-PT,pressure,1420.845010331,1779490266.0925736,0.7050491219817545,,25.631140247719316,psi,,hardware
N-LC,thrust,1420.838702965,1779490266.0862663,0.078125,0.078125,0.0,N,,hardware
WM-PT,pressure,1420.848714336,1779490266.0962775,0.5127323285022174,,1.5915410627771742,psi,,hardware
FT-PT,pressure,1420.852938276,1779490266.1005018,1.013698698723161,,64.21233734039514,psi,,hardware
FI-PT,pressure,1420.856633652,1779490266.104197,0.5843193035506372,,10.539912943829652,psi,,hardware
E-LC,thrust,1420.850336601,1779490266.0979,0.078125,0.078125,0.0,N,,hardware
CC-PT,pressure,1420.86041382,1779490266.1079772,0.2924079051504022,,-25.949011856199725,psi,,hardware
LF-PT,pressure,1420.864489324,1779490266.1120524,0.25043192510985435,,-31.196009361268207,psi,,hardware
N-LC,thrust,1420.86198068,1779490266.109544,0.078125,0.078125,0.0,N,,hardware
FM-PT,pressure,1420.868189959,1779490266.1157532,0.7048130875603065,,25.60163594503831,psi,,hardware
WM-PT,pressure,1420.87283521,1779490266.1203988,0.5129981652496058,,1.6247706562007302,psi,,hardware
FT-PT,pressure,1420.87787981,1779490266.125443,1.0136224047687536,,64.2028005960942,psi,,hardware
E-LC,thrust,1420.872429528,1779490266.1199934,0.078125,0.078125,0.0,N,,hardware
FI-PT,pressure,1420.881969757,1779490266.1295328,0.5845750075072059,,10.57187593840074,psi,,hardware
CC-PT,pressure,1420.886234399,1779490266.1337976,0.29265049608355714,,-25.91868798955536,psi,,hardware
LF-PT,pressure,1420.892609354,1779490266.1401737,0.25033655766684504,,-31.20793029164437,psi,,hardware
N-LC,thrust,1420.883624909,1779490266.1311882,0.078125,0.078125,0.0,N,,hardware
FT-PT,pressure,1420.8963633,1779490266.1439269,1.0133833901147116,,64.17292376433895,psi,,hardware
FM-PT,pressure,1420.900662644,1779490266.148226,0.7048554068631419,,25.606925857892733,psi,,hardware
WM-PT,pressure,1420.904447515,1779490266.1520107,0.5130822078087578,,1.6352759760947244,psi,,hardware
E-LC,thrust,1420.89898666,1779490266.1465502,0.078125,0.078125,0.0,N,,hardware
LF-PT,pressure,1420.908076636,1779490266.15564,0.25061312325157203,,-31.173359593553496,psi,,hardware
FI-PT,pressure,1420.912233487,1779490266.1597967,0.5843562584348033,,10.544532304350415,psi,,hardware
CC-PT,pressure,1420.91825222,1779490266.165816,0.29268685492120444,,-25.914143134849446,psi,,hardware
N-LC,thrust,1420.910656257,1779490266.1582198,0.078125,0.078125,0.0,N,,hardware
FT-PT,pressure,1420.921959058,1779490266.1695228,1.0132218615081146,,64.15273268851432,psi,,hardware
FM-PT,pressure,1420.926148204,1779490266.1737115,0.7048697119795932,,25.608713997449158,psi,,hardware
WM-PT,pressure,1420.929787805,1779490266.1773512,0.5132771150204081,,1.6596393775510088,psi,,hardware
E-LC,thrust,1420.923521845,1779490266.1710851,0.078125,0.078125,0.0,N,,hardware
LF-PT,pressure,1420.933378761,1779490266.180942,0.25070253022939326,,-31.162183721325842,psi,,hardware
FI-PT,pressure,1420.93753652,1779490266.1851,0.5843401651787955,,10.542520647349438,psi,,hardware
N-LC,thrust,1420.934914568,1779490266.1824777,0.078125,0.078125,0.0,N,,hardware
CC-PT,pressure,1420.942416536,1779490266.189981,0.292843615155651,,-25.894548105543628,psi,,hardware
LF-PT,pressure,1420.949628446,1779490266.197192,0.2507913411606957,,-31.15108235491304,psi,,hardware
E-LC,thrust,1420.946038342,1779490266.1936023,0.078125,0.078125,0.0,N,,hardware
FT-PT,pressure,1420.953358153,1779490266.2009213,1.0129083410392214,,64.11354262990268,psi,,hardware
FM-PT,pressure,1420.956587276,1779490266.2041504,0.7050968057032592,,25.637100712907397,psi,,hardware
WM-PT,pressure,1420.96161734,1779490266.209181,0.5132872478112278,,1.6609059764034761,psi,,hardware
N-LC,thrust,1420.956059823,1779490266.2036235,0.078125,0.078125,0.0,N,,hardware
LF-PT,pressure,1420.965388416,1779490266.212952,0.2510935367457314,,-31.11330790678357,psi,,hardware
FI-PT,pressure,1420.969568988,1779490266.2171326,0.584304402387667,,10.538050298458376,psi,,hardware
CC-PT,pressure,1420.97332625,1779490266.2208896,0.2928895107375992,,-25.8888111578001,psi,,hardware
E-LC,thrust,1420.967947038,1779490266.2155106,0.078125,0.078125,0.0,N,,hardware
FT-PT,pressure,1420.977435215,1779490266.2249987,1.0127611175490758,,64.09513969363448,psi,,hardware
FM-PT,pressure,1420.981616528,1779490266.2291799,0.7051278001222372,,25.64097501527965,psi,,hardware
N-LC,thrust,1420.979027463,1779490266.2265906,0.078125,0.078125,0.0,N,,hardware
WM-PT,pressure,1420.985288331,1779490266.2328515,0.5138570682832084,,1.7321335354010536,psi,,hardware
LF-PT,pressure,1420.993066044,1779490266.2406294,0.25107446325712957,,-31.115692092858804,psi,,hardware
FT-PT,pressure,1420.998239581,1779490266.2458034,1.0125000491738378,,64.06250614672973,psi,,hardware
E-LC,thrust,1420.99249863,1779490266.240063,0.078125,0.078125,0.0,N,,hardware
FI-PT,pressure,1421.002018545,1779490266.2495818,0.5845887165771385,,10.573589572142314,psi,,hardware
CC-PT,pressure,1421.006300668,1779490266.253864,0.29276910934079997,,-25.903861332400005,psi,,hardware
LF-PT,pressure,1421.010025116,1779490266.2575881,0.25118115558399623,,-31.10235555200047,psi,,hardware
N-LC,thrust,1421.003974107,1779490266.2515373,0.078125,0.078125,0.0,N,,hardware
FM-PT,pressure,1421.014158098,1779490266.2617214,0.7048715001191497,,25.60893751489371,psi,,hardware
WM-PT,pressure,1421.018345411,1779490266.2659087,0.5139279978189466,,1.7409997273683253,psi,,hardware
FT-PT,pressure,1421.022040713,1779490266.2696042,1.0123569980093239,,64.04462475116549,psi,,hardware
E-LC,thrust,1421.015744736,1779490266.263308,0.078125,0.078125,0.0,N,,hardware
FI-PT,pressure,1421.025677962,1779490266.2732413,0.5849248868137463,,10.61561085171829,psi,,hardware
CC-PT,pressure,1421.031542667,1779490266.2791061,0.2929163328309456,,-25.885458396131803,psi,,hardware
LF-PT,pressure,1421.036116236,1779490266.2836797,0.2511191667460402,,-31.110104156744978,psi,,hardware
N-LC,thrust,1421.029332415,1779490266.2768965,0.078125,0.078125,0.0,N,,hardware
FT-PT,pressure,1421.039885886,1779490266.2874494,1.0120297684704982,,64.00372105881227,psi,,hardware
FM-PT,pressure,1421.044084383,1779490266.2916477,0.7050795203542137,,25.634940044276718,psi,,hardware
E-LC,thrust,1421.041514965,1779490266.2890782,0.078125,0.078125,0.0,N,,hardware
WM-PT,pressure,1421.048887922,1779490266.2964513,0.5140919106116189,,1.7614888264523565,psi,,hardware
LF-PT,pressure,1421.053185155,1779490266.3007486,0.25140944140069976,,-31.07381982491253,psi,,hardware
FI-PT,pressure,1421.056887456,1779490266.3044508,0.5848909121621743,,10.611364020271782,psi,,hardware
N-LC,thrust,1421.051556835,1779490266.2991202,0.078125,0.078125,0.0,N,,hardware
CC-PT,pressure,1421.060634811,1779490266.3081982,0.2930248132973687,,-25.871898337828917,psi,,hardware
FT-PT,pressure,1421.064833623,1779490266.3123968,1.0117347254436881,,63.96684068046102,psi,,hardware
FM-PT,pressure,1421.068577515,1779490266.316141,0.7051778680298171,,25.647233503727136,psi,,hardware
E-LC,thrust,1421.063158602,1779490266.3107219,0.078125,0.078125,0.0,N,,hardware
WM-PT,pressure,1421.07221282,1779490266.319776,0.5143887417779853,,1.7985927222481657,psi,,hardware
LF-PT,pressure,1421.077772837,1779490266.3253362,0.25139930860988,,-31.075086423764997,psi,,hardware
N-LC,thrust,1421.074204676,1779490266.321768,0.078125,0.078125,0.0,N,,hardware
FI-PT,pressure,1421.081482805,1779490266.329046,0.5847496491372167,,10.59370614215209,psi,,hardware
CC-PT,pressure,1421.084403352,1779490266.3319666,0.2931338898103106,,-25.85826377371118,psi,,hardware
FT-PT,pressure,1421.088047101,1779490266.3356106,1.0115869059070237,,63.948363238377965,psi,,hardware
E-LC,thrust,1421.084251527,1779490266.331815,0.078125,0.078125,0.0,N,,hardware
FM-PT,pressure,1421.096529573,1779490266.3440943,0.705171907564629,,25.646488445578626,psi,,hardware
WM-PT,pressure,1421.100865581,1779490266.348429,0.514470400151062,,1.8088000188827558,psi,,hardware
LF-PT,pressure,1421.104673284,1779490266.3522365,0.25148037093643794,,-31.064953632945258,psi,,hardware
N-LC,thrust,1421.099182023,1779490266.3467455,0.078125,0.078125,0.0,N,,hardware
FI-PT,pressure,1421.108301182,1779490266.3558645,0.5845982533214394,,10.57478166517993,psi,,hardware
CC-PT,pressure,1421.112887659,1779490266.360451,0.2935213200475359,,-25.809834994058015,psi,,hardware
FT-PT,pressure,1421.116532445,1779490266.3640957,1.0113484872995004,,63.918560912437556,psi,,hardware
E-LC,thrust,1421.110837269,1779490266.3584006,0.078125,0.078125,0.0,N,,hardware
FM-PT,pressure,1421.120237357,1779490266.3678012,0.7052368766351791,,25.654609579397388,psi,,hardware
WM-PT,pressure,1421.124357211,1779490266.3719206,0.5146223920133581,,1.8277990016697665,psi,,hardware
LF-PT,pressure,1421.128021644,1779490266.375585,0.2515417637278752,,-31.057279534015603,psi,,hardware
N-LC,thrust,1421.12280422,1779490266.3703675,0.078125,0.078125,0.0,N,,hardware
FI-PT,pressure,1421.131758647,1779490266.379322,0.5845761996002435,,10.572024950030443,psi,,hardware
CC-PT,pressure,1421.135947238,1779490266.3835106,0.29354098958265656,,-25.80737630216793,psi,,hardware
FT-PT,pressure,1421.139698296,1779490266.3872616,1.0113145126479284,,63.91431408099105,psi,,hardware
E-LC,thrust,1421.134285882,1779490266.3818493,0.078125,0.078125,0.0,N,,hardware
FM-PT,pressure,1421.145456506,1779490266.3930206,0.7054335719863858,,25.679196498298225,psi,,hardware
WM-PT,pressure,1421.151010079,1779490266.3985736,0.5148161071319708,,1.8520133914963488,psi,,hardware
N-LC,thrust,1421.147541987,1779490266.3951056,0.078125,0.078125,0.0,N,,hardware
LF-PT,pressure,1421.154691418,1779490266.4022546,0.25152388233231093,,-31.059514708461133,psi,,hardware
FI-PT,pressure,1421.157560098,1779490266.4051235,0.584453414017369,,10.556676752171132,psi,,hardware
CC-PT,pressure,1421.161278584,1779490266.408842,0.2936166874905452,,-25.79791406368185,psi,,hardware
FT-PT,pressure,1421.164984589,1779490266.4125478,1.0110123170628926,,63.87653963286158,psi,,hardware
E-LC,thrust,1421.157633631,1779490266.4051971,0.078125,0.078125,0.0,N,,hardware
FM-PT,pressure,1421.168707519,1779490266.4162707,0.7055056936151616,,25.6882117018952,psi,,hardware
WM-PT,pressure,1421.172963309,1779490266.4205272,0.5149478334126274,,1.8684791765784248,psi,,hardware
LF-PT,pressure,1421.176595818,1779490266.4241593,0.2516466679151854,,-31.044166510601823,psi,,hardware
N-LC,thrust,1421.170262547,1779490266.4178257,0.078125,0.078125,0.0,N,,hardware
FI-PT,pressure,1421.180209402,1779490266.4277728,0.5843359928531638,,10.54199910664548,psi,,hardware
CC-PT,pressure,1421.184449953,1779490266.4320135,0.29383901284206065,,-25.77012339474242,psi,,hardware
E-LC,thrust,1421.181845963,1779490266.4294093,0.078125,0.078125,0.0,N,,hardware
LF-PT,pressure,1421.191797781,1779490266.439362,0.25169971605535935,,-31.03753549308008,psi,,hardware
FT-PT,pressure,1421.197450904,1779490266.4450142,1.010887147293943,,63.860893411742865,psi,,hardware
FM-PT,pressure,1421.201093154,1779490266.4486566,0.7055688745461552,,25.696109318269407,psi,,hardware
N-LC,thrust,1421.195789512,1779490266.4433532,0.078125,0.078125,0.0,N,,hardware
WM-PT,pressure,1421.204849841,1779490266.452413,0.5151004213214423,,1.8875526651802865,psi,,hardware
LF-PT,pressure,1421.209048153,1779490266.4566116,0.2519578041980033,,-31.00527447524959,psi,,hardware
FI-PT,pressure,1421.212899947,1779490266.4604633,0.5842596988987564,,10.53246236234455,psi,,hardware
E-LC,thrust,1421.207374169,1779490266.4549377,0.078125,0.078125,0.0,N,,hardware
CC-PT,pressure,1421.216672911,1779490266.4642363,0.29407921958914035,,-25.740097551357458,psi,,hardware
FT-PT,pressure,1421.220866983,1779490266.4684303,1.0106183303139602,,63.827291289245025,psi,,hardware
FM-PT,pressure,1421.224387183,1779490266.4719505,0.7054752952427024,,25.684411905337797,psi,,hardware
N-LC,thrust,1421.219263939,1779490266.4668272,0.078125,0.078125,0.0,N,,hardware
WM-PT,pressure,1421.226755278,1779490266.4743185,0.515381159231801,,1.9226449039751181,psi,,hardware
LF-PT,pressure,1421.232304351,1779490266.4798677,0.25200668001254556,,-30.999164998431805,psi,,hardware
FI-PT,pressure,1421.23612698,1779490266.4836905,0.5841088991294979,,10.513612391187241,psi,,hardware
E-LC,thrust,1421.230759619,1779490266.478323,0.078125,0.078125,0.0,N,,hardware
CC-PT,pressure,1421.239734416,1779490266.4872975,0.29412273098501335,,-25.734658626873333,psi,,hardware
FT-PT,pressure,1421.243866917,1779490266.49143,1.0104061377532645,,63.80076721915806,psi,,hardware
FM-PT,pressure,1421.247617049,1779490266.4951804,0.7054896003591538,,25.68620004489422,psi,,hardware
N-LC,thrust,1421.242326351,1779490266.4898896,0.078125,0.078125,0.0,N,,hardware
WM-PT,pressure,1421.25130124,1779490266.4988647,0.5158138890044557,,1.9767361255569604,psi,,hardware
LF-PT,pressure,1421.257483835,1779490266.505047,0.25202098512899695,,-30.99737685887538,psi,,hardware
FI-PT,pressure,1421.261194303,1779490266.5087578,0.5839586954067583,,10.494836925844783,psi,,hardware
E-LC,thrust,1421.255138461,1779490266.5027022,0.078125,0.078125,0.0,N,,hardware
CC-PT,pressure,1421.264863458,1779490266.5124269,0.2942324035444741,,-25.720949556940738,psi,,hardware
FT-PT,pressure,1421.269625462,1779490266.5171888,1.0101617586805531,,63.77021983506914,psi,,hardware
FM-PT,pressure,1421.273356021,1779490266.5209196,0.7054752952427024,,25.684411905337797,psi,,hardware
N-LC,thrust,1421.267353343,1779490266.514917,0.078125,0.078125,0.0,N,,hardware
WM-PT,pressure,1421.277026528,1779490266.52459,0.5159688610993458,,1.9961076374182263,psi,,hardware
LF-PT,pressure,1421.281216193,1779490266.5287795,0.2521777453634435,,-30.97778182956956,psi,,hardware
E-LC,thrust,1421.279607872,1779490266.5271711,0.078125,0.078125,0.0,N,,hardware
FI-PT,pressure,1421.285311732,1779490266.5328753,0.5842155914563646,,10.526948932045574,psi,,hardware
CC-PT,pressure,1421.293825572,1779490266.541389,0.29431585005710725,,-25.710518742861595,psi,,hardware
LF-PT,pressure,1421.297248926,1779490266.5448122,0.2522051635033087,,-30.974354562086415,psi,,hardware
FT-PT,pressure,1421.300959246,1779490266.5485227,1.010093809377409,,63.761726172176125,psi,,hardware
N-LC,thrust,1421.29286118,1779490266.5404253,0.078125,0.078125,0.0,N,,hardware
FM-PT,pressure,1421.304681935,1779490266.5522456,0.705553973383185,,25.69424667289813,psi,,hardware
WM-PT,pressure,1421.308949854,1779490266.556513,0.5159688610993458,,1.9961076374182263,psi,,hardware
LF-PT,pressure,1421.312603307,1779490266.5601668,0.25237801699376305,,-30.952747875779618,psi,,hardware
E-LC,thrust,1421.306343476,1779490266.5539067,0.078125,0.078125,0.0,N,,hardware
FI-PT,pressure,1421.316241964,1779490266.5638053,0.584111879362092,,10.513984920261496,psi,,hardware
CC-PT,pressure,1421.32049094,1779490266.5680542,0.2943253868014082,,-25.70932664982398,psi,,hardware
FT-PT,pressure,1421.324138485,1779490266.5717018,1.009773732396809,,63.721716549601126,psi,,hardware
N-LC,thrust,1421.317872598,1779490266.565436,0.078125,0.078125,0.0,N,,hardware
FM-PT,pressure,1421.327860285,1779490266.5754237,0.7056892759429545,,25.711159492869314,psi,,hardware
WM-PT,pressure,1421.332052727,1779490266.579616,0.5162114520325007,,2.026431504062592,psi,,hardware
LF-PT,pressure,1421.335737104,1779490266.5833004,0.25253120094909676,,-30.933599881362905,psi,,hardware
E-LC,thrust,1421.329447015,1779490266.5770104,0.078125,0.078125,0.0,N,,hardware
FI-PT,pressure,1421.33947583,1779490266.5870392,0.5840600233149557,,10.507502914369457,psi,,hardware
CC-PT,pressure,1421.343493781,1779490266.5910573,0.2942818754055352,,-25.714765574308103,psi,,hardware
FT-PT,pressure,1421.345834026,1779490266.5933971,1.0096670400699423,,63.70838000874279,psi,,hardware
N-LC,thrust,1421.341104631,1779490266.5886679,0.078125,0.078125,0.0,N,,hardware
FM-PT,pressure,1421.350931864,1779490266.5984952,0.705781067106851,,25.72263338835637,psi,,hardware
WM-PT,pressure,1421.355105807,1779490266.602669,0.5163437743596762,,2.042971794959519,psi,,hardware
LF-PT,pressure,1421.358869753,1779490266.606433,0.2525639835076312,,-30.9295020615461,psi,,hardware
E-LC,thrust,1421.353488301,1779490266.6010516,0.078125,0.078125,0.0,N,,hardware
FI-PT,pressure,1421.36248567,1779490266.610049,0.5839765768023225,,10.497072100290314,psi,,hardware
CC-PT,pressure,1421.366633337,1779490266.6141965,0.2944445961051698,,-25.694425486853774,psi,,hardware
FT-PT,pressure,1421.372348068,1779490266.619912,1.0094995509981572,,63.687443874769656,psi,,hardware
N-LC,thrust,1421.365059199,1779490266.6126225,0.078125,0.078125,0.0,N,,hardware
FM-PT,pressure,1421.376142364,1779490266.6237059,0.7058770305963791,,25.734628824547386,psi,,hardware
WM-PT,pressure,1421.380353139,1779490266.6279166,0.516431393197941,,2.0539241497426195,psi,,hardware
LF-PT,pressure,1421.384056699,1779490266.6316202,0.2525908056009776,,-30.926149299877803,psi,,hardware
E-LC,thrust,1421.378683062,1779490266.6262465,0.078125,0.078125,0.0,N,,hardware
FI-PT,pressure,1421.387721336,1779490266.6352844,0.5840469102915419,,10.505863786442735,psi,,hardware
CC-PT,pressure,1421.396085296,1779490266.6436489,0.29444638424472624,,-25.69420196940922,psi,,hardware
LF-PT,pressure,1421.399864815,1779490266.647428,0.2530253235131888,,-30.8718345608514,psi,,hardware
N-LC,thrust,1421.393063272,1779490266.6406276,0.078125,0.078125,0.0,N,,hardware
FT-PT,pressure,1421.40358156,1779490266.651145,1.0093988191364787,,63.67485239205983,psi,,hardware
FM-PT,pressure,1421.407750004,1779490266.6553133,0.7059044487362442,,25.738056092030533,psi,,hardware
WM-PT,pressure,1421.41146299,1779490266.6590264,0.5165333171526572,,2.0666646440821443,psi,,hardware
E-LC,thrust,1421.405192326,1779490266.6527557,0.078125,0.078125,0.0,N,,hardware
LF-PT,pressure,1421.415216715,1779490266.66278,0.2533036772374722,,-30.837040345315973,psi,,hardware
FI-PT,pressure,1421.419424767,1779490266.6669881,0.5839777688953601,,10.497221111920016,psi,,hardware
CC-PT,pressure,1421.423497141,1779490266.6710608,0.29446903401244096,,-25.691370748444882,psi,,hardware
N-LC,thrust,1421.41682985,1779490266.6643932,0.078125,0.078125,0.0,N,,hardware
FT-PT,pressure,1421.427212683,1779490266.674776,1.0092593442510776,,63.657418031384694,psi,,hardware
FM-PT,pressure,1421.431480121,1779490266.6790433,0.705917561759658,,25.739695219957255,psi,,hardware
E-LC,thrust,1421.42888476,1779490266.676448,0.078125,0.078125,0.0,N,,hardware
WM-PT,pressure,1421.435150887,1779490266.6827142,0.5167282243643074,,2.0910280455384287,psi,,hardware
LF-PT,pressure,1421.440177044,1779490266.6877403,0.2533090416561415,,-30.836369792982314,psi,,hardware
FI-PT,pressure,1421.444186921,1779490266.6917503,0.583909819592216,,10.488727449027,psi,,hardware
CC-PT,pressure,1421.447891593,1779490266.695455,0.29445532494250837,,-25.693084382186456,psi,,hardware
N-LC,thrust,1421.438902112,1779490266.6864655,0.078125,0.078125,0.0,N,,hardware
FT-PT,pressure,1421.450420772,1779490266.6979842,1.0089452277356656,,63.618153466958205,psi,,hardware
FM-PT,pressure,1421.453829441,1779490266.7013927,0.7059801466441329,,25.747518330516613,psi,,hardware
WM-PT,pressure,1421.458195263,1779490266.7057588,0.5169052501803935,,2.1131562725491824,psi,,hardware
E-LC,thrust,1421.451747627,1779490266.6993108,0.078125,0.078125,0.0,N,,hardware
LF-PT,pressure,1421.461910916,1779490266.7094743,0.2534127537504141,,-30.823405781198236,psi,,hardware
FI-PT,pressure,1421.466085488,1779490266.7136486,0.5837268333109419,,10.465854163867736,psi,,hardware
CC-PT,pressure,1421.469770013,1779490266.7173333,0.29454175168773555,,-25.682281039033057,psi,,hardware
N-LC,thrust,1421.463466295,1779490266.7110295,0.078125,0.078125,0.0,N,,hardware
FT-PT,pressure,1421.473511405,1779490266.7210746,1.0088492642461375,,63.60615803076719,psi,,hardware
FM-PT,pressure,1421.477747956,1779490266.7253113,0.7062638647870856,,25.7829830983857,psi,,hardware
WM-PT,pressure,1421.483401412,1779490266.7309651,0.5169809480882821,,2.1226185110352622,psi,,hardware
E-LC,thrust,1421.475164872,1779490266.722728,0.078125,0.078125,0.0,N,,hardware
LF-PT,pressure,1421.487184654,1779490266.7347481,0.25358203096175563,,-30.802246129780546,psi,,hardware
FI-PT,pressure,1421.493294586,1779490266.740858,0.5836654405195046,,10.45818006493808,psi,,hardware
CC-PT,pressure,1421.497725441,1779490266.7452886,0.2946168535491054,,-25.67289330636183,psi,,hardware
FT-PT,pressure,1421.501702079,1779490266.7492654,1.0084856758696645,,63.56070948370807,psi,,hardware
N-LC,thrust,1421.491848033,1779490266.739412,0.078125,0.078125,0.0,N,,hardware
FM-PT,pressure,1421.504099525,1779490266.7516627,0.7062072403677988,,25.775905045974852,psi,,hardware
WM-PT,pressure,1421.507495824,1779490266.755059,0.5171526094856989,,2.1440761857123567,psi,,hardware
LF-PT,pressure,1421.511951197,1779490266.7595146,0.2537459437544279,,-30.781757030696514,psi,,hardware
E-LC,thrust,1421.50538253,1779490266.752946,0.078125,0.078125,0.0,N,,hardware
FI-PT,pressure,1421.51567783,1779490266.7632413,0.5835813979603527,,10.447674745044086,psi,,hardware
CC-PT,pressure,1421.51979074,1779490266.767354,0.2947563284345065,,-25.65545894568669,psi,,hardware
FT-PT,pressure,1421.523580611,1779490266.771144,1.0082526216808105,,63.53157771010132,psi,,hardware
N-LC,thrust,1421.517305151,1779490266.7648683,0.078125,0.078125,0.0,N,,hardware
FM-PT,pressure,1421.527253154,1779490266.7748165,0.7062996275782141,,25.78745344727676,psi,,hardware
WM-PT,pressure,1421.531423838,1779490266.7789872,0.517320098557484,,2.165012319685494,psi,,hardware
E-LC,thrust,1421.528884012,1779490266.7764475,0.078125,0.078125,0.0,N,,hardware
LF-PT,pressure,1421.536245635,1779490266.7838087,0.25386157677907667,,-30.767302902615416,psi,,hardware
FI-PT,pressure,1421.539379579,1779490266.7869427,0.5835122565641709,,10.439032070521368,psi,,hardware
CC-PT,pressure,1421.544454436,1779490266.7920177,0.29487553773826813,,-25.640557782716485,psi,,hardware
N-LC,thrust,1421.538978396,1779490266.7865422,0.078125,0.078125,0.0,N,,hardware
FT-PT,pressure,1421.548220605,1779490266.795784,1.0081560621447636,,63.51950776809545,psi,,hardware
FM-PT,pressure,1421.5524496,1779490266.8000128,0.7063306219971921,,25.791327749649014,psi,,hardware
WM-PT,pressure,1421.556044778,1779490266.8036082,0.5174315592565011,,2.178944907062635,psi,,hardware
E-LC,thrust,1421.550774153,1779490266.7983375,0.078125,0.078125,0.0,N,,hardware
LF-PT,pressure,1421.559774967,1779490266.8073387,0.2538693253838212,,-30.766334327022353,psi,,hardware
FI-PT,pressure,1421.563967446,1779490266.8115308,0.5835122565641709,,10.439032070521368,psi,,hardware
CC-PT,pressure,1421.567705079,1779490266.8152683,0.2949822300651348,,-25.62722124185815,psi,,hardware
N-LC,thrust,1421.562391568,1779490266.8099551,0.078125,0.078125,0.0,N,,hardware
FT-PT,pressure,1421.57176625,1779490266.8193295,1.0079146633046463,,63.48933291308079,psi,,hardware
FM-PT,pressure,1421.576436815,1779490266.8240004,0.7064265854867202,,25.80332318584003,psi,,hardware
WM-PT,pressure,1421.58014606,1779490266.8277092,0.5175442120485558,,2.1930265060694785,psi,,hardware
E-LC,thrust,1421.573830029,1779490266.8213935,0.078125,0.078125,0.0,N,,hardware
LF-PT,pressure,1421.583789032,1779490266.8313522,0.25390985654710013,,-30.761267931612483,psi,,hardware
FI-PT,pressure,1421.58733986,1779490266.8349032,0.5836225251701505,,10.452815646268807,psi,,hardware
CC-PT,pressure,1421.595044355,1779490266.8426087,0.2950483912287225,,-25.61895109640969,psi,,hardware
N-LC,thrust,1421.585409667,1779490266.832973,0.078125,0.078125,0.0,N,,hardware
LF-PT,pressure,1421.598848947,1779490266.8464127,0.2540028398040342,,-30.749645024495724,psi,,hardware
FT-PT,pressure,1421.605257752,1779490266.8528214,1.0078353891176448,,63.4794236397056,psi,,hardware
FM-PT,pressure,1421.608933073,1779490266.8564963,0.7064182408354569,,25.802280104432114,psi,,hardware
E-LC,thrust,1421.602606727,1779490266.8501706,0.078125,0.078125,0.0,N,,hardware
WM-PT,pressure,1421.612670799,1779490266.8602343,0.5176878592595886,,2.210982407448575,psi,,hardware
LF-PT,pressure,1421.616886147,1779490266.8644495,0.25417986562012024,,-30.72751679748497,psi,,hardware
N-LC,thrust,1421.61428386,1779490266.8618474,0.078125,0.078125,0.0,N,,hardware
FI-PT,pressure,1421.620590708,1779490266.868154,0.583586762379022,,10.448345297377745,psi,,hardware
CC-PT,pressure,1421.625600476,1779490266.8731637,0.2951860779745672,,-25.601740253179102,psi,,hardware
FT-PT,pressure,1421.6299835,1779490266.877547,1.0076726684180102,,63.45908355225127,psi,,hardware
E-LC,thrust,1421.624314378,1779490266.8718777,0.078125,0.078125,0.0,N,,hardware
FM-PT,pressure,1421.633709264,1779490266.8812728,0.7064927466503079,,25.811593331288492,psi,,hardware
WM-PT,pressure,1421.63797322,1779490266.8855367,0.5178905150759834,,2.2363143844979225,psi,,hardware
LF-PT,pressure,1421.641719946,1779490266.8892834,0.2541631763175936,,-30.7296029603008,psi,,hardware
N-LC,thrust,1421.635667511,1779490266.8832307,0.078125,0.078125,0.0,N,,hardware
FI-PT,pressure,1421.64582654,1779490266.8933902,0.5835420588901113,,10.442757361263919,psi,,hardware
CC-PT,pressure,1421.649940098,1779490266.8975039,0.2952814454175765,,-25.58981932280294,psi,,hardware
FT-PT,pressure,1421.65392418,1779490266.9014876,1.0074706086481342,,63.433826081016775,psi,,hardware
E-LC,thrust,1421.647407344,1779490266.8949707,0.078125,0.078125,0.0,N,,hardware
FM-PT,pressure,1421.657566041,1779490266.9051292,0.7065863259537608,,25.823290744220103,psi,,hardware
WM-PT,pressure,1421.661781963,1779490266.9093456,0.5179185292623674,,2.2398161577959206,psi,,hardware
LF-PT,pressure,1421.665494042,1779490266.9130573,0.2541977470156845,,-30.72528162303944,psi,,hardware
N-LC,thrust,1421.659146734,1779490266.9067104,0.078125,0.078125,0.0,N,,hardware
FI-PT,pressure,1421.669163956,1779490266.9167275,0.5834359626097634,,10.429495326220422,psi,,hardware
CC-PT,pressure,1421.673253737,1779490266.9208171,0.2954715842570763,,-25.566051967865462,psi,,hardware
E-LC,thrust,1421.670774296,1779490266.918338,0.078125,0.078125,0.0,N,,hardware
FT-PT,pressure,1421.678172418,1779490266.925736,1.007278681669078,,63.409835208634746,psi,,hardware
FM-PT,pressure,1421.682380322,1779490266.9299438,0.706644738512604,,25.830592314075503,psi,,hardware
WM-PT,pressure,1421.686106789,1779490266.93367,0.5181676767072292,,2.270959588403648,psi,,hardware
N-LC,thrust,1421.680818387,1779490266.928382,0.078125,0.078125,0.0,N,,hardware
LF-PT,pressure,1421.692087413,1779490266.9396515,0.25428119352831763,,-30.714850808960296,psi,,hardware
FI-PT,pressure,1421.697131309,1779490266.9446948,0.5833185414455582,,10.414817680694771,psi,,hardware
CC-PT,pressure,1421.700886571,1779490266.94845,0.29554847425800257,,-25.55644071774968,psi,,hardware
E-LC,thrust,1421.69344084,1779490266.9410045,0.078125,0.078125,0.0,N,,hardware
FT-PT,pressure,1421.704633444,1779490266.9521966,1.0071249016672255,,63.39061270840318,psi,,hardware
FM-PT,pressure,1421.70876726,1779490266.9563305,0.7067836173514863,,25.84795216893579,psi,,hardware
N-LC,thrust,1421.706219248,1779490266.9537826,0.078125,0.078125,0.0,N,,hardware
WM-PT,pressure,1421.71536111,1779490266.9629252,0.5184519908967007,,2.3064988620875857,psi,,hardware
LF-PT,pressure,1421.71966325,1779490266.9672265,0.2543020551564759,,-30.71224310544051,psi,,hardware
FT-PT,pressure,1421.723313406,1779490266.9708767,1.0068227060821897,,63.352838260273714,psi,,hardware
E-LC,thrust,1421.718054077,1779490266.9656177,0.078125,0.078125,0.0,N,,hardware
FI-PT,pressure,1421.72740452,1779490266.9749677,0.5835486154018182,,10.44357692522728,psi,,hardware
CC-PT,pressure,1421.731354734,1779490266.9789183,0.2954411858846171,,-25.569851764422864,psi,,hardware
LF-PT,pressure,1421.735830439,1779490266.9833941,0.254379541203921,,-30.702557349509878,psi,,hardware
N-LC,thrust,1421.728952492,1779490266.9765158,0.078125,0.078125,0.0,N,,hardware
FM-PT,pressure,1421.739536055,1779490266.9870996,0.706588710139836,,25.823588767479507,psi,,hardware
WM-PT,pressure,1421.743741885,1779490266.991305,0.5186123274102601,,2.3265409262825107,psi,,hardware
E-LC,thrust,1421.741172912,1779490266.9887362,0.078125,0.078125,0.0,N,,hardware
FT-PT,pressure,1421.748533887,1779490266.9960973,1.0067696579420158,,63.34620724275197,psi,,hardware
FI-PT,pressure,1421.752768938,1779490267.0003324,0.5837804774976346,,10.472559687204328,psi,,hardware
CC-PT,pressure,1421.756507108,1779490267.0040703,0.29566351123613255,,-25.542061095483433,psi,,hardware
N-LC,thrust,1421.751177394,1779490266.9987407,0.078125,0.078125,0.0,N,,hardware
LF-PT,pressure,1421.760228168,1779490267.0077913,0.25426152399319696,,-30.71730950085038,psi,,hardware
FM-PT,pressure,1421.76414107,1779490267.0117042,0.7061416752507299,,25.76770940634124,psi,,hardware
WM-PT,pressure,1421.768486449,1779490267.0160496,0.5188459776456329,,2.3557472057041116,psi,,hardware
E-LC,thrust,1421.762170176,1779490267.0097337,0.078125,0.078125,0.0,N,,hardware
FT-PT,pressure,1421.772241044,1779490267.0198042,1.0067166098018419,,63.33957622523023,psi,,hardware
FI-PT,pressure,1421.776482817,1779490267.0240464,0.5842024784329508,,10.525309804118852,psi,,hardware
N-LC,thrust,1421.773890067,1779490267.0214536,0.078125,0.078125,0.0,N,,hardware
CC-PT,pressure,1421.781280468,1779490267.0288439,0.29569390960859177,,-25.53826129892603,psi,,hardware
LF-PT,pressure,1421.785505649,1779490267.0330691,0.25431159190077685,,-30.711051012402894,psi,,hardware
FM-PT,pressure,1421.791757907,1779490267.0393221,0.7056719905939091,,25.708998824238634,psi,,hardware
E-LC,thrust,1421.783936529,1779490267.0314999,0.078125,0.078125,0.0,N,,hardware
WM-PT,pressure,1421.795997273,1779490267.0435607,0.5189598225307253,,2.369977816340657,psi,,hardware
FT-PT,pressure,1421.8004015,1779490267.0479646,1.006541968171831,,63.31774602147888,psi,,hardware
FI-PT,pressure,1421.802791335,1779490267.0503547,0.5844957333202044,,10.561966665025555,psi,,hardware
N-LC,thrust,1421.798385237,1779490267.0459485,0.078125,0.078125,0.0,N,,hardware
CC-PT,pressure,1421.807812251,1779490267.0553756,0.2957696075164804,,-25.52879906043995,psi,,hardware
LF-PT,pressure,1421.813794154,1779490267.0613573,0.2543366258545668,,-30.70792176817915,psi,,hardware
E-LC,thrust,1421.81028349,1779490267.057847,0.078125,0.078125,0.0,N,,hardware
FT-PT,pressure,1421.817422904,1779490267.0649862,1.0061396367716355,,63.26745459645444,psi,,hardware
FM-PT,pressure,1421.820266307,1779490267.0678296,0.7059926636210279,,25.749082952628484,psi,,hardware
WM-PT,pressure,1421.827187455,1779490267.0747519,0.5190677069506295,,2.383463368828692,psi,,hardware
N-LC,thrust,1421.820446335,1779490267.0680094,0.078125,0.078125,0.0,N,,hardware
LF-PT,pressure,1421.831585035,1779490267.0791488,0.2545702760899396,,-30.67871548875755,psi,,hardware
FT-PT,pressure,1421.835809716,1779490267.083373,1.0058690316520966,,63.23362895651208,psi,,hardware
FI-PT,pressure,1421.839542831,1779490267.0871062,0.5847454768115851,,10.593184601448133,psi,,hardware
E-LC,thrust,1421.834201691,1779490267.0817652,0.078125,0.078125,0.0,N,,hardware
CC-PT,pressure,1421.843074457,1779490267.090638,0.2958488817034819,,-25.518889787064765,psi,,hardware
LF-PT,pressure,1421.847954473,1779490267.0955176,0.25463882143960254,,-30.670147320049683,psi,,hardware
N-LC,thrust,1421.845378056,1779490267.0929413,0.078125,0.078125,0.0,N,,hardware
FM-PT,pressure,1421.852754735,1779490267.1003182,0.7056517250122696,,25.7064656265337,psi,,hardware
WM-PT,pressure,1421.855878568,1779490267.103442,0.5192763232322124,,2.40954040402655,psi,,hardware
FT-PT,pressure,1421.860922798,1779490267.1084862,1.005749822348335,,63.21872779354187,psi,,hardware
E-LC,thrust,1421.855474293,1779490267.1030376,0.078125,0.078125,0.0,N,,hardware
FI-PT,pressure,1421.864676542,1779490267.1122398,0.5851037007693888,,10.637962596173598,psi,,hardware
CC-PT,pressure,1421.870208449,1779490267.117772,0.2958655710060085,,-25.516803624248936,psi,,hardware
LF-PT,pressure,1421.873719854,1779490267.1212833,0.25459590609024835,,-30.675511738718956,psi,,hardware
N-LC,thrust,1421.866666083,1779490267.1142294,0.078125,0.078125,0.0,N,,hardware
FM-PT,pressure,1421.876086098,1779490267.1236494,0.7053382045433765,,25.66727556792206,psi,,hardware
WM-PT,pressure,1421.880077143,1779490267.1276407,0.5194479846296292,,2.4309980787036443,psi,,hardware
FT-PT,pressure,1421.883815758,1779490267.1313791,1.0056473023471,,63.2059127933875,psi,,hardware
E-LC,thrust,1421.877357992,1779490267.1249216,0.078125,0.078125,0.0,N,,hardware
FI-PT,pressure,1421.887867189,1779490267.1354306,0.5853343707721675,,10.666796346520943,psi,,hardware
CC-PT,pressure,1421.895550223,1779490267.143114,0.2958995456575806,,-25.512556792802428,psi,,hardware
LF-PT,pressure,1421.899438607,1779490267.1470022,0.25449457818205096,,-30.68817772724363,psi,,hardware
N-LC,thrust,1421.892048873,1779490267.139613,0.078125,0.078125,0.0,N,,hardware
FT-PT,pressure,1421.903177222,1779490267.1507404,1.0057367093249212,,63.21708866561515,psi,,hardware
FM-PT,pressure,1421.9073952,1779490267.1549585,0.7053727752414674,,25.67159690518342,psi,,hardware
WM-PT,pressure,1421.9111285,1779490267.158692,0.5196577930042496,,2.457224125531204,psi,,hardware
E-LC,thrust,1421.904792765,1779490267.1523564,0.078125,0.078125,0.0,N,,hardware
LF-PT,pressure,1421.914902168,1779490267.1624656,0.2546376293465649,,-30.670296331679385,psi,,hardware
FI-PT,pressure,1421.919046761,1779490267.16661,0.5851966840263229,,10.649585503290357,psi,,hardware
CC-PT,pressure,1421.922738434,1779490267.1703017,0.29588941286676085,,-25.513823391654896,psi,,hardware
N-LC,thrust,1421.916478528,1779490267.1640418,0.078125,0.078125,0.0,N,,hardware
FT-PT,pressure,1421.926483363,1779490267.1740465,1.0055489546714966,,63.19361933393708,psi,,hardware
FM-PT,pressure,1421.930679787,1779490267.1782432,0.7053495294272338,,25.66869117840423,psi,,hardware
WM-PT,pressure,1421.934358868,1779490267.1819222,0.519945683472834,,2.493210434104248,psi,,hardware
E-LC,thrust,1421.928096147,1779490267.1756594,0.078125,0.078125,0.0,N,,hardware
LF-PT,pressure,1421.939997066,1779490267.1875613,0.2546865051611072,,-30.6641868548616,psi,,hardware
FI-PT,pressure,1421.94442594,1779490267.19199,0.5850548249548465,,10.631853119355814,psi,,hardware
CC-PT,pressure,1421.948965179,1779490267.1965287,0.29599074077495824,,-25.50115740313022,psi,,hardware
N-LC,thrust,1421.941913519,1779490267.1894777,0.078125,0.078125,0.0,N,,hardware
FT-PT,pressure,1421.952604039,1779490267.2001674,1.005376697227561,,63.17208715344513,psi,,hardware
FM-PT,pressure,1421.956766187,1779490267.2043295,0.7054377443120174,,25.679718039002182,psi,,hardware
WM-PT,pressure,1421.960642906,1779490267.2082062,0.5200684690557086,,2.508558631963573,psi,,hardware
E-LC,thrust,1421.955160717,1779490267.202724,0.078125,0.078125,0.0,N,,hardware
LF-PT,pressure,1421.964373854,1779490267.211937,0.25489631353572767,,-30.63796080803404,psi,,hardware
FI-PT,pressure,1421.969010124,1779490267.2165735,0.5849689942561381,,10.621124282017266,psi,,hardware
CC-PT,pressure,1421.972698612,1779490267.2202623,0.29603663635690647,,-25.495420455386693,psi,,hardware
N-LC,thrust,1421.96679228,1779490267.2143557,0.078125,0.078125,0.0,N,,hardware
FT-PT,pressure,1421.976424098,1779490267.223987,1.0052169567605205,,63.15211959506506,psi,,hardware
FM-PT,pressure,1421.980638058,1779490267.2282012,0.7055408603597713,,25.69260754497141,psi,,hardware
WM-PT,pressure,1421.984347081,1779490267.2319105,0.5202901983607052,,2.5362747950881532,psi,,hardware
E-LC,thrust,1421.978975387,1779490267.2265387,0.078125,0.078125,0.0,N,,hardware
LF-PT,pressure,1421.988038791,1779490267.235602,0.2549338644664126,,-30.633266941698427,psi,,hardware
FI-PT,pressure,1421.995604386,1779490267.243168,0.5848903161156555,,10.611289514456931,psi,,hardware
CC-PT,pressure,1421.999330094,1779490267.2468936,0.2960259075195679,,-25.49676156005401,psi,,hardware
N-LC,thrust,1421.992948603,1779490267.2405128,0.078125,0.078125,0.0,N,,hardware
FT-PT,pressure,1422.003073061,1779490267.2506366,1.0050840383868263,,63.13550479835328,psi,,hardware
FM-PT,pressure,1422.007353424,1779490267.2549171,0.705640996174931,,25.70512452186638,psi,,hardware
E-LC,thrust,1422.00471738,1779490267.252281,0.078125,0.078125,0.0,N,,hardware
WM-PT,pressure,1422.012182055,1779490267.2597458,0.5206734562722989,,2.5841820340373607,psi,,hardware
LF-PT,pressure,1422.016408958,1779490267.2639723,0.25504770935150495,,-30.61903633106188,psi,,hardware
FI-PT,pressure,1422.020151406,1779490267.2677147,0.584724019136908,,10.590502392113496,psi,,hardware
N-LC,thrust,1422.014812525,1779490267.2623758,0.078125,0.078125,0.0,N,,hardware
CC-PT,pressure,1422.024249927,1779490267.2718134,0.2961123342647951,,-25.485958216900613,psi,,hardware
FT-PT,pressure,1422.028456073,1779490267.276019,1.0048491960584158,,63.10614950730198,psi,,hardware
FM-PT,pressure,1422.032194817,1779490267.279758,0.7057554371065422,,25.719429638317777,psi,,hardware
E-LC,thrust,1422.025812862,1779490267.2733762,0.078125,0.078125,0.0,N,,hardware
WM-PT,pressure,1422.035900489,1779490267.2834637,0.5208838606934382,,2.6104825866797716,psi,,hardware
LF-PT,pressure,1422.040129503,1779490267.2876928,0.2550220793511962,,-30.622240081100475,psi,,hardware
FI-PT,pressure,1422.044194267,1779490267.2917578,0.5846578579733203,,10.582232246665033,psi,,hardware
N-LC,thrust,1422.037526791,1779490267.28509,0.078125,0.078125,0.0,N,,hardware
CC-PT,pressure,1422.047932327,1779490267.2954957,0.29631975845334035,,-25.460030193332457,psi,,hardware
FT-PT,pressure,1422.052142842,1779490267.2997062,1.0047663455923015,,63.095793199037686,psi,,hardware
FM-PT,pressure,1422.057778411,1779490267.305343,0.7057387478040156,,25.71734347550195,psi,,hardware
E-LC,thrust,1422.049557388,1779490267.2971208,0.078125,0.078125,0.0,N,,hardware
WM-PT,pressure,1422.061529988,1779490267.3090935,0.5210608865095242,,2.6326108136905253,psi,,hardware
LF-PT,pressure,1422.06578039,1779490267.3133438,0.25512221516635597,,-30.609723104205504,psi,,hardware
N-LC,thrust,1422.063173307,1779490267.3107367,0.078125,0.078125,0.0,N,,hardware
FI-PT,pressure,1422.069451027,1779490267.3170145,0.5846173268100413,,10.577165851255163,psi,,hardware
CC-PT,pressure,1422.073616193,1779490267.3211794,0.2965867872937664,,-25.4266515882792,psi,,hardware
FT-PT,pressure,1422.078748474,1779490267.3263118,1.0046173339625994,,63.07716674532493,psi,,hardware
E-LC,thrust,1422.0732736,1779490267.320837,0.078125,0.078125,0.0,N,,hardware
FM-PT,pressure,1422.082483255,1779490267.3300467,0.7058019287350092,,25.725241091876157,psi,,hardware
WM-PT,pressure,1422.086574721,1779490267.3341382,0.521440568142005,,2.6800710177506266,psi,,hardware
LF-PT,pressure,1422.093307287,1779490267.3408713,0.25513055981761934,,-30.608680022797582,psi,,hardware
N-LC,thrust,1422.085025323,1779490267.332589,0.078125,0.078125,0.0,N,,hardware
FT-PT,pressure,1422.097123898,1779490267.344688,1.0043336158196468,,63.041701977455844,psi,,hardware
FI-PT,pressure,1422.101312896,1779490267.348876,0.5847740870444879,,10.596760880560982,psi,,hardware
CC-PT,pressure,1422.105124636,1779490267.3526878,0.2964973803159452,,-25.437827460506853,psi,,hardware
E-LC,thrust,1422.099679428,1779490267.3472428,0.078125,0.078125,0.0,N,,hardware
LF-PT,pressure,1422.109268655,1779490267.356832,0.2553010291219985,,-30.58737135975019,psi,,hardware
FM-PT,pressure,1422.114599277,1779490267.3621626,0.7054705268705519,,25.68381585881899,psi,,hardware
N-LC,thrust,1422.110893642,1779490267.358457,0.078125,0.078125,0.0,N,,hardware
WM-PT,pressure,1422.118323059,1779490267.3658864,0.5216247465163167,,2.7030933145395926,psi,,hardware
FT-PT,pressure,1422.122902,1779490267.3704655,1.0042680507025779,,63.03350633782223,psi,,hardware
FI-PT,pressure,1422.12661056,1779490267.3741739,0.5849827033260707,,10.62283791575884,psi,,hardware
E-LC,thrust,1422.12089757,1779490267.368461,0.078125,0.078125,0.0,N,,hardware
CC-PT,pressure,1422.130285123,1779490267.3778486,0.2966136093871128,,-25.423298826610903,psi,,hardware
LF-PT,pressure,1422.134446289,1779490267.3820095,0.2552748030751709,,-30.590649615603635,psi,,hardware
FM-PT,pressure,1422.138148758,1779490267.3857121,0.7051248198896432,,25.640602486205395,psi,,hardware
N-LC,thrust,1422.132860337,1779490267.3804238,0.078125,0.078125,0.0,N,,hardware
WM-PT,pressure,1422.141811154,1779490267.3893747,0.5218297865187868,,2.7287233148483443,psi,,hardware
FT-PT,pressure,1422.14727988,1779490267.394843,1.0042060618646218,,63.025757733077725,psi,,hardware
E-LC,thrust,1422.143779993,1779490267.3913434,0.078125,0.078125,0.0,N,,hardware
FI-PT,pressure,1422.15097846,1779490267.398542,0.5852151614684059,,10.651895183550739,psi,,hardware
CC-PT,pressure,1422.154129939,1779490267.401693,0.29676262101681483,,-25.404672372898148,psi,,hardware
LF-PT,pressure,1422.159221667,1779490267.406785,0.2552300995862603,,-30.59623755171746,psi,,hardware
N-LC,thrust,1422.153792809,1779490267.401356,0.078125,0.078125,0.0,N,,hardware
FM-PT,pressure,1422.162966411,1779490267.4105299,0.7050330287257467,,25.629128590718338,psi,,hardware
WM-PT,pressure,1422.170374496,1779490267.4179378,0.5220324423351815,,2.754055291897692,psi,,hardware
E-LC,thrust,1422.166760856,1779490267.414325,0.078125,0.078125,0.0,N,,hardware
LF-PT,pressure,1422.174421668,1779490267.421985,0.25542143051879773,,-30.572321185150283,psi,,hardware
FT-PT,pressure,1422.178273647,1779490267.4258368,1.0040057902343023,,63.00072377928778,psi,,hardware
FI-PT,pressure,1422.181868714,1779490267.4294322,0.5855429870537504,,10.692873381718801,psi,,hardware
N-LC,thrust,1422.176763302,1779490267.4243267,0.078125,0.078125,0.0,N,,hardware
CC-PT,pressure,1422.185954829,1779490267.4335184,0.29685858450634295,,-25.392676936707133,psi,,hardware
LF-PT,pressure,1422.192539143,1779490267.4401035,0.25542202656531654,,-30.572246679335432,psi,,hardware
FT-PT,pressure,1422.197207727,1779490267.444771,1.0038317446508103,,62.97896808135128,psi,,hardware
E-LC,thrust,1422.187524041,1779490267.4350874,0.078125,0.078125,0.0,N,,hardware
FM-PT,pressure,1422.20093436,1779490267.4484978,0.7052446252399236,,25.65557815499045,psi,,hardware
WM-PT,pressure,1422.205603796,1779490267.4531672,0.5221784737322895,,2.7723092165361924,psi,,hardware
N-LC,thrust,1422.20297851,1779490267.450542,0.078125,0.078125,0.0,N,,hardware
LF-PT,pressure,1422.21040302,1779490267.4579663,0.25567177005669717,,-30.541028742912854,psi,,hardware
FI-PT,pressure,1422.214626313,1779490267.4621897,0.5853319865860923,,10.66649832326154,psi,,hardware
CC-PT,pressure,1422.218344188,1779490267.4659076,0.2969730254379541,,-25.378371820255737,psi,,hardware
E-LC,thrust,1422.213048323,1779490267.4606116,0.078125,0.078125,0.0,N,,hardware
FT-PT,pressure,1422.222078562,1779490267.469642,1.0036404137182728,,62.955051714784105,psi,,hardware
FM-PT,pressure,1422.226354315,1779490267.4739177,0.7051963454719001,,25.649543183987518,psi,,hardware
WM-PT,pressure,1422.230021193,1779490267.4775846,0.5223668244322329,,2.7958530540291155,psi,,hardware
N-LC,thrust,1422.224064048,1779490267.4716272,0.078125,0.078125,0.0,N,,hardware
LF-PT,pressure,1422.233672034,1779490267.4812355,0.25575104424369866,,-30.531119469537668,psi,,hardware
FI-PT,pressure,1422.237987118,1779490267.4855504,0.5852413875152335,,10.655173439404184,psi,,hardware
CC-PT,pressure,1422.241621109,1779490267.4891846,0.2970505114853992,,-25.368686064325104,psi,,hardware
E-LC,thrust,1422.236385315,1779490267.4839487,0.078125,0.078125,0.0,N,,hardware
FT-PT,pressure,1422.245339873,1779490267.4929032,1.0034157041806822,,62.92696302258527,psi,,hardware
FM-PT,pressure,1422.249497965,1779490267.4970615,0.7052523738446681,,25.656546730583514,psi,,hardware
WM-PT,pressure,1422.253196063,1779490267.5007596,0.5225068953641528,,2.813361920519106,psi,,hardware
N-LC,thrust,1422.247892051,1779490267.4954553,0.078125,0.078125,0.0,N,,hardware
LF-PT,pressure,1422.257301084,1779490267.5048642,0.2558070726164666,,-30.52411592294167,psi,,hardware
FI-PT,pressure,1422.261471343,1779490267.5090346,0.5851710540260141,,10.646381753251763,psi,,hardware
E-LC,thrust,1422.258894314,1779490267.5064578,0.078125,0.078125,0.0,N,,hardware
CC-PT,pressure,1422.265181829,1779490267.5127451,0.29725853172046324,,-25.342683534942097,psi,,hardware
FT-PT,pressure,1422.270186858,1779490267.5177503,1.003285766039582,,62.91072075494775,psi,,hardware
FM-PT,pressure,1422.27458353,1779490267.5221472,0.7053036338452856,,25.662954230660702,psi,,hardware
N-LC,thrust,1422.268893816,1779490267.5164573,0.078125,0.078125,0.0,N,,hardware
WM-PT,pressure,1422.279003608,1779490267.5265675,0.5226839211802389,,2.8354901475298595,psi,,hardware
LF-PT,pressure,1422.285963199,1779490267.5335262,0.2559948272698912,,-30.5006465912636,psi,,hardware
FT-PT,pressure,1422.293215051,1779490267.540779,1.000976681825719,,62.622085228214885,psi,,hardware
E-LC,thrust,1422.282709558,1779490267.5302734,0.078125,0.078125,0.0,N,,hardware
FI-PT,pressure,1422.296436527,1779490267.544,0.5854678851923806,,10.683485649047572,psi,,hardware
CC-PT,pressure,1422.30134869,1779490267.5489118,0.2971339579980323,,-25.35825525024596,psi,,hardware
LF-PT,pressure,1422.305082361,1779490267.5526457,0.2561319179692171,,-30.483510253847864,psi,,hardware
N-LC,thrust,1422.298756958,1779490267.5463204,0.078125,0.078125,0.0,N,,hardware
FM-PT,pressure,1422.308906508,1779490267.5564697,0.7050342208187843,,25.62927760234804,psi,,hardware
WM-PT,pressure,1422.313028917,1779490267.5605922,0.5227751162976165,,2.846889537202066,psi,,hardware
FT-PT,pressure,1422.31679053,1779490267.5643537,1.0030264858039004,,62.87831072548755,psi,,hardware
E-LC,thrust,1422.310453462,1779490267.5580168,0.078125,0.078125,0.0,N,,hardware
FI-PT,pressure,1422.320507831,1779490267.5680711,0.5858273012432219,,10.728412655402739,psi,,hardware
CC-PT,pressure,1422.324735013,1779490267.5722985,0.29725257125527516,,-25.343428593090607,psi,,hardware
N-LC,thrust,1422.322129763,1779490267.569693,0.078125,0.078125,0.0,N,,hardware
LF-PT,pressure,1422.328460017,1779490267.5760233,0.2561110563410588,,-30.48611795736765,psi,,hardware
FM-PT,pressure,1422.332605425,1779490267.5801687,0.7047695761644335,,25.596197020554186,psi,,hardware
WM-PT,pressure,1422.337679061,1779490267.5852423,0.5228478339729111,,2.8559792466138907,psi,,hardware
E-LC,thrust,1422.332220056,1779490267.5797834,0.078125,0.078125,0.0,N,,hardware
FT-PT,pressure,1422.341450951,1779490267.5890143,1.0030193332456747,,62.87741665570934,psi,,hardware
FI-PT,pressure,1422.345699057,1779490267.5932624,0.5860639317111888,,10.757991463898595,psi,,hardware
CC-PT,pressure,1422.349398822,1779490267.5969622,0.2972412463714178,,-25.344844203572777,psi,,hardware
N-LC,thrust,1422.343389922,1779490267.590953,0.078125,0.078125,0.0,N,,hardware
LF-PT,pressure,1422.353053367,1779490267.6006167,0.25612297727143496,,-30.48462784107063,psi,,hardware
FM-PT,pressure,1422.357662621,1779490267.6052263,0.704444730811683,,25.55559135146038,psi,,hardware
WM-PT,pressure,1422.361289778,1779490267.6088533,0.5230218795564031,,2.8777349445503893,psi,,hardware
E-LC,thrust,1422.35564621,1779490267.6032095,0.078125,0.078125,0.0,N,,hardware
FT-PT,pressure,1422.365049522,1779490267.6126127,1.0029519799890494,,62.868997498631174,psi,,hardware
FI-PT,pressure,1422.369260519,1779490267.616824,0.5862975819465616,,10.787197743320196,psi,,hardware
CC-PT,pressure,1422.372988893,1779490267.6205523,0.2974003907919396,,-25.324951151007554,psi,,hardware
N-LC,thrust,1422.36698977,1779490267.614553,0.078125,0.078125,0.0,N,,hardware
LF-PT,pressure,1422.376671492,1779490267.6242347,0.2561915226210979,,-30.476059672362762,psi,,hardware
FM-PT,pressure,1422.380848102,1779490267.6284113,0.7041139249937445,,25.51424062421806,psi,,hardware
WM-PT,pressure,1422.384581291,1779490267.6321447,0.5233699707233871,,2.9212463404233864,psi,,hardware
E-LC,thrust,1422.379258761,1779490267.6268225,0.078125,0.078125,0.0,N,,hardware
LF-PT,pressure,1422.391609063,1779490267.6391733,0.2563089437853031,,-30.46138202683711,psi,,hardware
FT-PT,pressure,1422.396238445,1779490267.643802,1.0028172734757987,,62.85215918447484,psi,,hardware
FI-PT,pressure,1422.402070022,1779490267.6496344,0.5865395768331977,,10.81744710414971,psi,,hardware
N-LC,thrust,1422.39241415,1779490267.639978,0.078125,0.078125,0.0,N,,hardware
CC-PT,pressure,1422.4058633,1779490267.6534266,0.2972847577672908,,-25.339405279088652,psi,,hardware
LF-PT,pressure,1422.410171903,1779490267.657735,0.256517560066886,,-30.435304991639253,psi,,hardware
FM-PT,pressure,1422.413875483,1779490267.6614387,0.7037282828960756,,25.46603536200945,psi,,hardware
E-LC,thrust,1422.407522249,1779490267.6550858,0.078125,0.078125,0.0,N,,hardware
WM-PT,pressure,1422.417656743,1779490267.66522,0.5235952763074966,,2.949409538437073,psi,,hardware
FT-PT,pressure,1422.421926478,1779490267.6694899,1.0027844909172643,,62.84806136465804,psi,,hardware
FI-PT,pressure,1422.425540599,1779490267.6731038,0.586777995440721,,10.84724943009012,psi,,hardware
N-LC,thrust,1422.419301229,1779490267.6668646,0.078125,0.078125,0.0,N,,hardware
CC-PT,pressure,1422.429279973,1779490267.6768432,0.2974540349786323,,-25.31824562767096,psi,,hardware
LF-PT,pressure,1422.433498858,1779490267.6810622,0.25649431425265246,,-30.438210718418443,psi,,hardware
E-LC,thrust,1422.430897961,1779490267.678461,0.078125,0.078125,0.0,N,,hardware
FM-PT,pressure,1422.438687118,1779490267.6862507,0.7034672145208376,,25.433401815104702,psi,,hardware
WM-PT,pressure,1422.442908688,1779490267.690472,0.5237359432859353,,2.966992910741914,psi,,hardware
FT-PT,pressure,1422.446684338,1779490267.6942477,1.0027362111492408,,62.842026393655104,psi,,hardware
N-LC,thrust,1422.441273905,1779490267.6888373,0.078125,0.078125,0.0,N,,hardware
FI-PT,pressure,1422.450788933,1779490267.6983523,0.5870837673048696,,10.885470913108694,psi,,hardware
CC-PT,pressure,1422.454978098,1779490267.7025416,0.29762390823649265,,-25.29701147043842,psi,,hardware
E-LC,thrust,1422.45242866,1779490267.6999922,0.078125,0.078125,0.0,N,,hardware
LF-PT,pressure,1422.459782026,1779490267.7073455,0.2564686842523437,,-30.441414468457037,psi,,hardware
FM-PT,pressure,1422.462902396,1779490267.710466,0.7032210473085698,,25.40263091357123,psi,,hardware
WM-PT,pressure,1422.468044973,1779490267.7156086,0.5239058165437956,,2.9882270679744556,psi,,hardware
N-LC,thrust,1422.462509454,1779490267.7100728,0.078125,0.078125,0.0,N,,hardware
FT-PT,pressure,1422.471688889,1779490267.719252,1.002695083939443,,62.83688549243038,psi,,hardware
FI-PT,pressure,1422.475866313,1779490267.7234297,0.5873865589364241,,10.923319867053014,psi,,hardware
CC-PT,pressure,1422.479956539,1779490267.72752,0.29765907498110233,,-25.29261562736221,psi,,hardware
E-LC,thrust,1422.474281028,1779490267.7218447,0.078125,0.078125,0.0,N,,hardware
LF-PT,pressure,1422.483736022,1779490267.7312994,0.25636318401851466,,-30.454601997685668,psi,,hardware
FM-PT,pressure,1422.487969091,1779490267.7355325,0.7028342131178633,,25.354276639732916,psi,,hardware
N-LC,thrust,1422.485361749,1779490267.7329252,0.078125,0.078125,0.0,N,,hardware
WM-PT,pressure,1422.495690437,1779490267.7432544,0.5240142970102187,,3.0017871262773417,psi,,hardware
LF-PT,pressure,1422.50038276,1779490267.747946,0.2568978377458856,,-30.3877702817643,psi,,hardware
FT-PT,pressure,1422.504629626,1779490267.752193,1.0026843551021045,,62.835544387763065,psi,,hardware
E-LC,thrust,1422.498076125,1779490267.7456393,0.078125,0.078125,0.0,N,,hardware
FI-PT,pressure,1422.508303096,1779490267.7558663,0.5876959070796856,,10.961988384960694,psi,,hardware
CC-PT,pressure,1422.514220983,1779490267.7617843,0.2976554987019895,,-25.293062662251316,psi,,hardware
LF-PT,pressure,1422.519039114,1779490267.7666028,0.2569073744901865,,-30.386578188726684,psi,,hardware
N-LC,thrust,1422.512861056,1779490267.7604256,0.078125,0.078125,0.0,N,,hardware
FT-PT,pressure,1422.522790487,1779490267.770354,1.002390504168332,,62.79881302104151,psi,,hardware
FM-PT,pressure,1422.527010872,1779490267.774574,0.7028824928858868,,25.36031161073585,psi,,hardware
WM-PT,pressure,1422.530757653,1779490267.7783208,0.5240715174760243,,3.00893968450304,psi,,hardware
E-LC,thrust,1422.524406771,1779490267.7719703,0.078125,0.078125,0.0,N,,hardware
LF-PT,pressure,1422.534529729,1779490267.782093,0.2570361205382491,,-30.370484932718863,psi,,hardware
FI-PT,pressure,1422.538763577,1779490267.786327,0.5875790819619992,,10.947385245249894,psi,,hardware
CC-PT,pressure,1422.542487563,1779490267.7900507,0.2976066228874472,,-25.2991721390691,psi,,hardware
N-LC,thrust,1422.536155531,1779490267.7837186,0.078125,0.078125,0.0,N,,hardware
FT-PT,pressure,1422.546234214,1779490267.7937975,1.0022629502133071,,62.78286877666339,psi,,hardware
FM-PT,pressure,1422.5504366,1779490267.7979999,0.70294090544473,,25.36761318059125,psi,,hardware
WM-PT,pressure,1422.554155253,1779490267.8017185,0.5242187409661699,,3.0273426207712424,psi,,hardware
E-LC,thrust,1422.547842924,1779490267.7954063,0.078125,0.078125,0.0,N,,hardware
LF-PT,pressure,1422.557897219,1779490267.8054605,0.2571320840277772,,-30.35848949652785,psi,,hardware
FI-PT,pressure,1422.562164528,1779490267.809728,0.5875832542876308,,10.947906785953851,psi,,hardware
N-LC,thrust,1422.559569371,1779490267.8071334,0.078125,0.078125,0.0,N,,hardware
CC-PT,pressure,1422.566982659,1779490267.814546,0.29773894521462263,,-25.282631848172173,psi,,hardware
FT-PT,pressure,1422.571152158,1779490267.8187153,1.0019106867206915,,62.73883584008644,psi,,hardware
FM-PT,pressure,1422.574640694,1779490267.822204,0.7029039505605639,,25.362993820070486,psi,,hardware
WM-PT,pressure,1422.577009585,1779490267.824573,0.5243755012006165,,3.0469376500770613,psi,,hardware
E-LC,thrust,1422.569551485,1779490267.8171148,0.078125,0.078125,0.0,N,,hardware
LF-PT,pressure,1422.580890692,1779490267.8284543,0.2573567935653679,,-30.330400804329013,psi,,hardware
FI-PT,pressure,1422.585075894,1779490267.8326392,0.5877269014986636,,10.965862687332947,psi,,hardware
N-LC,thrust,1422.582501051,1779490267.8300643,0.078125,0.078125,0.0,N,,hardware
FT-PT,pressure,1422.592415835,1779490267.8399801,1.0019661190469407,,62.74576488086758,psi,,hardware
FM-PT,pressure,1422.598296446,1779490267.8458595,0.7029599789333318,,25.36999736666648,psi,,hardware
WM-PT,pressure,1422.602040709,1779490267.8496044,0.5245155721325364,,3.0644465165670516,psi,,hardware
E-LC,thrust,1422.596645572,1779490267.8442092,0.078125,0.078125,0.0,N,,hardware
CC-PT,pressure,1422.60572453,1779490267.853288,0.2975267526539269,,-25.309155918259137,psi,,hardware
LF-PT,pressure,1422.609829699,1779490267.8573933,0.2572179147264856,,-30.3477606591893,psi,,hardware
FT-PT,pressure,1422.613591609,1779490267.861155,1.0016686918340554,,62.70858647925692,psi,,hardware
N-LC,thrust,1422.608241099,1779490267.8558044,0.078125,0.078125,0.0,N,,hardware
FI-PT,pressure,1422.617350741,1779490267.864914,0.5881751284808073,,11.021891060100916,psi,,hardware
FM-PT,pressure,1422.621659196,1779490267.8692224,0.7028783205602551,,25.35979007003189,psi,,hardware
WM-PT,pressure,1422.625360646,1779490267.8729239,0.5245888858543498,,3.0736107317937273,psi,,hardware
E-LC,thrust,1422.619351893,1779490267.866915,0.078125,0.078125,0.0,N,,hardware
CC-PT,pressure,1422.631064859,1779490267.8786294,0.2976328489342748,,-25.295893883215655,psi,,hardware
LF-PT,pressure,1422.635210267,1779490267.8827734,0.25712731565562674,,-30.359085543046657,psi,,hardware
FT-PT,pressure,1422.638881015,1779490267.8864443,1.0014672281106982,,62.68340351383728,psi,,hardware
N-LC,thrust,1422.633621278,1779490267.8811848,0.078125,0.078125,0.0,N,,hardware
FI-PT,pressure,1422.642521857,1779490267.8900852,0.5884439454607899,,11.055493182598742,psi,,hardware
FM-PT,pressure,1422.646705522,1779490267.894269,0.7028711680020294,,25.35889600025368,psi,,hardware
WM-PT,pressure,1422.650438267,1779490267.8980017,0.5247247844606381,,3.0905980575797605,psi,,hardware
E-LC,thrust,1422.645081461,1779490267.8926451,0.078125,0.078125,0.0,N,,hardware
CC-PT,pressure,1422.654130143,1779490267.9016933,0.29767338009755373,,-25.290827487805785,psi,,hardware
LF-PT,pressure,1422.658325715,1779490267.905889,0.2570641347246331,,-30.366983159420865,psi,,hardware
FT-PT,pressure,1422.662014573,1779490267.909578,1.0011489392696546,,62.64361740870683,psi,,hardware
N-LC,thrust,1422.656674711,1779490267.904238,0.078125,0.078125,0.0,N,,hardware
FI-PT,pressure,1422.665663841,1779490267.9132273,0.588754485697089,,11.094310712136124,psi,,hardware
FM-PT,pressure,1422.670217449,1779490267.9177806,0.7027364614887788,,25.34205768609735,psi,,hardware
WM-PT,pressure,1422.673992895,1779490267.9215565,0.5248076349267524,,3.1009543658440526,psi,,hardware
E-LC,thrust,1422.668227074,1779490267.9157906,0.078125,0.078125,0.0,N,,hardware
CC-PT,pressure,1422.677462987,1779490267.9250264,0.2978080866108044,,-25.273989173649454,psi,,hardware
LF-PT,pressure,1422.682291247,1779490267.9298546,0.2570092984449027,,-30.37383769438716,psi,,hardware
N-LC,thrust,1422.679717459,1779490267.9272807,0.078125,0.078125,0.0,N,,hardware
FT-PT,pressure,1422.686008067,1779490267.9335713,1.0013414622952297,,62.66768278690371,psi,,hardware
FI-PT,pressure,1422.694060617,1779490267.9416242,0.5889952884906875,,11.124411061335937,psi,,hardware
LF-PT,pressure,1422.697974112,1779490267.9455376,0.2571881124005452,,-30.351485949931853,psi,,hardware
E-LC,thrust,1422.692711227,1779490267.9402754,0.078125,0.078125,0.0,N,,hardware
FM-PT,pressure,1422.701764575,1779490267.949328,0.702474797067022,,25.30934963337775,psi,,hardware
WM-PT,pressure,1422.705958943,1779490267.9535222,0.5248767763229342,,3.109597040366771,psi,,hardware
CC-PT,pressure,1422.709694373,1779490267.9572577,0.2977884170756837,,-25.276447865539538,psi,,hardware
N-LC,thrust,1422.704298995,1779490267.9518623,0.078125,0.078125,0.0,N,,hardware
LF-PT,pressure,1422.713824541,1779490267.9613879,0.257319242634683,,-30.335094670664628,psi,,hardware
FT-PT,pressure,1422.718077202,1779490267.9656408,1.0012270213636185,,62.653377670452315,psi,,hardware
FI-PT,pressure,1422.72176819,1779490267.969332,0.5893243061690696,,11.165538271133702,psi,,hardware
E-LC,thrust,1422.715508766,1779490267.9630723,0.078125,0.078125,0.0,N,,hardware
FM-PT,pressure,1422.725509786,1779490267.9730732,0.7023931386939453,,25.29914233674316,psi,,hardware
WM-PT,pressure,1422.729671563,1779490267.9772346,0.5250281721387116,,3.1285215173389447,psi,,hardware
CC-PT,pressure,1422.733371606,1779490267.9809349,0.2978021261456163,,-25.274734231797964,psi,,hardware
N-LC,thrust,1422.727101664,1779490267.974665,0.078125,0.078125,0.0,N,,hardware
LF-PT,pressure,1422.737249935,1779490267.984813,0.2573371240302472,,-30.332859496219097,psi,,hardware
FT-PT,pressure,1422.743504767,1779490267.9910681,1.0010559560127206,,62.63199450159007,psi,,hardware
FI-PT,pressure,1422.747143739,1779490267.994707,0.5894935833804111,,11.186697922551392,psi,,hardware
E-LC,thrust,1422.740830836,1779490267.988402,0.078125,0.078125,0.0,N,,hardware
FM-PT,pressure,1422.751196282,1779490267.99876,0.7022161128778592,,25.277014109732406,psi,,hardware
WM-PT,pressure,1422.755482719,1779490268.0030458,0.5251938730709402,,3.149234133867529,psi,,hardware
N-LC,thrust,1422.75287547,1779490268.000439,0.078125,0.078125,0.0,N,,hardware
CC-PT,pressure,1422.760351829,1779490268.0079153,0.2980220673110565,,-25.247241586117937,psi,,hardware
LF-PT,pressure,1422.764538198,1779490268.0121017,0.2572763272853288,,-30.3404590893339,psi,,hardware
FT-PT,pressure,1422.768209965,1779490268.0157735,1.0008765460105593,,62.609568251319914,psi,,hardware
E-LC,thrust,1422.76295532,1779490268.010519,0.078125,0.078125,0.0,N,,hardware
FI-PT,pressure,1422.771938747,1779490268.0195022,0.5897826659420331,,11.222833242754138,psi,,hardware
FM-PT,pressure,1422.776155929,1779490268.0237193,0.7021612765981289,,25.27015957476611,psi,,hardware
WM-PT,pressure,1422.779749644,1779490268.027313,0.5253756672591767,,3.171958407397091,psi,,hardware
N-LC,thrust,1422.77452972,1779490268.022093,0.078125,0.078125,0.0,N,,hardware
CC-PT,pressure,1422.783357581,1779490268.0309212,0.29801610684586843,,-25.247986644266447,psi,,hardware
LF-PT,pressure,1422.787677535,1779490268.035241,0.25723698821508745,,-30.34537647311407,psi,,hardware
FT-PT,pressure,1422.794458784,1779490268.0420232,1.0006369353099984,,62.5796169137498,psi,,hardware
E-LC,thrust,1422.785382306,1779490268.0329456,0.078125,0.078125,0.0,N,,hardware
FI-PT,pressure,1422.79928973,1779490268.046853,0.5900741326897303,,11.259266586216288,psi,,hardware
FM-PT,pressure,1422.803504671,1779490268.051068,0.7020402791548108,,25.255034894351354,psi,,hardware
WM-PT,pressure,1422.807177808,1779490268.0547411,0.5254322916784635,,3.179036459807938,psi,,hardware
N-LC,thrust,1422.80090318,1779490268.0484664,0.078125,0.078125,0.0,N,,hardware
CC-PT,pressure,1422.810908887,1779490268.0584724,0.2982026694062554,,-25.224666324218077,psi,,hardware
LF-PT,pressure,1422.815140438,1779490268.0627036,0.25732460705335225,,-30.33442411833097,psi,,hardware
FT-PT,pressure,1422.818842111,1779490268.0664053,1.000445604377461,,62.555700547182624,psi,,hardware
E-LC,thrust,1422.812542262,1779490268.0601058,0.078125,0.078125,0.0,N,,hardware
FI-PT,pressure,1422.822550764,1779490268.0701144,0.5902648675757489,,11.283108446968615,psi,,hardware
FM-PT,pressure,1422.826603233,1779490268.0741668,0.7017929198495054,,25.22411498118818,psi,,hardware
WM-PT,pressure,1422.828980865,1779490268.0765443,0.5257267386587547,,3.215842332344343,psi,,hardware
N-LC,thrust,1422.824190232,1779490268.0717535,0.078125,0.078125,0.0,N,,hardware
CC-PT,pressure,1422.834111091,1779490268.0816746,0.2983546612685515,,-25.205667341431067,psi,,hardware
LF-PT,pressure,1422.838280405,1779490268.0858438,0.2572906324017802,,-30.338670949777477,psi,,hardware
FT-PT,pressure,1422.841901175,1779490268.089465,1.0001821518161478,,62.52276897701847,psi,,hardware
E-LC,thrust,1422.836654362,1779490268.0842178,0.078125,0.078125,0.0,N,,hardware
FI-PT,pressure,1422.845591422,1779490268.093155,0.5906332243243724,,11.329153040546547,psi,,hardware
FM-PT,pressure,1422.84979066,1779490268.097354,0.7017744424074224,,25.221805300927798,psi,,hardware
WM-PT,pressure,1422.855474579,1779490268.1030393,0.5257964761014553,,3.2245595126819127,psi,,hardware
N-LC,thrust,1422.847527652,1779490268.0950909,0.078125,0.078125,0.0,N,,hardware
CC-PT,pressure,1422.859225453,1779490268.1067889,0.298405921269169,,-25.19925984135388,psi,,hardware
LF-PT,pressure,1422.863437227,1779490268.1110005,0.2572411605407191,,-30.34485493241011,psi,,hardware
FT-PT,pressure,1422.867139178,1779490268.1147022,1.00002598762822,,62.503248453527505,psi,,hardware
E-LC,thrust,1422.861821795,1779490268.109385,0.078125,0.078125,0.0,N,,hardware
FI-PT,pressure,1422.870873237,1779490268.1184366,0.5908847559553094,,11.360594494413679,psi,,hardware
FM-PT,pressure,1422.875058125,1779490268.1226215,0.7016671540340369,,25.208394254254614,psi,,hardware
WM-PT,pressure,1422.878777815,1779490268.126341,0.5259520442428642,,3.2440055303580295,psi,,hardware
N-LC,thrust,1422.873405047,1779490268.1209683,0.078125,0.078125,0.0,N,,hardware
CC-PT,pressure,1422.882423528,1779490268.129987,0.2984601615023805,,-25.192479812202436,psi,,hardware
LF-PT,pressure,1422.886626525,1779490268.1341898,0.2573633500770748,,-30.329581240365652,psi,,hardware
FT-PT,pressure,1422.893485973,1779490268.1410506,0.999646902042258,,62.455862755282254,psi,,hardware
FI-PT,pressure,1422.895967211,1779490268.1435306,0.5911786068890819,,11.397325861135233,psi,,hardware
E-LC,thrust,1422.885002631,1779490268.132566,0.078125,0.078125,0.0,N,,hardware
FM-PT,pressure,1422.900110268,1779490268.1476736,0.7014799954271311,,25.184999428391393,psi,,hardware
WM-PT,pressure,1422.904165588,1779490268.151729,0.526126685872875,,3.265835734109379,psi,,hardware
N-LC,thrust,1422.901747402,1779490268.1493108,0.078125,0.078125,0.0,N,,hardware
CC-PT,pressure,1422.909038587,1779490268.1566021,0.2986020205738569,,-25.174747428267892,psi,,hardware
LF-PT,pressure,1422.914566217,1779490268.1621294,0.2573287793789839,,-30.33390257762701,psi,,hardware
FT-PT,pressure,1422.918302777,1779490268.165866,0.9995729922739258,,62.44662403424073,psi,,hardware
E-LC,thrust,1422.912988265,1779490268.1605518,0.078125,0.078125,0.0,N,,hardware
FM-PT,pressure,1422.921964822,1779490268.1695282,0.7016951682204209,,25.211896027552612,psi,,hardware
FI-PT,pressure,1422.926143839,1779490268.173707,0.5912054289824282,,11.400678622803529,psi,,hardware
LF-PT,pressure,1422.930246824,1779490268.1778102,0.2575123617067768,,-30.310954786652896,psi,,hardware
N-LC,thrust,1422.924546554,1779490268.17211,0.078125,0.078125,0.0,N,,hardware
WM-PT,pressure,1422.933934145,1779490268.1814973,0.5260152251738579,,3.251903146732238,psi,,hardware
CC-PT,pressure,1422.938144531,1779490268.1857078,0.2986479161558051,,-25.169010480524364,psi,,hardware
FT-PT,pressure,1422.942672289,1779490268.1902366,0.9992898701774919,,62.41123377218649,psi,,hardware
E-LC,thrust,1422.935567688,1779490268.183131,0.078125,0.078125,0.0,N,,hardware
FM-PT,pressure,1422.947302375,1779490268.1948662,0.7017404677558503,,25.21755846948129,psi,,hardware
FI-PT,pressure,1422.951468504,1779490268.1990318,0.5912733782855724,,11.409172285696545,psi,,hardware
N-LC,thrust,1422.948902642,1779490268.1964662,0.078125,0.078125,0.0,N,,hardware
LF-PT,pressure,1422.955172418,1779490268.202736,0.2576643535690729,,-30.291955803865886,psi,,hardware
WM-PT,pressure,1422.9603534,1779490268.2079165,0.5259252221495179,,3.2406527686897335,psi,,hardware
CC-PT,pressure,1422.96418564,1779490268.211749,0.2988726256933958,,-25.140921788325528,psi,,hardware
E-LC,thrust,1422.959027397,1779490268.206591,0.078125,0.078125,0.0,N,,hardware
FT-PT,pressure,1422.969851466,1779490268.2174153,0.9992582797119951,,62.40728496399939,psi,,hardware
FM-PT,pressure,1422.974142404,1779490268.2217057,0.7018847110134019,,25.235588876675237,psi,,hardware
FI-PT,pressure,1422.97831731,1779490268.2258809,0.5914158334035675,,11.42697917544594,psi,,hardware
N-LC,thrust,1422.972549304,1779490268.2201126,0.078125,0.078125,0.0,N,,hardware
LF-PT,pressure,1422.982013205,1779490268.2295763,0.2578229019430759,,-30.272137257115514,psi,,hardware
WM-PT,pressure,1422.986635107,1779490268.2341983,0.5260468156393547,,3.255851954919342,psi,,hardware
CC-PT,pressure,1422.99381363,1779490268.2413778,0.2989006398797798,,-25.13742001502753,psi,,hardware
E-LC,thrust,1422.984051856,1779490268.2316155,0.078125,0.078125,0.0,N,,hardware
LF-PT,pressure,1422.997989685,1779490268.2455533,0.25799456334049264,,-30.25067958243842,psi,,hardware
FT-PT,pressure,1423.002208145,1779490268.2497718,0.9991259573848197,,62.39074467310246,psi,,hardware
FM-PT,pressure,1423.00588467,1779490268.2534482,0.7019019963624473,,25.237749545305917,psi,,hardware
N-LC,thrust,1422.999628394,1779490268.247192,0.078125,0.078125,0.0,N,,hardware
FI-PT,pressure,1423.009646729,1779490268.25721,0.5914629210785534,,11.43286513481917,psi,,hardware
LF-PT,pressure,1423.013826894,1779490268.26139,0.2582186768315645,,-30.222665396054435,psi,,hardware
WM-PT,pressure,1423.01756025,1779490268.2651236,0.5258542926137797,,3.231786576722462,psi,,hardware
E-LC,thrust,1423.011206756,1779490268.2587702,0.078125,0.078125,0.0,N,,hardware
CC-PT,pressure,1423.021271811,1779490268.268835,0.29891196476363713,,-25.13600440454536,psi,,hardware
FT-PT,pressure,1423.025461995,1779490268.2730253,0.99888575063774,,62.3607188297175,psi,,hardware
FM-PT,pressure,1423.029181962,1779490268.2767453,0.7018572928735367,,25.23216160919209,psi,,hardware
N-LC,thrust,1423.022909909,1779490268.2704735,0.078125,0.078125,0.0,N,,hardware
FI-PT,pressure,1423.032916226,1779490268.2804794,0.591613124801293,,11.451640600161628,psi,,hardware
LF-PT,pressure,1423.037142518,1779490268.2847059,0.2582675526461068,,-30.21655591923665,psi,,hardware
WM-PT,pressure,1423.040818248,1779490268.2883813,0.5257309109843864,,3.2163638730483,psi,,hardware
E-LC,thrust,1423.034537065,1779490268.2821004,0.078125,0.078125,0.0,N,,hardware
CC-PT,pressure,1423.044464423,1779490268.2920277,0.2989179252288252,,-25.13525934639685,psi,,hardware
FT-PT,pressure,1423.048675495,1779490268.2962387,0.9986616371466681,,62.332704643333514,psi,,hardware
FM-PT,pressure,1423.05235615,1779490268.2999194,0.7019538524095836,,25.244231551197956,psi,,hardware
N-LC,thrust,1423.046076374,1779490268.2936397,0.078125,0.078125,0.0,N,,hardware
FI-PT,pressure,1423.056063322,1779490268.3036265,0.5916995515465202,,11.462443943315026,psi,,hardware
LF-PT,pressure,1423.060094736,1779490268.3076587,0.2582454989249109,,-30.21931263438614,psi,,hardware
WM-PT,pressure,1423.062441333,1779490268.3100045,0.5258203179622076,,3.2275397452759536,psi,,hardware
E-LC,thrust,1423.057617572,1779490268.3051808,0.078125,0.078125,0.0,N,,hardware
CC-PT,pressure,1423.067572929,1779490268.3151362,0.29906693685852725,,-25.116632892684095,psi,,hardware
FT-PT,pressure,1423.071769298,1779490268.3193326,0.9984172580739568,,62.302157259244595,psi,,hardware
FM-PT,pressure,1423.075219872,1779490268.3227832,0.7019985558984942,,25.249819487311782,psi,,hardware
N-LC,thrust,1423.070147829,1779490268.3177114,0.078125,0.078125,0.0,N,,hardware
FI-PT,pressure,1423.079049242,1779490268.3266125,0.5919713487590967,,11.496418594887093,psi,,hardware
LF-PT,pressure,1423.085025422,1779490268.3325891,0.25852683288178835,,-30.184145889776456,psi,,hardware
WM-PT,pressure,1423.092245203,1779490268.3398092,0.5256581933090918,,3.2072741636364754,psi,,hardware
E-LC,thrust,1423.083219945,1779490268.330784,0.078125,0.078125,0.0,N,,hardware
CC-PT,pressure,1423.096363242,1779490268.3439267,0.2990955470914301,,-25.11305661357124,psi,,hardware
FT-PT,pressure,1423.100705547,1779490268.348269,0.998394608306242,,62.299326038280256,psi,,hardware
FM-PT,pressure,1423.104496567,1779490268.3520598,0.7020361068291792,,25.254513353647397,psi,,hardware
N-LC,thrust,1423.098996583,1779490268.34656,0.078125,0.078125,0.0,N,,hardware
FI-PT,pressure,1423.108237941,1779490268.3558016,0.5921179762027236,,11.514747025340444,psi,,hardware
LF-PT,pressure,1423.112409978,1779490268.3599732,0.2586907456744606,,-30.163656790692425,psi,,hardware
WM-PT,pressure,1423.116138352,1779490268.3637018,0.5255181223771719,,3.189765297146485,psi,,hardware
E-LC,thrust,1423.110782972,1779490268.3583465,0.078125,0.078125,0.0,N,,hardware
CC-PT,pressure,1423.119801601,1779490268.367365,0.29909137476579845,,-25.113578154275196,psi,,hardware
FT-PT,pressure,1423.12396636,1779490268.3715298,0.9981782434199147,,62.272280427489335,psi,,hardware
FM-PT,pressure,1423.127676643,1779490268.3752398,0.7020492198525929,,25.25615248157412,psi,,hardware
N-LC,thrust,1423.122380482,1779490268.3699439,0.078125,0.078125,0.0,N,,hardware
FI-PT,pressure,1423.131404018,1779490268.3789673,0.5922228803900338,,11.527860048754224,psi,,hardware
LF-PT,pressure,1423.135708714,1779490268.383272,0.25877478823361255,,-30.15315147079843,psi,,hardware
WM-PT,pressure,1423.14007161,1779490268.3876355,0.5253941447012598,,3.1742680876574725,psi,,hardware
E-LC,thrust,1423.133406189,1779490268.3809695,0.078125,0.078125,0.0,N,,hardware
CC-PT,pressure,1423.143779634,1779490268.391343,0.29920939197652247,,-25.098826002934693,psi,,hardware
FT-PT,pressure,1423.147885248,1779490268.3954487,0.9979457852775795,,62.243223159697436,psi,,hardware
N-LC,thrust,1423.145396011,1779490268.3929596,0.078125,0.078125,0.0,N,,hardware
FM-PT,pressure,1423.151596198,1779490268.39916,0.7021302821791509,,25.26628527239386,psi,,hardware
FI-PT,pressure,1423.155785567,1779490268.403349,0.5924791803931213,,11.559897549140164,psi,,hardware
LF-PT,pressure,1423.160917144,1779490268.408481,0.25874558195419095,,-30.15680225572613,psi,,hardware
E-LC,thrust,1423.1554474,1779490268.403011,0.078125,0.078125,0.0,N,,hardware
WM-PT,pressure,1423.164614595,1779490268.4121778,0.5252802998161674,,3.160037477020927,psi,,hardware
CC-PT,pressure,1423.168593697,1779490268.4161572,0.29907647360282824,,-25.11544079964647,psi,,hardware
FT-PT,pressure,1423.170973385,1779490268.418537,0.997891545044368,,62.23644313054599,psi,,hardware
N-LC,thrust,1423.166595841,1779490268.414159,0.078125,0.078125,0.0,N,,hardware
FM-PT,pressure,1423.176113462,1779490268.4236772,0.702173197528505,,25.271649691063132,psi,,hardware
FI-PT,pressure,1423.180366938,1779490268.4279304,0.592570375510499,,11.57129693881237,psi,,hardware
LF-PT,pressure,1423.184159088,1779490268.4317224,0.258910090793382,,-30.13623865082725,psi,,hardware
E-LC,thrust,1423.178730267,1779490268.4262938,0.078125,0.078125,0.0,N,,hardware
WM-PT,pressure,1423.187789542,1779490268.4353528,0.525253477722821,,3.156684715352631,psi,,hardware
CC-PT,pressure,1423.19573071,1779490268.4432943,0.29902998197436115,,-25.121252253204858,psi,,hardware
LF-PT,pressure,1423.198254779,1779490268.4458187,0.25940063707836114,,-30.074920365204857,psi,,hardware
FT-PT,pressure,1423.203958604,1779490268.451523,0.9977455136472599,,62.21818920590749,psi,,hardware
N-LC,thrust,1423.193373095,1779490268.4409373,0.078125,0.078125,0.0,N,,hardware
FM-PT,pressure,1423.207721773,1779490268.455285,0.7023484352050346,,25.293554400629333,psi,,hardware
FI-PT,pressure,1423.211938751,1779490268.459502,0.5927414408613969,,11.592680107674614,psi,,hardware
E-LC,thrust,1423.209359537,1779490268.4569228,0.078125,0.078125,0.0,N,,hardware
LF-PT,pressure,1423.216778418,1779490268.464342,0.2596819710352386,,-30.039753620595175,psi,,hardware
WM-PT,pressure,1423.221398523,1779490268.4689617,0.5250853926045171,,3.135674075564643,psi,,hardware
CC-PT,pressure,1423.225137675,1779490268.4727008,0.29896441685729225,,-25.12944789283847,psi,,hardware
N-LC,thrust,1423.219784536,1779490268.4673479,0.078125,0.078125,0.0,N,,hardware
FT-PT,pressure,1423.229276584,1779490268.47684,0.9976280924830547,,62.20351156038184,psi,,hardware
FM-PT,pressure,1423.233468489,1779490268.481032,0.7023138645069438,,25.289233063367973,psi,,hardware
FI-PT,pressure,1423.237235473,1779490268.484799,0.59282488737403,,11.603110921753757,psi,,hardware
E-LC,thrust,1423.230860536,1779490268.4784238,0.078125,0.078125,0.0,N,,hardware
LF-PT,pressure,1423.240975255,1779490268.4885387,0.259770781966541,,-30.028652254182372,psi,,hardware
WM-PT,pressure,1423.24518927,1779490268.4927526,0.5250192314409294,,3.1274039301161793,psi,,hardware
CC-PT,pressure,1423.248879481,1779490268.496443,0.2991038917426934,,-25.112013532163324,psi,,hardware
N-LC,thrust,1423.242619482,1779490268.4901829,0.078125,0.078125,0.0,N,,hardware
FT-PT,pressure,1423.252625355,1779490268.5001886,0.9975231882957445,,62.19039853696806,psi,,hardware
FM-PT,pressure,1423.256857777,1779490268.5044215,0.7022870424135974,,25.285880301699677,psi,,hardware
FI-PT,pressure,1423.260519303,1779490268.5080826,0.5929136983053325,,11.61421228816656,psi,,hardware
E-LC,thrust,1423.254266859,1779490268.50183,0.078125,0.078125,0.0,N,,hardware
LF-PT,pressure,1423.264233142,1779490268.5117965,0.25977912661780433,,-30.027609172774458,psi,,hardware
WM-PT,pressure,1423.268341829,1779490268.5159054,0.5248636632995204,,3.1079579124400487,psi,,hardware
N-LC,thrust,1423.265854573,1779490268.513418,0.078125,0.078125,0.0,N,,hardware
CC-PT,pressure,1423.272227548,1779490268.5197911,0.2991992591857027,,-25.10009260178716,psi,,hardware
FT-PT,pressure,1423.277192708,1779490268.524756,0.9973801371312305,,62.172517141403816,psi,,hardware
FM-PT,pressure,1423.281193994,1779490268.5287573,0.7023698928797117,,25.29623660996397,psi,,hardware
E-LC,thrust,1423.275883482,1779490268.5234468,0.078125,0.078125,0.0,N,,hardware
FI-PT,pressure,1423.284880834,1779490268.5324442,0.5932743064492114,,11.659288306151428,psi,,hardware
LF-PT,pressure,1423.292258162,1779490268.5398223,0.2598715138282196,,-30.01606077147255,psi,,hardware
FT-PT,pressure,1423.296736479,1779490268.5443,0.9970785375927136,,62.1348171990892,psi,,hardware
WM-PT,pressure,1423.30053909,1779490268.5481024,0.524986448882395,,3.123306110299373,psi,,hardware
CC-PT,pressure,1423.303556336,1779490268.5511196,0.2991742252319128,,-25.103221846010904,psi,,hardware
FM-PT,pressure,1423.306602951,1779490268.554166,0.7020736577598641,,25.25920721998301,psi,,hardware
FI-PT,pressure,1423.309736951,1779490268.5573003,0.5932397357511205,,11.654966968890069,psi,,hardware
LF-PT,pressure,1423.312209763,1779490268.5597732,0.26005390406297496,,-29.99326199212813,psi,,hardware
FT-PT,pressure,1423.315333633,1779490268.5628972,0.9967030282858644,,62.087878535733054,psi,,hardware
WM-PT,pressure,1423.317820167,1779490268.5653834,0.5252576500484527,,3.1572062560565883,psi,,hardware
CC-PT,pressure,1423.322851824,1779490268.570416,0.29921416034867293,,-25.098229956415885,psi,,hardware
LF-PT,pressure,1423.325936566,1779490268.5735002,0.26008072615632133,,-29.989909230459833,psi,,hardware
FM-PT,pressure,1423.329096194,1779490268.5766594,0.7015926482191859,,25.199081027398236,psi,,hardware
FI-PT,pressure,1423.332177936,1779490268.5797412,0.5932719222631362,,11.658990282892024,psi,,hardware
FT-PT,pressure,1423.335303103,1779490268.5828664,0.9966922994485259,,62.086537431065736,psi,,hardware
WM-PT,pressure,1423.338384994,1779490268.5859482,0.5255681902847518,,3.196023785593971,psi,,hardware
LF-PT,pressure,1423.341474532,1779490268.589038,0.26017788173888706,,-29.977764782639117,psi,,hardware
CC-PT,pressure,1423.344562275,1779490268.5921257,0.29912058104522005,,-25.109927369347496,psi,,hardware
FM-PT,pressure,1423.347584743,1779490268.595148,0.7011682630977945,,25.146032887224308,psi,,hardware
FI-PT,pressure,1423.350070665,1779490268.597634,0.5934400073814401,,11.680000922680012,psi,,hardware
FT-PT,pressure,1423.353176111,1779490268.6007395,0.9965486522374931,,62.06858152968664,psi,,hardware
WM-PT,pressure,1423.356229929,1779490268.6037934,0.5257845551710791,,3.223069396384892,psi,,hardware
LF-PT,pressure,1423.35930845,1779490268.6068718,0.2602243733673541,,-29.971953329080737,psi,,hardware
CC-PT,pressure,1423.362382026,1779490268.6099453,0.2990407108116997,,-25.11991114853754,psi,,hardware
FM-PT,pressure,1423.364859079,1779490268.6124222,0.7007075191387557,,25.088439892344468,psi,,hardware
FI-PT,pressure,1423.367934933,1779490268.6154983,0.5934251062184699,,11.678138277308737,psi,,hardware
FT-PT,pressure,1423.370399412,1779490268.6179626,0.996322154560346,,62.04026932004325,psi,,hardware
WM-PT,pressure,1423.373863098,1779490268.621427,0.5260807902909268,,3.2600987863658504,psi,,hardware
LF-PT,pressure,1423.376960377,1779490268.624524,0.26035788778756713,,-29.955264026554108,psi,,hardware
CC-PT,pressure,1423.380047267,1779490268.6276107,0.29899243104367623,,-25.125946119540473,psi,,hardware
FM-PT,pressure,1423.383141954,1779490268.6307054,0.7003242612271621,,25.04053265339526,psi,,hardware
FI-PT,pressure,1423.38621603,1779490268.6337795,0.5937004797101593,,11.712559963769909,psi,,hardware
LF-PT,pressure,1423.392085272,1779490268.6396496,0.26051285988245726,,-29.935892514692842,psi,,hardware
FT-PT,pressure,1423.394733408,1779490268.642297,0.996073603162003,,62.009200395250375,psi,,hardware
WM-PT,pressure,1423.397848686,1779490268.6454122,0.5263859661085566,,3.298245763569574,psi,,hardware
FM-PT,pressure,1423.40098787,1779490268.6485515,0.7001984954116935,,25.024811926461695,psi,,hardware
CC-PT,pressure,1423.403446239,1779490268.6510096,0.29904547918385016,,-25.11931510201873,psi,,hardware
LF-PT,pressure,1423.406499891,1779490268.6540635,0.26043775802108743,,-29.94528024736407,psi,,hardware
FI-PT,pressure,1423.409539506,1779490268.6571028,0.5936021320345559,,11.70026650431949,psi,,hardware
FT-PT,pressure,1423.412592565,1779490268.660156,0.9958804840899091,,61.98506051123864,psi,,hardware
WM-PT,pressure,1423.415640939,1779490268.6632044,0.5266255768091175,,3.328197101139685,psi,,hardware
FM-PT,pressure,1423.418712108,1779490268.6662755,0.6998593449424917,,24.982418117811463,psi,,hardware
CC-PT,pressure,1423.4211537,1779490268.6687171,0.29928270569833587,,-25.089661787708017,psi,,hardware
LF-PT,pressure,1423.424141577,1779490268.6717048,0.2604365659280498,,-29.945429258993773,psi,,hardware
FI-PT,pressure,1423.427161712,1779490268.674725,0.5933374873802051,,11.667185922525636,psi,,hardware
FT-PT,pressure,1423.429628414,1779490268.677192,0.9956593508314313,,61.957418853928914,psi,,hardware
WM-PT,pressure,1423.432734637,1779490268.680298,0.5269206198359275,,3.365077479490941,psi,,hardware
FM-PT,pressure,1423.435257909,1779490268.6828213,0.6995857595903587,,24.948219948794844,psi,,hardware
CC-PT,pressure,1423.438324708,1779490268.685888,0.2994245647698122,,-25.071929403773474,psi,,hardware
LF-PT,pressure,1423.441349824,1779490268.688913,0.2604854417425921,,-29.93931978217599,psi,,hardware
FI-PT,pressure,1423.444424549,1779490268.691988,0.5931843034248714,,11.648037928108923,psi,,hardware
FT-PT,pressure,1423.447474516,1779490268.6950376,0.9955967659469565,,61.94959574336956,psi,,hardware
WM-PT,pressure,1423.450944163,1779490268.6985078,0.5271322163501044,,3.391527043763054,psi,,hardware
FM-PT,pressure,1423.453425883,1779490268.7009892,0.6993956207508589,,24.924452593857367,psi,,hardware
CC-PT,pressure,1423.456556049,1779490268.7041192,0.2995854973298904,,-25.051812833763698,psi,,hardware
LF-PT,pressure,1423.459028287,1779490268.7065916,0.2604627919748774,,-29.942151003140328,psi,,hardware
FI-PT,pressure,1423.462149454,1779490268.709713,0.5930102578413794,,11.626282230172425,psi,,hardware
FT-PT,pressure,1423.464627673,1779490268.7121909,0.9953893417584112,,61.9236677198014,psi,,hardware
WM-PT,pressure,1423.467702842,1779490268.7152662,0.5273533496085823,,3.4191687010727834,psi,,hardware
FM-PT,pressure,1423.470151322,1779490268.717715,0.6991524337711852,,24.89405422139815,psi,,hardware
CC-PT,pressure,1423.473169902,1779490268.7207332,0.29983583686778986,,-25.02052039152627,psi,,hardware
LF-PT,pressure,1423.477556538,1779490268.7251205,0.2603984189508461,,-29.95019763114424,psi,,hardware
FI-PT,pressure,1423.480662353,1779490268.7282255,0.5928493252813012,,11.606165660162649,psi,,hardware
FT-PT,pressure,1423.483807741,1779490268.731371,0.9951354259413989,,61.891928242674865,psi,,hardware
FM-PT,pressure,1423.486867484,1779490268.7344308,0.6994629740074843,,24.932871750935533,psi,,hardware
WM-PT,pressure,1423.492494591,1779490268.740059,0.5274671944936746,,3.4333993117093287,psi,,hardware
LF-PT,pressure,1423.495661514,1779490268.7432249,0.26049021011474255,,-29.93872373565718,psi,,hardware
FI-PT,pressure,1423.498143437,1779490268.7457068,0.5926383248136431,,11.579790601705387,psi,,hardware
CC-PT,pressure,1423.501236642,1779490268.7488,0.29980424640229303,,-25.024469199713373,psi,,hardware
FT-PT,pressure,1423.503683289,1779490268.7512467,0.9948725694266045,,61.859071178325564,psi,,hardware
FM-PT,pressure,1423.506784383,1779490268.7543478,0.6993777393552947,,24.922217419411837,psi,,hardware
LF-PT,pressure,1423.509860182,1779490268.7574234,0.26070001848936303,,-29.91249768882962,psi,,hardware
WM-PT,pressure,1423.512902223,1779490268.7604654,0.5272985133288519,,3.4123141661064893,psi,,hardware
FI-PT,pressure,1423.515923672,1779490268.7634866,0.5925596466731604,,11.569955834145052,psi,,hardware
CC-PT,pressure,1423.518400133,1779490268.7659633,0.29985073803076007,,-25.018657746154993,psi,,hardware
FT-PT,pressure,1423.521475005,1779490268.7690384,0.9943742745368809,,61.79678431711011,psi,,hardware
FM-PT,pressure,1423.523909338,1779490268.7714727,0.6994284033093934,,24.928550413674174,psi,,hardware
LF-PT,pressure,1423.527414873,1779490268.7749784,0.2608800245380431,,-29.889996932744612,psi,,hardware
WM-PT,pressure,1423.530526614,1779490268.77809,0.5272079142579931,,3.400989282249134,psi,,hardware
FI-PT,pressure,1423.533623819,1779490268.781187,0.5925280562076636,,11.566007025957948,psi,,hardware
CC-PT,pressure,1423.536707988,1779490268.7842715,0.30000153780001854,,-24.999807774997684,psi,,hardware
FT-PT,pressure,1423.539732381,1779490268.7872956,0.9941161863942369,,61.76452329927962,psi,,hardware
FM-PT,pressure,1423.542769256,1779490268.7903323,0.6993586658666928,,24.919833233336604,psi,,hardware
LF-PT,pressure,1423.545875738,1779490268.793439,0.26104989779590343,,-29.86876277551207,psi,,hardware
WM-PT,pressure,1423.548932964,1779490268.7964962,0.5270511540235465,,3.381394252943315,psi,,hardware
FI-PT,pressure,1423.552045186,1779490268.7996085,0.5924654713231887,,11.55818391539859,psi,,hardware
CC-PT,pressure,1423.555161724,1779490268.802725,0.30008260012657645,,-24.989674984177945,psi,,hardware
FT-PT,pressure,1423.557635832,1779490268.8051991,0.9938712112750068,,61.73390140937585,psi,,hardware
FM-PT,pressure,1423.560741203,1779490268.8083045,0.6993693947040314,,24.921174338003922,psi,,hardware
LF-PT,pressure,1423.563861981,1779490268.8114252,0.2611875845417481,,-29.851551932281485,psi,,hardware
WM-PT,pressure,1423.566915188,1779490268.8144786,0.5269319447197849,,3.3664930899731105,psi,,hardware
FI-PT,pressure,1423.569370001,1779490268.8169334,0.5924374571368047,,11.554682142100592,psi,,hardware
CC-PT,pressure,1423.57183874,1779490268.8194022,0.30024412873317347,,-24.969483908353318,psi,,hardware
FT-PT,pressure,1423.574949944,1779490268.8225133,0.9934504024327282,,61.681300304091025,psi,,hardware
FM-PT,pressure,1423.577404424,1779490268.8249676,0.6994289993559122,,24.928624919489025,psi,,hardware
LF-PT,pressure,1423.579941714,1779490268.8275049,0.2614265991957902,,-29.821675100526225,psi,,hardware
WM-PT,pressure,1423.583036586,1779490268.8306,0.5267954500669778,,3.3494312583722263,psi,,hardware
FI-PT,pressure,1423.585534378,1779490268.8330977,0.592647861557944,,11.580982694743003,psi,,hardware
CC-PT,pressure,1423.592092287,1779490268.8396564,0.3003466487344085,,-24.956668908198942,psi,,hardware
LF-PT,pressure,1423.59532567,1779490268.8428893,0.26134255663663825,,-29.83218042042022,psi,,hardware
FT-PT,pressure,1423.598437207,1779490268.846001,0.9932417861511453,,61.65522326889317,psi,,hardware
FM-PT,pressure,1423.601561522,1779490268.8491251,0.6993181347034139,,24.914766837926734,psi,,hardware
FI-PT,pressure,1423.605045465,1779490268.852609,0.5927259436519079,,11.590742956488487,psi,,hardware
WM-PT,pressure,1423.608152762,1779490268.855716,0.5268067749508352,,3.3508468688543958,psi,,hardware
LF-PT,pressure,1423.611246689,1779490268.85881,0.2615070654758293,,-29.811616815521337,psi,,hardware
CC-PT,pressure,1423.61433021,1779490268.8618937,0.3001582980344651,,-24.980212745691865,psi,,hardware
FT-PT,pressure,1423.617455654,1779490268.8650188,0.9929187289379513,,61.61484111724391,psi,,hardware
FM-PT,pressure,1423.620538767,1779490268.8681018,0.6993616460992869,,24.92020576241086,psi,,hardware
FI-PT,pressure,1423.623671562,1779490268.871235,0.5927760115594878,,11.597001444935973,psi,,hardware
WM-PT,pressure,1423.626748305,1779490268.8743114,0.5269158514637771,,3.364481432972133,psi,,hardware
LF-PT,pressure,1423.629871527,1779490268.877435,0.2615875317558684,,-29.80155853051645,psi,,hardware
CC-PT,pressure,1423.632351061,1779490268.8799145,0.30012611152244945,,-24.98423605969382,psi,,hardware
FT-PT,pressure,1423.634847595,1779490268.882411,0.99276435288958,,61.5955441111975,psi,,hardware
FM-PT,pressure,1423.639313949,1779490268.886878,0.6993574737736552,,24.919684221706902,psi,,hardware
FI-PT,pressure,1423.641846461,1779490268.8894098,0.5928099862110598,,11.601248276382481,psi,,hardware
WM-PT,pressure,1423.644358253,1779490268.8919218,0.5269337328593413,,3.3667166074176635,psi,,hardware
LF-PT,pressure,1423.646824214,1779490268.8943875,0.26165488501249373,,-29.793139373438283,psi,,hardware
CC-PT,pressure,1423.649257528,1779490268.896821,0.30009690524302784,,-24.98788684462152,psi,,hardware
FT-PT,pressure,1423.652246887,1779490268.89981,0.9923381796286321,,61.54227245357902,psi,,hardware
FM-PT,pressure,1423.655246375,1779490268.9028099,0.6992454170281193,,24.90567712851491,psi,,hardware
FI-PT,pressure,1423.657710465,1779490268.905274,0.5928821078398356,,11.610263479979455,psi,,hardware
WM-PT,pressure,1423.660201221,1779490268.9077644,0.5269790323947707,,3.3723790493463413,psi,,hardware
LF-PT,pressure,1423.663310759,1779490268.9108741,0.2617115094317805,,-29.786061321027436,psi,,hardware
CC-PT,pressure,1423.666399316,1779490268.9139626,0.30006710291708744,,-24.991612135364072,psi,,hardware
FT-PT,pressure,1423.66886074,1779490268.9164243,0.9920300235784083,,61.50375294730104,psi,,hardware
FM-PT,pressure,1423.671961204,1779490268.9195247,0.6993604540062492,,24.920056750781157,psi,,hardware
FI-PT,pressure,1423.675100388,1779490268.9226637,0.5928427687695943,,11.605346096199288,psi,,hardware
WM-PT,pressure,1423.678568184,1779490268.9261317,0.5269510182083867,,3.368877276048343,psi,,hardware
LF-PT,pressure,1423.681050088,1779490268.9286134,0.26181641361909075,,-29.772948297613656,psi,,hardware
CC-PT,pressure,1423.684136368,1779490268.9316998,0.300034320358553,,-24.995709955180878,psi,,hardware
FT-PT,pressure,1423.687189501,1779490268.9347527,0.9919745912521591,,61.49682390651989,psi,,hardware
FM-PT,pressure,1423.693229882,1779490268.9407945,0.6993836998204828,,24.922962477560347,psi,,hardware
LF-PT,pressure,1423.696854207,1779490268.944418,0.2620458915288319,,-29.744263558896012,psi,,hardware
FI-PT,pressure,1423.700226416,1779490268.9477904,0.592722367372795,,11.590295921599381,psi,,hardware
WM-PT,pressure,1423.703606994,1779490268.9511704,0.5269724758830638,,3.37155948538298,psi,,hardware
FT-PT,pressure,1423.707023404,1779490268.954587,0.9917951812499979,,61.474397656249735,psi,,hardware
FM-PT,pressure,1423.710397816,1779490268.9579616,0.6994361519141379,,24.929518989267237,psi,,hardware
CC-PT,pressure,1423.713805838,1779490268.9613693,0.29997411966015336,,-25.00323504248083,psi,,hardware
LF-PT,pressure,1423.717220285,1779490268.9647837,0.2621180131576077,,-29.73524835529904,psi,,hardware
FI-PT,pressure,1423.720601253,1779490268.9681647,0.5926395169066807,,11.579939613335089,psi,,hardware
WM-PT,pressure,1423.723992979,1779490268.9715564,0.5270106228602676,,3.3763278575334454,psi,,hardware
FT-PT,pressure,1423.727402222,1779490268.9749658,0.9916545142715592,,61.456814283944894,psi,,hardware
FM-PT,pressure,1423.730768746,1779490268.978332,0.6995005249381692,,24.937565617271147,psi,,hardware
CC-PT,pressure,1423.734199174,1779490268.981763,0.30017141105787887,,-24.978573617765143,psi,,hardware
LF-PT,pressure,1423.737610399,1779490268.9851742,0.2620464875753507,,-29.74418905308116,psi,,hardware
FI-PT,pressure,1423.740962461,1779490268.988526,0.592511366905137,,11.563920863142119,psi,,hardware
WM-PT,pressure,1423.744391185,1779490268.991955,0.5270726116982236,,3.384076462277952,psi,,hardware
FT-PT,pressure,1423.747816576,1779490268.99538,0.991530536595647,,61.44131707445588,psi,,hardware
FM-PT,pressure,1423.75122169,1779490268.998785,0.6995488047061926,,24.94360058827408,psi,,hardware
CC-PT,pressure,1423.754533069,1779490269.0020967,0.3002906203616405,,-24.96367245479494,psi,,hardware
LF-PT,pressure,1423.757920869,1779490269.0054843,0.26196959757442445,,-29.753800303196943,psi,,hardware
FI-PT,pressure,1423.761342002,1779490269.0089054,0.5923271885308252,,11.540898566353153,psi,,hardware
WM-PT,pressure,1423.765283939,1779490269.012848,0.527232948211783,,3.404118526472877,psi,,hardware
FT-PT,pressure,1423.768785771,1779490269.0163496,0.9914041747336597,,61.425521841707464,psi,,hardware
FM-PT,pressure,1423.772298491,1779490269.019862,0.6995541691248619,,24.94427114060774,psi,,hardware
CC-PT,pressure,1423.775807989,1779490269.0233715,0.30046049361950083,,-24.942438297562397,psi,,hardware
LF-PT,pressure,1423.779309876,1779490269.0268734,0.2620023801329589,,-29.749702483380137,psi,,hardware
FI-PT,pressure,1423.782828448,1779490269.0303922,0.5921418180634759,,11.517727257934485,psi,,hardware
WM-PT,pressure,1423.786331242,1779490269.033895,0.5274749430984191,,3.434367887302392,psi,,hardware
LF-PT,pressure,1423.793606465,1779490269.0411706,0.2621621205999995,,-29.729734925000063,psi,,hardware
FT-PT,pressure,1423.797692747,1779490269.0452566,0.9914673556646534,,61.43341945808167,psi,,hardware
FM-PT,pressure,1423.802526841,1779490269.0500908,0.6995130419150641,,24.93913023938302,psi,,hardware
CC-PT,pressure,1423.806340897,1779490269.0539045,0.30039612059546955,,-24.950484925566307,psi,,hardware
LF-PT,pressure,1423.809790101,1779490269.0573537,0.26238444595151494,,-29.70194425606063,psi,,hardware
FI-PT,pressure,1423.815739562,1779490269.063304,0.591942738526194,,11.492842315774244,psi,,hardware
WM-PT,pressure,1423.819216302,1779490269.06678,0.5274922284474646,,3.4365285559330716,psi,,hardware
FT-PT,pressure,1423.822697968,1779490269.0702615,0.9914238442687804,,61.42798053359755,psi,,hardware
FM-PT,pressure,1423.826147654,1779490269.0737114,0.6995541691248619,,24.94427114060774,psi,,hardware
CC-PT,pressure,1423.829555843,1779490269.0771196,0.3005522847833973,,-24.93096440207534,psi,,hardware
LF-PT,pressure,1423.832864648,1779490269.0804284,0.26234212664867956,,-29.707234168915054,psi,,hardware
FI-PT,pressure,1423.836301631,1779490269.0838652,0.5917758455009277,,11.471980687615957,psi,,hardware
WM-PT,pressure,1423.839710968,1779490269.0872746,0.5276501807749487,,3.4562725968685926,psi,,hardware
FT-PT,pressure,1423.84309588,1779490269.0906594,0.9912724484530031,,61.40905605662539,psi,,hardware
FM-PT,pressure,1423.846482828,1779490269.0940464,0.6995827793577647,,24.94784741972059,psi,,hardware
CC-PT,pressure,1423.849887054,1779490269.0974507,0.3006989122270241,,-24.912635971621988,psi,,hardware
LF-PT,pressure,1423.85331339,1779490269.1008768,0.26229027060154325,,-29.713716174807093,psi,,hardware
FI-PT,pressure,1423.85669608,1779490269.1042597,0.5916161050338871,,11.452013129235883,psi,,hardware
WM-PT,pressure,1423.86060539,1779490269.1081693,0.5277252826363186,,3.4656603295398214,psi,,hardware
FT-PT,pressure,1423.864042614,1779490269.1116066,0.9911240328698196,,61.390504108727455,psi,,hardware
FM-PT,pressure,1423.867483745,1779490269.1150472,0.6996394037770515,,24.954925472131436,psi,,hardware
CC-PT,pressure,1423.870906155,1779490269.1184697,0.30078295478617606,,-24.902130651727994,psi,,hardware
LF-PT,pressure,1423.874249587,1779490269.121813,0.26216569687911234,,-29.729287890110957,psi,,hardware
FI-PT,pressure,1423.877625611,1779490269.125189,0.591520141544359,,11.440017693044869,psi,,hardware
WM-PT,pressure,1423.881030726,1779490269.1285942,0.5277789268230113,,3.4723658528764134,psi,,hardware
FT-PT,pressure,1423.884442821,1779490269.1320064,0.9910382021711113,,61.37977527138891,psi,,hardware
FM-PT,pressure,1423.887824456,1779490269.135388,0.699588143776434,,24.948517972054248,psi,,hardware
CC-PT,pressure,1423.894171098,1779490269.1417353,0.30092183362505837,,-24.884770796867706,psi,,hardware
LF-PT,pressure,1423.897662931,1779490269.1452267,0.26213649059969074,,-29.732938675038657,psi,,hardware
FI-PT,pressure,1423.901088692,1779490269.1486523,0.591321062007077,,11.415132750884627,psi,,hardware
WM-PT,pressure,1423.904525787,1779490269.1520894,0.5278194579862903,,3.477432248286283,psi,,hardware
FT-PT,pressure,1423.907906606,1779490269.15547,0.9912700642669279,,61.408758033365984,psi,,hardware
FM-PT,pressure,1423.911334553,1779490269.1588979,0.6996274828466753,,24.953435355834415,psi,,hardware
CC-PT,pressure,1423.914735371,1779490269.162299,0.3010905147898811,,-24.863685651264866,psi,,hardware
LF-PT,pressure,1423.918159559,1779490269.165723,0.26212158943672054,,-29.734801320409932,psi,,hardware
FI-PT,pressure,1423.921570599,1779490269.1691341,0.5911935080520521,,11.399188506506508,psi,,hardware
WM-PT,pressure,1423.92497214,1779490269.1725357,0.5279046926384798,,3.488086579809979,psi,,hardware
FT-PT,pressure,1423.928406531,1779490269.17597,0.9910936344973604,,61.38670431217005,psi,,hardware
FM-PT,pressure,1423.93182133,1779490269.179385,0.6996101974976299,,24.951274687203735,psi,,hardware
CC-PT,pressure,1423.935120061,1779490269.1826837,0.3012955547923511,,-24.838055650956115,psi,,hardware
LF-PT,pressure,1423.938584413,1779490269.186148,0.26210072780856225,,-29.737409023929718,psi,,hardware
FI-PT,pressure,1423.94329081,1779490269.1908555,0.5910474766549441,,11.380934581868008,psi,,hardware
WM-PT,pressure,1423.947090608,1779490269.1946547,0.5279958877558575,,3.4994859694821856,psi,,hardware
FT-PT,pressure,1423.951197277,1779490269.1987615,0.9910113800777649,,61.37642250972061,psi,,hardware
FM-PT,pressure,1423.954766235,1779490269.2023299,0.6996054291254794,,24.950678640684927,psi,,hardware
CC-PT,pressure,1423.95830088,1779490269.2058644,0.30136469618853284,,-24.829412976433396,psi,,hardware
LF-PT,pressure,1423.96189191,1779490269.2094557,0.262157352227849,,-29.73033097151887,psi,,hardware
FI-PT,pressure,1423.965378465,1779490269.2129421,0.590923498979032,,11.365437372378995,psi,,hardware
WM-PT,pressure,1423.968771895,1779490269.2163353,0.5280399951982493,,3.5049993997811613,psi,,hardware
FT-PT,pressure,1423.972104162,1779490269.2196677,0.9908939589135597,,61.36174486419496,psi,,hardware
FM-PT,pressure,1423.975483685,1779490269.2230473,0.6997013926150075,,24.962674076875942,psi,,hardware
CC-PT,pressure,1423.978939982,1779490269.2265036,0.3014707924688807,,-24.816150941389914,psi,,hardware
LF-PT,pressure,1423.982354318,1779490269.2299178,0.26215794827436784,,-29.73025646570402,psi,,hardware
FI-PT,pressure,1423.985739971,1779490269.2333033,0.5910588015388014,,11.382350192350177,psi,,hardware
WM-PT,pressure,1423.992745579,1779490269.2403102,0.5281592045020109,,3.5199005627513658,psi,,hardware
LF-PT,pressure,1423.996438474,1779490269.2440023,0.2622485473452267,,-29.718931581846665,psi,,hardware
FT-PT,pressure,1423.999824553,1779490269.2473881,0.9909857500774562,,61.37321875968202,psi,,hardware
FM-PT,pressure,1424.005508564,1779490269.253073,0.6996805309868492,,24.960066373356156,psi,,hardware
CC-PT,pressure,1424.009061338,1779490269.256625,0.3014415861894591,,-24.819801726317614,psi,,hardware
LF-PT,pressure,1424.012599649,1779490269.260163,0.2622998073458442,,-29.712524081769477,psi,,hardware
FI-PT,pressure,1424.016076352,1779490269.26364,0.5908907164204975,,11.361339552562189,psi,,hardware
WM-PT,pressure,1424.019619607,1779490269.267183,0.5281508598507476,,3.5188574813434514,psi,,hardware
FT-PT,pressure,1424.023088793,1779490269.270652,0.990843294959461,,61.355411869932624,psi,,hardware
FM-PT,pressure,1424.026547812,1779490269.2741115,0.6996662258703978,,24.95827823379973,psi,,hardware
CC-PT,pressure,1424.029984147,1779490269.2775478,0.3015840413074543,,-24.801994836568213,psi,,hardware
LF-PT,pressure,1424.033442648,1779490269.281006,0.2621609285069619,,-29.729883936629765,psi,,hardware
FI-PT,pressure,1424.036819967,1779490269.2843835,0.5907357443256074,,11.341968040700923,psi,,hardware
WM-PT,pressure,1424.04014853,1779490269.2877123,0.5282200012469294,,3.52750015586617,psi,,hardware
FT-PT,pressure,1424.044107912,1779490269.2916715,0.9906948793762778,,61.33685992203472,psi,,hardware
FM-PT,pressure,1424.047559154,1779490269.2951226,0.6996227144745248,,24.952839309315607,psi,,hardware
CC-PT,pressure,1424.050904919,1779490269.2984684,0.30174616596057013,,-24.781729254928734,psi,,hardware
LF-PT,pressure,1424.05431033,1779490269.301874,0.26218059804208255,,-29.72742524473968,psi,,hardware
FI-PT,pressure,1424.057689002,1779490269.3052523,0.5906046140914696,,11.325576761433698,psi,,hardware
WM-PT,pressure,1424.061132411,1779490269.3086963,0.5281425151994843,,3.517814399935537,psi,,hardware
FT-PT,pressure,1424.064623632,1779490269.3121872,0.9905399072813876,,61.31748841017345,psi,,hardware
FM-PT,pressure,1424.068055023,1779490269.3156185,0.6996864914520373,,24.960811431504666,psi,,hardware
CC-PT,pressure,1424.071492302,1779490269.3190558,0.30202630782441,,-24.746711521948754,psi,,hardware
LF-PT,pressure,1424.075006559,1779490269.3225703,0.2621424510648788,,-29.732193616890147,psi,,hardware
FI-PT,pressure,1424.078539834,1779490269.3261032,0.5905569303699649,,11.319616296245616,psi,,hardware
WM-PT,pressure,1424.081985113,1779490269.3295486,0.5282766256662161,,3.534578208277017,psi,,hardware
FT-PT,pressure,1424.085510739,1779490269.333074,0.9907801140284673,,61.347514253558415,psi,,hardware
FM-PT,pressure,1424.092649099,1779490269.3402133,0.6996256947071189,,24.953211838389862,psi,,hardware
CC-PT,pressure,1424.09632244,1779490269.3438861,0.3020334603826357,,-24.74581745217054,psi,,hardware
LF-PT,pressure,1424.099880287,1779490269.3474443,0.2620977475759682,,-29.737781553003973,psi,,hardware
FI-PT,pressure,1424.103445801,1779490269.3510098,0.5903489101349009,,11.29361376686261,psi,,hardware
WM-PT,pressure,1424.106980871,1779490269.3545446,0.5283338461320217,,3.5417307665027153,psi,,hardware
FT-PT,pressure,1424.110499591,1779490269.3580632,0.990709780539248,,61.338722567405995,psi,,hardware
FM-PT,pressure,1424.114016366,1779490269.3615801,0.6996519207539464,,24.956490094243307,psi,,hardware
CC-PT,pressure,1424.117524068,1779490269.3650877,0.30222777154776714,,-24.72152855652911,psi,,hardware
LF-PT,pressure,1424.121058583,1779490269.3686223,0.26205662036617045,,-29.742922454228694,psi,,hardware
FI-PT,pressure,1424.12453749,1779490269.3721008,0.5902207601333571,,11.27759501666964,psi,,hardware
WM-PT,pressure,1424.128059358,1779490269.375623,0.5283648405509997,,3.5456050688749685,psi,,hardware
FT-PT,pressure,1424.131541783,1779490269.3791053,0.9906066644914941,,61.32583306143677,psi,,hardware
FM-PT,pressure,1424.135591585,1779490269.383155,0.6997788786624526,,24.972359832806575,psi,,hardware
CC-PT,pressure,1424.139090139,1779490269.3866537,0.3023136022464755,,-24.71079971919056,psi,,hardware
LF-PT,pressure,1424.142621784,1779490269.390185,0.26197734617916896,,-29.75283172760388,psi,,hardware
FI-PT,pressure,1424.146097525,1779490269.393661,0.5901665199001456,,11.270814987518197,psi,,hardware
WM-PT,pressure,1424.149613152,1779490269.3971767,0.5284512672962269,,3.5564084120283668,psi,,hardware
FT-PT,pressure,1424.153066745,1779490269.4006302,0.9904910314668454,,61.31137893335567,psi,,hardware
FM-PT,pressure,1424.156544874,1779490269.4041085,0.6997592091273319,,24.96990114091649,psi,,hardware
CC-PT,pressure,1424.160024133,1779490269.4075878,0.3025007608533813,,-24.68740489332734,psi,,hardware
LF-PT,pressure,1424.163554149,1779490269.4111176,0.2619350268763336,,-29.758121640458302,psi,,hardware
FI-PT,pressure,1424.167068072,1779490269.4146316,0.5900264489682256,,11.253306121028206,psi,,hardware
WM-PT,pressure,1424.170571015,1779490269.4181345,0.528466764505716,,3.5583455632144934,psi,,hardware
FT-PT,pressure,1424.174039533,1779490269.4216027,0.9903736103026402,,61.29670128783002,psi,,hardware
FM-PT,pressure,1424.177435686,1779490269.4249995,0.6998021244766861,,24.975265559585765,psi,,hardware
CC-PT,pressure,1424.180855318,1779490269.4284189,0.3026312950410003,,-24.671088119874966,psi,,hardware
LF-PT,pressure,1424.184333262,1779490269.4318967,0.26191714548076933,,-29.760356814903833,psi,,hardware
FI-PT,pressure,1424.187790929,1779490269.4353545,0.589748691290461,,11.21858641130763,psi,,hardware
WM-PT,pressure,1424.196579368,1779490269.444144,0.5284470949705953,,3.5558868713244096,psi,,hardware
LF-PT,pressure,1424.200098421,1779490269.447662,0.26257696897709004,,-29.677878877863744,psi,,hardware
FT-PT,pressure,1424.203460667,1779490269.4510243,0.990200160765667,,61.27502009570837,psi,,hardware
FM-PT,pressure,1424.20687367,1779490269.4544375,0.6997478842434746,,24.96848553043432,psi,,hardware
CC-PT,pressure,1424.210312394,1779490269.457876,0.3026783827159861,,-24.665202160501735,psi,,hardware
LF-PT,pressure,1424.213729175,1779490269.4612927,0.2626383617685273,,-29.67020477893409,psi,,hardware
FI-PT,pressure,1424.217112531,1779490269.4646764,0.5896187531493609,,11.202344143670107,psi,,hardware
WM-PT,pressure,1424.220516405,1779490269.46808,0.5285406742740482,,3.56758428425602,psi,,hardware
FT-PT,pressure,1424.223882688,1779490269.471446,0.9901012170435448,,61.2626521304431,psi,,hardware
FM-PT,pressure,1424.227915029,1779490269.475479,0.6997788786624526,,24.972359832806575,psi,,hardware
CC-PT,pressure,1424.231465895,1779490269.4790294,0.3027940157406349,,-24.650748032420637,psi,,hardware
LF-PT,pressure,1424.234978893,1779490269.4825425,0.26268664153655075,,-29.664169807931156,psi,,hardware
FI-PT,pressure,1424.239187075,1779490269.4867506,0.5894810664035162,,11.18513330043952,psi,,hardware
WM-PT,pressure,1424.242681981,1779490269.4902456,0.5286044512515606,,3.5755564064450795,psi,,hardware
FT-PT,pressure,1424.246253661,1779490269.493817,0.9900451886707768,,61.255648583847105,psi,,hardware
FM-PT,pressure,1424.249780029,1779490269.4973438,0.6999159693617785,,24.98949617022231,psi,,hardware
CC-PT,pressure,1424.253200791,1779490269.5007641,0.30296508109153286,,-24.629364863558393,psi,,hardware
LF-PT,pressure,1424.256701344,1779490269.504265,0.2626395538615649,,-29.670055767304387,psi,,hardware
FI-PT,pressure,1424.260225286,1779490269.507789,0.5893070208200242,,11.163377602503022,psi,,hardware
WM-PT,pressure,1424.263692471,1779490269.511256,0.5286300812518694,,3.5787601564836735,psi,,hardware
FT-PT,pressure,1424.26721708,1779490269.5147808,0.9899307477391657,,61.24134346739571,psi,,hardware
FM-PT,pressure,1424.270721263,1779490269.518285,0.6997949719184604,,24.974371489807552,psi,,hardware
CC-PT,pressure,1424.274238834,1779490269.5218024,0.3030974034187083,,-24.612824572661467,psi,,hardware
LF-PT,pressure,1424.277773424,1779490269.525337,0.2626627996757984,,-29.667150040525197,psi,,hardware
FI-PT,pressure,1424.281290754,1779490269.5288546,0.5891985403536011,,11.149817544200136,psi,,hardware
WM-PT,pressure,1424.284787901,1779490269.5323515,0.5287343893926608,,3.5917986740826024,psi,,hardware
FT-PT,pressure,1424.290195724,1779490269.5377593,0.9899009454132253,,61.23761817665316,psi,,hardware
FM-PT,pressure,1424.29609502,1779490269.5436597,0.699908220757034,,24.988527594629247,psi,,hardware
CC-PT,pressure,1424.299537133,1779490269.5471013,0.0,,-62.5,psi,,hardware
LF-PT,pressure,1424.303524068,1779490269.5510876,0.2625370338603299,,-29.682870767458763,psi,,hardware
FI-PT,pressure,1424.307962368,1779490269.5555265,0.5890459524447862,,11.130744055598274,psi,,hardware
WM-PT,pressure,1424.311466903,1779490269.5590305,0.5291081105599535,,3.6385138199941935,psi,,hardware
FT-PT,pressure,1424.31497629,1779490269.5625398,0.9897543179695985,,61.219289746199806,psi,,hardware
FM-PT,pressure,1424.318428717,1779490269.565992,0.699839675407371,,24.97995942592138,psi,,hardware
CC-PT,pressure,1424.322419893,1779490269.5699837,0.30335847179394626,,-24.58019102575672,psi,,hardware
LF-PT,pressure,1424.325926576,1779490269.5734901,0.2625102117669835,,-29.68622352912706,psi,,hardware
FI-PT,pressure,1424.329449444,1779490269.577013,0.5888742910473694,,11.10928638092118,psi,,hardware
WM-PT,pressure,1424.3329115,1779490269.580475,0.5291897689330303,,3.6487211166287836,psi,,hardware
FT-PT,pressure,1424.336424497,1779490269.583988,0.9897859084350953,,61.22323855438691,psi,,hardware
FM-PT,pressure,1424.339943995,1779490269.5875075,0.6999839186649226,,24.997989833115327,psi,,hardware
CC-PT,pressure,1424.343415365,1779490269.5909789,0.3034687403999258,,-24.56640745000928,psi,,hardware
LF-PT,pressure,1424.346818535,1779490269.5943818,0.2625453785115932,,-29.68182768605085,psi,,hardware
FI-PT,pressure,1424.350333051,1779490269.5978968,0.5887187229059605,,11.089840363245063,psi,,hardware
WM-PT,pressure,1424.353844309,1779490269.6014078,0.5291575824210146,,3.6446978026268284,psi,,hardware
FT-PT,pressure,1424.357378879,1779490269.6049423,0.9896291482006487,,61.20364352508109,psi,,hardware
FM-PT,pressure,1424.360972224,1779490269.6085358,0.699867689593755,,24.983461199219377,psi,,hardware
CC-PT,pressure,1424.364578532,1779490269.612142,0.30359092993628145,,-24.55113375796482,psi,,hardware
LF-PT,pressure,1424.368096807,1779490269.6156604,0.2624935224644569,,-29.688309691942887,psi,,hardware
FI-PT,pressure,1424.371577455,1779490269.6191409,0.5886275277885828,,11.078440973572857,psi,,hardware
WM-PT,pressure,1424.375081323,1779490269.622645,0.5294228231218843,,3.6778528902355334,psi,,hardware
FT-PT,pressure,1424.381120649,1779490269.6286848,0.9895802723861065,,61.19753404826331,psi,,hardware
FM-PT,pressure,1424.384466397,1779490269.63203,0.6998879551753945,,24.985994396924312,psi,,hardware
CC-PT,pressure,1424.38782968,1779490269.6353934,0.30375782296154774,,-24.530272129806534,psi,,hardware
LF-PT,pressure,1424.393910448,1779490269.6414747,0.26238563804455256,,-29.70179524443093,psi,,hardware
FI-PT,pressure,1424.39738717,1779490269.6449509,0.5885208354617162,,11.065104432714524,psi,,hardware
WM-PT,pressure,1424.400750787,1779490269.6483145,0.5294335519592228,,3.679193994902852,psi,,hardware
FT-PT,pressure,1424.404172938,1779490269.6517363,0.989470003780127,,61.18375047251587,psi,,hardware
FM-PT,pressure,1424.407559701,1779490269.6551232,0.7001609444810086,,25.02011806012608,psi,,hardware
CC-PT,pressure,1424.411000536,1779490269.658564,0.3037906055200822,,-24.526174309989727,psi,,hardware
LF-PT,pressure,1424.415029747,1779490269.6625934,0.26230457571799465,,-29.71192803525067,psi,,hardware
FI-PT,pressure,1424.418564929,1779490269.6661284,0.588325332203547,,11.040666525443374,psi,,hardware
WM-PT,pressure,1424.422020726,1779490269.6695843,0.5295676624259547,,3.695957803244332,psi,,hardware
FT-PT,pressure,1424.425567851,1779490269.6731312,0.9893990742443888,,61.174884280548596,psi,,hardware
FM-PT,pressure,1424.429106755,1779490269.6766703,0.7002420068075665,,25.03025085094582,psi,,hardware
CC-PT,pressure,1424.432622919,1779490269.6801863,0.3039586906383861,,-24.50516367020174,psi,,hardware
LF-PT,pressure,1424.436075513,1779490269.683639,0.2623588159512062,,-29.705148006099225,psi,,hardware
FI-PT,pressure,1424.439594751,1779490269.6871583,0.5882162556906051,,11.027031961325637,psi,,hardware
WM-PT,pressure,1424.443103656,1779490269.690667,0.5295628940538042,,3.6953617567255237,psi,,hardware
FT-PT,pressure,1424.446628172,1779490269.694192,0.9892780768010707,,61.15975960013384,psi,,hardware
FM-PT,pressure,1424.450135763,1779490269.6976995,0.7001788258765729,,25.02235323457161,psi,,hardware
CC-PT,pressure,1424.453649816,1779490269.7012131,0.3041792278503451,,-24.47759651870686,psi,,hardware
LF-PT,pressure,1424.457117816,1779490269.7046814,0.2623504712999429,,-29.70619108750714,psi,,hardware
FI-PT,pressure,1424.460641072,1779490269.7082045,0.5881393656896788,,11.017420711209855,psi,,hardware
WM-PT,pressure,1424.464130701,1779490269.7116942,0.5295891201006317,,3.6986400125789687,psi,,hardware
FT-PT,pressure,1424.467650902,1779490269.7152143,0.9891463505204141,,61.14329381505176,psi,,hardware
FM-PT,pressure,1424.471042184,1779490269.7186055,0.7002384305284537,,25.029803816056713,psi,,hardware
CC-PT,pressure,1424.474510628,1779490269.722074,0.3042412166883012,,-24.469847913962354,psi,,hardware
LF-PT,pressure,1424.477945353,1779490269.725509,0.2622795417642047,,-29.71505727947441,psi,,hardware
FI-PT,pressure,1424.48131471,1779490269.7288783,0.5879671082457433,,10.99588853071791,psi,,hardware
WM-PT,pressure,1424.484712584,1779490269.7322762,0.5296761428923777,,3.709517861547218,psi,,hardware
FT-PT,pressure,1424.488152308,1779490269.7357159,0.9892083393583702,,61.15104241979627,psi,,hardware
FM-PT,pressure,1424.495894932,1779490269.7434592,0.7002551198309803,,25.03188997887254,psi,,hardware
CC-PT,pressure,1424.499309194,1779490269.746873,0.30436459831769447,,-24.454425210288193,psi,,hardware
LF-PT,pressure,1424.502809433,1779490269.750373,0.2622926547876185,,-29.71341815154769,psi,,hardware
FI-PT,pressure,1424.506811905,1779490269.7543757,0.5878985628960803,,10.987320362010042,psi,,hardware
WM-PT,pressure,1424.510315477,1779490269.757879,0.5300599968504902,,3.7574996063112764,psi,,hardware
FT-PT,pressure,1424.513799921,1779490269.7613635,0.9890187965653892,,61.127349570673644,psi,,hardware
FM-PT,pressure,1424.517276809,1779490269.7648404,0.7002169728537766,,25.027121606722076,psi,,hardware
CC-PT,pressure,1424.52080888,1779490269.7683723,0.30461076552996225,,-24.42365430875472,psi,,hardware
LF-PT,pressure,1424.524235104,1779490269.771799,0.26219549920505275,,-29.725562599368406,psi,,hardware
FI-PT,pressure,1424.527743862,1779490269.7753072,0.587713192428731,,10.964149053591374,psi,,hardware
WM-PT,pressure,1424.531264303,1779490269.7788277,0.5300814545251673,,3.7601818156459133,psi,,hardware
FT-PT,pressure,1424.534800559,1779490269.7823641,0.988907335866372,,61.1134169832965,psi,,hardware
FM-PT,pressure,1424.538265615,1779490269.7858293,0.7002664447148377,,25.03330558935471,psi,,hardware
CC-PT,pressure,1424.541782909,1779490269.7893462,0.30464056785590266,,-24.41992901801217,psi,,hardware
LF-PT,pressure,1424.545254075,1779490269.7928174,0.26218655850727063,,-29.72668018659117,psi,,hardware
FI-PT,pressure,1424.548710076,1779490269.7962737,0.5875987514971198,,10.949843937139978,psi,,hardware
WM-PT,pressure,1424.552137819,1779490269.7997015,0.5300665533621971,,3.7583191702746377,psi,,hardware
FT-PT,pressure,1424.55566989,1779490269.8032334,0.9888083921442499,,61.10104901803123,psi,,hardware
FM-PT,pressure,1424.559172814,1779490269.8067367,0.7002426028540853,,25.03032535676067,psi,,hardware
CC-PT,pressure,1424.562707811,1779490269.8102717,0.30479434785775517,,-24.400706517780606,psi,,hardware
LF-PT,pressure,1424.566278028,1779490269.8138418,0.26234689502083003,,-29.706638122396246,psi,,hardware
FI-PT,pressure,1424.572355148,1779490269.8199196,0.5874670252164632,,10.933378152057902,psi,,hardware
WM-PT,pressure,1424.575731042,1779490269.8232944,0.5301398670840105,,3.7674833855013135,psi,,hardware
FT-PT,pressure,1424.579085714,1779490269.8266494,0.988792298888242,,61.099037361030256,psi,,hardware
FM-PT,pressure,1424.582450387,1779490269.830014,0.7002819419243267,,25.035242740540838,psi,,hardware
CC-PT,pressure,1424.585853946,1779490269.8334174,0.30506912530292574,,-24.366359337134284,psi,,hardware
LF-PT,pressure,1424.592516424,1779490269.8400807,0.26223185804270005,,-29.721017744662493,psi,,hardware
FT-PT,pressure,1424.596288982,1779490269.843853,0.9885026202801013,,61.06282753501266,psi,,hardware
FI-PT,pressure,1424.600347376,1779490269.8479111,0.5877185568474003,,10.964819605925033,psi,,hardware
WM-PT,pressure,1424.604480304,1779490269.852044,0.5301410591770481,,3.7676323971310155,psi,,hardware
LF-PT,pressure,1424.608031799,1779490269.8555954,0.2625823333957593,,-29.677208325530085,psi,,hardware
FM-PT,pressure,1424.612135765,1779490269.8596995,0.6997878193602347,,24.97347742002934,psi,,hardware
CC-PT,pressure,1424.615555213,1779490269.8631186,0.30516628088549147,,-24.354214889313567,psi,,hardware
FT-PT,pressure,1424.619078247,1779490269.8666418,0.9882034049276596,,61.025425615957445,psi,,hardware
FI-PT,pressure,1424.622611614,1779490269.870175,0.5879826054552323,,10.997825681904036,psi,,hardware
WM-PT,pressure,1424.626100002,1779490269.8736634,0.5301815903403271,,3.772698792540885,psi,,hardware
LF-PT,pressure,1424.629635109,1779490269.8771987,0.2627331331650178,,-29.658358354372776,psi,,hardware
FM-PT,pressure,1424.633135737,1779490269.8806992,0.6995839714508023,,24.94799643135029,psi,,hardware
CC-PT,pressure,1424.637217279,1779490269.8847811,0.3053003913522233,,-24.337451080972087,psi,,hardware
FT-PT,pressure,1424.640716648,1779490269.8882802,0.9880514130653635,,61.006426633170435,psi,,hardware
FI-PT,pressure,1424.644173778,1779490269.891737,0.5881208882475958,,11.015111030949473,psi,,hardware
WM-PT,pressure,1424.64769259,1779490269.895256,0.5302698052251107,,3.7837256531388364,psi,,hardware
LF-PT,pressure,1424.651114074,1779490269.8986778,0.26278200897956006,,-29.652248877554992,psi,,hardware
FM-PT,pressure,1424.654618091,1779490269.9021816,0.6992156147021789,,24.90195183777236,psi,,hardware
CC-PT,pressure,1424.65807437,1779490269.905638,0.3054076797256088,,-24.324040034298903,psi,,hardware
FT-PT,pressure,1424.661553925,1779490269.9091172,0.987826107481254,,60.97826343515675,psi,,hardware
FI-PT,pressure,1424.665107494,1779490269.912671,0.5884403691816771,,11.055046147709636,psi,,hardware
WM-PT,pressure,1424.668621733,1779490269.9161854,0.5302805340624492,,3.7850667578061548,psi,,hardware
LF-PT,pressure,1424.672092029,1779490269.9196556,0.26291254316717905,,-29.63593210410262,psi,,hardware
FM-PT,pressure,1424.675515142,1779490269.9230785,0.6988150714415398,,24.85188393019247,psi,,hardware
CC-PT,pressure,1424.678963458,1779490269.926527,0.3055340415875961,,-24.308244801550487,psi,,hardware
FT-PT,pressure,1424.68242357,1779490269.929987,0.9875596746873467,,60.94495933591834,psi,,hardware
FI-PT,pressure,1424.685886756,1779490269.9334502,0.5889249550014681,,11.115619375183517,psi,,hardware
WM-PT,pressure,1424.692931991,1779490269.9404964,0.5302525198760653,,3.7815649845081567,psi,,hardware
LF-PT,pressure,1424.696553279,1779490269.9441173,0.26297155177254106,,-29.628556028432367,psi,,hardware
FT-PT,pressure,1424.699986633,1779490269.9475503,0.9872515186371229,,60.90643982964036,psi,,hardware
FM-PT,pressure,1424.703428986,1779490269.9509926,0.6989688514433923,,24.871106430424035,psi,,hardware
CC-PT,pressure,1424.706837545,1779490269.954401,0.3056192762397857,,-24.29759047002679,psi,,hardware
LF-PT,pressure,1424.710237123,1779490269.9578006,0.26300731456366955,,-29.624085679541306,psi,,hardware
FI-PT,pressure,1424.713639793,1779490269.961203,0.5887795196508789,,11.097439956359867,psi,,hardware
WM-PT,pressure,1424.717040834,1779490269.9646041,0.5303657687146388,,3.795721089329851,psi,,hardware
FT-PT,pressure,1424.720454078,1779490269.9680176,0.9871186002634287,,60.889825032928584,psi,,hardware
FM-PT,pressure,1424.723838823,1779490269.9714022,0.6989122270241055,,24.864028378013188,psi,,hardware
CC-PT,pressure,1424.727236049,1779490269.9747996,0.30580762693972907,,-24.274046632533867,psi,,hardware
LF-PT,pressure,1424.730683439,1779490269.978247,0.26302221572663975,,-29.62222303417003,psi,,hardware
FI-PT,pressure,1424.734087165,1779490269.9816506,0.5886418329050342,,11.080229113129281,psi,,hardware
WM-PT,pressure,1424.737025638,1779490269.984589,0.5304313338317077,,3.8039167289634634,psi,,hardware
FT-PT,pressure,1424.740437363,1779490269.9880009,0.9870136960761184,,60.876712009514804,psi,,hardware
FM-PT,pressure,1424.743817979,1779490269.9913814,0.698966467257317,,24.87080840716463,psi,,hardware
LF-PT,pressure,1424.747250314,1779490269.9948137,0.263304145730036,,-29.586981783745497,psi,,hardware
FI-PT,pressure,1424.750632726,1779490269.9981961,0.5884659991819858,,11.05824989774823,psi,,hardware
CC-PT,pressure,1424.754017453,1779490270.0015807,0.3057641155438561,,-24.279485557017992,psi,,hardware
FT-PT,pressure,1424.757475639,1779490270.0050392,0.9868748172372361,,60.859352154654516,psi,,hardware
FM-PT,pressure,1424.763485541,1779490270.0110497,0.6989968656297763,,24.874608203722033,psi,,hardware
WM-PT,pressure,1424.766953079,1779490270.0145168,0.530523721042123,,3.815465130265372,psi,,hardware
LF-PT,pressure,1424.770263569,1779490270.017827,0.26332679549775073,,-29.584150562781158,psi,,hardware
FI-PT,pressure,1424.773598965,1779490270.0211625,0.5883473859247429,,11.043423240592862,psi,,hardware
CC-PT,pressure,1424.776976489,1779490270.0245402,0.3057444460087354,,-24.281944248908076,psi,,hardware
FT-PT,pressure,1424.780890928,1779490270.0284543,0.9867460711891736,,60.843258898646695,psi,,hardware
FM-PT,pressure,1424.784325394,1779490270.031889,0.6989730237690239,,24.871627971127992,psi,,hardware
WM-PT,pressure,1424.78782704,1779490270.0353904,0.5306161082525382,,3.8270135315672804,psi,,hardware
LF-PT,pressure,1424.795247052,1779490270.0428114,0.26327017107846395,,-29.591228615192005,psi,,hardware
FT-PT,pressure,1424.798762606,1779490270.0463262,0.9864492400228071,,60.806155002850886,psi,,hardware
FI-PT,pressure,1424.802782743,1779490270.0503461,0.5886567340680045,,11.082091758500557,psi,,hardware
CC-PT,pressure,1424.806483046,1779490270.0540466,0.5889535652343709,,11.119195654296366,psi,,hardware
LF-PT,pressure,1424.8104113,1779490270.057975,0.2636671380599902,,-29.541607742501224,psi,,hardware
FM-PT,pressure,1424.813848431,1779490270.0614123,0.6989795802807308,,24.872447535091354,psi,,hardware
WM-PT,pressure,1424.817234436,1779490270.064798,0.5307239926724425,,3.8404990840553155,psi,,hardware
FT-PT,pressure,1424.820644143,1779490270.0682075,0.9863610251380235,,60.795128142252935,psi,,hardware
FI-PT,pressure,1424.824131272,1779490270.0716949,0.5892140375630901,,11.151754695386263,psi,,hardware
CC-PT,pressure,1424.827594754,1779490270.0751586,0.3053146964686747,,-24.335662941415663,psi,,hardware
LF-PT,pressure,1424.831032608,1779490270.078596,0.2635586575935671,,-29.55516780080411,psi,,hardware
FM-PT,pressure,1424.834518774,1779490270.0820823,0.6986070512064757,,24.825881400809465,psi,,hardware
WM-PT,pressure,1424.837954628,1779490270.0855184,0.5308205522084894,,3.852569026061181,psi,,hardware
FT-PT,pressure,1424.841453923,1779490270.0890174,0.9862865193231725,,60.78581491539656,psi,,hardware
FI-PT,pressure,1424.844983031,1779490270.0925465,0.5894089447747404,,11.176118096842547,psi,,hardware
CC-PT,pressure,1424.848469753,1779490270.0960336,0.30538204972530003,,-24.327243784337497,psi,,hardware
LF-PT,pressure,1424.851936309,1779490270.0994997,0.2635419682910405,,-29.55725396361994,psi,,hardware
FM-PT,pressure,1424.85542392,1779490270.1029875,0.6982363102717769,,24.779538783972114,psi,,hardware
WM-PT,pressure,1424.858877698,1779490270.1064413,0.5308974422094157,,3.862180276176963,psi,,hardware
FT-PT,pressure,1424.862406029,1779490270.1099694,0.9861899597871255,,60.77374497339069,psi,,hardware
FI-PT,pressure,1424.865847827,1779490270.1134114,0.5897594201277996,,11.219927515974948,psi,,hardware
CC-PT,pressure,1424.869299662,1779490270.1168633,0.3054613239123015,,-24.31733451096231,psi,,hardware
LF-PT,pressure,1424.873296912,1779490270.1208606,0.26359084410558276,,-29.551144486802155,psi,,hardware
FM-PT,pressure,1424.876708119,1779490270.1242719,0.697751128405467,,24.718891050683382,psi,,hardware
WM-PT,pressure,1424.880058681,1779490270.1276224,0.5309868491872369,,3.8733561484046164,psi,,hardware
FT-PT,pressure,1424.883404503,1779490270.130968,0.9860916121115222,,60.76145151394027,psi,,hardware
FI-PT,pressure,1424.88685843,1779490270.134422,0.5901212203647161,,11.265152545589519,psi,,hardware
CC-PT,pressure,1424.89323846,1779490270.1408029,0.305481589493941,,-24.314801313257377,psi,,hardware
LF-PT,pressure,1424.896879155,1779490270.1444426,0.2634919003834606,,-29.563512452067425,psi,,hardware
FT-PT,pressure,1424.900409856,1779490270.1479733,0.9857417328049818,,60.71771660062272,psi,,hardware
FM-PT,pressure,1424.90385669,1779490270.1514204,0.6978894111978305,,24.73617639972882,psi,,hardware
WM-PT,pressure,1424.907386373,1779490270.15495,0.53109532965366,,3.8869162067075025,psi,,hardware
LF-PT,pressure,1424.910853336,1779490270.158417,0.2636874036416297,,-29.53907454479629,psi,,hardware
FI-PT,pressure,1424.914383463,1779490270.1619473,0.590034793619489,,11.25434920243612,psi,,hardware
CC-PT,pressure,1424.917862222,1779490270.165426,0.3055638439135365,,-24.304519510807935,psi,,hardware
FT-PT,pressure,1424.921397034,1779490270.1689608,0.9855068904765714,,60.68836130957142,psi,,hardware
FM-PT,pressure,1424.924910365,1779490270.172474,0.6979126570120641,,24.73908212650801,psi,,hardware
WM-PT,pressure,1424.928371421,1779490270.175935,0.5310971177932164,,3.8871397241520556,psi,,hardware
LF-PT,pressure,1424.931840773,1779490270.1794043,0.2638763503880919,,-29.515456201488515,psi,,hardware
FI-PT,pressure,1424.935321088,1779490270.1828847,0.5899555194324875,,11.244439929060935,psi,,hardware
CC-PT,pressure,1424.938734165,1779490270.186298,0.3057504064739235,,-24.281199190759565,psi,,hardware
FT-PT,pressure,1424.943288885,1779490270.1908534,0.9853245002418161,,60.66556253022701,psi,,hardware
FM-PT,pressure,1424.947802663,1779490270.1953666,0.6979925272455844,,24.749065905698046,psi,,hardware
WM-PT,pressure,1424.953811584,1779490270.2013762,0.5312026180270455,,3.9003272533806865,psi,,hardware
LF-PT,pressure,1424.957315527,1779490270.204879,0.2638346271317753,,-29.520671608528087,psi,,hardware
FI-PT,pressure,1424.960809007,1779490270.2083728,0.5897689568721005,,11.221119609012565,psi,,hardware
CC-PT,pressure,1424.964220622,1779490270.2117844,0.3057086832176069,,-24.286414597799137,psi,,hardware
FT-PT,pressure,1424.968254999,1779490270.2158186,0.9853560907073129,,60.66951133841411,psi,,hardware
FM-PT,pressure,1424.97173124,1779490270.2192948,0.6979472277101549,,24.74340346376937,psi,,hardware
WM-PT,pressure,1424.975244757,1779490270.2228084,0.531402889657365,,3.92536120717063,psi,,hardware
LF-PT,pressure,1424.978773494,1779490270.226337,0.2639079408535887,,-29.51150739330141,psi,,hardware
FI-PT,pressure,1424.982293714,1779490270.2298572,0.589705179894588,,11.213147486823505,psi,,hardware
CC-PT,pressure,1424.985803379,1779490270.233367,0.30600193810486054,,-24.249757736892434,psi,,hardware
LF-PT,pressure,1424.992784248,1779490270.2403486,0.2639514522494617,,-29.506068468817286,psi,,hardware
FT-PT,pressure,1424.996535955,1779490270.2440999,0.9852762204737926,,60.659527559224074,psi,,hardware
FM-PT,pressure,1424.999913479,1779490270.247477,0.6980467674787959,,24.75584593484949,psi,,hardware
WM-PT,pressure,1425.003327445,1779490270.250891,0.5314547457045014,,3.931843213062669,psi,,hardware
LF-PT,pressure,1425.00674306,1779490270.2543066,0.2642292099272263,,-29.47134875909671,psi,,hardware
FI-PT,pressure,1425.010123565,1779490270.257687,0.5894685494266212,,11.18356867832765,psi,,hardware
CC-PT,pressure,1425.01354179,1779490270.2611053,0.30606929136148586,,-24.24133857981427,psi,,hardware
FT-PT,pressure,1425.016941886,1779490270.2645054,0.9850878697738492,,60.63598372173115,psi,,hardware
FM-PT,pressure,1425.020329317,1779490270.267893,0.6980348465484197,,24.75435581855247,psi,,hardware
WM-PT,pressure,1425.023735469,1779490270.271299,0.5315632261709244,,3.945403271365555,psi,,hardware
LF-PT,pressure,1425.027158194,1779490270.2747216,0.2642494755088658,,-29.468815561391775,psi,,hardware
FI-PT,pressure,1425.030547421,1779490270.278111,0.5894309984959363,,11.178874811992035,psi,,hardware
CC-PT,pressure,1425.033953758,1779490270.2815173,0.30613545252507357,,-24.233068434365805,psi,,hardware
FT-PT,pressure,1425.037376075,1779490270.2849395,0.9847296458160455,,60.591205727005686,psi,,hardware
FM-PT,pressure,1425.040743988,1779490270.2883074,0.6980139849202615,,24.751748115032683,psi,,hardware
WM-PT,pressure,1425.0441424,1779490270.2917058,0.531648460823114,,3.9560576028892513,psi,,hardware
LF-PT,pressure,1425.047557811,1779490270.2951212,0.2643800096964848,,-29.4524987879394,psi,,hardware
FI-PT,pressure,1425.050927909,1779490270.2984915,0.5891884075627813,,11.148550945347669,psi,,hardware
CC-PT,pressure,1425.054329468,1779490270.3018928,0.3062248595028948,,-24.22189256213815,psi,,hardware
FT-PT,pressure,1425.058256481,1779490270.30582,0.9845412951161021,,60.56766188951276,psi,,hardware
FM-PT,pressure,1425.061707149,1779490270.3092709,0.6980664370139166,,24.758304626739573,psi,,hardware
WM-PT,pressure,1425.065159206,1779490270.312723,0.5317491926847926,,3.968649085599074,psi,,hardware
LF-PT,pressure,1425.068560895,1779490270.3161242,0.26451650434929186,,-29.435436956338517,psi,,hardware
FI-PT,pressure,1425.07195327,1779490270.319517,0.5891079412827422,,11.13849266034278,psi,,hardware
CC-PT,pressure,1425.07549747,1779490270.3230612,0.3063363202019119,,-24.20795997476101,psi,,hardware
FT-PT,pressure,1425.078935064,1779490270.3264985,0.9843243341832559,,60.54054177290699,psi,,hardware
FM-PT,pressure,1425.082374955,1779490270.3299384,0.698111736549346,,24.76396706866825,psi,,hardware
WM-PT,pressure,1425.086387593,1779490270.333951,0.5320281424555948,,4.003517806949352,psi,,hardware
LF-PT,pressure,1425.093254801,1779490270.3408194,0.2645343857448561,,-29.433201781892986,psi,,hardware
FT-PT,pressure,1425.096791761,1779490270.3443556,0.9839827995279788,,60.497849940997355,psi,,hardware
FI-PT,pressure,1425.100263372,1779490270.347827,0.5893421875646339,,11.167773445579233,psi,,hardware
CC-PT,pressure,1425.103729336,1779490270.3512928,0.30625943020098567,,-24.217571224876792,psi,,hardware
LF-PT,pressure,1425.107170152,1779490270.3547335,0.26460293109451904,,-29.42463361318512,psi,,hardware
FM-PT,pressure,1425.110625764,1779490270.3581893,0.6977517244519859,,24.718965556498233,psi,,hardware
WM-PT,pressure,1425.113961235,1779490270.361525,0.5321562924571386,,4.019536557142322,psi,,hardware
FT-PT,pressure,1425.117367183,1779490270.3649306,0.983876703247631,,60.48458790595387,psi,,hardware
FI-PT,pressure,1425.120762947,1779490270.3683264,0.5895776259395631,,11.197203242445386,psi,,hardware
CC-PT,pressure,1425.124175394,1779490270.371739,0.3063494332253257,,-24.206320846834288,psi,,hardware
LF-PT,pressure,1425.127585213,1779490270.3751488,0.26457491690813506,,-29.428135386483117,psi,,hardware
FM-PT,pressure,1425.131051972,1779490270.3786156,0.6973791953777307,,24.672399422216344,psi,,hardware
WM-PT,pressure,1425.134455643,1779490270.382019,0.5321998038530116,,4.024975481626447,psi,,hardware
FT-PT,pressure,1425.13787846,1779490270.3854418,0.983789680455885,,60.473710056985624,psi,,hardware
FI-PT,pressure,1425.144034151,1779490270.3915987,0.5898595559429594,,11.23244449286992,psi,,hardware
CC-PT,pressure,1425.147426118,1779490270.3949895,0.3063840039234166,,-24.20199950957293,psi,,hardware
LF-PT,pressure,1425.151399721,1779490270.3989635,0.26456776434990936,,-29.42902945626133,psi,,hardware
FM-PT,pressure,1425.15487137,1779490270.402435,0.6970227595594835,,24.627844944935433,psi,,hardware
WM-PT,pressure,1425.158354869,1779490270.4059184,0.5325478950199956,,4.068486877499444,psi,,hardware
FT-PT,pressure,1425.161843794,1779490270.4094074,0.9836931209198381,,60.46164011497976,psi,,hardware
FI-PT,pressure,1425.165313609,1779490270.4128773,0.590040754084677,,11.255094260584631,psi,,hardware
CC-PT,pressure,1425.168773258,1779490270.416337,0.3064334757844777,,-24.195815526940287,psi,,hardware
LF-PT,pressure,1425.172244055,1779490270.4198074,0.26451650434929186,,-29.435436956338517,psi,,hardware
FM-PT,pressure,1425.175695093,1779490270.4232585,0.6967080469975527,,24.588505874694093,psi,,hardware
WM-PT,pressure,1425.179210999,1779490270.4267745,0.5326224008348466,,4.077800104355822,psi,,hardware
FT-PT,pressure,1425.182705979,1779490270.4302695,0.9836317281284008,,60.4539660160501,psi,,hardware
FI-PT,pressure,1425.186128463,1779490270.433692,0.5904162633915262,,11.302032923940775,psi,,hardware
CC-PT,pressure,1425.192677522,1779490270.4402418,0.30651513415755444,,-24.185608230305697,psi,,hardware
LF-PT,pressure,1425.196370603,1779490270.4439342,0.2644914703955019,,-29.43856620056226,psi,,hardware
FT-PT,pressure,1425.199910525,1779490270.4474742,0.9832496623098448,,60.4062077887306,psi,,hardware
FM-PT,pressure,1425.203388284,1779490270.450952,0.6967265244396358,,24.590815554954474,psi,,hardware
WM-PT,pressure,1425.206824397,1779490270.454388,0.5326629319981255,,4.082866499765691,psi,,hardware
LF-PT,pressure,1425.210330766,1779490270.4578943,0.2646565752812118,,-29.417928089848527,psi,,hardware
FI-PT,pressure,1425.213723474,1779490270.4612873,0.5903286445532614,,11.291080569157675,psi,,hardware
CC-PT,pressure,1425.217156365,1779490270.46472,0.3065038092736971,,-24.187023840787866,psi,,hardware
FT-PT,pressure,1425.220574146,1779490270.4681377,0.9831048230057744,,60.3881028757218,psi,,hardware
FM-PT,pressure,1425.223948726,1779490270.4715123,0.6967664595563959,,24.595807444549493,psi,,hardware
WM-PT,pressure,1425.227345896,1779490270.4749098,0.5327559152550596,,4.094489406882451,psi,,hardware
LF-PT,pressure,1425.230760437,1779490270.478324,0.26476386365459725,,-29.404517043175343,psi,,hardware
FI-PT,pressure,1425.23413085,1779490270.4816945,0.5901623475745139,,11.27029344681424,psi,,hardware
CC-PT,pressure,1425.237648996,1779490270.4852126,0.30651513415755444,,-24.185608230305697,psi,,hardware
FT-PT,pressure,1425.241720334,1779490270.489284,0.9827716330017606,,60.34645412522008,psi,,hardware
FM-PT,pressure,1425.245244387,1779490270.4928079,0.6967354651374179,,24.59193314217724,psi,,hardware
WM-PT,pressure,1425.248684019,1779490270.4962475,0.532869760140152,,4.108720017518996,psi,,hardware
LF-PT,pressure,1425.252224015,1779490270.4997876,0.2648967820282915,,-29.387902246463565,psi,,hardware
FI-PT,pressure,1425.255691441,1779490270.5032551,0.5901325452485735,,11.266568156071688,psi,,hardware
CC-PT,pressure,1425.259205384,1779490270.506769,0.3066492446242863,,-24.168844421964216,psi,,hardware
FT-PT,pressure,1425.262650497,1779490270.5102139,0.9826160648603517,,60.32700810754396,psi,,hardware
FM-PT,pressure,1425.266128589,1779490270.5136921,0.6967074509510339,,24.58843136887924,psi,,hardware
WM-PT,pressure,1425.269543851,1779490270.5171077,0.5329853931648008,,4.123174145600094,psi,,hardware
LF-PT,pressure,1425.273001408,1779490270.5205648,0.26491823970296857,,-29.385220037128928,psi,,hardware
FI-PT,pressure,1425.27639506,1779490270.5239587,0.5900306212938573,,11.253827661732164,psi,,hardware
CC-PT,pressure,1425.279838118,1779490270.5274017,0.30672732671825015,,-24.159084160218733,psi,,hardware
FT-PT,pressure,1425.283347542,1779490270.5309112,0.9824157932300321,,60.30197415375402,psi,,hardware
FM-PT,pressure,1425.286863817,1779490270.5344274,0.6970185872338518,,24.627323404231475,psi,,hardware
WM-PT,pressure,1425.293358323,1779490270.5409226,0.5330891052590734,,4.136138157384172,psi,,hardware
LF-PT,pressure,1425.296827175,1779490270.544391,0.2649146634238557,,-29.385667072018034,psi,,hardware
FI-PT,pressure,1425.300271973,1779490270.5478358,0.5898899543154186,,11.236244289427322,psi,,hardware
CC-PT,pressure,1425.303648164,1779490270.5512118,0.30684474788245536,,-24.14440651469308,psi,,hardware
FT-PT,pressure,1425.307076277,1779490270.5546396,0.0,,-62.5,psi,,hardware
FM-PT,pressure,1425.310345862,1779490270.5579095,0.6970191832803706,,24.627397910046327,psi,,hardware
WM-PT,pressure,1425.315188567,1779490270.5627522,0.533161822934368,,4.145227866795997,psi,,hardware
LF-PT,pressure,1425.318664938,1779490270.5662284,0.26507619203045274,,-29.365475996193407,psi,,hardware
FI-PT,pressure,1425.322222378,1779490270.5697858,0.5897576319882432,,11.219703998530395,psi,,hardware
CC-PT,pressure,1425.325699729,1779490270.5732632,0.306805408812214,,-24.14932389847325,psi,,hardware
FT-PT,pressure,1425.331830069,1779490270.5793943,0.9822131374136374,,60.27664217670467,psi,,hardware
FM-PT,pressure,1425.335840244,1779490270.583404,0.6971318360724253,,24.64147950905317,psi,,hardware
WM-PT,pressure,1425.339362372,1779490270.586926,0.5333120266571076,,4.164003332138455,psi,,hardware
LF-PT,pressure,1425.342867592,1779490270.590431,0.2651751357525749,,-29.353108030928137,psi,,hardware
FI-PT,pressure,1425.346382479,1779490270.5939462,0.5897916066398152,,11.223950829976904,psi,,hardware
CC-PT,pressure,1425.349822629,1779490270.5973861,0.3068918355574412,,-24.13852055531985,psi,,hardware
FT-PT,pressure,1425.353369199,1779490270.6009326,0.9820045211320545,,60.25056514150681,psi,,hardware
FM-PT,pressure,1425.356884808,1779490270.6044486,0.6971032258395226,,24.63790322994032,psi,,hardware
WM-PT,pressure,1425.360339606,1779490270.607903,0.5333394447969728,,4.167430599621602,psi,,hardware
LF-PT,pressure,1425.363805699,1779490270.6113691,0.2651745397060561,,-29.353182536742988,psi,,hardware
FI-PT,pressure,1425.367319789,1779490270.6148834,0.5896360384984063,,11.204504812300787,psi,,hardware
CC-PT,pressure,1425.370761032,1779490270.6183248,0.30705634439663226,,-24.117956950420968,psi,,hardware
FT-PT,pressure,1425.374249087,1779490270.6218128,0.9817595460128243,,60.21994325160304,psi,,hardware
FM-PT,pressure,1425.377750733,1779490270.6253145,0.6971342202585006,,24.641777532312574,psi,,hardware
WM-PT,pressure,1425.381253602,1779490270.628817,0.5333519617738678,,4.168995221733473,psi,,hardware
LF-PT,pressure,1425.384724399,1779490270.6322877,0.26528778854462964,,-29.339026431921294,psi,,hardware
FI-PT,pressure,1425.388249044,1779490270.6358125,0.5894357668680867,,11.179470858510843,psi,,hardware
CC-PT,pressure,1425.394561837,1779490270.6421263,0.30708316648997863,,-24.114604188752672,psi,,hardware
FT-PT,pressure,1425.398035504,1779490270.6455991,0.981692192756199,,60.211524094524876,psi,,hardware
FM-PT,pressure,1425.402045291,1779490270.6496089,0.6971848842125993,,24.64811052657491,psi,,hardware
WM-PT,pressure,1425.405433851,1779490270.6529975,0.5334747473567423,,4.184343419592784,psi,,hardware
LF-PT,pressure,1425.408875686,1779490270.6564393,0.2656716425027421,,-29.291044687157235,psi,,hardware
FI-PT,pressure,1425.412169603,1779490270.6597333,0.5893594729136793,,11.169934114209912,psi,,hardware
CC-PT,pressure,1425.4155612,1779490270.6631248,0.3071374067231902,,-24.10782415960123,psi,,hardware
FT-PT,pressure,1425.418974037,1779490270.6665378,0.9814114548458402,,60.17643185573003,psi,,hardware
FM-PT,pressure,1425.422404928,1779490270.6699684,0.6972039577012011,,24.650494712650143,psi,,hardware
WM-PT,pressure,1425.426408918,1779490270.6739728,0.5335605780554507,,4.195072256931331,psi,,hardware
LF-PT,pressure,1425.429926231,1779490270.67749,0.2658403236675648,,-29.269959541554396,psi,,hardware
FI-PT,pressure,1425.433441229,1779490270.6810045,0.5892563568659255,,11.157044608240685,psi,,hardware
CC-PT,pressure,1425.43692658,1779490270.6844902,0.30725780811998943,,-24.092773985001323,psi,,hardware
FT-PT,pressure,1425.440413116,1779490270.6879766,0.9812815167047401,,60.16018958809251,psi,,hardware
FM-PT,pressure,1425.443924596,1779490270.6914883,0.6972599860739691,,24.65749825924614,psi,,hardware
WM-PT,pressure,1425.447436038,1779490270.6949995,0.5336964766617389,,4.212059582717364,psi,,hardware
LF-PT,pressure,1425.451017255,1779490270.698581,0.26585701297009146,,-29.267873378738567,psi,,hardware
FI-PT,pressure,1425.454469682,1779490270.7020335,0.5891693340741795,,11.146166759272436,psi,,hardware
CC-PT,pressure,1425.45787876,1779490270.7054422,0.307312048353201,,-24.08599395584988,psi,,hardware
FT-PT,pressure,1425.461315688,1779490270.7088795,0.9810639597253751,,60.132994965671884,psi,,hardware
FM-PT,pressure,1425.464746523,1779490270.71231,0.6972212430502466,,24.652655381280823,psi,,hardware
WM-PT,pressure,1425.468199784,1779490270.7157636,0.5337912480582294,,4.223906007278677,psi,,hardware
LF-PT,pressure,1425.471671432,1779490270.7192347,0.265985759018154,,-29.251780122730747,psi,,hardware
FI-PT,pressure,1425.475057659,1779490270.7226212,0.5890048252349884,,11.125603154373554,psi,,hardware
CC-PT,pressure,1425.47850516,1779490270.726077,0.30744258254081996,,-24.069677182397506,psi,,hardware
FT-PT,pressure,1425.481993586,1779490270.729557,0.980821964838739,,60.10274560484237,psi,,hardware
FM-PT,pressure,1425.485383368,1779490270.7329469,0.6975109216583874,,24.68886520729842,psi,,hardware
WM-PT,pressure,1425.492325313,1779490270.7398896,0.533891979919908,,4.2364974899884995,psi,,hardware
LF-PT,pressure,1425.496249048,1779490270.7438128,0.26595893692480765,,-29.255132884399043,psi,,hardware
FT-PT,pressure,1425.499752176,1779490270.7473156,0.9804607606483412,,60.05759508104265,psi,,hardware
FI-PT,pressure,1425.503172568,1779490270.7507362,0.589220594074797,,11.152574259349624,psi,,hardware
CC-PT,pressure,1425.506511909,1779490270.7540753,0.30735317556299874,,-24.08085305462516,psi,,hardware
LF-PT,pressure,1425.509881155,1779490270.7574446,0.26610377622887804,,-29.237027971390244,psi,,hardware
FM-PT,pressure,1425.513349063,1779490270.760913,0.6971872683986745,,24.648408549834315,psi,,hardware
WM-PT,pressure,1425.517315,1779490270.7648785,0.5341548364347024,,4.2693545543378,psi,,hardware
FT-PT,pressure,1425.52310821,1779490270.7706726,0.9804971194859885,,60.06213993574856,psi,,hardware
FI-PT,pressure,1425.526563951,1779490270.7741277,0.5894178854725225,,11.177235684065312,psi,,hardware
CC-PT,pressure,1425.529978177,1779490270.7775416,0.30737701742375106,,-24.077872822031118,psi,,hardware
LF-PT,pressure,1425.533439548,1779490270.7810032,0.26602271390232013,,-29.247160762209983,psi,,hardware
FM-PT,pressure,1425.536916733,1779490270.7844806,0.696846925836435,,24.60586572955438,psi,,hardware
WM-PT,pressure,1425.540404992,1779490270.7879684,0.5342603366685315,,4.282542083566431,psi,,hardware
FT-PT,pressure,1425.543920378,1779490270.7914839,0.9803516841353993,,60.04396051692491,psi,,hardware
FI-PT,pressure,1425.547365121,1779490270.7949286,0.5896676289639031,,11.20845362048789,psi,,hardware
CC-PT,pressure,1425.550764032,1779490270.7983274,0.3073799976563451,,-24.077500292956863,psi,,hardware
LF-PT,pressure,1425.554114372,1779490270.801678,0.26599410366941734,,-29.250737041322832,psi,,hardware
FM-PT,pressure,1425.557553596,1779490270.8051171,0.696480357227368,,24.560044653421002,psi,,hardware
WM-PT,pressure,1425.560950656,1779490270.8085144,0.534333054343826,,4.291631792978256,psi,,hardware
FT-PT,pressure,1425.564370307,1779490270.811934,0.9802789664601047,,60.03487080751309,psi,,hardware
FI-PT,pressure,1425.567749868,1779490270.8153133,0.5898488271056208,,11.231103388202602,psi,,hardware
CC-PT,pressure,1425.571164482,1779490270.8187282,0.30752245277434026,,-24.05969340320747,psi,,hardware
LF-PT,pressure,1425.57459241,1779490270.822156,0.26600364041371827,,-29.249544948285216,psi,,hardware
FM-PT,pressure,1425.57798623,1779490270.8255498,0.6961459751303166,,24.51824689128958,psi,,hardware
WM-PT,pressure,1425.581342254,1779490270.8289058,0.5344486873684748,,4.3060859210593545,psi,,hardware
FT-PT,pressure,1425.584747999,1779490270.8323116,0.9801049208766127,,60.01311510957659,psi,,hardware
FI-PT,pressure,1425.588155984,1779490270.8357198,0.5901110875738964,,11.263885946737052,psi,,hardware
CC-PT,pressure,1425.596236405,1779490270.8438005,0.307430065563925,,-24.071241804509377,psi,,hardware
LF-PT,pressure,1425.600697427,1779490270.8482618,0.26596668552955216,,-29.25416430880598,psi,,hardware
FT-PT,pressure,1425.604069377,1779490270.851633,0.980271813901879,,60.033976737734875,psi,,hardware
FM-PT,pressure,1425.60750386,1779490270.8550675,0.696203791642641,,24.525473955330128,psi,,hardware
WM-PT,pressure,1425.611461779,1779490270.8590257,0.5345106762064309,,4.313834525803861,psi,,hardware
LF-PT,pressure,1425.614962889,1779490270.8625264,0.2661359627408937,,-29.23300465738829,psi,,hardware
FI-PT,pressure,1425.61841065,1779490270.865974,0.5900198924565188,,11.252486557064845,psi,,hardware
CC-PT,pressure,1425.621846466,1779490270.86941,0.3075266250999719,,-24.05917186250351,psi,,hardware
FT-PT,pressure,1425.625347317,1779490270.8729105,0.9799946522706332,,59.99933153382915,psi,,hardware
FM-PT,pressure,1425.628855889,1779490270.8764193,0.6961966390844153,,24.524579885551915,psi,,hardware
WM-PT,pressure,1425.632261393,1779490270.8798249,0.5345738571374246,,4.321732142178069,psi,,hardware
LF-PT,pressure,1425.635713894,1779490270.8832774,0.2662009318114438,,-29.224883523569527,psi,,hardware
FI-PT,pressure,1425.639077752,1779490270.8866413,0.5899418103625549,,11.242726295319361,psi,,hardware
CC-PT,pressure,1425.64240826,1779490270.889972,0.30757192463540134,,-24.053509420574834,psi,,hardware
FT-PT,pressure,1425.645814837,1779490270.8933783,0.9798623299434578,,59.98279124293222,psi,,hardware
FM-PT,pressure,1425.64918138,1779490270.8967452,0.6961954469913777,,24.524430873922213,psi,,hardware
WM-PT,pressure,1425.652571514,1779490270.9001353,0.534672204813028,,4.334025601628502,psi,,hardware
LF-PT,pressure,1425.655973203,1779490270.9035366,0.26625755623073055,,-29.21780547115868,psi,,hardware
FI-PT,pressure,1425.659485664,1779490270.9070492,0.5898065078027854,,11.225813475348179,psi,,hardware
CC-PT,pressure,1425.662873206,1779490270.9104369,0.3076690802179671,,-24.041364972754117,psi,,hardware
FT-PT,pressure,1425.666230805,1779490270.9137943,0.9796787476156649,,59.95984345195811,psi,,hardware
FM-PT,pressure,1425.669690158,1779490270.9172537,0.6962920065274246,,24.53650081592808,psi,,hardware
WM-PT,pressure,1425.673094569,1779490270.9206579,0.5347598236512928,,4.3449779564116024,psi,,hardware
LF-PT,pressure,1425.676534978,1779490270.9240985,0.266436370186373,,-29.195453726703374,psi,,hardware
FI-PT,pressure,1425.679936056,1779490270.9274998,0.5896396147775191,,11.204951847189893,psi,,hardware
CC-PT,pressure,1425.683337153,1779490270.9309008,0.3077638516144576,,-24.029518548192804,psi,,hardware
FT-PT,pressure,1425.686762544,1779490270.934326,0.9797681545934861,,59.97101932418576,psi,,hardware
FM-PT,pressure,1425.693350952,1779490270.940915,0.6961799497818887,,24.522493722736087,psi,,hardware
WM-PT,pressure,1425.696904596,1779490270.9444683,0.5348241966753241,,4.353024584415513,psi,,hardware
LF-PT,pressure,1425.700917179,1779490270.948481,0.2665150483268557,,-29.18561895914304,psi,,hardware
FI-PT,pressure,1425.704394716,1779490270.9519582,0.5895019280316744,,11.187741003959307,psi,,hardware
CC-PT,pressure,1425.707920861,1779490270.9554844,0.30787054394132424,,-24.01618200733447,psi,,hardware
FT-PT,pressure,1425.714064441,1779490270.9616287,0.9796310638941602,,59.953882986770026,psi,,hardware
FM-PT,pressure,1425.717552255,1779490270.9651155,0.6963772411796142,,24.547155147451775,psi,,hardware
WM-PT,pressure,1425.720898966,1779490270.9684627,0.5349213522578898,,4.3651690322362295,psi,,hardware
LF-PT,pressure,1425.724344227,1779490270.9719079,0.26658418972303743,,-29.17697628462032,psi,,hardware
FI-PT,pressure,1425.727809968,1779490270.9753733,0.5893970238443642,,11.174627980545527,psi,,hardware
CC-PT,pressure,1425.731216916,1779490270.9787805,0.30796531533781474,,-24.00433558277316,psi,,hardware
FT-PT,pressure,1425.734631123,1779490270.9821944,0.9794415211011792,,59.9301901376474,psi,,hardware
FM-PT,pressure,1425.738149435,1779490270.985713,0.6963450546675986,,24.54313183344982,psi,,hardware
WM-PT,pressure,1425.741549699,1779490270.989113,0.5350024145844477,,4.375301823055969,psi,,hardware
LF-PT,pressure,1425.744960406,1779490270.9925237,0.26660862763030857,,-29.173921546211428,psi,,hardware
FI-PT,pressure,1425.74833743,1779490270.9959009,0.5892694698893393,,11.158683736167408,psi,,hardware
CC-PT,pressure,1425.751741267,1779490270.9993048,0.30808333254853876,,-23.989583431432656,psi,,hardware
FT-PT,pressure,1425.755145511,1779490271.002709,0.9792126392379569,,59.90157990474461,psi,,hardware
FM-PT,pressure,1425.758520498,1779490271.0060844,0.6963379021093729,,24.542237763671608,psi,,hardware
WM-PT,pressure,1425.761919502,1779490271.009483,0.5350846690040433,,4.38558362550541,psi,,hardware
LF-PT,pressure,1425.765353764,1779490271.0129173,0.2666896899568665,,-29.16378875539169,psi,,hardware
FI-PT,pressure,1425.76873327,1779490271.0162966,0.5891204582596372,,11.140057282454652,psi,,hardware
CC-PT,pressure,1425.772132329,1779490271.0196958,0.3080934653393585,,-23.98831683258019,psi,,hardware
FT-PT,pressure,1425.775539389,1779490271.0231028,0.978929517141523,,59.86618964269037,psi,,hardware
FM-PT,pressure,1425.778911691,1779490271.0264752,0.696390354203028,,24.548794275378498,psi,,hardware
WM-PT,pressure,1425.782307084,1779490271.0298705,0.5351752680749021,,4.396908509362765,psi,,hardware
LF-PT,pressure,1425.785724902,1779490271.0332885,0.2669591029833678,,-29.130112127079027,psi,,hardware
FI-PT,pressure,1425.793153229,1779490271.0407176,0.5890554891890871,,11.13193614863589,psi,,hardware
CC-PT,pressure,1425.79731886,1779490271.044883,0.30806127882734285,,-23.992340146582144,psi,,hardware
FT-PT,pressure,1425.800886392,1779490271.04845,0.9787971948143476,,59.849649351793445,psi,,hardware
FM-PT,pressure,1425.804405149,1779490271.0519688,0.6963814135052458,,24.547676688155732,psi,,hardware
WM-PT,pressure,1425.80787015,1779490271.0554338,0.5353391808675744,,4.417397608446796,psi,,hardware
LF-PT,pressure,1425.811837457,1779490271.0594013,0.2671224197295212,,-29.109697533809847,psi,,hardware
FI-PT,pressure,1425.815921462,1779490271.063485,0.588844488721429,,11.105561090178629,psi,,hardware
CC-PT,pressure,1425.819452885,1779490271.0670164,0.3081894288288866,,-23.976321396389174,psi,,hardware
FT-PT,pressure,1425.822959773,1779490271.0705235,0.9786815617896988,,59.83519522371235,psi,,hardware
FM-PT,pressure,1425.826486993,1779490271.074051,0.6962931986204622,,24.53664982755778,psi,,hardware
WM-PT,pressure,1425.83000625,1779490271.0775697,0.5355775994750976,,4.447199934387205,psi,,hardware
LF-PT,pressure,1425.834104532,1779490271.0816681,0.2671927532187406,,-29.100905847657426,psi,,hardware
FI-PT,pressure,1425.837565903,1779490271.0851295,0.5887568698831642,,11.094608735395528,psi,,hardware
CC-PT,pressure,1425.840963611,1779490271.0885272,0.3082102904570449,,-23.97371369286939,psi,,hardware
FT-PT,pressure,1425.844336524,1779490271.0918999,0.9785081122527256,,59.8135140315907,psi,,hardware
FM-PT,pressure,1425.847705197,1779490271.095269,0.6963045235043196,,24.53806543803995,psi,,hardware
WM-PT,pressure,1425.851078943,1779490271.0986426,0.5356568736620991,,4.457109207762391,psi,,hardware
LF-PT,pressure,1425.854509557,1779490271.1020732,0.2672946771734568,,-29.0881653533179,psi,,hardware
FI-PT,pressure,1425.857920672,1779490271.105484,0.5885810361601158,,11.072629520014477,psi,,hardware
CC-PT,pressure,1425.861327472,1779490271.1088912,0.3083134065047987,,-23.96082418690016,psi,,hardware
FT-PT,pressure,1425.86475403,1779490271.1123173,0.9782041285281334,,59.77551606601668,psi,,hardware
FM-PT,pressure,1425.868161182,1779490271.1157248,0.6963080997834324,,24.538512472929057,psi,,hardware
WM-PT,pressure,1425.871466969,1779490271.1190302,0.5357492608725144,,4.4686576090643,psi,,hardware
LF-PT,pressure,1425.874937896,1779490271.1225014,0.26737395136045833,,-29.078256079942708,psi,,hardware
FI-PT,pressure,1425.878316309,1779490271.1258798,0.5885238156943102,,11.065476961788779,psi,,hardware
CC-PT,pressure,1425.882249581,1779490271.1298132,0.3083914885987626,,-23.951063925154678,psi,,hardware
FT-PT,pressure,1425.885672102,1779490271.133236,0.9782851908546913,,59.78564885683642,psi,,hardware
FM-PT,pressure,1425.892589771,1779490271.1401544,0.6963504190862678,,24.54380238578348,psi,,hardware
WM-PT,pressure,1425.896477879,1779490271.1440418,0.5359924478521881,,4.499055981523517,psi,,hardware
LF-PT,pressure,1425.902471597,1779490271.1500356,0.2674597820591667,,-29.06752724260416,psi,,hardware
FI-PT,pressure,1425.905953356,1779490271.153517,0.58836884359942,,11.046105449927499,psi,,hardware
CC-PT,pressure,1425.909440967,1779490271.1570046,0.30837777952883,,-23.95277755889625,psi,,hardware
FT-PT,pressure,1425.912893432,1779490271.1604571,0.9782530043426757,,59.78162554283446,psi,,hardware
FM-PT,pressure,1425.916333304,1779490271.1638968,0.6964332695523822,,24.55415869404777,psi,,hardware
WM-PT,pressure,1425.919806323,1779490271.16737,0.5361176176211379,,4.514702202642232,psi,,hardware
LF-PT,pressure,1425.923222178,1779490271.170786,0.267511638106303,,-29.061045236712122,psi,,hardware
FI-PT,pressure,1425.92670203,1779490271.1742656,0.5882490382491395,,11.031129781142443,psi,,hardware
CC-PT,pressure,1425.930144291,1779490271.1777077,0.30840340952913875,,-23.949573808857657,psi,,hardware
FT-PT,pressure,1425.933550277,1779490271.181114,0.978012797595596,,59.7515996994495,psi,,hardware
FM-PT,pressure,1425.936915764,1779490271.1844792,0.6964410181571267,,24.555127269640835,psi,,hardware
WM-PT,pressure,1425.940353026,1779490271.1879165,0.5361939115755453,,4.5242389469431625,psi,,hardware
LF-PT,pressure,1425.9441079,1779490271.1916723,0.26760283322368067,,-29.049645847039915,psi,,hardware
FI-PT,pressure,1425.948182313,1779490271.1957467,0.588095258247287,,11.01190728091088,psi,,hardware
CC-PT,pressure,1425.95171294,1779490271.1992764,0.3084797034835462,,-23.940037064556726,psi,,hardware
FT-PT,pressure,1425.955259344,1779490271.2028234,0.9778321955003971,,59.72902443754964,psi,,hardware
FM-PT,pressure,1425.958782897,1779490271.2063465,0.6964410181571267,,24.555127269640835,psi,,hardware
WM-PT,pressure,1425.962274637,1779490271.2098384,0.5362481518087568,,4.531018976094606,psi,,hardware
LF-PT,pressure,1425.965817949,1779490271.2133813,0.2677065453179533,,-29.036681835255838,psi,,hardware
FI-PT,pressure,1425.969913694,1779490271.2174773,0.5879736647574502,,10.99670809468127,psi,,hardware
CC-PT,pressure,1425.973350326,1779490271.220914,0.3086680541834896,,-23.916493227063803,psi,,hardware
FT-PT,pressure,1425.977388203,1779490271.224952,0.9776134464279945,,59.701680803499315,psi,,hardware
FM-PT,pressure,1425.980927534,1779490271.2284915,0.6964624758318038,,24.55780947897547,psi,,hardware
WM-PT,pressure,1425.984473641,1779490271.232037,0.5363447113448038,,4.543088918100471,psi,,hardware
LF-PT,pressure,1425.988040933,1779490271.2356045,0.26779714438881214,,-29.025356951398482,psi,,hardware
FI-PT,pressure,1425.995219254,1779490271.2427838,0.5879975066182025,,10.999688327275312,psi,,hardware
CC-PT,pressure,1425.998806471,1779490271.24637,0.30853334767023893,,-23.933331541220134,psi,,hardware
FT-PT,pressure,1426.002350208,1779490271.2499137,0.9775705310786403,,59.69631638483004,psi,,hardware
FM-PT,pressure,1426.005881243,1779490271.2534447,0.6964964504833758,,24.56205631042198,psi,,hardware
WM-PT,pressure,1426.009392056,1779490271.2569559,0.5366576357671781,,4.582204470897258,psi,,hardware
LF-PT,pressure,1426.012941719,1779490271.2605054,0.267859729273287,,-29.017533840839125,psi,,hardware
FI-PT,pressure,1426.016481401,1779490271.264045,0.5878401503372371,,10.980018792154642,psi,,hardware
CC-PT,pressure,1426.019994529,1779490271.267558,0.3086763988347529,,-23.91545014565589,psi,,hardware
FT-PT,pressure,1426.023546173,1779490271.2711096,0.9773422452619368,,59.6677806577421,psi,,hardware
FM-PT,pressure,1426.027066319,1779490271.2746298,0.6965936060659416,,24.574200758242696,psi,,hardware
WM-PT,pressure,1426.030552615,1779490271.278116,0.5367637320475259,,4.59546650594074,psi,,hardware
LF-PT,pressure,1426.034357227,1779490271.281921,0.26806059695012535,,-28.99242538123433,psi,,hardware
FI-PT,pressure,1426.038897726,1779490271.286462,0.5876959070796856,,10.961988384960694,psi,,hardware
CC-PT,pressure,1426.042311045,1779490271.2898748,0.30865792139266984,,-23.91775982591627,psi,,hardware
FT-PT,pressure,1426.045727585,1779490271.2932913,0.9770901175844809,,59.63626469806012,psi,,hardware
FM-PT,pressure,1426.049171383,1779490271.296735,0.6965185042045717,,24.564813025571468,psi,,hardware
WM-PT,pressure,1426.05257448,1779490271.300138,0.5369097634446339,,4.6137204305792405,psi,,hardware
LF-PT,pressure,1426.055924469,1779490271.303488,0.2681297383463071,,-28.98378270671161,psi,,hardware
FI-PT,pressure,1426.059385284,1779490271.306949,0.5876166328926841,,10.952079111585508,psi,,hardware
CC-PT,pressure,1426.062850711,1779490271.3104143,0.30870262488158046,,-23.912171889802444,psi,,hardware
FT-PT,pressure,1426.066365006,1779490271.3139286,0.9769685240946441,,59.62106551183051,psi,,hardware
FM-PT,pressure,1426.07041642,1779490271.31798,0.6965453262979181,,24.568165787239764,psi,,hardware
WM-PT,pressure,1426.07393001,1779490271.3214934,0.5370110913528313,,4.626386419103914,psi,,hardware
LF-PT,pressure,1426.077458026,1779490271.3250217,0.2681219897415626,,-28.984751282304675,psi,,hardware
FI-PT,pressure,1426.080996005,1779490271.3285596,0.5874074205645824,,10.9259275705728,psi,,hardware
CC-PT,pressure,1426.084534242,1779490271.3320978,0.3092068802364922,,-23.84913997043848,psi,,hardware
LF-PT,pressure,1426.094114177,1779490271.3416784,0.268238814859249,,-28.970148142593874,psi,,hardware
FT-PT,pressure,1426.098908663,1779490271.346473,0.9769846173506519,,59.623077168831486,psi,,hardware
FM-PT,pressure,1426.102356794,1779490271.3499203,0.6965727444377833,,24.57159305472291,psi,,hardware
WM-PT,pressure,1426.105775742,1779490271.3533392,0.5370188399575758,,4.627354994696978,psi,,hardware
LF-PT,pressure,1426.109275481,1779490271.356839,0.2684367023034933,,-28.945412212063335,psi,,hardware
FI-PT,pressure,1426.112651968,1779490271.3602157,0.5872184738181202,,10.902309227265025,psi,,hardware
CC-PT,pressure,1426.115958496,1779490271.363522,0.30921820512034953,,-23.84772435995631,psi,,hardware
FT-PT,pressure,1426.119458347,1779490271.367022,0.9768904420006802,,59.611305250085024,psi,,hardware
FM-PT,pressure,1426.122953439,1779490271.370517,0.6965429421118429,,24.56786776398036,psi,,hardware
WM-PT,pressure,1426.126486843,1779490271.3740504,0.5370724841442686,,4.63406051803357,psi,,hardware
LF-PT,pressure,1426.130021322,1779490271.3775847,0.26847663742025346,,-28.940420322468317,psi,,hardware
FI-PT,pressure,1426.133559041,1779490271.3811226,0.5871397956776375,,10.89247445970469,psi,,hardware
CC-PT,pressure,1426.137051596,1779490271.384615,0.3093040358190579,,-23.836995522617762,psi,,hardware
FT-PT,pressure,1426.140570668,1779490271.3881342,0.9765977831599454,,59.57472289499317,psi,,hardware
FM-PT,pressure,1426.144090592,1779490271.3916543,0.69656439978652,,24.570549973314996,psi,,hardware
WM-PT,pressure,1426.147564703,1779490271.3951283,0.5371845408898045,,4.648067611225562,psi,,hardware
LF-PT,pressure,1426.151047944,1779490271.3986115,0.26860121114268437,,-28.924848607164453,psi,,hardware
FI-PT,pressure,1426.154561998,1779490271.4021256,0.5870837673048696,,10.885470913108694,psi,,hardware
CC-PT,pressure,1426.157960539,1779490271.405524,0.3094339739601581,,-23.82075325498024,psi,,hardware
FT-PT,pressure,1426.161407411,1779490271.4089708,0.9764189692043029,,59.552371150537866,psi,,hardware
FM-PT,pressure,1426.165389588,1779490271.4129534,0.6966067190893553,,24.57583988616942,psi,,hardware
WM-PT,pressure,1426.168903123,1779490271.4164665,0.537279312286295,,4.6599140357868745,psi,,hardware
LF-PT,pressure,1426.17242401,1779490271.4199874,0.2685737930028192,,-28.9282758746476,psi,,hardware
FI-PT,pressure,1426.175864234,1779490271.4234278,0.5869431003264308,,10.867887540803853,psi,,hardware
CC-PT,pressure,1426.179359956,1779490271.4269233,0.309571064659484,,-23.803616917564504,psi,,hardware
FT-PT,pressure,1426.18289836,1779490271.4304616,0.9762061805970884,,59.52577257463605,psi,,hardware
FM-PT,pressure,1426.186411877,1779490271.4339752,0.6967461939747565,,24.593274246844558,psi,,hardware
WM-PT,pressure,1426.19314587,1779490271.44071,0.5373466655429203,,4.66833319286504,psi,,hardware
LF-PT,pressure,1426.196645906,1779490271.4442093,0.2686542592828583,,-28.918217589642712,psi,,hardware
FT-PT,pressure,1426.200126721,1779490271.4476905,0.9759188861750229,,59.48986077187786,psi,,hardware
FI-PT,pressure,1426.203619757,1779490271.4511833,0.5871207221890357,,10.890090273629458,psi,,hardware
CC-PT,pressure,1426.20714244,1779490271.454706,0.30951980465886647,,-23.810024417641692,psi,,hardware
LF-PT,pressure,1426.21064568,1779490271.458209,0.26865187509678307,,-28.918515612902116,psi,,hardware
FM-PT,pressure,1426.214095367,1779490271.461659,0.6963533993188619,,24.544174914857734,psi,,hardware
WM-PT,pressure,1426.21762566,1779490271.4651892,0.5374277278694782,,4.678465983684779,psi,,hardware
FT-PT,pressure,1426.221138196,1779490271.4687016,0.9758700103604806,,59.483751295060074,psi,,hardware
FI-PT,pressure,1426.22465749,1779490271.472221,0.5873996719598379,,10.924958994979736,psi,,hardware
CC-PT,pressure,1426.228149304,1779490271.4757128,0.3096366297765529,,-23.795421277930892,psi,,hardware
LF-PT,pressure,1426.23161036,1779490271.479174,0.26873770579549144,,-28.90778677556357,psi,,hardware
FM-PT,pressure,1426.235136617,1779490271.4827003,0.696070277222428,,24.5087846528035,psi,,hardware
WM-PT,pressure,1426.238654023,1779490271.486218,0.5375499174058339,,4.693739675729239,psi,,hardware
FT-PT,pressure,1426.24213193,1779490271.4896958,0.9757603378010199,,59.470042225127486,psi,,hardware
FI-PT,pressure,1426.245664909,1779490271.4932284,0.5876744494050085,,10.959306175626057,psi,,hardware
CC-PT,pressure,1426.249102744,1779490271.4966662,0.3097826611736609,,-23.77716735329239,psi,,hardware
LF-PT,pressure,1426.252562097,1779490271.5001254,0.26865843160848996,,-28.917696048938755,psi,,hardware
FM-PT,pressure,1426.256582069,1779490271.5041459,0.6957358951253766,,24.466986890672075,psi,,hardware
WM-PT,pressure,1426.260097974,1779490271.5076616,0.5376214429880909,,4.702680373511361,psi,,hardware
FT-PT,pressure,1426.264228291,1779490271.511792,0.9757418603589368,,59.467732544867104,psi,,hardware
FI-PT,pressure,1426.267702181,1779490271.5152657,0.5878782973144409,,10.984787164305107,psi,,hardware
CC-PT,pressure,1426.271091834,1779490271.5186555,0.30967120047464375,,-23.791099940669532,psi,,hardware
LF-PT,pressure,1426.274543576,1779490271.5221071,0.26869359835309964,,-28.913300205862544,psi,,hardware
FM-PT,pressure,1426.27799904,1779490271.5255625,0.6955713862861855,,24.446423285773193,psi,,hardware
WM-PT,pressure,1426.283557837,1779490271.5311222,0.537742440431409,,4.717805053926119,psi,,hardware
FT-PT,pressure,1426.287110055,1779490271.5346737,0.9760601491999804,,59.50751864999755,psi,,hardware
FI-PT,pressure,1426.293803662,1779490271.5413682,0.5881191001080394,,11.01488751350492,psi,,hardware
CC-PT,pressure,1426.297287773,1779490271.5448515,0.3096539151255983,,-23.793260609300212,psi,,hardware
LF-PT,pressure,1426.300777495,1779490271.5483413,0.2685249171882769,,-28.934385351465384,psi,,hardware
FM-PT,pressure,1426.304238736,1779490271.5518024,0.6951273316296734,,24.39091645370918,psi,,hardware
WM-PT,pressure,1426.307697589,1779490271.5552614,0.5377340957801456,,4.716761972518205,psi,,hardware
FT-PT,pressure,1426.311207236,1779490271.5587707,0.9759469003614069,,59.493362545175856,psi,,hardware
FI-PT,pressure,1426.314821488,1779490271.562385,0.5882687077842602,,11.033588473032527,psi,,hardware
CC-PT,pressure,1426.318757834,1779490271.5663214,0.30975822326638974,,-23.780222091701283,psi,,hardware
LF-PT,pressure,1426.322192226,1779490271.5697558,0.2685159764904948,,-28.93550293868815,psi,,hardware
FM-PT,pressure,1426.325604822,1779490271.5731688,0.694746457904155,,24.343307238019378,psi,,hardware
WM-PT,pressure,1426.329002456,1779490271.576566,0.5379886076436767,,4.748575955459591,psi,,hardware
FT-PT,pressure,1426.332418755,1779490271.5799823,0.9759629936174147,,59.49537420217683,psi,,hardware
FI-PT,pressure,1426.335868331,1779490271.583432,0.5885488496481002,,11.068606206012522,psi,,hardware
CC-PT,pressure,1426.339250003,1779490271.5868137,0.30973736163823146,,-23.78282979522107,psi,,hardware
LF-PT,pressure,1426.342670025,1779490271.5902333,0.2684861741645544,,-28.9392282294307,psi,,hardware
FM-PT,pressure,1426.346051326,1779490271.5936148,0.694466912086834,,24.30836401085425,psi,,hardware
WM-PT,pressure,1426.349984154,1779490271.597548,0.5380327150860685,,4.754089385758567,psi,,hardware
FT-PT,pressure,1426.353404491,1779490271.600968,0.9758706064069994,,59.483825800874925,psi,,hardware
FI-PT,pressure,1426.356850678,1779490271.6044142,0.5887377963945624,,11.092224549320296,psi,,hardware
CC-PT,pressure,1426.360323437,1779490271.6078868,0.3098422658255417,,-23.76971677180729,psi,,hardware
LF-PT,pressure,1426.363731311,1779490271.611295,0.26848975044366724,,-28.938781194541594,psi,,hardware
FM-PT,pressure,1426.367066986,1779490271.6146307,0.6940407388258861,,24.255092353235767,psi,,hardware
WM-PT,pressure,1426.37049534,1779490271.6180587,0.5380124495044291,,4.751556188053632,psi,,hardware
FT-PT,pressure,1426.373915973,1779490271.6214795,0.975797292685186,,59.47466158564825,psi,,hardware
FI-PT,pressure,1426.37733331,1779490271.624897,0.5889988647698003,,11.124858096225044,psi,,hardware
CC-PT,pressure,1426.380637097,1779490271.6282008,0.30994836210588955,,-23.756454736763807,psi,,hardware
LF-PT,pressure,1426.384036286,1779490271.6316,0.26858452184015774,,-28.92693476998028,psi,,hardware
FM-PT,pressure,1426.387411699,1779490271.6349752,0.6939924590578627,,24.249057382232834,psi,,hardware
WM-PT,pressure,1426.394727236,1779490271.6422918,0.5381334469477471,,4.76668086846839,psi,,hardware
LF-PT,pressure,1426.398160553,1779490271.645724,0.26875260695846165,,-28.905924130192293,psi,,hardware
FT-PT,pressure,1426.401617703,1779490271.6491811,0.9757299394285607,,59.466242428570084,psi,,hardware
FI-PT,pressure,1426.405111887,1779490271.6526754,0.5892384754703612,,11.154809433795155,psi,,hardware
CC-PT,pressure,1426.408460561,1779490271.656024,0.30988220094230184,,-23.76472488221227,psi,,hardware
LF-PT,pressure,1426.411874194,1779490271.659438,0.2687627397492814,,-28.904657531339826,psi,,hardware
FM-PT,pressure,1426.415319918,1779490271.6628833,0.693640195565247,,24.20502444565588,psi,,hardware
WM-PT,pressure,1426.418628057,1779490271.6661916,0.5381823227622894,,4.7727903452861735,psi,,hardware
FT-PT,pressure,1426.422025209,1779490271.6695886,0.9756339759390326,,59.45424699237907,psi,,hardware
FI-PT,pressure,1426.425353754,1779490271.6729174,0.5894762980313657,,11.184537253920713,psi,,hardware
CC-PT,pressure,1426.428738593,1779490271.6763022,0.30997876047834877,,-23.752654940206405,psi,,hardware
LF-PT,pressure,1426.432168503,1779490271.679732,0.26874843463283,,-28.90644567089625,psi,,hardware
FM-PT,pressure,1426.435578081,1779490271.6831417,0.6932432285837208,,24.1554035729651,psi,,hardware
WM-PT,pressure,1426.439615718,1779490271.6871798,0.538289015089156,,4.7861268861445065,psi,,hardware
FT-PT,pressure,1426.443041591,1779490271.6906054,0.9754945010536314,,59.43681263170393,psi,,hardware
FI-PT,pressure,1426.446509499,1779490271.6940734,0.5896890866385802,,11.211135829822528,psi,,hardware
CC-PT,pressure,1426.450009961,1779490271.6975737,0.3100765121074333,,-23.740435986570837,psi,,hardware
LF-PT,pressure,1426.45344126,1779490271.7010047,0.2687126718417015,,-28.91091601978731,psi,,hardware
FM-PT,pressure,1426.456860467,1779490271.7044241,0.6929648748594374,,24.12060935742967,psi,,hardware
WM-PT,pressure,1426.460263267,1779490271.7078269,0.5383253739268034,,4.790671740850419,psi,,hardware
FT-PT,pressure,1426.463700862,1779490271.7112644,0.9754503936112396,,59.431299201404954,psi,,hardware
FI-PT,pressure,1426.46975491,1779490271.7173197,0.5898798215245988,,11.234977690574855,psi,,hardware
CC-PT,pressure,1426.473212023,1779490271.7207756,0.3100383651302296,,-23.745204358721303,psi,,hardware
LF-PT,pressure,1426.476600176,1779490271.7241638,0.2687275730046717,,-28.909053374416036,psi,,hardware
FM-PT,pressure,1426.480053103,1779490271.7276165,0.6926227441576415,,24.077843019705185,psi,,hardware
WM-PT,pressure,1426.483525122,1779490271.7310886,0.5385822699764097,,4.82278374705121,psi,,hardware
FT-PT,pressure,1426.486959884,1779490271.7345233,0.9757442445450121,,59.46803056812651,psi,,hardware
FI-PT,pressure,1426.493359525,1779490271.740924,0.5901134717599716,,11.264183969996456,psi,,hardware
CC-PT,pressure,1426.496920168,1779490271.744484,0.3100085628042892,,-23.748929649463854,psi,,hardware
LF-PT,pressure,1426.500433167,1779490271.747997,0.2686405502129257,,-28.919931223384285,psi,,hardware
FM-PT,pressure,1426.503962479,1779490271.751526,0.6922466388042735,,24.03082985053419,psi,,hardware
WM-PT,pressure,1426.507452589,1779490271.755016,0.538646643000441,,4.83083037505512,psi,,hardware
FT-PT,pressure,1426.510993216,1779490271.7585566,0.9756184787295435,,59.45230984119294,psi,,hardware
FI-PT,pressure,1426.51453449,1779490271.7620978,0.5903322208323742,,11.291527604046781,psi,,hardware
CC-PT,pressure,1426.517965511,1779490271.7655292,0.3102070462950523,,-23.724119213118463,psi,,hardware
LF-PT,pressure,1426.521461788,1779490271.7690253,0.2685296855604274,,-28.933789304946576,psi,,hardware
FM-PT,pressure,1426.524967843,1779490271.7725313,0.691921793451523,,23.990224181440382,psi,,hardware
WM-PT,pressure,1426.528400401,1779490271.775964,0.5387354539317434,,4.841931741467922,psi,,hardware
FT-PT,pressure,1426.532408854,1779490271.7799723,0.9755344361703916,,59.44180452129895,psi,,hardware
FI-PT,pressure,1426.53588591,1779490271.7834494,0.590606402231026,,11.325800278878251,psi,,hardware
CC-PT,pressure,1426.539348781,1779490271.7869124,0.3102374446675115,,-23.72031941656106,psi,,hardware
LF-PT,pressure,1426.542836725,1779490271.7904003,0.26854875904902925,,-28.931405118871343,psi,,hardware
FM-PT,pressure,1426.546356093,1779490271.7939196,0.691710792983865,,23.96384912298312,psi,,hardware
WM-PT,pressure,1426.549758801,1779490271.7973223,0.5388492988168357,,4.856162352104468,psi,,hardware
FT-PT,pressure,1426.553250023,1779490271.8008132,0.9754235715178933,,59.42794643973666,psi,,hardware
FI-PT,pressure,1426.556713727,1779490271.8042772,0.5907905806053377,,11.348822575667217,psi,,hardware
CC-PT,pressure,1426.560159025,1779490271.8077226,0.31029704931939234,,-23.71286883507596,psi,,hardware
LF-PT,pressure,1426.564455982,1779490271.8120203,0.2685535274211797,,-28.930809072352535,psi,,hardware
FM-PT,pressure,1426.56802807,1779490271.815592,0.6914085973988292,,23.926074674853652,psi,,hardware
WM-PT,pressure,1426.57139415,1779490271.8189578,0.5389083074221978,,4.863538427774719,psi,,hardware
FT-PT,pressure,1426.574826375,1779490271.82239,0.9753758877963886,,59.421985974548576,psi,,hardware
FI-PT,pressure,1426.578287561,1779490271.825851,0.5910665501435459,,11.38331876794324,psi,,hardware
CC-PT,pressure,1426.581690583,1779490271.8292542,0.3104091060649283,,-23.698861741883967,psi,,hardware
LF-PT,pressure,1426.584705497,1779490271.832269,0.2685386262582095,,-28.93267171772381,psi,,hardware
FM-PT,pressure,1426.588083484,1779490271.8356473,0.6909907687891447,,23.873846098643085,psi,,hardware
FT-PT,pressure,1426.595158607,1779490271.8427231,0.9753639668660125,,59.420495858251556,psi,,hardware
FI-PT,pressure,1426.598734547,1779490271.8462982,0.5913037766580316,,11.412972082253948,psi,,hardware
WM-PT,pressure,1426.602246434,1779490271.84981,0.5388224767234894,,4.852809590436172,psi,,hardware
CC-PT,pressure,1426.605675252,1779490271.853239,0.31037751559943144,,-23.70281055007107,psi,,hardware
LF-PT,pressure,1426.609215841,1779490271.8567793,0.2687436662606795,,-28.90704171741506,psi,,hardware
FT-PT,pressure,1426.612753579,1779490271.860317,0.9750349491876303,,59.37936864845379,psi,,hardware
FM-PT,pressure,1426.616245837,1779490271.8638093,0.6911522973957417,,23.894037174467712,psi,,hardware
FI-PT,pressure,1426.619731948,1779490271.8672953,0.5913514603795362,,11.41893254744203,psi,,hardware
WM-PT,pressure,1426.623794658,1779490271.8713584,0.5388564513750614,,4.85705642188268,psi,,hardware
CC-PT,pressure,1426.627244456,1779490271.8748078,0.3104526174608013,,-23.693422817399842,psi,,hardware
LF-PT,pressure,1426.630800507,1779490271.8783638,0.26867929323664824,,-28.91508834541897,psi,,hardware
FT-PT,pressure,1426.634241805,1779490271.8818054,0.974852558952875,,59.35656986910938,psi,,hardware
FM-PT,pressure,1426.637722528,1779490271.885286,0.6913072694906318,,23.913408686328978,psi,,hardware
FI-PT,pressure,1426.64126445,1779490271.8888278,0.5913437117747917,,11.417963971848966,psi,,hardware
WM-PT,pressure,1426.644709082,1779490271.8922727,0.5389154599804235,,4.864432497552931,psi,,hardware
CC-PT,pressure,1426.648142158,1779490271.895706,0.3104758632750348,,-23.690517090620652,psi,,hardware
LF-PT,pressure,1426.651618085,1779490271.8991816,0.2686846576553175,,-28.91441779308531,psi,,hardware
FT-PT,pressure,1426.655046198,1779490271.9026096,0.9746713608111574,,59.33392010139467,psi,,hardware
FM-PT,pressure,1426.661147707,1779490271.908712,0.6912870039089923,,23.910875488624043,psi,,hardware
FI-PT,pressure,1426.664617004,1779490271.9121804,0.5914742459624107,,11.43428074530134,psi,,hardware
WM-PT,pressure,1426.667972325,1779490271.915536,0.5389583753297776,,4.869796916222205,psi,,hardware
CC-PT,pressure,1426.671437456,1779490271.9190009,0.3105628860667808,,-23.679639241652403,psi,,hardware
LF-PT,pressure,1426.674825535,1779490271.922389,0.26878896579610895,,-28.90137927548638,psi,,hardware
FT-PT,pressure,1426.678287554,1779490271.9258509,0.9743995635985808,,59.2999454498226,psi,,hardware
FM-PT,pressure,1426.681695706,1779490271.9292593,0.6914294590269875,,23.928682378373438,psi,,hardware
FI-PT,pressure,1426.685780118,1779490271.9333434,0.5918044557338304,,11.475556966728806,psi,,hardware
WM-PT,pressure,1426.692534241,1779490271.9400985,0.5388945983522652,,4.861824794033145,psi,,hardware
CC-PT,pressure,1426.696337946,1779490271.943902,0.3104842079262981,,-23.689474009212738,psi,,hardware
LF-PT,pressure,1426.699777503,1779490271.947341,0.2686989627717689,,-28.912629653528885,psi,,hardware
FT-PT,pressure,1426.703142139,1779490271.950706,0.9743036001090527,,59.28795001363159,psi,,hardware
FM-PT,pressure,1426.706606881,1779490271.9541705,0.6914634336785596,,23.932929209819946,psi,,hardware
FI-PT,pressure,1426.71003905,1779490271.9576023,0.5918515434088163,,11.481442926102037,psi,,hardware
WM-PT,pressure,1426.713428425,1779490271.960992,0.538926188817762,,4.86577360222025,psi,,hardware
CC-PT,pressure,1426.717441674,1779490271.9650054,0.31051043397312567,,-23.686195753359293,psi,,hardware
LF-PT,pressure,1426.720984578,1779490271.968548,0.2687335334698598,,-28.908308316267526,psi,,hardware
FT-PT,pressure,1426.724521464,1779490271.9720852,0.9740538566176721,,59.25673207720901,psi,,hardware
FM-PT,pressure,1426.727965059,1779490271.9755287,0.6915188660048087,,23.93985825060109,psi,,hardware
FI-PT,pressure,1426.731525073,1779490271.9790885,0.5920112838758569,,11.501410484482111,psi,,hardware
WM-PT,pressure,1426.735018072,1779490271.9825819,0.5389398978876946,,4.867487235961823,psi,,hardware
CC-PT,pressure,1426.738105538,1779490271.9856691,0.31065527327719605,,-23.668090840350494,psi,,hardware
LF-PT,pressure,1426.741657923,1779490271.9892213,0.26863458974773763,,-28.920676281532796,psi,,hardware
FT-PT,pressure,1426.745765612,1779490271.993329,0.9738899438249998,,59.23624297812498,psi,,hardware
FM-PT,pressure,1426.749271036,1779490271.9968345,0.6916499962389465,,23.956249529868316,psi,,hardware
FI-PT,pressure,1426.752763202,1779490272.0003266,0.5921495666682204,,11.518695833527548,psi,,hardware
WM-PT,pressure,1426.756285848,1779490272.0038493,0.5389679120740786,,4.870989009259821,psi,,hardware
CC-PT,pressure,1426.759721054,1779490272.0072844,0.31070534118477594,,-23.66183235190301,psi,,hardware
LF-PT,pressure,1426.76316726,1779490272.0107307,0.26862743718951193,,-28.921570351311008,psi,,hardware
FT-PT,pressure,1426.766690888,1779490272.0142543,0.9736235110310926,,59.20293887888657,psi,,hardware
FM-PT,pressure,1426.77012615,1779490272.0176897,0.6916958918208947,,23.961986477611845,psi,,hardware
FI-PT,pressure,1426.773672832,1779490272.0212362,0.5921167841096859,,11.514598013710742,psi,,hardware
WM-PT,pressure,1426.777194515,1779490272.0247583,0.5390233444003277,,4.877918050040966,psi,,hardware
CC-PT,pressure,1426.780654998,1779490272.0282183,0.31077031025532603,,-23.653711218084247,psi,,hardware
LF-PT,pressure,1426.784076927,1779490272.0316403,0.26871028765562627,,-28.911214043046716,psi,,hardware
FT-PT,pressure,1426.787501393,1779490272.035065,0.9736789433573417,,59.209867919667715,psi,,hardware
FM-PT,pressure,1426.794023732,1779490272.0415883,0.691754304379738,,23.969288047467245,psi,,hardware
LF-PT,pressure,1426.79754573,1779490272.0451095,0.26892009603024675,,-28.884987996219156,psi,,hardware
FI-PT,pressure,1426.801025045,1779490272.0485885,0.5920619478299556,,11.507743478744448,psi,,hardware
WM-PT,pressure,1426.804509989,1779490272.0520737,0.5388892339335959,,4.861154241699486,psi,,hardware
CC-PT,pressure,1426.808537627,1779490272.0561013,0.31055334932247985,,-23.68083133469002,psi,,hardware
LF-PT,pressure,1426.812072328,1779490272.0596356,0.269099506032408,,-28.862561745948998,psi,,hardware
FT-PT,pressure,1426.816166574,1779490272.06373,0.6917632450775201,,23.97040563469001,psi,,hardware
FM-PT,pressure,1426.820479826,1779490272.0680435,0.6920743813603379,,24.009297670042244,psi,,hardware
FI-PT,pressure,1426.823847314,1779490272.0714107,0.5921293010865809,,11.516162635822614,psi,,hardware
WM-PT,pressure,1426.827269669,1779490272.0748332,0.5390769885870205,,4.884623573377558,psi,,hardware
CC-PT,pressure,1426.830569049,1779490272.0781324,0.3106081856022102,,-23.673976799723725,psi,,hardware
LF-PT,pressure,1426.834021866,1779490272.0815852,0.26911619533493464,,-28.86047558313317,psi,,hardware
FT-PT,pressure,1426.837473701,1779490272.085037,0.9731204477692185,,59.14005597115231,psi,,hardware
FM-PT,pressure,1426.840912833,1779490272.0884764,0.6920791497324884,,24.009893716561052,psi,,hardware
FI-PT,pressure,1426.844380352,1779490272.091944,0.5922032108549131,,11.52540135686414,psi,,hardware
WM-PT,pressure,1426.850453011,1779490272.0980172,0.538988177655718,,4.873522206964756,psi,,hardware
CC-PT,pressure,1426.853896346,1779490272.10146,0.3106236828116992,,-23.6720396485376,psi,,hardware
LF-PT,pressure,1426.857382439,1779490272.104946,0.2690333448688203,,-28.87083189139746,psi,,hardware
FT-PT,pressure,1426.860892197,1779490272.1084557,0.9729922977676747,,59.12403722095934,psi,,hardware
FM-PT,pressure,1426.864395733,1779490272.111959,0.6922776332232515,,24.034704152906443,psi,,hardware
FI-PT,pressure,1426.867815329,1779490272.1153786,0.5922991743444412,,11.537396793055155,psi,,hardware
WM-PT,pressure,1426.871275053,1779490272.1188385,0.5390328811446287,,4.879110143078583,psi,,hardware
CC-PT,pressure,1426.874770848,1779490272.1223342,0.3107530249062806,,-23.655871886714927,psi,,hardware
LF-PT,pressure,1426.878186759,1779490272.12575,0.2690846048694378,,-28.864424391320274,psi,,hardware
FT-PT,pressure,1426.881631539,1779490272.129195,0.9727479186949634,,59.09348983687042,psi,,hardware
FM-PT,pressure,1426.884973399,1779490272.1325371,0.692372404619742,,24.046550577467755,psi,,hardware
FI-PT,pressure,1426.891236899,1779490272.138801,0.5923057308561481,,11.538216357018516,psi,,hardware
WM-PT,pressure,1426.895731883,1779490272.1432965,0.5390823530056897,,4.8852941257112175,psi,,hardware
CC-PT,pressure,1426.89914335,1779490272.146707,0.3106302393234061,,-23.671220084574237,psi,,hardware
LF-PT,pressure,1426.903177617,1779490272.1507413,0.26891949998372794,,-28.885062502034007,psi,,hardware
FT-PT,pressure,1426.906714947,1779490272.1542785,0.9725011554361768,,59.062644429522095,psi,,hardware
FM-PT,pressure,1426.910180115,1779490272.1577437,0.6926483741579502,,24.08104676974378,psi,,hardware
FI-PT,pressure,1426.913636839,1779490272.1612,0.5924368610902859,,11.554607636285741,psi,,hardware
WM-PT,pressure,1426.91774725,1779490272.1653109,0.5391598390531348,,4.89497988164185,psi,,hardware
CC-PT,pressure,1426.921247638,1779490272.1688113,0.3107524288597618,,-23.655946392529778,psi,,hardware
LF-PT,pressure,1426.924723324,1779490272.1722867,0.26894811021663073,,-28.881486222921158,psi,,hardware
FT-PT,pressure,1426.928227193,1779490272.1757905,0.9723777738067835,,59.04722172584793,psi,,hardware
FM-PT,pressure,1426.931633549,1779490272.1791968,0.6927824846246821,,24.09781057808526,psi,,hardware
FI-PT,pressure,1426.935084569,1779490272.1826482,0.5925834885339127,,11.572936066739093,psi,,hardware
WM-PT,pressure,1426.938562885,1779490272.1861262,0.5392456697518432,,4.905708718980398,psi,,hardware
CC-PT,pressure,1426.943260561,1779490272.190825,0.3107023609521819,,-23.662204880977264,psi,,hardware
LF-PT,pressure,1426.947181112,1779490272.194745,0.26888492928563706,,-28.889383839295366,psi,,hardware
FT-PT,pressure,1426.950567728,1779490272.1981316,0.9721894231068401,,59.02367788835501,psi,,hardware
FM-PT,pressure,1426.953975399,1779490272.2015388,0.6927550664848169,,24.09438331060211,psi,,hardware
FI-PT,pressure,1426.957398939,1779490272.2049625,0.5926842203955913,,11.585527549448916,psi,,hardware
WM-PT,pressure,1426.960911549,1779490272.2084754,0.5393076585897992,,4.913457323724904,psi,,hardware
CC-PT,pressure,1426.964343866,1779490272.2119074,0.3107911718834843,,-23.65110351456446,psi,,hardware
LF-PT,pressure,1426.967674467,1779490272.2152379,0.2688956581229756,,-28.888042734628048,psi,,hardware
FT-PT,pressure,1426.971094674,1779490272.2186582,0.9719694819413999,,58.99618524267498,psi,,hardware
FM-PT,pressure,1426.974413535,1779490272.221977,0.6928462616021945,,24.105782700274318,psi,,hardware
FI-PT,pressure,1426.977831465,1779490272.225395,0.5927342883031712,,11.591786037896401,psi,,hardware
WM-PT,pressure,1426.981209378,1779490272.2287729,0.5392784523103776,,4.909806538797204,psi,,hardware
CC-PT,pressure,1426.984620382,1779490272.2321837,0.31087998281478674,,-23.64000214815166,psi,,hardware
LF-PT,pressure,1426.988058699,1779490272.2356222,0.2687937341682594,,-28.900783228967573,psi,,hardware
FT-PT,pressure,1426.995823675,1779490272.2433882,0.9718419279863749,,58.980240998296864,psi,,hardware
FM-PT,pressure,1426.999394948,1779490272.2469585,0.6928224197414422,,24.102802467680277,psi,,hardware
FI-PT,pressure,1427.002907095,1779490272.2504709,0.5928588620256021,,11.607357753200265,psi,,hardware
WM-PT,pressure,1427.006309599,1779490272.253873,0.539286796961641,,4.910849620205118,psi,,hardware
CC-PT,pressure,1427.009706826,1779490272.2572706,0.3111124409571219,,-23.61094488035976,psi,,hardware
LF-PT,pressure,1427.013128126,1779490272.2606914,0.2688092313777484,,-28.898846077781446,psi,,hardware
FT-PT,pressure,1427.016530853,1779490272.264094,0.9715576137969033,,58.94470172461291,psi,,hardware
FM-PT,pressure,1427.019925191,1779490272.2674885,0.6929028860214813,,24.112860752685165,psi,,hardware
FI-PT,pressure,1427.023341157,1779490272.2709045,0.592877935514204,,11.609741939275498,psi,,hardware
WM-PT,pressure,1427.02672744,1779490272.2742913,0.5393696474277553,,4.92120592846941,psi,,hardware
CC-PT,pressure,1427.030122945,1779490272.2776864,0.3111410511900247,,-23.60736860124691,psi,,hardware
LF-PT,pressure,1427.033577576,1779490272.281141,0.2687770448657328,,-28.9028693917834,psi,,hardware
FT-PT,pressure,1427.036976785,1779490272.2845404,0.9714533056561119,,58.93166320701398,psi,,hardware
FM-PT,pressure,1427.042959393,1779490272.290524,0.692950569742986,,24.118821217873247,psi,,hardware
FI-PT,pressure,1427.046536314,1779490272.2941003,0.5930108538878982,,11.626356735987276,psi,,hardware
WM-PT,pressure,1427.050062719,1779490272.2976263,0.5392933534733478,,4.911669184168479,psi,,hardware
CC-PT,pressure,1427.053579476,1779490272.301143,0.31117323770204036,,-23.603345287244956,psi,,hardware
LF-PT,pressure,1427.057050422,1779490272.3046138,0.2689957939381354,,-28.875525757733076,psi,,hardware
FT-PT,pressure,1427.06051696,1779490272.3080804,0.9711892570482799,,58.89865713103498,psi,,hardware
FM-PT,pressure,1427.063976202,1779490272.3115396,0.6930316320695439,,24.128954008692986,psi,,hardware
FI-PT,pressure,1427.067575881,1779490272.3151395,0.5930472127255455,,11.630901590693188,psi,,hardware
WM-PT,pressure,1427.071048567,1779490272.3186119,0.539379780218575,,4.922472527321878,psi,,hardware
CC-PT,pressure,1427.074566417,1779490272.32213,0.3112215174700638,,-23.597310316242023,psi,,hardware
LF-PT,pressure,1427.078026437,1779490272.3255901,0.26892188416980317,,-28.884764478774603,psi,,hardware
FT-PT,pressure,1427.081492882,1779490272.3290567,0.9709866012318851,,58.87332515398563,psi,,hardware
FM-PT,pressure,1427.085554444,1779490272.3331182,0.6932986609099699,,24.162332613746244,psi,,hardware
LF-PT,pressure,1427.092803077,1779490272.3403673,0.26929083696494543,,-28.83864537938182,psi,,hardware
FI-PT,pressure,1427.097197992,1779490272.344762,0.5929423085382353,,11.617788567279408,psi,,hardware
WM-PT,pressure,1427.100721157,1779490272.348285,0.5393160032410625,,4.914500405132818,psi,,hardware
CC-PT,pressure,1427.10417401,1779490272.3517382,0.3111189974688288,,-23.6101253163964,psi,,hardware
LF-PT,pressure,1427.108278237,1779490272.3558419,0.2693975292918121,,-28.825308838523487,psi,,hardware
FT-PT,pressure,1427.111708277,1779490272.359272,0.9709937537901108,,58.874219223763845,psi,,hardware
FM-PT,pressure,1427.115072135,1779490272.3626359,0.6933475367245122,,24.168442090564028,psi,,hardware
FI-PT,pressure,1427.118465121,1779490272.3660285,0.5929327717939343,,11.616596474241792,psi,,hardware
WM-PT,pressure,1427.121867366,1779490272.3694313,0.5393344806831456,,4.9168100853932,psi,,hardware
CC-PT,pressure,1427.125258038,1779490272.3728216,0.3111958874697551,,-23.600514066280617,psi,,hardware
LF-PT,pressure,1427.128651302,1779490272.3762147,0.2693337523142996,,-28.833280960712546,psi,,hardware
FT-PT,pressure,1427.132062676,1779490272.3796263,0.9708197082066188,,58.852463525827346,psi,,hardware
FM-PT,pressure,1427.135451015,1779490272.3830147,0.6934291950975889,,24.178649387198618,psi,,hardware
FI-PT,pressure,1427.138880573,1779490272.386444,0.5929476729569045,,11.618459119613068,psi,,hardware
WM-PT,pressure,1427.142274726,1779490272.3898382,0.5394435571960875,,4.930444649510937,psi,,hardware
CC-PT,pressure,1427.14567112,1779490272.3932347,0.3113091363083287,,-23.586357961458916,psi,,hardware
LF-PT,pressure,1427.149107715,1779490272.3966713,0.26937189929150335,,-28.82851258856208,psi,,hardware
FT-PT,pressure,1427.15250696,1779490272.4000707,0.9705133402959514,,58.81416753699392,psi,,hardware
FM-PT,pressure,1427.155903613,1779490272.4034672,0.693404161143799,,24.175520142974875,psi,,hardware
FI-PT,pressure,1427.15931771,1779490272.406881,0.5931676141223448,,11.645951765293095,psi,,hardware
WM-PT,pressure,1427.162686623,1779490272.4102504,0.5393982576606581,,4.924782207582259,psi,,hardware
CC-PT,pressure,1427.166112774,1779490272.4136765,0.31127337351720014,,-23.590828310349984,psi,,hardware
LF-PT,pressure,1427.169558814,1779490272.4171224,0.2692956053370959,,-28.83804933286301,psi,,hardware
FT-PT,pressure,1427.172955929,1779490272.4205194,0.9703303540146773,,58.79129425183466,psi,,hardware
FM-PT,pressure,1427.176957476,1779490272.4245212,0.6935013167263647,,24.187664590795592,psi,,hardware
FI-PT,pressure,1427.18050401,1779490272.4280677,0.5931515208663369,,11.643940108292117,psi,,hardware
WM-PT,pressure,1427.183966622,1779490272.43153,0.5394477295217192,,4.930966190214894,psi,,hardware
CC-PT,pressure,1427.187422031,1779490272.4349854,0.3116023911955823,,-23.549701100552213,psi,,hardware
LF-PT,pressure,1427.194458139,1779490272.4420223,0.2692652069646367,,-28.841849129420414,psi,,hardware
FT-PT,pressure,1427.197998802,1779490272.4455624,0.9702057802922464,,58.77572253653079,psi,,hardware
FM-PT,pressure,1427.201481173,1779490272.4490447,0.693509661377628,,24.188707672203506,psi,,hardware
FI-PT,pressure,1427.204964321,1779490272.4525278,0.5932343713324513,,11.65429641655641,psi,,hardware
LF-PT,pressure,1427.208393194,1779490272.4559565,0.269494088827859,,-28.81323889651762,psi,,hardware
WM-PT,pressure,1427.211877491,1779490272.459441,0.5393165992875814,,4.914574910947669,psi,,hardware
CC-PT,pressure,1427.215391471,1779490272.462955,0.3115058316595354,,-23.561771042558078,psi,,hardware
FT-PT,pressure,1427.218842547,1779490272.466406,0.9700370991274236,,58.754637390927954,psi,,hardware
FM-PT,pressure,1427.222356452,1779490272.46992,0.6935144297497785,,24.189303718722314,psi,,hardware
FI-PT,pressure,1427.22575979,1779490272.4733233,0.5932856313330688,,11.660703916633597,psi,,hardware
LF-PT,pressure,1427.229204866,1779490272.4767683,0.26964310045756107,,-28.794612442804866,psi,,hardware
WM-PT,pressure,1427.235169623,1779490272.4827337,0.53907222021487,,4.88402752685875,psi,,hardware
CC-PT,pressure,1427.238233257,1779490272.4857972,0.3115648402648974,,-23.554394966887827,psi,,hardware
FT-PT,pressure,1427.241750218,1779490272.4893138,0.9698022567990132,,58.72528209987665,psi,,hardware
FM-PT,pressure,1427.245156278,1779490272.49272,0.6935698620760277,,24.19623275950346,psi,,hardware
FI-PT,pressure,1427.248582189,1779490272.496146,0.5935538522665325,,11.694231533316557,psi,,hardware
LF-PT,pressure,1427.252058745,1779490272.499622,0.2697027051094419,,-28.787161861319763,psi,,hardware
WM-PT,pressure,1427.255450083,1779490272.5030136,0.5389577792832588,,4.869722410407354,psi,,hardware
CC-PT,pressure,1427.258893752,1779490272.5064573,0.3115588797997093,,-23.555140025036337,psi,,hardware
FT-PT,pressure,1427.262233185,1779490272.5097969,0.9696717226113942,,58.70896532642428,psi,,hardware
FM-PT,pressure,1427.265677928,1779490272.5132415,0.6935090653311092,,24.188633166388655,psi,,hardware
FI-PT,pressure,1427.269637459,1779490272.5172012,0.5936873666867455,,11.710920835843186,psi,,hardware
LF-PT,pressure,1427.273046389,1779490272.5206099,0.2698862874372348,,-28.76421407034565,psi,,hardware
WM-PT,pressure,1427.276489002,1779490272.5240524,0.5388415502120912,,4.855193776511404,psi,,hardware
CC-PT,pressure,1427.279825954,1779490272.5273895,0.31170669933637374,,-23.536662582953284,psi,,hardware
FT-PT,pressure,1427.283238995,1779490272.530803,0.9695239030747298,,58.69048788434122,psi,,hardware
FM-PT,pressure,1427.286694774,1779490272.5342581,0.6938911311496653,,24.23639139370816,psi,,hardware
FI-PT,pressure,1427.293474747,1779490272.541039,0.593723129477874,,11.715391184734248,psi,,hardware
LF-PT,pressure,1427.296933823,1779490272.5444975,0.2699822509267629,,-28.752218634154634,psi,,hardware
FT-PT,pressure,1427.300325828,1779490272.5478897,0.9692687951646799,,58.658599395584986,psi,,hardware
WM-PT,pressure,1427.303738406,1779490272.551302,0.5390352653307039,,4.879408166337987,psi,,hardware
CC-PT,pressure,1427.30715241,1779490272.554716,0.31158450980001806,,-23.551936274997743,psi,,hardware
LF-PT,pressure,1427.310579283,1779490272.5581427,0.2699822509267629,,-28.752218634154634,psi,,hardware
FM-PT,pressure,1427.314000249,1779490272.5615637,0.6935007206798459,,24.18759008498074,psi,,hardware
FI-PT,pressure,1427.31730287,1779490272.5648665,0.5938453190142297,,11.730664876778707,psi,,hardware
FT-PT,pressure,1427.321661824,1779490272.5692253,0.9692670070251235,,58.65837587814043,psi,,hardware
WM-PT,pressure,1427.325090123,1779490272.5726535,0.5392689155660767,,4.9086144457595875,psi,,hardware
CC-PT,pressure,1427.328581771,1779490272.5761454,0.31159762282343184,,-23.55029714707102,psi,,hardware
LF-PT,pressure,1427.331989275,1779490272.5795524,0.27003410697389924,,-28.745736628262595,psi,,hardware
FM-PT,pressure,1427.335452535,1779490272.5830162,0.6931883923039904,,24.148549037998805,psi,,hardware
FI-PT,pressure,1427.338771174,1779490272.586335,0.5938280336651842,,11.728504208148028,psi,,hardware
FT-PT,pressure,1427.342232879,1779490272.5897963,0.9691948853963477,,58.64936067454346,psi,,hardware
WM-PT,pressure,1427.345721953,1779490272.5932853,0.5394536899869072,,4.9317112483634045,psi,,hardware
CC-PT,pressure,1427.349181695,1779490272.5967453,0.3116804732895462,,-23.53994083880673,psi,,hardware
LF-PT,pressure,1427.352713285,1779490272.6002767,0.26988271115812196,,-28.764661105234755,psi,,hardware
FM-PT,pressure,1427.356228061,1779490272.6037917,0.6928069225319532,,24.10086531649415,psi,,hardware
FI-PT,pressure,1427.360227515,1779490272.6077912,0.5939245932012311,,11.740574150153893,psi,,hardware
FT-PT,pressure,1427.363696664,1779490272.61126,0.9690935574881503,,58.636694686018785,psi,,hardware
WM-PT,pressure,1427.367135648,1779490272.6146994,0.5397666144092815,,4.970826801160191,psi,,hardware
CC-PT,pressure,1427.370579743,1779490272.6181433,0.3116906060803659,,-23.53867423995426,psi,,hardware
LF-PT,pressure,1427.373891197,1779490272.621455,0.2700388753460497,,-28.745140581743787,psi,,hardware
FM-PT,pressure,1427.377355938,1779490272.6249197,0.6924332013646605,,24.05415017058256,psi,,hardware
FI-PT,pressure,1427.380815329,1779490272.6283789,0.5940533392492937,,11.756667406161714,psi,,hardware
FT-PT,pressure,1427.384321716,1779490272.631885,0.9691233598140907,,58.640419976761336,psi,,hardware
WM-PT,pressure,1427.387832882,1779490272.6353962,0.5398756909222234,,4.984461365277928,psi,,hardware
CC-PT,pressure,1427.394268466,1779490272.6418333,0.31171325584808063,,-23.535843018989922,psi,,hardware
LF-PT,pressure,1427.397724263,1779490272.645288,0.2699935758106203,,-28.750803023672464,psi,,hardware
FM-PT,pressure,1427.4011426,1779490272.648706,0.6919617285682832,,23.9952160710354,psi,,hardware
FI-PT,pressure,1427.404562993,1779490272.6521266,0.5940992348312419,,11.762404353905243,psi,,hardware
FT-PT,pressure,1427.407882113,1779490272.6554456,0.9694833719114508,,58.685421488931354,psi,,hardware
WM-PT,pressure,1427.411312319,1779490272.6588757,0.540221993949651,,5.027749243706372,psi,,hardware
CC-PT,pressure,1427.417176137,1779490272.6647406,0.3116602077079067,,-23.542474036511663,psi,,hardware
LF-PT,pressure,1427.420841591,1779490272.6684053,0.2699721181359432,,-28.7534852330071,psi,,hardware
FM-PT,pressure,1427.424356163,1779490272.6719198,0.6917495360075875,,23.968692000948437,psi,,hardware
FI-PT,pressure,1427.427887698,1779490272.675451,0.5941373818084457,,11.767172726055708,psi,,hardware
FT-PT,pressure,1427.43139877,1779490272.6789625,0.9694863521440449,,58.68579401800561,psi,,hardware
WM-PT,pressure,1427.434903473,1779490272.6824667,0.5404824662783702,,5.060308284796269,psi,,hardware
CC-PT,pressure,1427.438304403,1779490272.6858678,0.31172279259238156,,-23.534650925952306,psi,,hardware
LF-PT,pressure,1427.441756775,1779490272.68932,0.2699584090660106,,-28.755198866748675,psi,,hardware
FM-PT,pressure,1427.445150299,1779490272.6927137,0.691334687630497,,23.916835953812125,psi,,hardware
FI-PT,pressure,1427.44858332,1779490272.696147,0.5942875855311853,,11.785948191398166,psi,,hardware
FT-PT,pressure,1427.452554535,1779490272.7001183,0.9694684707484806,,58.68355884356008,psi,,hardware
WM-PT,pressure,1427.456057071,1779490272.703621,0.5406857181412837,,5.085714767660468,psi,,hardware
CC-PT,pressure,1427.459341248,1779490272.706905,0.3117466344531339,,-23.531670693358265,psi,,hardware
LF-PT,pressure,1427.462673071,1779490272.7102368,0.26991012929798713,,-28.761233837751607,psi,,hardware
FM-PT,pressure,1427.466086038,1779490272.7136497,0.6910277236733108,,23.87846545916385,psi,,hardware
FI-PT,pressure,1427.469390066,1779490272.7169535,0.5943567269273671,,11.794590865920885,psi,,hardware
FT-PT,pressure,1427.472858864,1779490272.7204225,0.9693754874915466,,58.67193593644332,psi,,hardware
WM-PT,pressure,1427.476334679,1779490272.7238984,0.5409151960510249,,5.114399506378112,psi,,hardware
CC-PT,pressure,1427.479774718,1779490272.7273383,0.3117901458490069,,-23.52623176887414,psi,,hardware
LF-PT,pressure,1427.483147798,1779490272.7307112,0.2699351632517771,,-28.758104593527865,psi,,hardware
FM-PT,pressure,1427.486599781,1779490272.7341633,0.690974079486618,,23.871759935827257,psi,,hardware
FI-PT,pressure,1427.494101346,1779490272.741666,0.5943990462302025,,11.799880778775307,psi,,hardware
LF-PT,pressure,1427.497717876,1779490272.7452815,0.27011576534697596,,-28.735529331628005,psi,,hardware
FT-PT,pressure,1427.501262632,1779490272.7488263,0.9693820440032535,,58.67275550040668,psi,,hardware
WM-PT,pressure,1427.504794759,1779490272.7523584,0.54117268814715,,5.146586018393753,psi,,hardware
CC-PT,pressure,1427.508228206,1779490272.7557917,0.3116661681730948,,-23.541728978363153,psi,,hardware
LF-PT,pressure,1427.511702188,1779490272.759266,0.27021888139472977,,-28.722639825658778,psi,,hardware
FM-PT,pressure,1427.515213891,1779490272.7627773,0.6905783045981294,,23.822288074766178,psi,,hardware
FI-PT,pressure,1427.518654486,1779490272.766218,0.5944920294871365,,11.811503685892067,psi,,hardware
FT-PT,pressure,1427.52212706,1779490272.7696905,0.9693665467937644,,58.67081834922055,psi,,hardware
WM-PT,pressure,1427.525639596,1779490272.7732031,0.5413300444281154,,5.166255553514423,psi,,hardware
CC-PT,pressure,1427.52909482,1779490272.776658,0.3118151798027968,,-23.523102524650398,psi,,hardware
LF-PT,pressure,1427.532625002,1779490272.7801883,0.27017477395233797,,-28.728153255957753,psi,,hardware
FM-PT,pressure,1427.536134909,1779490272.783699,0.6902278292450702,,23.778478655633776,psi,,hardware
FI-PT,pressure,1427.539611965,1779490272.7871754,0.5945111029757384,,11.8138878719673,psi,,hardware
FT-PT,pressure,1427.543678323,1779490272.791242,0.969321247258335,,58.665155907291876,psi,,hardware
WM-PT,pressure,1427.547169285,1779490272.7947328,0.5415738274543079,,5.196728431788491,psi,,hardware
CC-PT,pressure,1427.550692228,1779490272.7982557,0.31183961771006796,,-23.520047786241506,psi,,hardware
LF-PT,pressure,1427.554147525,1779490272.8017108,0.2701926553479022,,-28.725918081512223,psi,,hardware
FM-PT,pressure,1427.558025893,1779490272.80559,0.6899703371489451,,23.746292143618135,psi,,hardware
FI-PT,pressure,1427.561427231,1779490272.8089907,0.594599317860522,,11.82491473256525,psi,,hardware
FT-PT,pressure,1427.565784315,1779490272.8133485,0.9693009816766955,,58.66262270958694,psi,,hardware
WM-PT,pressure,1427.569206781,1779490272.8167706,0.5418193986200569,,5.227424827507113,psi,,hardware
CC-PT,pressure,1427.572499365,1779490272.8200629,0.3118789567803093,,-23.515130402461338,psi,,hardware
LF-PT,pressure,1427.575950552,1779490272.8235137,0.270146759765954,,-28.73165502925575,psi,,hardware
FM-PT,pressure,1427.57944057,1779490272.8270042,0.689659796912646,,23.707474614080752,psi,,hardware
FI-PT,pressure,1427.582876017,1779490272.8304396,0.5946905129778997,,11.836314122237457,psi,,hardware
FT-PT,pressure,1427.586423903,1779490272.8339872,0.9696532451693112,,58.706655646163895,psi,,hardware
WM-PT,pressure,1427.593310222,1779490272.8408744,0.5420202662968953,,5.252533287111907,psi,,hardware
CC-PT,pressure,1427.596783445,1779490272.8443472,0.3119659795720553,,-23.50425255349309,psi,,hardware
LF-PT,pressure,1427.600255094,1779490272.8478189,0.27018013837100724,,-28.727482703624094,psi,,hardware
FM-PT,pressure,1427.603709799,1779490272.8512733,0.6895161497016132,,23.689518712701656,psi,,hardware
FI-PT,pressure,1427.609676834,1779490272.8572412,0.5947030299547946,,11.837878744349329,psi,,hardware
FT-PT,pressure,1427.613346509,1779490272.8609104,0.9696484767971607,,58.70605959964509,psi,,hardware
WM-PT,pressure,1427.616885488,1779490272.864449,0.5421519925775519,,5.268999072193983,psi,,hardware
CC-PT,pressure,1427.620403375,1779490272.867967,0.3118360414309551,,-23.52049482113061,psi,,hardware
LF-PT,pressure,1427.62390593,1779490272.8714693,0.27013722302165305,,-28.732847122293368,psi,,hardware
FM-PT,pressure,1427.62744876,1779490272.8750124,0.6891227589991998,,23.64034487489998,psi,,hardware
FI-PT,pressure,1427.630926501,1779490272.8784902,0.5948180669329246,,11.852258366615576,psi,,hardware
FT-PT,pressure,1427.634463628,1779490272.8820271,0.969684835634808,,58.710604454351,psi,,hardware
WM-PT,pressure,1427.638488692,1779490272.8860524,0.5423582246730595,,5.294778084132437,psi,,hardware
CC-PT,pressure,1427.641878234,1779490272.8894417,0.3119510784090851,,-23.506115198864364,psi,,hardware
LF-PT,pressure,1427.64529059,1779490272.892854,0.2702272260459931,,-28.721596744250864,psi,,hardware
FM-PT,pressure,1427.648663559,1779490272.8962271,0.688845597367954,,23.605699670994255,psi,,hardware
FI-PT,pressure,1427.652056712,1779490272.89962,0.5948889964686628,,11.861124558582848,psi,,hardware
FT-PT,pressure,1427.655468975,1779490272.9030323,0.9696031772617313,,58.70039715771641,psi,,hardware
WM-PT,pressure,1427.658938457,1779490272.9065018,0.542673533281509,,5.334191660188628,psi,,hardware
CC-PT,pressure,1427.662277539,1779490272.909841,0.3119385614321901,,-23.507679820976236,psi,,hardware
LF-PT,pressure,1427.665685562,1779490272.913249,0.270134242789059,,-28.733219651367623,psi,,hardware
FM-PT,pressure,1427.669096362,1779490272.9166596,0.6885022745731205,,23.562784321640066,psi,,hardware
FI-PT,pressure,1427.672506792,1779490272.9200702,0.5949927085629354,,11.874088570366926,psi,,hardware
FT-PT,pressure,1427.675911463,1779490272.923475,0.9696013891221749,,58.700173640271856,psi,,hardware
WM-PT,pressure,1427.679302708,1779490272.9268663,0.5428857258422047,,5.360715730275592,psi,,hardware
CC-PT,pressure,1427.682684214,1779490272.9302483,0.31195525073471675,,-23.505593658160407,psi,,hardware
LF-PT,pressure,1427.686031629,1779490272.9335952,0.2702564323254147,,-28.717945959323163,psi,,hardware
FM-PT,pressure,1427.692623241,1779490272.9401882,0.6880874261960299,,23.51092827450374,psi,,hardware
FI-PT,pressure,1427.696425224,1779490272.943989,0.595049929028741,,11.881241128592624,psi,,hardware
FT-PT,pressure,1427.699910724,1779490272.9474742,0.969579335400979,,58.69741692512237,psi,,hardware
WM-PT,pressure,1427.703328561,1779490272.950892,0.5430240086345682,,5.378001079321029,psi,,hardware
CC-PT,pressure,1427.706704419,1779490272.954268,0.3119010105015052,,-23.51237368731185,psi,,hardware
LF-PT,pressure,1427.710093239,1779490272.9576566,0.2702921951165432,,-28.713475610432102,psi,,hardware
FM-PT,pressure,1427.713492317,1779490272.961056,0.6877405271220836,,23.467565890260445,psi,,hardware
FI-PT,pressure,1427.716858305,1779490272.964422,0.5951053613549901,,11.888170169373769,psi,,hardware
FT-PT,pressure,1427.720338824,1779490272.9679024,0.9696353637737469,,58.704420471718365,psi,,hardware
WM-PT,pressure,1427.72382562,1779490272.9713893,0.5432689837537984,,5.408622969224799,psi,,hardware
CC-PT,pressure,1427.727979603,1779490272.9755433,0.3120082988748907,,-23.498962640638666,psi,,hardware
LF-PT,pressure,1427.731509656,1779490272.9790733,0.2702719295349037,,-28.716008808137037,psi,,hardware
FM-PT,pressure,1427.734990971,1779490272.9825547,0.6873876675829491,,23.42345844786864,psi,,hardware
FI-PT,pressure,1427.738602113,1779490272.986166,0.5951512569369384,,11.893907117117298,psi,,hardware
FT-PT,pressure,1427.742024042,1779490272.9895875,0.9695966207500244,,58.69957759375305,psi,,hardware
WM-PT,pressure,1427.745458063,1779490272.9930215,0.5435753516644658,,5.446918958058225,psi,,hardware
CC-PT,pressure,1427.748806663,1779490272.99637,0.3120524063172825,,-23.49344921033969,psi,,hardware
LF-PT,pressure,1427.752264516,1779490272.9998279,0.2703243816285588,,-28.709452296430147,psi,,hardware
FM-PT,pressure,1427.755746387,1779490273.0033097,0.687142692463719,,23.39283655796487,psi,,hardware
FI-PT,pressure,1427.759202315,1779490273.0067658,0.5951846355419916,,11.898079442748955,psi,,hardware
FT-PT,pressure,1427.76274122,1779490273.0103045,0.969597812843062,,58.69972660538275,psi,,hardware
WM-PT,pressure,1427.766245052,1779490273.0138085,0.5437195949220174,,5.464949365252172,psi,,hardware
CC-PT,pressure,1427.769691054,1779490273.0172544,0.31210187817834356,,-23.487265227707056,psi,,hardware
LF-PT,pressure,1427.773110836,1779490273.0206742,0.2703154409307767,,-28.710569883652912,psi,,hardware
FM-PT,pressure,1427.776589707,1779490273.0241532,0.6868059261805923,,23.350740772574042,psi,,hardware
FI-PT,pressure,1427.780023636,1779490273.0275872,0.5953562969394084,,11.91953711742605,psi,,hardware
FT-PT,pressure,1427.783478323,1779490273.0310419,0.9694851600510073,,58.68564500637591,psi,,hardware
WM-PT,pressure,1427.786890901,1779490273.0344546,0.5441708021367552,,5.521350267094396,psi,,hardware
CC-PT,pressure,1427.793234953,1779490273.0407994,0.3122443332963387,,-23.46945833795766,psi,,hardware
LF-PT,pressure,1427.798925244,1779490273.04649,0.27020934465042884,,-28.723831918696394,psi,,hardware
FT-PT,pressure,1427.802391579,1779490273.0499554,0.9692276679548821,,58.653458494360265,psi,,hardware
FM-PT,pressure,1427.805828081,1779490273.053392,0.6869120224609402,,23.364002807617524,psi,,hardware
FI-PT,pressure,1427.809310267,1779490273.0568738,0.5953557008928896,,11.919462611611198,psi,,hardware
LF-PT,pressure,1427.812828821,1779490273.0603921,0.2704912746538251,,-28.68859066827186,psi,,hardware
WM-PT,pressure,1427.816350801,1779490273.0639143,0.5440581493447004,,5.507268668087553,psi,,hardware
CC-PT,pressure,1427.820589594,1779490273.0681531,0.3122347965520378,,-23.470650430995278,psi,,hardware
FT-PT,pressure,1427.824507072,1779490273.0720706,0.9690840207438494,,58.63550259298117,psi,,hardware
FM-PT,pressure,1427.82797398,1779490273.0755377,0.6869471892055499,,23.368398650693734,psi,,hardware
FI-PT,pressure,1427.831433667,1779490273.0789971,0.5954462999637484,,11.930787495468554,psi,,hardware
LF-PT,pressure,1427.834871651,1779490273.0824354,0.27070585140059605,,-28.661768574925492,psi,,hardware
WM-PT,pressure,1427.838405982,1779490273.0859697,0.5439598016690971,,5.494975208637134,psi,,hardware
CC-PT,pressure,1427.841900241,1779490273.0894637,0.3122198953890676,,-23.472513076366553,psi,,hardware
FT-PT,pressure,1427.845362039,1779490273.0929255,0.9689612351609749,,58.62015439512186,psi,,hardware
FM-PT,pressure,1427.84888326,1779490273.0964468,0.686953149670738,,23.369143708842245,psi,,hardware
FI-PT,pressure,1427.852302726,1779490273.0998662,0.5955380911276449,,11.942261390955611,psi,,hardware
LF-PT,pressure,1427.855742951,1779490273.1033063,0.2708328093091022,,-28.645898836362225,psi,,hardware
WM-PT,pressure,1427.859162307,1779490273.1067262,0.5438215188767336,,5.477689859591697,psi,,hardware
CC-PT,pressure,1427.862574144,1779490273.1101377,0.3124535456244404,,-23.443306796944952,psi,,hardware
FT-PT,pressure,1427.865995444,1779490273.1135588,0.9687520228328732,,58.59400285410915,psi,,hardware
FM-PT,pressure,1427.869428632,1779490273.1169922,0.6869924887409793,,23.374061092622412,psi,,hardware
FI-PT,pressure,1427.872820841,1779490273.1203842,0.5955506081045399,,11.943826013067483,psi,,hardware
LF-PT,pressure,1427.876234512,1779490273.1237981,0.27097407233405973,,-28.628240958242532,psi,,hardware
WM-PT,pressure,1427.879611481,1779490273.1271749,0.543692772828671,,5.461596603583876,psi,,hardware
CC-PT,pressure,1427.882996357,1779490273.13056,0.312339700739348,,-23.457537407581498,psi,,hardware
FT-PT,pressure,1427.886400028,1779490273.1339636,0.9688628874853715,,58.60786093567144,psi,,hardware
FM-PT,pressure,1427.893419748,1779490273.1409843,0.686968646880227,,23.37108086002837,psi,,hardware
FI-PT,pressure,1427.896891231,1779490273.1444547,0.5955911392678188,,11.948892408477352,psi,,hardware
LF-PT,pressure,1427.900340474,1779490273.147904,0.27107003582358785,,-28.616245522051518,psi,,hardware
WM-PT,pressure,1427.90375557,1779490273.151319,0.543534224454668,,5.441778056833504,psi,,hardware
CC-PT,pressure,1427.907154408,1779490273.154718,0.3123152628320769,,-23.46059214599039,psi,,hardware
FT-PT,pressure,1427.911193601,1779490273.1587574,0.9687788449262196,,58.597355615777445,psi,,hardware
FM-PT,pressure,1427.914764597,1779490273.1623282,0.6871039494399964,,23.387993679999553,psi,,hardware
FI-PT,pressure,1427.918278059,1779490273.1658416,0.5956882948503845,,11.961036856298069,psi,,hardware
LF-PT,pressure,1427.921707099,1779490273.1692705,0.271181496522605,,-28.602312934674377,psi,,hardware
WM-PT,pressure,1427.925161323,1779490273.172725,0.5434156111974252,,5.426951399678151,psi,,hardware
CC-PT,pressure,1427.92861751,1779490273.176181,0.3123516216697242,,-23.456047291284477,psi,,hardware
FT-PT,pressure,1427.932089733,1779490273.1796532,0.9684867821320036,,58.560847766500444,psi,,hardware
FM-PT,pressure,1427.935522533,1779490273.1830862,0.6871015652539212,,23.38769565674015,psi,,hardware
FI-PT,pressure,1427.938981571,1779490273.1865454,0.5957586283396039,,11.96982854245049,psi,,hardware
LF-PT,pressure,1427.943500998,1779490273.1910653,0.27130189791940423,,-28.58726276007447,psi,,hardware
WM-PT,pressure,1427.947451011,1779490273.1950152,0.5432379893348204,,5.404748666852546,psi,,hardware
CC-PT,pressure,1427.950975805,1779490273.1985395,0.31248155981082437,,-23.439805023646954,psi,,hardware
FT-PT,pressure,1427.955070033,1779490273.2026336,0.9683538637583093,,58.544232969788666,psi,,hardware
FM-PT,pressure,1427.958504443,1779490273.206068,0.6871546133940951,,23.39432667426189,psi,,hardware
FI-PT,pressure,1427.961937168,1779490273.209501,0.5958122725262966,,11.976534065787082,psi,,hardware
LF-PT,pressure,1427.965451963,1779490273.2130153,0.2714002455950076,,-28.57496930062405,psi,,hardware
WM-PT,pressure,1427.968901502,1779490273.2164652,0.5431301049149161,,5.391263114364511,psi,,hardware
CC-PT,pressure,1427.97231584,1779490273.2198794,0.31252387911365975,,-23.434515110792532,psi,,hardware
FT-PT,pressure,1427.975730547,1779490273.2232943,0.9681851825934866,,58.52314782418583,psi,,hardware
FM-PT,pressure,1427.979165791,1779490273.2267294,0.6871629580453584,,23.395369755669805,psi,,hardware
FI-PT,pressure,1427.985274115,1779490273.2328384,0.5960852618319108,,12.01065772898885,psi,,hardware
LF-PT,pressure,1427.992369776,1779490273.239934,0.2714222993162035,,-28.572212585474563,psi,,hardware
FT-PT,pressure,1427.996411006,1779490273.243975,0.9681619367792531,,58.52024209740664,psi,,hardware
WM-PT,pressure,1427.999759661,1779490273.2473233,0.5433315686382733,,5.416446079784157,psi,,hardware
CC-PT,pressure,1428.003192109,1779490273.2507555,0.3123450651580173,,-23.45686685524784,psi,,hardware
LF-PT,pressure,1428.007170509,1779490273.2547343,0.27143302815354203,,-28.570871480807245,psi,,hardware
FM-PT,pressure,1428.010687859,1779490273.2582514,0.6868542059486158,,23.356775743576975,psi,,hardware
FI-PT,pressure,1428.014151879,1779490273.2617154,0.5962253327638307,,12.02816659547884,psi,,hardware
FT-PT,pressure,1428.017671729,1779490273.2652352,0.968140479104576,,58.517559888072,psi,,hardware
WM-PT,pressure,1428.021123824,1779490273.2686872,0.5435789279435786,,5.447365992947331,psi,,hardware
CC-PT,pressure,1428.024591121,1779490273.2721546,0.3124022856238229,,-23.44971429702214,psi,,hardware
LF-PT,pressure,1428.028096324,1779490273.2756598,0.27152183908484445,,-28.559770114394443,psi,,hardware
FM-PT,pressure,1428.031610101,1779490273.2791736,0.6865937336198966,,23.324216702487078,psi,,hardware
FI-PT,pressure,1428.035049159,1779490273.2826128,0.5962938781134937,,12.036734764186708,psi,,hardware
FT-PT,pressure,1428.038583231,1779490273.2861469,0.9681225977090118,,58.51532471362647,psi,,hardware
WM-PT,pressure,1428.0420184,1779490273.2895818,0.5438578777143809,,5.48223471429761,psi,,hardware
CC-PT,pressure,1428.045475661,1779490273.293039,0.31247857957823033,,-23.44017755272121,psi,,hardware
LF-PT,pressure,1428.048937237,1779490273.2965007,0.27160290141140236,,-28.549637323574704,psi,,hardware
FM-PT,pressure,1428.052480641,1779490273.3000443,0.6862468345459503,,23.280854318243783,psi,,hardware
FI-PT,pressure,1428.055985215,1779490273.3035486,0.596392225789097,,12.049028223637126,psi,,hardware
FT-PT,pressure,1428.059464975,1779490273.3070283,0.9681386909650196,,58.51733637062745,psi,,hardware
WM-PT,pressure,1428.062976177,1779490273.31054,0.5440056972510453,,5.500712156380663,psi,,hardware
CC-PT,pressure,1428.066508138,1779490273.3140724,0.3125328198114419,,-23.433397523569766,psi,,hardware
LF-PT,pressure,1428.070001175,1779490273.3175647,0.27157905955065004,,-28.552617556168745,psi,,hardware
FM-PT,pressure,1428.073470546,1779490273.3210342,0.6858766896577704,,23.234586207221298,psi,,hardware
FI-PT,pressure,1428.076932362,1779490273.3244958,0.5963904376495406,,12.048804706192573,psi,,hardware
FT-PT,pressure,1428.080431177,1779490273.3279946,0.9681130609647108,,58.51413262058885,psi,,hardware
WM-PT,pressure,1428.083955508,1779490273.331519,0.5442125253930717,,5.526565674133968,psi,,hardware
CC-PT,pressure,1428.087453952,1779490273.3350174,0.31265620144083517,,-23.417974819895605,psi,,hardware
LF-PT,pressure,1428.093583738,1779490273.341148,0.2714896525728288,,-28.563793428396398,psi,,hardware
FM-PT,pressure,1428.097669114,1779490273.345233,0.6854672056993492,,23.183400712418646,psi,,hardware
FI-PT,pressure,1428.101226777,1779490273.3487906,0.5964577909061659,,12.057223863270739,psi,,hardware
FT-PT,pressure,1428.105337559,1779490273.3529012,0.9681726656165917,,58.521583202073955,psi,,hardware
WM-PT,pressure,1428.108747045,1779490273.3563108,0.5443978958604211,,5.549736982552636,psi,,hardware
CC-PT,pressure,1428.112141272,1779490273.3597045,0.3127038851623398,,-23.412014354707523,psi,,hardware
LF-PT,pressure,1428.115556943,1779490273.3631203,0.2714658107120765,,-28.56677366099044,psi,,hardware
FM-PT,pressure,1428.11895541,1779490273.3665187,0.6851620298817194,,23.145253735214922,psi,,hardware
FI-PT,pressure,1428.122403153,1779490273.3699665,0.5966461416061093,,12.080767700763662,psi,,hardware
FT-PT,pressure,1428.12586484,1779490273.373428,0.9680010042191749,,58.50012552739686,psi,,hardware
WM-PT,pressure,1428.129268289,1779490273.3768318,0.54460353190941,,5.575441488676253,psi,,hardware
CC-PT,pressure,1428.132678497,1779490273.3802419,0.3127754107445968,,-23.4030736569254,psi,,hardware
LF-PT,pressure,1428.13609226,1779490273.383656,0.2715033616427614,,-28.562079794654824,psi,,hardware
FM-PT,pressure,1428.139465359,1779490273.387029,0.6848348003428937,,23.10435004286171,psi,,hardware
FI-PT,pressure,1428.142753074,1779490273.3903165,0.596693825327614,,12.086728165951744,psi,,hardware
FT-PT,pressure,1428.146133561,1779490273.393697,0.9679777584049414,,58.49721980061767,psi,,hardware
WM-PT,pressure,1428.149608913,1779490273.3971722,0.5448556595868659,,5.606957448358235,psi,,hardware
CC-PT,pressure,1428.152998326,1779490273.4005618,0.3128207102800262,,-23.397411214996723,psi,,hardware
LF-PT,pressure,1428.15650614,1779490273.4040697,0.271402033734564,,-28.574745783179498,psi,,hardware
FM-PT,pressure,1428.159859221,1779490273.4074228,0.6844837289433157,,23.06046611791446,psi,,hardware
FI-PT,pressure,1428.163322093,1779490273.4108856,0.5967635627703145,,12.095445346289313,psi,,hardware
FT-PT,pressure,1428.166799001,1779490273.4143624,0.9679783544514602,,58.49729430643252,psi,,hardware
WM-PT,pressure,1428.17020145,1779490273.417765,0.5450654679614864,,5.633183495185795,psi,,hardware
CC-PT,pressure,1428.176409954,1779490273.4239745,0.31285110865248544,,-23.39361141843932,psi,,hardware
LF-PT,pressure,1428.179868734,1779490273.4274325,0.2713650788503979,,-28.57936514370026,psi,,hardware
FM-PT,pressure,1428.183286941,1779490273.4308503,0.6841243128924743,,23.015539111559292,psi,,hardware
FI-PT,pressure,1428.187198011,1779490273.4347618,0.5969382044003253,,12.117275550040663,psi,,hardware
LF-PT,pressure,1428.193573562,1779490273.441138,0.2716547574585387,,-28.543155317682665,psi,,hardware
FT-PT,pressure,1428.197694399,1779490273.4452581,0.9681827984074114,,58.52284980092642,psi,,hardware
WM-PT,pressure,1428.201205527,1779490273.448769,0.5452371293589031,,5.65464116986289,psi,,hardware
CC-PT,pressure,1428.204692991,1779490273.4522564,0.3127658740002959,,-23.404265749963017,psi,,hardware
LF-PT,pressure,1428.208257468,1779490273.455821,0.27173403164554016,,-28.53324604430748,psi,,hardware
FM-PT,pressure,1428.211732617,1779490273.459296,0.6838405947495216,,22.980074343690205,psi,,hardware
FI-PT,pressure,1428.215162676,1779490273.462726,0.5970264192851089,,12.128302410638614,psi,,hardware
FT-PT,pressure,1428.219247626,1779490273.466811,0.9681816063143738,,58.52270078929672,psi,,hardware
WM-PT,pressure,1428.22266363,1779490273.4702272,0.5454385930822603,,5.679824135282535,psi,,hardware
CC-PT,pressure,1428.226069079,1779490273.4736326,0.31274382027909997,,-23.407022465112505,psi,,hardware
LF-PT,pressure,1428.229542116,1779490273.4771056,0.2717888679252705,,-28.526391509341185,psi,,hardware
FM-PT,pressure,1428.233009136,1779490273.4805727,0.6835604528856818,,22.945056610710225,psi,,hardware
FI-PT,pressure,1428.23646399,1779490273.4840274,0.5969686027727845,,12.121075346598065,psi,,hardware
FT-PT,pressure,1428.239939435,1779490273.487503,0.9681237898020494,,58.51547372525617,psi,,hardware
WM-PT,pressure,1428.243422028,1779490273.4909854,0.5456561500616253,,5.707018757703159,psi,,hardware
CC-PT,pressure,1428.246875419,1779490273.494439,0.312846340280335,,-23.39420746495813,psi,,hardware
LF-PT,pressure,1428.250923537,1779490273.4984872,0.2717292632733897,,-28.533842090826287,psi,,hardware
FM-PT,pressure,1428.254414111,1779490273.5019777,0.6832904438126617,,22.91130547658271,psi,,hardware
FI-PT,pressure,1428.257926333,1779490273.5054896,0.5971289392863439,,12.14111741079299,psi,,hardware
FT-PT,pressure,1428.261356039,1779490273.5089195,0.9681410751510948,,58.51763439388685,psi,,hardware
WM-PT,pressure,1428.26477158,1779490273.512335,0.5458921844830733,,5.7365230603841635,psi,,hardware
CC-PT,pressure,1428.268217046,1779490273.5157807,0.3128838912110199,,-23.389513598622514,psi,,hardware
LF-PT,pressure,1428.27167951,1779490273.519243,0.2717429723433223,,-28.532128457084713,psi,,hardware
FM-PT,pressure,1428.27513142,1779490273.5226948,0.6829471210178282,,22.868390127228523,psi,,hardware
FI-PT,pressure,1428.279133207,1779490273.526697,0.5971450325423517,,12.143129067793968,psi,,hardware
FT-PT,pressure,1428.282655909,1779490273.5302196,0.9680951795691466,,58.51189744614332,psi,,hardware
WM-PT,pressure,1428.28614515,1779490273.533709,0.5463171656509835,,5.7896457063729425,psi,,hardware
CC-PT,pressure,1428.293046339,1779490273.5406108,0.31288031493190704,,-23.38996063351162,psi,,hardware
LF-PT,pressure,1428.296551357,1779490273.5441146,0.2717304553664273,,-28.533693079196585,psi,,hardware
FT-PT,pressure,1428.299910938,1779490273.5474744,0.9678347072404274,,58.479338405053426,psi,,hardware
FM-PT,pressure,1428.303356033,1779490273.5509198,0.6829799035763626,,22.87248794704533,psi,,hardware
FI-PT,pressure,1428.306659802,1779490273.5542233,0.5971498009145022,,12.143725114312776,psi,,hardware
LF-PT,pressure,1428.310072658,1779490273.557636,0.2719468202527547,,-28.506647468405664,psi,,hardware
WM-PT,pressure,1428.313506328,1779490273.5610697,0.5461270268114837,,5.765878351435466,psi,,hardware
CC-PT,pressure,1428.316894259,1779490273.564458,0.3127986565588303,,-23.40016793014621,psi,,hardware
FT-PT,pressure,1428.320349539,1779490273.5679133,0.9676147660749872,,58.4518457593734,psi,,hardware
FM-PT,pressure,1428.323879185,1779490273.5714426,0.6831003049731619,,22.887538121645235,psi,,hardware
FI-PT,pressure,1428.328151847,1779490273.5757153,0.5972821232416776,,12.160265405209703,psi,,hardware
LF-PT,pressure,1428.331517909,1779490273.5790813,0.27206245327740347,,-28.492193340324565,psi,,hardware
WM-PT,pressure,1428.334964171,1779490273.5825274,0.5459994728564588,,5.7499341070573475,psi,,hardware
CC-PT,pressure,1428.338361694,1779490273.5859253,0.31288150702494466,,-23.38981162188192,psi,,hardware
FT-PT,pressure,1428.341827251,1779490273.5893908,0.9674371442123824,,58.429643026547794,psi,,hardware
FM-PT,pressure,1428.345266883,1779490273.5928304,0.6831593135785239,,22.894914197315487,psi,,hardware
FI-PT,pressure,1428.348676091,1779490273.5962396,0.5973184820793249,,12.164810259915615,psi,,hardware
LF-PT,pressure,1428.352068226,1779490273.5996315,0.2722555723494974,,-28.468053456312827,psi,,hardware
WM-PT,pressure,1428.355427622,1779490273.602991,0.5460107977403161,,5.751349717539517,psi,,hardware
CC-PT,pressure,1428.361254979,1779490273.6088192,0.31282965097780835,,-23.396293627773957,psi,,hardware
FT-PT,pressure,1428.364910193,1779490273.612474,0.9672839602570487,,58.41049503213108,psi,,hardware
FM-PT,pressure,1428.368410396,1779490273.6159742,0.6833047489291131,,22.913093616139136,psi,,hardware
FI-PT,pressure,1428.372408406,1779490273.619972,0.5973584171960851,,12.169802149510634,psi,,hardware
LF-PT,pressure,1428.375895184,1779490273.6234586,0.27240577607223704,,-28.44927799097037,psi,,hardware
WM-PT,pressure,1428.379366611,1779490273.6269302,0.5458361561103053,,5.729519513788167,psi,,hardware
CC-PT,pressure,1428.382793392,1779490273.630357,0.3129202500486672,,-23.384968743916602,psi,,hardware
FT-PT,pressure,1428.386234617,1779490273.6337981,0.9674764832826237,,58.43456041032796,psi,,hardware
FM-PT,pressure,1428.393061773,1779490273.6406262,0.6833756784648513,,22.921959808106408,psi,,hardware
FI-PT,pressure,1428.397214423,1779490273.6447783,0.5973906037081007,,12.173825463512589,psi,,hardware
LF-PT,pressure,1428.400802733,1779490273.6483665,0.27237180142066497,,-28.453524822416878,psi,,hardware
WM-PT,pressure,1428.404343878,1779490273.6519074,0.5456811840154152,,5.7101480019269015,psi,,hardware
CC-PT,pressure,1428.407822693,1779490273.6553864,0.31291607772303554,,-23.38549028462056,psi,,hardware
FT-PT,pressure,1428.411378171,1779490273.6589417,0.9673989972351786,,58.42487465439733,psi,,hardware
FM-PT,pressure,1428.414855617,1779490273.6624188,0.6834394554423637,,22.929931930295467,psi,,hardware
FI-PT,pressure,1428.418377004,1779490273.6659405,0.597411465336259,,12.176433167032375,psi,,hardware
LF-PT,pressure,1428.421858523,1779490273.669422,0.2724814739801257,,-28.43981575248429,psi,,hardware
WM-PT,pressure,1428.425331079,1779490273.6728945,0.5455494577347586,,5.693682216844826,psi,,hardware
CC-PT,pressure,1428.428864558,1779490273.676428,0.31293038283948693,,-23.383702145064134,psi,,hardware
FT-PT,pressure,1428.432286692,1779490273.67985,0.967133756534309,,58.39171956678862,psi,,hardware
FM-PT,pressure,1428.435692622,1779490273.6832561,0.6834710459078606,,22.93388073848257,psi,,hardware
FI-PT,pressure,1428.43917403,1779490273.6867378,0.5974168297549283,,12.177103719366034,psi,,hardware
LF-PT,pressure,1428.442701472,1779490273.690265,0.272710355843348,,-28.411205519581497,psi,,hardware
WM-PT,pressure,1428.446217286,1779490273.693781,0.5454415733148543,,5.6801966643567905,psi,,hardware
CC-PT,pressure,1428.449716582,1779490273.6972802,0.3130066767938944,,-23.374165400763204,psi,,hardware
FT-PT,pressure,1428.453263301,1779490273.700827,0.9670097788583969,,58.37622235729961,psi,,hardware
FM-PT,pressure,1428.456669472,1779490273.7042332,0.6835622410252382,,22.945280128154778,psi,,hardware
FI-PT,pressure,1428.460079772,1779490273.7076435,0.5974931237093357,,12.186640463666965,psi,,hardware
LF-PT,pressure,1428.464078301,1779490273.7116418,0.27289632235721617,,-28.387959705347978,psi,,hardware
WM-PT,pressure,1428.467546895,1779490273.7151103,0.5453646833139281,,5.670585414241009,psi,,hardware
CC-PT,pressure,1428.471013581,1779490273.718577,0.3131044284229789,,-23.361946447127636,psi,,hardware
FT-PT,pressure,1428.474562004,1779490273.7221253,0.9667946060651071,,58.34932575813839,psi,,hardware
FM-PT,pressure,1428.47799697,1779490273.7255607,0.6836462835843902,,22.955785448048772,psi,,hardware
FI-PT,pressure,1428.481449101,1779490273.7290127,0.5975318667330582,,12.191483341632281,psi,,hardware
LF-PT,pressure,1428.48493325,1779490273.7324967,0.2729565230556158,,-28.380434618048024,psi,,hardware
WM-PT,pressure,1428.49098067,1779490273.7385457,0.5452401095914972,,5.655013698937145,psi,,hardware
CC-PT,pressure,1428.495607369,1779490273.743172,0.31295362865372045,,-23.380796418284945,psi,,hardware
FT-PT,pressure,1428.499116034,1779490273.7466795,0.9666181762955399,,58.32727203694249,psi,,hardware
FM-PT,pressure,1428.50260072,1779490273.7501643,0.6836999277710829,,22.962490971385364,psi,,hardware
FI-PT,pressure,1428.506050555,1779490273.7536142,0.5975682255707055,,12.196028196338194,psi,,hardware
LF-PT,pressure,1428.509446579,1779490273.7570102,0.2732569305010951,,-28.34288368736311,psi,,hardware
WM-PT,pressure,1428.512882674,1779490273.7604463,0.544992154239673,,5.6240192799591195,psi,,hardware
CC-PT,pressure,1428.51631627,1779490273.76388,0.31304840005021095,,-23.368949993723632,psi,,hardware
FT-PT,pressure,1428.519740162,1779490273.7673037,0.9664673765262815,,58.30842206578518,psi,,hardware
FM-PT,pressure,1428.523201553,1779490273.770765,0.6837547640508133,,22.969345506351658,psi,,hardware
FI-PT,pressure,1428.526663221,1779490273.7742267,0.5976206776643607,,12.202584708045084,psi,,hardware
LF-PT,pressure,1428.530106705,1779490273.7776701,0.27340653817731597,,-28.324182727835503,psi,,hardware
WM-PT,pressure,1428.533510339,1779490273.7810738,0.5448979788897013,,5.612247361212658,psi,,hardware
CC-PT,pressure,1428.536900178,1779490273.7844636,0.31303409493375955,,-23.370738133280057,psi,,hardware
FT-PT,pressure,1428.540244463,1779490273.7878077,0.9662378986165403,,58.27973732706754,psi,,hardware
FM-PT,pressure,1428.543596359,1779490273.7911599,0.683823905446995,,22.977988180874377,psi,,hardware
FI-PT,pressure,1428.546991716,1779490273.7945552,0.597787570689627,,12.22344633620337,psi,,hardware
LF-PT,pressure,1428.553293826,1779490273.8008583,0.2735036937598817,,-28.312038280014786,psi,,hardware
WM-PT,pressure,1428.557426366,1779490273.80499,0.5446983033059005,,5.5872879132375655,psi,,hardware
CC-PT,pressure,1428.560872776,1779490273.8084364,0.3130805865622266,,-23.364926679721677,psi,,hardware
FT-PT,pressure,1428.564278743,1779490273.811842,0.9660787541960185,,58.25984427450231,psi,,hardware
FM-PT,pressure,1428.567737412,1779490273.8153012,0.6839443068437943,,22.993038355474283,psi,,hardware
FI-PT,pressure,1428.571213801,1779490273.8187773,0.5978894946443432,,12.236186830542895,psi,,hardware
LF-PT,pressure,1428.574746892,1779490273.8223104,0.273655089575659,,-28.293113803042626,psi,,hardware
WM-PT,pressure,1428.578186116,1779490273.8257494,0.5445480995831609,,5.568512447895108,psi,,hardware
CC-PT,pressure,1428.581673894,1779490273.8292375,0.31312707819069363,,-23.359115226163297,psi,,hardware
FT-PT,pressure,1428.58520941,1779490273.832773,0.9662647207098867,,58.28309008873583,psi,,hardware
FM-PT,pressure,1428.592283998,1779490273.8398488,0.6839764933558099,,22.99706166947624,psi,,hardware
FI-PT,pressure,1428.596115054,1779490273.843679,0.5979705569709011,,12.246319621362634,psi,,hardware
LF-PT,pressure,1428.599683661,1779490273.8472471,0.2738100616705491,,-28.27374229118136,psi,,hardware
WM-PT,pressure,1428.603178735,1779490273.8507426,0.5443984919069399,,5.549811488367487,psi,,hardware
CC-PT,pressure,1428.606657087,1779490273.8542206,0.31307104981792566,,-23.366118772759293,psi,,hardware
FT-PT,pressure,1428.610192881,1779490273.8577564,0.9662337262909086,,58.27921578636358,psi,,hardware
FM-PT,pressure,1428.613719157,1779490273.8612826,0.6840450387054728,,23.005629838184106,psi,,hardware
FI-PT,pressure,1428.617176714,1779490273.8647404,0.5980104920876612,,12.251311510957652,psi,,hardware
LF-PT,pressure,1428.620681954,1779490273.8682458,0.2738100616705491,,-28.27374229118136,psi,,hardware
WM-PT,pressure,1428.624211804,1779490273.8717754,0.5442876272544416,,5.535953406805197,psi,,hardware
CC-PT,pressure,1428.627690564,1779490273.8752542,0.3131670133074538,,-23.35412333656828,psi,,hardware
FT-PT,pressure,1428.631203822,1779490273.8787673,0.9660286862884386,,58.25358578605483,psi,,hardware
FM-PT,pressure,1428.634702932,1779490273.882267,0.6841660361487909,,23.020754518598864,psi,,hardware
FI-PT,pressure,1428.638151583,1779490273.8857152,0.5980557916230906,,12.25697395288633,psi,,hardware
LF-PT,pressure,1428.641681784,1779490273.8892453,0.2740121214404251,,-28.248484819946864,psi,,hardware
WM-PT,pressure,1428.645184284,1779490273.8927479,0.5441481523690405,,5.5185190461300575,psi,,hardware
CC-PT,pressure,1428.649212996,1779490273.8967767,0.31328026214602733,,-23.339967231746584,psi,,hardware
FT-PT,pressure,1428.652655146,1779490273.9002187,0.9659154374498651,,58.23942968123313,psi,,hardware
FM-PT,pressure,1428.656164831,1779490273.9037285,0.6842053752190322,,23.02567190237903,psi,,hardware
FI-PT,pressure,1428.659628425,1779490273.9071918,0.5981839416246345,,12.272992703079314,psi,,hardware
LF-PT,pressure,1428.663094629,1779490273.9106584,0.2740860312087573,,-28.239246098905337,psi,,hardware
WM-PT,pressure,1428.666616609,1779490273.9141803,0.543984835622887,,5.498104452860877,psi,,hardware
CC-PT,pressure,1428.67001504,1779490273.9175785,0.3132212535406653,,-23.347343307416836,psi,,hardware
FT-PT,pressure,1428.673561056,1779490273.9211245,0.9657717902388323,,58.22147377985404,psi,,hardware
FM-PT,pressure,1428.677071684,1779490273.9246352,0.6842196803354836,,23.027460041935456,psi,,hardware
FI-PT,pressure,1428.680524631,1779490273.928088,0.5981565234847693,,12.269565435596167,psi,,hardware
LF-PT,pressure,1428.683943819,1779490273.931507,0.27422967841979007,,-28.22129019752624,psi,,hardware
WM-PT,pressure,1428.68742182,1779490273.9349854,0.544171398183274,,5.521424772909247,psi,,hardware
CC-PT,pressure,1428.694360693,1779490273.9419253,0.31317833819131113,,-23.35270772608611,psi,,hardware
LF-PT,pressure,1428.697856989,1779490273.9454205,0.27424159935016623,,-28.21980008122922,psi,,hardware
FT-PT,pressure,1428.701271178,1779490273.948835,0.9656180102369798,,58.20225127962247,psi,,hardware
FM-PT,pressure,1428.704690959,1779490273.9522545,0.6843096833598237,,23.03871041997796,psi,,hardware
FI-PT,pressure,1428.708097241,1779490273.9556606,0.5982536790673351,,12.281709883416884,psi,,hardware
LF-PT,pressure,1428.711521226,1779490273.9590845,0.2744502156317491,,-28.193723046031362,psi,,hardware
WM-PT,pressure,1428.714902899,1779490273.9624662,0.5439735107390297,,5.496688842378708,psi,,hardware
CC-PT,pressure,1428.718291164,1779490273.9658546,0.313110388888167,,-23.361201388979126,psi,,hardware
FT-PT,pressure,1428.72170676,1779490273.96927,0.9654499251186759,,58.181240639834485,psi,,hardware
FM-PT,pressure,1428.725110839,1779490273.9726744,0.6843913417329004,,23.04891771661255,psi,,hardware
FI-PT,pressure,1428.728518658,1779490273.976082,0.5982620237185984,,12.282752964824798,psi,,hardware
LF-PT,pressure,1428.731940736,1779490273.979504,0.27460637981967684,,-28.174202522540394,psi,,hardware
WM-PT,pressure,1428.735473344,1779490273.983037,0.5438709907377947,,5.483873842224332,psi,,hardware
CC-PT,pressure,1428.739418005,1779490273.9869816,0.3132057563311763,,-23.349280458602962,psi,,hardware
FT-PT,pressure,1428.742866045,1779490273.9904294,0.9652872044190413,,58.160900552380156,psi,,hardware
FM-PT,pressure,1428.748870985,1779490273.9964354,0.6844467740591496,,23.055846757393695,psi,,hardware
FI-PT,pressure,1428.75241102,1779490273.9999747,0.5983132837192159,,12.289160464901986,psi,,hardware
LF-PT,pressure,1428.755933981,1779490274.0034974,0.2747595637750106,,-28.155054528123674,psi,,hardware
WM-PT,pressure,1428.75943274,1779490274.0069962,0.5436987332938591,,5.4623416617323866,psi,,hardware
CC-PT,pressure,1428.76294485,1779490274.0105083,0.31342808168269176,,-23.32148978966353,psi,,hardware
FT-PT,pressure,1428.766411704,1779490274.0139751,0.9650571304627813,,58.13214130784766,psi,,hardware
FM-PT,pressure,1428.769926295,1779490274.01749,0.6844497542917436,,23.05621928646795,psi,,hardware
FI-PT,pressure,1428.773390278,1779490274.0209537,0.5983991144179243,,12.299889302240533,psi,,hardware
LF-PT,pressure,1428.776922517,1779490274.0244858,0.2748471826132754,,-28.144102173340574,psi,,hardware
WM-PT,pressure,1428.780448015,1779490274.0280116,0.5435556821293451,,5.444460266168141,psi,,hardware
CC-PT,pressure,1428.783955367,1779490274.0315187,0.31347397726464,,-23.315752841920002,psi,,hardware
FT-PT,pressure,1428.78743933,1779490274.035003,0.9653146225589064,,58.1643278198633,psi,,hardware
FM-PT,pressure,1428.794588044,1779490274.0421522,0.6845099549901432,,23.063744373767904,psi,,hardware
FI-PT,pressure,1428.798068619,1779490274.045632,0.5984169958134885,,12.302124476686064,psi,,hardware
LF-PT,pressure,1428.80149003,1779490274.049054,0.274950894707548,,-28.131138161556496,psi,,hardware
WM-PT,pressure,1428.804953421,1779490274.052517,0.5433452777082058,,5.41815971352573,psi,,hardware
CC-PT,pressure,1428.808385887,1779490274.0559494,0.3133488074956903,,-23.331399063038717,psi,,hardware
FT-PT,pressure,1428.81183937,1779490274.0594027,0.9651042181377671,,58.13802726722089,psi,,hardware
FM-PT,pressure,1428.815281855,1779490274.0628452,0.6845773082467685,,23.07216353084607,psi,,hardware
FI-PT,pressure,1428.818679193,1779490274.066243,0.5984891174422643,,12.311139680283038,psi,,hardware
LF-PT,pressure,1428.822086698,1779490274.0696502,0.27503970563885044,,-28.120036795143694,psi,,hardware
WM-PT,pressure,1428.825179571,1779490274.0727434,0.5433554104990256,,5.419426312378198,psi,,hardware
CC-PT,pressure,1428.829396051,1779490274.0769598,0.31341914098490964,,-23.322607376886296,psi,,hardware
FT-PT,pressure,1428.833448522,1779490274.0810122,0.9649426895311701,,58.117836191396265,psi,,hardware
FM-PT,pressure,1428.83698689,1779490274.0845504,0.6847138028995756,,23.089225362446953,psi,,hardware
FI-PT,pressure,1428.840524406,1779490274.0880878,0.5984575269767675,,12.307190872095934,psi,,hardware
LF-PT,pressure,1428.844071774,1779490274.0916352,0.2750736802904225,,-28.115789963697186,psi,,hardware
WM-PT,pressure,1428.847542516,1779490274.0951061,0.543267195614242,,5.408399451780246,psi,,hardware
CC-PT,pressure,1428.851059403,1779490274.098623,0.31346980493900833,,-23.31627438262396,psi,,hardware
FT-PT,pressure,1428.854577217,1779490274.1021407,0.9648085790644383,,58.101072383054785,psi,,hardware
FM-PT,pressure,1428.858072976,1779490274.1056366,0.6847108226669816,,23.088852833372698,psi,,hardware
FI-PT,pressure,1428.862263088,1779490274.1098266,0.5985612390710401,,12.320154883880011,psi,,hardware
LF-PT,pressure,1428.865765069,1779490274.1133287,0.27519944610589103,,-28.10006923676362,psi,,hardware
WM-PT,pressure,1428.869270994,1779490274.1168346,0.5431312970079537,,5.391412125994213,psi,,hardware
CC-PT,pressure,1428.872718108,1779490274.1202817,0.3134364263339551,,-23.320446708255616,psi,,hardware
FT-PT,pressure,1428.876153629,1779490274.123717,0.9646160560388632,,58.077007004857904,psi,,hardware
FM-PT,pressure,1428.879594743,1779490274.1271582,0.6848437410406758,,23.105467630084476,psi,,hardware
FI-PT,pressure,1428.883039061,1779490274.1306028,0.5986154793042516,,12.326934913031454,psi,,hardware
LF-PT,pressure,1428.886513877,1779490274.1340775,0.27552965587731076,,-28.058793015336153,psi,,hardware
WM-PT,pressure,1428.893434343,1779490274.140999,0.5430126837507109,,5.37658546883886,psi,,hardware
CC-PT,pressure,1428.896924158,1779490274.1444876,0.31349305075324185,,-23.31336865584477,psi,,hardware
FT-PT,pressure,1428.900398974,1779490274.1479626,0.9645147281306659,,58.06434101633323,psi,,hardware
FM-PT,pressure,1428.903799535,1779490274.1513631,0.6848902326691428,,23.111279083642856,psi,,hardware
FI-PT,pressure,1428.907162431,1779490274.1547258,0.5986136911646952,,12.326711395586901,psi,,hardware
LF-PT,pressure,1428.910553418,1779490274.1581168,0.2756494612275912,,-28.043817346551098,psi,,hardware
WM-PT,pressure,1428.913976088,1779490274.1615396,0.5428958586330245,,5.361982329128059,psi,,hardware
CC-PT,pressure,1428.917340632,1779490274.1649039,0.3135276214513327,,-23.30904731858341,psi,,hardware
FT-PT,pressure,1428.920769432,1779490274.168333,0.9642488913832774,,58.031111422909675,psi,,hardware
FM-PT,pressure,1428.924737851,1779490274.1723015,0.6849116903438199,,23.113961292977493,psi,,hardware
FI-PT,pressure,1428.928219093,1779490274.1757827,0.5988151548880524,,12.351894361006547,psi,,hardware
LF-PT,pressure,1428.934153408,1779490274.181718,0.27573350378674316,,-28.033312026657104,psi,,hardware
WM-PT,pressure,1428.937789289,1779490274.185353,0.5427385023520591,,5.342312794007389,psi,,hardware
CC-PT,pressure,1428.941981104,1779490274.1895452,0.31351450842791895,,-23.310686446510132,psi,,hardware
FT-PT,pressure,1428.945742497,1779490274.1933064,0.9642649846392852,,58.03312307991065,psi,,hardware
FM-PT,pressure,1428.94926794,1779490274.1968315,0.684899173366925,,23.11239667086562,psi,,hardware
FI-PT,pressure,1428.952753033,1779490274.2003167,0.5989051579123924,,12.363144739049051,psi,,hardware
LF-PT,pressure,1428.956233942,1779490274.2037976,0.2758306593693089,,-28.021167578836387,psi,,hardware
WM-PT,pressure,1428.959700017,1779490274.2072635,0.5426467111881627,,5.330838898520332,psi,,hardware
CC-PT,pressure,1428.963113429,1779490274.210677,0.31352940959088915,,-23.308823801138857,psi,,hardware
FT-PT,pressure,1428.966517767,1779490274.214081,0.96403252649695,,58.00406581211875,psi,,hardware
FM-PT,pressure,1428.96995277,1779490274.2175162,0.6850899082529436,,23.13623853161795,psi,,hardware
FI-PT,pressure,1428.973358145,1779490274.2209218,0.5988586662839254,,12.357333285490672,psi,,hardware
LF-PT,pressure,1428.976775223,1779490274.2243388,0.27588489960252044,,-28.014387549684944,psi,,hardware
WM-PT,pressure,1428.980157063,1779490274.2277205,0.5425859144432442,,5.323239305405528,psi,,hardware
CC-PT,pressure,1428.983551383,1779490274.2311149,0.31356696052157407,,-23.304129934803242,psi,,hardware
FT-PT,pressure,1428.986904983,1779490274.2344687,0.9640337185899877,,58.004214823748455,psi,,hardware
FM-PT,pressure,1428.993103988,1779490274.2406683,0.6849289756928654,,23.116121961608172,psi,,hardware
FI-PT,pressure,1428.996700334,1779490274.2442644,0.5989254234940319,,12.365677936753986,psi,,hardware
LF-PT,pressure,1429.000260312,1779490274.2478242,0.2760142416971018,,-27.998219787862272,psi,,hardware
WM-PT,pressure,1429.003716833,1779490274.2512803,0.5424488237439183,,5.306102967989792,psi,,hardware
CC-PT,pressure,1429.007189871,1779490274.2547536,0.3135544435446791,,-23.305694556915114,psi,,hardware
FT-PT,pressure,1429.010583932,1779490274.2581472,0.9640086846361977,,58.00108557952471,psi,,hardware
FM-PT,pressure,1429.014031268,1779490274.2615945,0.6850911003459812,,23.13638754324765,psi,,hardware
FI-PT,pressure,1429.017981577,1779490274.2655451,0.5989868162854691,,12.373352035683642,psi,,hardware
LF-PT,pressure,1429.02138536,1779490274.2689488,0.2761078210005547,,-27.98652237493066,psi,,hardware
WM-PT,pressure,1429.024808308,1779490274.272372,0.5422503402531552,,5.281292531644402,psi,,hardware
CC-PT,pressure,1429.028217183,1779490274.2757807,0.31367484494147835,,-23.290644382315207,psi,,hardware
FT-PT,pressure,1429.031582893,1779490274.2791462,0.963855500680864,,57.981937585108,psi,,hardware
FM-PT,pressure,1429.035010249,1779490274.282574,0.6851065975554702,,23.138324694433777,psi,,hardware
FI-PT,pressure,1429.038416846,1779490274.2859805,0.5990190027974848,,12.377375349685597,psi,,hardware
LF-PT,pressure,1429.04182261,1779490274.2893863,0.27607444239550144,,-27.99069470056232,psi,,hardware
WM-PT,pressure,1429.045252299,1779490274.292816,0.5421788146708982,,5.272351833862279,psi,,hardware
CC-PT,pressure,1429.048651248,1779490274.296215,0.3137296812212087,,-23.283789847348913,psi,,hardware
FT-PT,pressure,1429.052067438,1779490274.2996309,0.9636611895157325,,57.957648689466566,psi,,hardware
FM-PT,pressure,1429.05544037,1779490274.3030038,0.6851363998814106,,23.142049985176328,psi,,hardware
FI-PT,pressure,1429.05878036,1779490274.306344,0.5991030453566367,,12.38788066957959,psi,,hardware
LF-PT,pressure,1429.062172828,1779490274.3097363,0.2762395472812113,,-27.970056589848586,psi,,hardware
WM-PT,pressure,1429.065583684,1779490274.313147,0.5421066930421224,,5.2633366302653055,psi,,hardware
CC-PT,pressure,1429.069062056,1779490274.3166256,0.3137588875006303,,-23.280139062421213,psi,,hardware
FT-PT,pressure,1429.072564814,1779490274.3201284,0.9635127739325493,,57.93909674156866,psi,,hardware
FM-PT,pressure,1429.07601915,1779490274.323583,0.685237727789608,,23.154715973701002,psi,,hardware
FI-PT,pressure,1429.079469949,1779490274.3270335,0.5991310595430207,,12.391382442877589,psi,,hardware
LF-PT,pressure,1429.08298404,1779490274.3305478,0.2763259740264385,,-27.959253246695187,psi,,hardware
WM-PT,pressure,1429.086522019,1779490274.3340855,0.5421978881595001,,5.274736019937512,psi,,hardware
CC-PT,pressure,1429.093075913,1779490274.3406405,0.3137642519192996,,-23.279468510087554,psi,,hardware
LF-PT,pressure,1429.09655271,1779490274.3441164,0.2764928670517048,,-27.9383916185369,psi,,hardware
FT-PT,pressure,1429.09991655,1779490274.34748,0.9634317116059914,,57.92896395074892,psi,,hardware
FM-PT,pressure,1429.103376571,1779490274.3509402,0.685306273139271,,23.16328414240887,psi,,hardware
FI-PT,pressure,1429.107477853,1779490274.3550417,0.5991900681483827,,12.39875851854784,psi,,hardware
LF-PT,pressure,1429.111013944,1779490274.3585777,0.27667883356557293,,-27.915145804303382,psi,,hardware
WM-PT,pressure,1429.115122708,1779490274.3626864,0.5420321872272714,,5.254023403408928,psi,,hardware
CC-PT,pressure,1429.118617374,1779490274.366181,0.3138602154088277,,-23.26747307389654,psi,,hardware
FT-PT,pressure,1429.124683497,1779490274.3722477,0.963432903699029,,57.929112962378625,psi,,hardware
FM-PT,pressure,1429.128315527,1779490274.3758798,0.6852711063946613,,23.15888829933266,psi,,hardware
FI-PT,pressure,1429.131804064,1779490274.3793678,0.5992210625673607,,12.402632820920093,psi,,hardware
LF-PT,pressure,1429.135345025,1779490274.3829083,0.2767330737987845,,-27.90836577515194,psi,,hardware
WM-PT,pressure,1429.138858339,1779490274.3864217,0.5418748309463061,,5.234353868288258,psi,,hardware
CC-PT,pressure,1429.142290972,1779490274.3898544,0.31388584540913644,,-23.264269323857945,psi,,hardware
FT-PT,pressure,1429.145828229,1779490274.3933916,0.9632964090462219,,57.91205113077774,psi,,hardware
FM-PT,pressure,1429.149289693,1779490274.3968532,0.6853575331398885,,23.169691642486058,psi,,hardware
FI-PT,pressure,1429.152724419,1779490274.400288,0.599325966754671,,12.415745844333873,psi,,hardware
LF-PT,pressure,1429.156227789,1779490274.4037912,0.2768951984519003,,-27.88810019351246,psi,,hardware
WM-PT,pressure,1429.159740269,1779490274.4073036,0.5416662146647232,,5.2082768330904,psi,,hardware
CC-PT,pressure,1429.163152126,1779490274.4107156,0.313927568665453,,-23.259053916818374,psi,,hardware
FT-PT,pressure,1429.166603961,1779490274.4141674,0.9631032899741281,,57.88791124676601,psi,,hardware
FM-PT,pressure,1429.170038427,1779490274.4176018,0.6854856831414322,,23.185710392679027,psi,,hardware
FI-PT,pressure,1429.173458376,1779490274.421022,0.5994064330347101,,12.425804129338761,psi,,hardware
LF-PT,pressure,1429.176957968,1779490274.4245214,0.2769673200806761,,-27.879084989915487,psi,,hardware
WM-PT,pressure,1429.180491929,1779490274.4280555,0.5415303160584349,,5.191289507304367,psi,,hardware
CC-PT,pressure,1429.184022501,1779490274.431586,0.31399671006163477,,-23.250411242295655,psi,,hardware
FT-PT,pressure,1429.187520094,1779490274.4350836,0.9630240157871266,,57.87800197339082,psi,,hardware
FM-PT,pressure,1429.193515461,1779490274.4410799,0.6854290587221454,,23.17863234026818,psi,,hardware
FI-PT,pressure,1429.197105993,1779490274.4446697,0.5994338511745753,,12.429231396821908,psi,,hardware
LF-PT,pressure,1429.201205942,1779490274.4487696,0.2770400377559707,,-27.869995280503662,psi,,hardware
WM-PT,pressure,1429.204730885,1779490274.4522943,0.5414045502429664,,5.175568780370801,psi,,hardware
CC-PT,pressure,1429.208228626,1779490274.4557924,0.31412724424925376,,-23.23409446884328,psi,,hardware
FT-PT,pressure,1429.211754772,1779490274.4593182,0.9628684476457177,,57.858555955714706,psi,,hardware
FM-PT,pressure,1429.215231921,1779490274.4627953,0.685613833142976,,23.201729142871997,psi,,hardware
FI-PT,pressure,1429.218693812,1779490274.4662573,0.5994570969888088,,12.432137123601098,psi,,hardware
LF-PT,pressure,1429.222215885,1779490274.4697793,0.2771491142689126,,-27.856360716385925,psi,,hardware
WM-PT,pressure,1429.225699348,1779490274.4732628,0.5413419653584916,,5.167745669811444,psi,,hardware
CC-PT,pressure,1429.229193552,1779490274.476757,0.3141075747141331,,-23.236553160733365,psi,,hardware
FT-PT,pressure,1429.232726198,1779490274.4802895,0.9627331450859482,,57.841643135743524,psi,,hardware
FM-PT,pressure,1429.236234012,1779490274.4837976,0.6856102568638631,,23.20128210798289,psi,,hardware
FI-PT,pressure,1429.23975327,1779490274.487317,0.5994958400125313,,12.436980001566415,psi,,hardware
LF-PT,pressure,1429.243281287,1779490274.490845,0.27731362310810365,,-27.835797111487043,psi,,hardware
WM-PT,pressure,1429.246796712,1779490274.4943602,0.5411804367518945,,5.147554593986817,psi,,hardware
CC-PT,pressure,1429.250267084,1779490274.4978306,0.3140634672717413,,-23.24206659103234,psi,,hardware
FT-PT,pressure,1429.253744603,1779490274.5013082,0.9625787690375769,,57.82234612969711,psi,,hardware
FM-PT,pressure,1429.257267639,1779490274.504831,0.6855929715148177,,23.19912143935221,psi,,hardware
FI-PT,pressure,1429.260675939,1779490274.5082395,0.5996251821071127,,12.453147763389087,psi,,hardware
LF-PT,pressure,1429.264160292,1779490274.5117238,0.277399453806812,,-27.825068274148496,psi,,hardware
WM-PT,pressure,1429.267650681,1779490274.5152144,0.5411089111696376,,5.138613896204694,psi,,hardware
CC-PT,pressure,1429.271163513,1779490274.5187268,0.3141683714590515,,-23.22895356761856,psi,,hardware
FT-PT,pressure,1429.27460722,1779490274.5221705,0.9623665764768812,,57.795822059610146,psi,,hardware
FM-PT,pressure,1429.278117552,1779490274.5256813,0.6856329066315778,,23.20411332894723,psi,,hardware
FI-PT,pressure,1429.281522298,1779490274.5290859,0.5996073007115484,,12.450912588943556,psi,,hardware
LF-PT,pressure,1429.284985448,1779490274.532549,0.27761343450706416,,-27.79832068661698,psi,,hardware
WM-PT,pressure,1429.292962358,1779490274.5405266,0.5410254646570044,,5.128183082125551,psi,,hardware
CC-PT,pressure,1429.296668754,1779490274.5442326,0.31416241099386344,,-23.22969862576707,psi,,hardware
FT-PT,pressure,1429.300168513,1779490274.5477319,0.9623230650810082,,57.79038313512602,psi,,hardware
FM-PT,pressure,1429.303700104,1779490274.5512636,0.6856299263989838,,23.203740799872975,psi,,hardware
FI-PT,pressure,1429.307219677,1779490274.5547833,0.5996162414093306,,12.452030176166321,psi,,hardware
LF-PT,pressure,1429.310680808,1779490274.5582445,0.27800026869777067,,-27.749966412778665,psi,,hardware
WM-PT,pressure,1429.316719822,1779490274.564284,0.540849630933956,,5.106203866744499,psi,,hardware
CC-PT,pressure,1429.320321205,1779490274.5678847,0.31411234308628355,,-23.235957114214557,psi,,hardware
FT-PT,pressure,1429.323741783,1779490274.5713055,0.9621871664747199,,57.77339580933999,psi,,hardware
FM-PT,pressure,1429.327181527,1779490274.5747452,0.6858552319830933,,23.23190399788666,psi,,hardware
FI-PT,pressure,1429.332048472,1779490274.579612,0.5997014760615201,,12.462684507690017,psi,,hardware
LF-PT,pressure,1429.335535732,1779490274.5830991,0.27809563614078,,-27.7380454824025,psi,,hardware
WM-PT,pressure,1429.338991623,1779490274.5865552,0.5407274413976003,,5.0909301747000395,psi,,hardware
CC-PT,pressure,1429.342479309,1779490274.5900428,0.3141588347147506,,-23.230145660656177,psi,,hardware
FT-PT,pressure,1429.345932311,1779490274.5934958,0.9620649769383642,,57.75812211729553,psi,,hardware
FM-PT,pressure,1429.349464364,1779490274.5970278,0.6858856303555525,,23.235703794444063,psi,,hardware
FI-PT,pressure,1429.352890201,1779490274.6004539,0.5997420072247991,,12.467750903099887,psi,,hardware
LF-PT,pressure,1429.356432902,1779490274.6039965,0.27812901474583324,,-27.733873156770844,psi,,hardware
WM-PT,pressure,1429.359969919,1779490274.6075332,0.5405849862796052,,5.073123284950645,psi,,hardware
CC-PT,pressure,1429.363496954,1779490274.6110601,0.3141874449476534,,-23.226569381543328,psi,,hardware
FT-PT,pressure,1429.366983547,1779490274.614547,0.9618605329824128,,57.7325666228016,psi,,hardware
FM-PT,pressure,1429.370508657,1779490274.618072,0.6859917266359004,,23.248965829487545,psi,,hardware
FI-PT,pressure,1429.373919828,1779490274.6214836,0.5997277021083477,,12.465962763543462,psi,,hardware
LF-PT,pressure,1429.377333776,1779490274.624897,0.27829054335243025,,-27.713682080946217,psi,,hardware
WM-PT,pressure,1429.380830258,1779490274.628394,0.5405301499998748,,5.066268749984351,psi,,hardware
CC-PT,pressure,1429.384857063,1779490274.6324205,0.31417850424987126,,-23.227686968766093,psi,,hardware
FT-PT,pressure,1429.390136172,1779490274.6376998,0.9617741062371856,,57.7217632796482,psi,,hardware
FM-PT,pressure,1429.39551672,1779490274.6430814,0.6859738452403361,,23.246730655042015,psi,,hardware
FI-PT,pressure,1429.398996888,1779490274.6465604,0.5998093604814244,,12.476170060178053,psi,,hardware
LF-PT,pressure,1429.402520275,1779490274.6500835,0.2783888910280336,,-27.7013886214958,psi,,hardware
WM-PT,pressure,1429.406006831,1779490274.6535704,0.5402887511597575,,5.036093894969687,psi,,hardware
CC-PT,pressure,1429.409547236,1779490274.6571107,0.3144073861130936,,-23.1990767358633,psi,,hardware
FT-PT,pressure,1429.413012164,1779490274.6605756,0.9615881397233175,,57.69851746541468,psi,,hardware
FM-PT,pressure,1429.416531755,1779490274.6640952,0.6860733850089771,,23.259173126122135,psi,,hardware
FI-PT,pressure,1429.419947426,1779490274.667511,0.5998349904817332,,12.479373810216646,psi,,hardware
LF-PT,pressure,1429.423437185,1779490274.6710007,0.2785545919602623,,-27.680676004967214,psi,,hardware
WM-PT,pressure,1429.426935833,1779490274.6744993,0.540125434413604,,5.015679301700507,psi,,hardware
CC-PT,pressure,1429.430377725,1779490274.6779416,0.3145075219282534,,-23.18655975896833,psi,,hardware
FT-PT,pressure,1429.433819172,1779490274.6813827,0.9613860799534415,,57.673259994180185,psi,,hardware
FM-PT,pressure,1429.437169921,1779490274.6847334,0.6860590798925257,,23.25738498656571,psi,,hardware
FI-PT,pressure,1429.440504337,1779490274.688068,0.599851083737741,,12.481385467217624,psi,,hardware
LF-PT,pressure,1429.443933747,1779490274.6914973,0.27852955800647233,,-27.683805249190957,psi,,hardware
WM-PT,pressure,1429.447363825,1779490274.6949275,0.5400723862734301,,5.009048284178766,psi,,hardware
CC-PT,pressure,1429.450763071,1779490274.6983268,0.3145587819288709,,-23.18015225889114,psi,,hardware
FT-PT,pressure,1429.454188871,1779490274.7017527,0.9612597180914542,,57.65746476143177,psi,,hardware
FM-PT,pressure,1429.457597209,1779490274.7051606,0.6860763652415711,,23.25954565519639,psi,,hardware
FI-PT,pressure,1429.460899441,1779490274.7084632,0.5998528718772974,,12.481608984662177,psi,,hardware
LF-PT,pressure,1429.464364424,1779490274.7119281,0.2786648605662418,,-27.666892429219775,psi,,hardware
WM-PT,pressure,1429.467756522,1779490274.71532,0.5399376797601795,,4.992209970022435,psi,,hardware
CC-PT,pressure,1429.47116849,1779490274.7187324,0.3146100419294884,,-23.173744758813953,psi,,hardware
FT-PT,pressure,1429.475091726,1779490274.7226555,0.9610570622750594,,57.63213278438242,psi,,hardware
FM-PT,pressure,1429.478547636,1779490274.7261112,0.6860787494276464,,23.259843678455795,psi,,hardware
FI-PT,pressure,1429.481879829,1779490274.7294433,0.5999339342038553,,12.491741775481916,psi,,hardware
LF-PT,pressure,1429.485294574,1779490274.7328582,0.2788895701038325,,-27.63880373702094,psi,,hardware
WM-PT,pressure,1429.492401901,1779490274.7399664,0.5398744988291858,,4.984312353648226,psi,,hardware
CC-PT,pressure,1429.496097335,1779490274.7436614,0.3145379203007126,,-23.182759962410927,psi,,hardware
FT-PT,pressure,1429.499594243,1779490274.7471578,0.9612394525098147,,57.654931563726834,psi,,hardware
FM-PT,pressure,1429.505696271,1779490274.753261,0.6861049754744739,,23.26312193430924,psi,,hardware
FI-PT,pressure,1429.50916581,1779490274.7567294,0.5999023437383585,,12.487792967294812,psi,,hardware
LF-PT,pressure,1429.512594035,1779490274.7601576,0.2790093754541129,,-27.623828068235884,psi,,hardware
WM-PT,pressure,1429.515954413,1779490274.7635179,0.5397803234792141,,4.972540434901765,psi,,hardware
CC-PT,pressure,1429.519350177,1779490274.7669137,0.31457129890576585,,-23.17858763677927,psi,,hardware
FT-PT,pressure,1429.522759219,1779490274.770323,0.9611273957642787,,57.64092447053484,psi,,hardware
FM-PT,pressure,1429.526133781,1779490274.7736974,0.686194978498814,,23.274372312351744,psi,,hardware
FI-PT,pressure,1429.529531212,1779490274.7770948,0.6000024795535183,,12.500309944189784,psi,,hardware
LF-PT,pressure,1429.532942494,1779490274.780506,0.27916375150248424,,-27.60453106218947,psi,,hardware
WM-PT,pressure,1429.536319611,1779490274.783883,0.539594356965346,,4.949294620668246,psi,,hardware
CC-PT,pressure,1429.539711358,1779490274.7872748,0.3145969289060746,,-23.175383886740676,psi,,hardware
FT-PT,pressure,1429.543067402,1779490274.7906308,0.9609038783197257,,57.61298478996571,psi,,hardware
FM-PT,pressure,1429.546488461,1779490274.7940521,0.686200938964002,,23.275117370500254,psi,,hardware
FI-PT,pressure,1429.549876782,1779490274.7974403,0.6000442028098348,,12.505525351229355,psi,,hardware
LF-PT,pressure,1429.553303304,1779490274.8008668,0.2791762684793792,,-27.602966440077598,psi,,hardware
WM-PT,pressure,1429.55671542,1779490274.8042789,0.539479319987216,,4.934914998401998,psi,,hardware
CC-PT,pressure,1429.560027485,1779490274.8075912,0.3146261351854962,,-23.171733101812976,psi,,hardware
FT-PT,pressure,1429.563461099,1779490274.8110244,0.9606255245954423,,57.57819057443028,psi,,hardware
FM-PT,pressure,1429.567527865,1779490274.815092,0.6862212045456415,,23.27765056820519,psi,,hardware
FI-PT,pressure,1429.571057382,1779490274.818621,0.6000620842053991,,12.507760525674886,psi,,hardware
LF-PT,pressure,1429.574525291,1779490274.8220887,0.27928772917839634,,-27.589033852700457,psi,,hardware
WM-PT,pressure,1429.577973367,1779490274.8255372,0.5393446134739653,,4.918076684245667,psi,,hardware
CC-PT,pressure,1429.581409241,1779490274.8289814,0.3146911042560463,,-23.163611967994214,psi,,hardware
FT-PT,pressure,1429.584895612,1779490274.832459,0.9604884338961164,,57.561054237014545,psi,,hardware
FM-PT,pressure,1429.591214258,1779490274.8387783,0.6862033231500773,,23.27541539375966,psi,,hardware
FI-PT,pressure,1429.596037799,1779490274.8436022,0.6001169204851294,,12.51461506064118,psi,,hardware
LF-PT,pressure,1429.600171265,1779490274.8477345,0.27933302871382576,,-27.58337141077178,psi,,hardware
WM-PT,pressure,1429.603640229,1779490274.851204,0.5392999099850547,,4.912488748131841,psi,,hardware
CC-PT,pressure,1429.607029624,1779490274.854593,0.31457129890576585,,-23.17858763677927,psi,,hardware
FT-PT,pressure,1429.610384965,1779490274.8579483,0.9607346011083842,,57.59182513854802,psi,,hardware
FM-PT,pressure,1429.613792858,1779490274.8613565,0.6863857133848326,,23.29821417310407,psi,,hardware
FI-PT,pressure,1429.617186104,1779490274.8647497,0.600245666533192,,12.530708316649001,psi,,hardware
LF-PT,pressure,1429.6206222,1779490274.8681858,0.27939084522615015,,-27.57614434673123,psi,,hardware
WM-PT,pressure,1429.624061388,1779490274.871625,0.5390835450987274,,4.8854431373409195,psi,,hardware
CC-PT,pressure,1429.62746456,1779490274.8750281,0.31464401658106045,,-23.169497927367445,psi,,hardware
FT-PT,pressure,1429.630771718,1779490274.8783352,0.9605861855252009,,57.57327319065011,psi,,hardware
FM-PT,pressure,1429.634152798,1779490274.8817165,0.6863404138494031,,23.292551731175394,psi,,hardware
FI-PT,pressure,1429.637527156,1779490274.8850906,0.6002653360683127,,12.533167008539085,psi,,hardware
LF-PT,pressure,1429.640950345,1779490274.8885138,0.2795416449954087,,-27.557294375573914,psi,,hardware
WM-PT,pressure,1429.644411791,1779490274.8919754,0.5389100955617542,,4.863761945219272,psi,,hardware
CC-PT,pressure,1429.64780576,1779490274.8953693,0.3146678584418128,,-23.166517694773404,psi,,hardware
FT-PT,pressure,1429.651280131,1779490274.8988438,0.9604824734309283,,57.560309178866035,psi,,hardware
FM-PT,pressure,1429.654701968,1779490274.9022658,0.6863863094313514,,23.298288678918922,psi,,hardware
FI-PT,pressure,1429.658648741,1779490274.9062126,0.6003070593246292,,12.538382415578656,psi,,hardware
LF-PT,pressure,1429.662074522,1779490274.9096382,0.27962628360107944,,-27.54671454986507,psi,,hardware
WM-PT,pressure,1429.665538838,1779490274.9131026,0.5388004230022935,,4.850052875286684,psi,,hardware
CC-PT,pressure,1429.668873662,1779490274.9164371,0.31474474844273903,,-23.156906444657622,psi,,hardware
FT-PT,pressure,1429.672281592,1779490274.919845,0.9602512073816307,,57.53140092270384,psi,,hardware
FM-PT,pressure,1429.675659747,1779490274.9232233,0.6864781005952478,,23.30976257440598,psi,,hardware
FI-PT,pressure,1429.679060955,1779490274.9266245,0.6004244804888345,,12.553060061104308,psi,,hardware
LF-PT,pressure,1429.682507736,1779490274.9300714,0.2797186708114947,,-27.53516614856316,psi,,hardware
WM-PT,pressure,1429.685891353,1779490274.9334548,0.538690154396314,,4.836269299539245,psi,,hardware
CC-PT,pressure,1429.696129236,1779490274.9436939,0.3146034854177815,,-23.174564322777314,psi,,hardware
LF-PT,pressure,1429.699564998,1779490274.9471285,0.2802139854686243,,-27.47325181642196,psi,,hardware
FT-PT,pressure,1429.703048388,1779490274.9506123,0.9603066397078799,,57.53832996348498,psi,,hardware
FM-PT,pressure,1429.706464244,1779490274.954028,0.6864864452465111,,23.310805655813894,psi,,hardware
FI-PT,pressure,1429.709942986,1779490274.9575064,0.6003350735110132,,12.541884188876654,psi,,hardware
LF-PT,pressure,1429.713360138,1779490274.9609237,0.2804476357039971,,-27.44404553700036,psi,,hardware
WM-PT,pressure,1429.716791252,1779490274.964355,0.5384851143938439,,4.810639299230493,psi,,hardware
CC-PT,pressure,1429.720199757,1779490274.9677634,0.31465712960447423,,-23.167858799440722,psi,,hardware
FT-PT,pressure,1429.723658407,1779490274.971222,0.9600896787750337,,57.51120984687921,psi,,hardware
FM-PT,pressure,1429.727068374,1779490274.974632,0.6864828689673983,,23.310358620924788,psi,,hardware
FI-PT,pressure,1429.730484879,1779490274.9780486,0.6004107714189019,,12.551346427362734,psi,,hardware
LF-PT,pressure,1429.733908068,1779490274.9814715,0.280482206402088,,-27.439724199739,psi,,hardware
WM-PT,pressure,1429.737279926,1779490274.9848437,0.5383384869502171,,4.792310868777141,psi,,hardware
CC-PT,pressure,1429.740675857,1779490274.9882393,0.3146255391389774,,-23.171807607627827,psi,,hardware
FT-PT,pressure,1429.74414421,1779490274.9917078,0.9598852348190825,,57.48565435238531,psi,,hardware
FM-PT,pressure,1429.747520791,1779490274.9950843,0.6864941938512557,,23.311774231406957,psi,,hardware
FI-PT,pressure,1429.751470822,1779490274.9990344,0.6004584551404065,,12.557306892550816,psi,,hardware
LF-PT,pressure,1429.754965952,1779490275.0025296,0.28056744105427756,,-27.429069868215304,psi,,hardware
WM-PT,pressure,1429.758419158,1779490275.0059826,0.5383533881131873,,4.794173514148417,psi,,hardware
CC-PT,pressure,1429.761860254,1779490275.009424,0.31465712960447423,,-23.167858799440722,psi,,hardware
FT-PT,pressure,1429.765378493,1779490275.0129418,0.9598244380741641,,57.478054759270506,psi,,hardware
FM-PT,pressure,1429.768896585,1779490275.01646,0.6865865810616709,,23.323322632708866,psi,,hardware
FI-PT,pressure,1429.772321718,1779490275.0198853,0.6005270004900695,,12.565875061258684,psi,,hardware
LF-PT,pressure,1429.775783961,1779490275.0233474,0.2806663847763997,,-27.416701902950035,psi,,hardware
WM-PT,pressure,1429.779290405,1779490275.0268538,0.5382204697394931,,4.777558717436639,psi,,hardware
CC-PT,pressure,1429.7826878,1779490275.0302515,0.31476918635001017,,-23.15385170624873,psi,,hardware
FT-PT,pressure,1429.786201817,1779490275.0337653,0.9600354385418222,,57.50442981772777,psi,,hardware
FM-PT,pressure,1429.79341501,1779490275.0409799,0.6865126712933387,,23.31408391166734,psi,,hardware
FI-PT,pressure,1429.796916843,1779490275.0444806,0.6005526304903782,,12.569078811297278,psi,,hardware
LF-PT,pressure,1429.800334958,1779490275.0478985,0.2807110882653103,,-27.411113966836208,psi,,hardware
WM-PT,pressure,1429.80370191,1779490275.0512655,0.5379844353180451,,4.748054414755634,psi,,hardware
CC-PT,pressure,1429.807125044,1779490275.0546887,0.3146756070465573,,-23.16554911918034,psi,,hardware
FT-PT,pressure,1429.810612081,1779490275.0581758,0.9598911952842706,,57.48639941053382,psi,,hardware
FM-PT,pressure,1429.814037826,1779490275.0616016,0.6866145952480549,,23.326824406006864,psi,,hardware
FI-PT,pressure,1429.817420388,1779490275.064984,0.6006140232818155,,12.576752910226933,psi,,hardware
LF-PT,pressure,1429.820807486,1779490275.068371,0.2807659245450407,,-27.404259431869914,psi,,hardware
WM-PT,pressure,1429.824221843,1779490275.0717854,0.0,,-62.5,psi,,hardware
CC-PT,pressure,1429.828192225,1779490275.075756,0.6007499218881037,,12.593740236012966,psi,,hardware
FT-PT,pressure,1429.832764094,1779490275.0803275,0.9598226499346076,,57.47783124182595,psi,,hardware
FM-PT,pressure,1429.836148156,1779490275.0837119,0.6865561826892117,,23.319522836151464,psi,,hardware
FI-PT,pressure,1429.83954355,1779490275.0871072,0.6008536339823763,,12.606704247797044,psi,,hardware
LF-PT,pressure,1429.843545635,1779490275.0911093,0.28092447291904366,,-27.38444088511954,psi,,hardware
WM-PT,pressure,1429.847066578,1779490275.0946302,0.5377907201994324,,4.723840024929052,psi,,hardware
CC-PT,pressure,1429.850497971,1779490275.0980616,0.3143924849501234,,-23.200939381234576,psi,,hardware
FT-PT,pressure,1429.854007378,1779490275.1015708,0.9598023843529682,,57.47529804412102,psi,,hardware
FM-PT,pressure,1429.857528895,1779490275.1050923,0.6866920812955,,23.336510161937497,psi,,hardware
FI-PT,pressure,1429.861041431,1779490275.1086051,0.6009543658440549,,12.619295730506867,psi,,hardware
LF-PT,pressure,1429.864540506,1779490275.112104,0.28095427524498406,,-27.38071559437699,psi,,hardware
WM-PT,pressure,1429.868068134,1779490275.1156318,0.537717406477619,,4.714675809702376,psi,,hardware
CC-PT,pressure,1429.871530321,1779490275.1190937,0.31451169425388503,,-23.186038218264372,psi,,hardware
FT-PT,pressure,1429.877495839,1779490275.1250603,0.9596295308625138,,57.45369135781422,psi,,hardware
FM-PT,pressure,1429.880927453,1779490275.128491,0.6867010219932821,,23.337627749160262,psi,,hardware
FI-PT,pressure,1429.884357364,1779490275.1319208,0.6008905888665425,,12.611323608317807,psi,,hardware
LF-PT,pressure,1429.887803275,1779490275.1353667,0.28099123012915017,,-27.376096233856227,psi,,hardware
WM-PT,pressure,1429.895321747,1779490275.1428862,0.5375660106618417,,4.695751332730216,psi,,hardware
CC-PT,pressure,1429.898778805,1779490275.1463425,0.3143930809966422,,-23.200864875419725,psi,,hardware
FT-PT,pressure,1429.90218644,1779490275.14975,0.9595186662100155,,57.43983327625193,psi,,hardware
FM-PT,pressure,1429.90557376,1779490275.1531372,0.6867743357150955,,23.346791964386938,psi,,hardware
FI-PT,pressure,1429.908982895,1779490275.1565466,0.6012064935215108,,12.65081169018885,psi,,hardware
LF-PT,pressure,1429.912424416,1779490275.1599877,0.2810496426879934,,-27.368794664000827,psi,,hardware
WM-PT,pressure,1429.915809589,1779490275.163373,0.537394349264425,,4.674293658053122,psi,,hardware
CC-PT,pressure,1429.919214076,1779490275.1667776,0.3144812958814258,,-23.189838014821774,psi,,hardware
FT-PT,pressure,1429.92262895,1779490275.1701925,0.9593613099290501,,57.42016374113126,psi,,hardware
FM-PT,pressure,1429.926007698,1779490275.173571,0.6867302282727037,,23.341278534087962,psi,,hardware
FI-PT,pressure,1429.929335929,1779490275.1768994,0.6012458325917521,,12.655729073969017,psi,,hardware
LF-PT,pressure,1429.932701732,1779490275.1802652,0.2812064029224399,,-27.349199634695008,psi,,hardware
WM-PT,pressure,1429.9366653,1779490275.1842291,0.537297789728378,,4.662223716047256,psi,,hardware
CC-PT,pressure,1429.940130321,1779490275.1876938,0.314508714021291,,-23.186410747338627,psi,,hardware
FT-PT,pressure,1429.943220305,1779490275.1907845,0.9591926287642274,,57.39907859552842,psi,,hardware
FM-PT,pressure,1429.946792376,1779490275.1943562,0.6867427452495987,,23.342843156199834,psi,,hardware
FI-PT,pressure,1429.950225564,1779490275.197789,0.6013024570110389,,12.662807126379864,psi,,hardware
LF-PT,pressure,1429.953657697,1779490275.2012212,0.2813053466445621,,-27.33683166942974,psi,,hardware
WM-PT,pressure,1429.957046092,1779490275.2046096,0.5371887132154362,,4.648589151929519,psi,,hardware
CC-PT,pressure,1429.960402452,1779490275.207966,0.3144431489042221,,-23.19460638697224,psi,,hardware
FT-PT,pressure,1429.963779958,1779490275.2113435,0.9590537499253451,,57.381718740668134,psi,,hardware
FM-PT,pressure,1429.967109745,1779490275.214673,0.686825595715713,,23.353199464464126,psi,,hardware
FI-PT,pressure,1429.970505417,1779490275.2180688,0.6014300109660639,,12.678751370757983,psi,,hardware
LF-PT,pressure,1429.973936421,1779490275.2215,0.2813715078081498,,-27.328561523981275,psi,,hardware
WM-PT,pressure,1429.977377942,1779490275.2249415,0.537117783679698,,4.639722959962247,psi,,hardware
CC-PT,pressure,1429.980802669,1779490275.2283664,0.31448427611401986,,-23.18946548574752,psi,,hardware
FT-PT,pressure,1429.984284281,1779490275.231848,0.9588838766674848,,57.36048458343559,psi,,hardware
FM-PT,pressure,1429.987744227,1779490275.2353077,0.6869734152523774,,23.37167690654718,psi,,hardware
FI-PT,pressure,1429.99520824,1779490275.2427728,0.6013507367790624,,12.668842097382797,psi,,hardware
LF-PT,pressure,1429.998719387,1779490275.246283,0.2813631631568865,,-27.32960460538919,psi,,hardware
FT-PT,pressure,1430.00243669,1779490275.2500007,0.9588236759690851,,57.35295949613564,psi,,hardware
WM-PT,pressure,1430.005895507,1779490275.2534592,0.5372614308907308,,4.657678861341344,psi,,hardware
CC-PT,pressure,1430.009333326,1779490275.2568967,0.3144711630906061,,-23.19110461367424,psi,,hardware
LF-PT,pressure,1430.012750904,1779490275.260315,0.2814311124600306,,-27.321110942496173,psi,,hardware
FM-PT,pressure,1430.016232053,1779490275.2637956,0.6866968496676504,,23.337106208456305,psi,,hardware
FI-PT,pressure,1430.019612059,1779490275.2671754,0.6014288188730262,,12.67860235912828,psi,,hardware
FT-PT,pressure,1430.023053951,1779490275.2706172,0.9588445375972434,,57.355567199655425,psi,,hardware
WM-PT,pressure,1430.026990039,1779490275.2745538,0.5375189229868559,,4.6898653733569855,psi,,hardware
CC-PT,pressure,1430.030433246,1779490275.2779968,0.3144944089048396,,-23.18819888689505,psi,,hardware
LF-PT,pressure,1430.033896767,1779490275.2814603,0.2813959457154209,,-27.325506785572383,psi,,hardware
FM-PT,pressure,1430.037352954,1779490275.2849166,0.6863791568731257,,23.29739460914071,psi,,hardware
FI-PT,pressure,1430.040765681,1779490275.2883294,0.6014621974780795,,12.682774684759938,psi,,hardware
FT-PT,pressure,1430.044169297,1779490275.2917328,0.958814735271303,,57.351841908912874,psi,,hardware
WM-PT,pressure,1430.047637243,1779490275.2952008,0.5377001211285736,,4.712515141071696,psi,,hardware
CC-PT,pressure,1430.051078746,1779490275.2986422,0.31447771960231297,,-23.19028504971088,psi,,hardware
LF-PT,pressure,1430.054490732,1779490275.3020544,0.28139892594801497,,-27.325134256498128,psi,,hardware
FM-PT,pressure,1430.057909311,1779490275.3054729,0.6860298736131041,,23.25373420163801,psi,,hardware
FI-PT,pressure,1430.061391052,1779490275.3089547,0.6017065765507909,,12.713322068848857,psi,,hardware
FT-PT,pressure,1430.067410123,1779490275.3149745,0.9588922213187481,,57.36152766484351,psi,,hardware
WM-PT,pressure,1430.070873329,1779490275.3184373,0.5378735706655468,,4.734196333193344,psi,,hardware
CC-PT,pressure,1430.074335886,1779490275.3218994,0.3145248072772988,,-23.18439909033765,psi,,hardware
LF-PT,pressure,1430.077689079,1779490275.3252525,0.2813434936217658,,-27.332063297279273,psi,,hardware
FM-PT,pressure,1430.081073937,1779490275.3286376,0.6857449633771138,,23.218120422139222,psi,,hardware
FI-PT,pressure,1430.084480942,1779490275.3320446,0.6017387630628065,,12.717345382850812,psi,,hardware
FT-PT,pressure,1430.087887799,1779490275.3354514,0.9589834164361257,,57.37292705451571,psi,,hardware
WM-PT,pressure,1430.095369292,1779490275.3429341,0.5381751702040637,,4.771896275507961,psi,,hardware
CC-PT,pressure,1430.098829571,1779490275.3463933,0.3144228833225826,,-23.197139584677174,psi,,hardware
LF-PT,pressure,1430.102153266,1779490275.3497167,0.2811771966430183,,-27.35285041962271,psi,,hardware
FM-PT,pressure,1430.105648655,1779490275.353212,0.6853599173259637,,23.16998966574546,psi,,hardware
FI-PT,pressure,1430.109119712,1779490275.3566833,0.6019753935307733,,12.746924191346668,psi,,hardware
FT-PT,pressure,1430.112614972,1779490275.3601787,0.9590245436459235,,57.378067955740434,psi,,hardware
WM-PT,pressure,1430.116143711,1779490275.363707,0.5383748457878644,,4.796855723483054,psi,,hardware
CC-PT,pressure,1430.120144407,1779490275.3677082,0.31439486913619863,,-23.200641357975172,psi,,hardware
LF-PT,pressure,1430.123654128,1779490275.3712177,0.28114381803796507,,-27.357022745254366,psi,,hardware
FM-PT,pressure,1430.127182997,1779490275.3747466,0.6850714308108605,,23.133928851357567,psi,,hardware
FI-PT,pressure,1430.130674683,1779490275.3782382,0.6020266535313908,,12.753331691423856,psi,,hardware
FT-PT,pressure,1430.134155776,1779490275.3817194,0.9589750717848624,,57.3718839731078,psi,,hardware
WM-PT,pressure,1430.137669442,1779490275.385233,0.5386818097450506,,4.83522621813133,psi,,hardware
CC-PT,pressure,1430.141173035,1779490275.3887365,0.31447533541623773,,-23.190583072970284,psi,,hardware
LF-PT,pressure,1430.144633315,1779490275.392197,0.28112176431676916,,-27.359779460403853,psi,,hardware
FM-PT,pressure,1430.148136463,1779490275.3957002,0.6846947294109738,,23.08684117637172,psi,,hardware
FI-PT,pressure,1430.15158328,1779490275.3991468,0.6020802977180836,,12.760037214760448,psi,,hardware
FT-PT,pressure,1430.155020506,1779490275.4025838,0.9590418289949689,,57.380228624371114,psi,,hardware
WM-PT,pressure,1430.158504506,1779490275.406068,0.5389297650968748,,4.866220637109356,psi,,hardware
CC-PT,pressure,1430.161917493,1779490275.409481,0.31444851332289137,,-23.19393583463858,psi,,hardware
LF-PT,pressure,1430.165268389,1779490275.412832,0.2810740805952645,,-27.365739925591935,psi,,hardware
FM-PT,pressure,1430.168661395,1779490275.416225,0.6843585591743659,,23.044819896795744,psi,,hardware
FI-PT,pressure,1430.172053141,1779490275.4196167,0.6021953346962136,,12.774416837026696,psi,,hardware
FT-PT,pressure,1430.175459906,1779490275.4230237,0.9591157387633011,,57.38946734541264,psi,,hardware
WM-PT,pressure,1430.178924778,1779490275.4264884,0.5391961978907821,,4.899524736347763,psi,,hardware
CC-PT,pressure,1430.182330579,1779490275.4298942,0.31457070285924704,,-23.17866214259412,psi,,hardware
LF-PT,pressure,1430.185738677,1779490275.4333022,0.2811897136199133,,-27.351285797510837,psi,,hardware
FM-PT,pressure,1430.192461747,1779490275.440026,0.6840247731238334,,23.00309664047917,psi,,hardware
FI-PT,pressure,1430.196217381,1779490275.4437816,0.6020236732987968,,12.752959162349601,psi,,hardware
FT-PT,pressure,1430.199733843,1779490275.4472976,0.9591187189958952,,57.389839874486896,psi,,hardware
WM-PT,pressure,1430.203222659,1779490275.4507864,0.5394024299862897,,4.9253037482862165,psi,,hardware
CC-PT,pressure,1430.206685883,1779490275.4542496,0.31457070285924704,,-23.17866214259412,psi,,hardware
LF-PT,pressure,1430.210742168,1779490275.458306,0.2812409736205308,,-27.34487829743365,psi,,hardware
FM-PT,pressure,1430.214256538,1779490275.4618201,0.6837070803293086,,22.963385041163576,psi,,hardware
FI-PT,pressure,1430.217723651,1779490275.4652872,0.6021422865560396,,12.767785819504955,psi,,hardware
FT-PT,pressure,1430.221190467,1779490275.4687538,0.9591306399262713,,57.391329990783916,psi,,hardware
WM-PT,pressure,1430.224699726,1779490275.472263,0.5396110462678726,,4.951380783484074,psi,,hardware
CC-PT,pressure,1430.228146118,1779490275.4757097,0.3146052735573379,,-23.17434080533276,psi,,hardware
LF-PT,pressure,1430.231658413,1779490275.479222,0.2812630273417267,,-27.34212158228416,psi,,hardware
FM-PT,pressure,1430.235139803,1779490275.4827034,0.6833726982322572,,22.921587279032153,psi,,hardware
FI-PT,pressure,1430.238603564,1779490275.486167,0.6021196367883249,,12.764954598540616,psi,,hardware
FT-PT,pressure,1430.242035624,1779490275.4895992,0.9591914366711898,,57.39892958389872,psi,,hardware
WM-PT,pressure,1430.245443925,1779490275.4930074,0.5398274111542,,4.978426394274996,psi,,hardware
CC-PT,pressure,1430.248819468,1779490275.496383,0.31459216053392414,,-23.175979933259484,psi,,hardware
LF-PT,pressure,1430.252271952,1779490275.4998355,0.28130177036544923,,-27.337278704318845,psi,,hardware
FM-PT,pressure,1430.258159215,1779490275.505724,0.6830609659029205,,22.882620737865068,psi,,hardware
FI-PT,pressure,1430.261603718,1779490275.5091672,0.6021804335332434,,12.77255419165542,psi,,hardware
FT-PT,pressure,1430.265026796,1779490275.5125904,0.9591884564385957,,57.398557054824465,psi,,hardware
WM-PT,pressure,1430.26840708,1779490275.5159707,0.5401129174367091,,5.014114679588635,psi,,hardware
CC-PT,pressure,1430.271800438,1779490275.5193644,0.3145826237896232,,-23.1771720262971,psi,,hardware
LF-PT,pressure,1430.275215775,1779490275.5227792,0.2811909057129509,,-27.351136785881135,psi,,hardware
FM-PT,pressure,1430.278192377,1779490275.525756,0.6827545979922531,,22.844324749031642,psi,,hardware
FI-PT,pressure,1430.281578679,1779490275.5291424,0.6021780493471681,,12.772256168396016,psi,,hardware
FT-PT,pressure,1430.284936428,1779490275.5325003,0.9590990494607745,,57.38738118259681,psi,,hardware
WM-PT,pressure,1430.290204038,1779490275.5377676,0.540309016741397,,5.038627092674622,psi,,hardware
LF-PT,pressure,1430.295768373,1779490275.5433328,0.28120938315503397,,-27.348827105620753,psi,,hardware
FM-PT,pressure,1430.299242652,1779490275.5468063,0.6824869731053083,,22.810871638163533,psi,,hardware
FI-PT,pressure,1430.303234145,1779490275.550798,0.6023020270230802,,12.787753377885029,psi,,hardware
CC-PT,pressure,1430.306728275,1779490275.554292,0.3144204991365074,,-23.19743760793658,psi,,hardware
LF-PT,pressure,1430.310204794,1779490275.557768,0.28131845966797586,,-27.335192541503016,psi,,hardware
FT-PT,pressure,1430.313667926,1779490275.5612314,0.9594769429536989,,57.43461786921236,psi,,hardware
WM-PT,pressure,1430.317162426,1779490275.564726,0.5405247855812055,,5.065598197650692,psi,,hardware
FM-PT,pressure,1430.320689369,1779490275.568253,0.6823701479876219,,22.796268498452733,psi,,hardware
FI-PT,pressure,1430.324199961,1779490275.5717635,0.6022102358591838,,12.776279482397971,psi,,hardware
CC-PT,pressure,1430.32761004,1779490275.5751736,1.8946077698001587,,174.32597122501983,psi,,hardware
LF-PT,pressure,1430.331149556,1779490275.5787132,0.2814507819951513,,-27.31865225060609,psi,,hardware
FT-PT,pressure,1430.334934245,1779490275.5824978,0.9592540215556646,,57.40675269445808,psi,,hardware
WM-PT,pressure,1430.338353786,1779490275.5859172,0.5405772376748607,,5.072154709357582,psi,,hardware
FM-PT,pressure,1430.341853879,1779490275.5894172,0.6821823933341973,,22.77279916677466,psi,,hardware
FI-PT,pressure,1430.345343083,1779490275.5929067,0.6023568633028106,,12.794607912851323,psi,,hardware
CC-PT,pressure,1430.348861823,1779490275.5964255,0.31459335262696175,,-23.17583092162978,psi,,hardware
LF-PT,pressure,1430.352339213,1779490275.5999026,0.2813440896682846,,-27.331988791464422,psi,,hardware
FT-PT,pressure,1430.355797512,1779490275.6033611,0.9591151427167823,,57.38939283959779,psi,,hardware
WM-PT,pressure,1430.359260662,1779490275.6068244,0.5407697607004357,,5.096220087554462,psi,,hardware
FM-PT,pressure,1430.362806122,1779490275.6103694,0.6820566275187288,,22.757078439841095,psi,,hardware
FI-PT,pressure,1430.366302122,1779490275.6138656,0.602327657023389,,12.790957127923622,psi,,hardware
CC-PT,pressure,1430.369709109,1779490275.6172729,0.3146189826272705,,-23.172627171591188,psi,,hardware
LF-PT,pressure,1430.373234293,1779490275.6207976,0.28136793152903694,,-27.32900855887038,psi,,hardware
FT-PT,pressure,1430.376746477,1779490275.62431,0.9589255999238013,,57.365699990475164,psi,,hardware
WM-PT,pressure,1430.380209498,1779490275.627773,0.5411041427974871,,5.138017849685886,psi,,hardware
FM-PT,pressure,1430.383707849,1779490275.6312711,0.6818301298415816,,22.728766230197706,psi,,hardware
FI-PT,pressure,1430.387208738,1779490275.6347723,0.6024069312103905,,12.800866401298808,psi,,hardware
CC-PT,pressure,1430.39509958,1779490275.642664,0.3145879882082925,,-23.17650147396344,psi,,hardware
LF-PT,pressure,1430.398529658,1779490275.6460934,0.28122130408541013,,-27.347336989323733,psi,,hardware
FT-PT,pressure,1430.401945329,1779490275.649509,0.9588952015513421,,57.36190019391776,psi,,hardware
FM-PT,pressure,1430.405309318,1779490275.6528728,0.6822282889161455,,22.77853611451819,psi,,hardware
WM-PT,pressure,1430.408728174,1779490275.6562915,0.5411536146585482,,5.144201832318521,psi,,hardware
LF-PT,pressure,1430.412163362,1779490275.6597269,0.28136137501733005,,-27.329828122833742,psi,,hardware
FI-PT,pressure,1430.415568349,1779490275.663132,0.6022519591155003,,12.781494889437543,psi,,hardware
CC-PT,pressure,1430.418960817,1779490275.6665242,0.31466726239529397,,-23.166592200588255,psi,,hardware
FT-PT,pressure,1430.422333676,1779490275.6698968,0.9587217520143689,,57.340219001796115,psi,,hardware
FM-PT,pressure,1430.425789604,1779490275.673353,0.6822980263588461,,22.78725329485576,psi,,hardware
WM-PT,pressure,1430.429235385,1779490275.676799,0.5411661316354431,,5.145766454430392,psi,,hardware
LF-PT,pressure,1430.432684499,1779490275.680248,0.2814978696701371,,-27.312766291232858,psi,,hardware
FI-PT,pressure,1430.436164685,1779490275.6837282,0.6020630123690381,,12.757876546129769,psi,,hardware
CC-PT,pressure,1430.439453196,1779490275.6870167,0.31463746006935356,,-23.170317491330806,psi,,hardware
FT-PT,pressure,1430.444840318,1779490275.6924047,0.9585518787565086,,57.31898484456357,psi,,hardware
FM-PT,pressure,1430.448254138,1779490275.6958177,0.6823314049638993,,22.791425620487416,psi,,hardware
WM-PT,pressure,1430.451643903,1779490275.6992073,0.5412942816369869,,5.161785204623362,psi,,hardware
LF-PT,pressure,1430.455034853,1779490275.702598,0.28155926246157437,,-27.305092192303203,psi,,hardware
FI-PT,pressure,1430.458507688,1779490275.7060714,0.6020403626013234,,12.75504532516543,psi,,hardware
CC-PT,pressure,1430.461900749,1779490275.7094643,0.314682759604783,,-23.16465504940213,psi,,hardware
FT-PT,pressure,1430.465383472,1779490275.712947,0.9583826015451671,,57.29782519314588,psi,,hardware
FM-PT,pressure,1430.468846807,1779490275.7164104,0.6823892214762237,,22.798652684527966,psi,,hardware
WM-PT,pressure,1430.47231018,1779490275.719874,0.5413687874518379,,5.17109843147974,psi,,hardware
LF-PT,pressure,1430.475717222,1779490275.7232807,0.2816546299045837,,-27.29317126192704,psi,,hardware
FI-PT,pressure,1430.479096061,1779490275.7266595,0.6018764498086512,,12.734556226081398,psi,,hardware
CC-PT,pressure,1430.483049463,1779490275.730613,0.31471792634939266,,-23.160259206325918,psi,,hardware
FT-PT,pressure,1430.486548482,1779490275.734112,0.9585137317793049,,57.31421647241311,psi,,hardware
FM-PT,pressure,1430.492969235,1779490275.7405338,0.6824315407790591,,22.803942597382388,psi,,hardware
WM-PT,pressure,1430.496552638,1779490275.7441168,0.5414540221040275,,5.181752763003436,psi,,hardware
LF-PT,pressure,1430.500099061,1779490275.7476628,0.281721983161209,,-27.284752104848874,psi,,hardware
FI-PT,pressure,1430.503610283,1779490275.7511737,0.6017220737602799,,12.715259220034984,psi,,hardware
CC-PT,pressure,1430.507031139,1779490275.7545946,0.3147930282107625,,-23.15087147365469,psi,,hardware
FT-PT,pressure,1430.510547119,1779490275.758111,0.9583432624749257,,57.292907809365715,psi,,hardware
FM-PT,pressure,1430.514059286,1779490275.7616227,0.682500086128722,,22.812510766090256,psi,,hardware
WM-PT,pressure,1430.517515529,1779490275.765079,0.5415702511751951,,5.196281396899385,psi,,hardware
LF-PT,pressure,1430.521010307,1779490275.7685738,0.2817148306029833,,-27.285646174627086,psi,,hardware
FI-PT,pressure,1430.524530139,1779490275.7720938,0.6015247823625544,,12.690597795319295,psi,,hardware
CC-PT,pressure,1430.528022547,1779490275.7755864,0.31483296332752264,,-23.14587958405967,psi,,hardware
FT-PT,pressure,1430.531505622,1779490275.7790692,0.9582550475901421,,57.281880948767764,psi,,hardware
FM-PT,pressure,1430.534973457,1779490275.782537,0.6825084307799854,,22.81355384749817,psi,,hardware
WM-PT,pressure,1430.538396757,1779490275.7859604,0.5416173388501809,,5.202167356272616,psi,,hardware
LF-PT,pressure,1430.541876295,1779490275.7894397,0.2818841078143248,,-27.264486523209396,psi,,hardware
FI-PT,pressure,1430.545391405,1779490275.792955,0.6013125898018586,,12.664073725232331,psi,,hardware
CC-PT,pressure,1430.548856704,1779490275.7964203,0.3149587291429912,,-23.130158857126098,psi,,hardware
FT-PT,pressure,1430.552323224,1779490275.7998867,0.9580500075876721,,57.25625094845901,psi,,hardware
FM-PT,pressure,1430.555736543,1779490275.8033001,0.6824875691518271,,22.810946143978384,psi,,hardware
WM-PT,pressure,1430.559075329,1779490275.806639,0.5417377402469802,,5.217217530872523,psi,,hardware
LF-PT,pressure,1430.562532721,1779490275.810096,0.28197470688518367,,-27.25316163935204,psi,,hardware
FI-PT,pressure,1430.565975594,1779490275.813539,0.6011915923585406,,12.648949044817574,psi,,hardware
CC-PT,pressure,1430.569426282,1779490275.8169901,0.3150523084464441,,-23.118461444194487,psi,,hardware
FT-PT,pressure,1430.574080258,1779490275.821644,0.9579111287487898,,57.238891093598724,psi,,hardware
FM-PT,pressure,1430.577508002,1779490275.8250716,0.6825078347334665,,22.81347934168332,psi,,hardware
WM-PT,pressure,1430.580830789,1779490275.8283942,0.5418265511782826,,5.228318897285325,psi,,hardware
LF-PT,pressure,1430.584270367,1779490275.8318338,0.2821028568867274,,-27.23714288915907,psi,,hardware
FI-PT,pressure,1430.587738831,1779490275.835302,0.6011230470088776,,12.640380876109706,psi,,hardware
CC-PT,pressure,1430.594281837,1779490275.8418462,0.3151524442616039,,-23.105944467299516,psi,,hardware
LF-PT,pressure,1430.597813076,1779490275.8453767,0.28233114270343096,,-27.20860716207113,psi,,hardware
FT-PT,pressure,1430.601322631,1779490275.8488863,0.9578789422367742,,57.23486777959677,psi,,hardware
FM-PT,pressure,1430.604798299,1779490275.8523617,0.6825883010135056,,22.823537626688207,psi,,hardware
WM-PT,pressure,1430.608316687,1779490275.8558803,0.5418086697827184,,5.226083722839794,psi,,hardware
LF-PT,pressure,1430.611865536,1779490275.859429,0.28247717410053896,,-27.190353237432628,psi,,hardware
FI-PT,pressure,1430.615418274,1779490275.8629816,0.6009269477041898,,12.61586846302372,psi,,hardware
CC-PT,pressure,1430.618929403,1779490275.866493,0.31506244123726385,,-23.11719484534202,psi,,hardware
FT-PT,pressure,1430.622462346,1779490275.8700256,0.9578014561893291,,57.225182023666136,psi,,hardware
FM-PT,pressure,1430.625915237,1779490275.8734787,0.6825805524087611,,22.822569051095144,psi,,hardware
WM-PT,pressure,1430.629324946,1779490275.8768885,0.5418933083883891,,5.2366635485486395,psi,,hardware
LF-PT,pressure,1430.635415846,1779490275.88298,0.28252783805463766,,-27.18402024317029,psi,,hardware
FI-PT,pressure,1430.638964824,1779490275.8865285,0.6007612467719611,,12.595155846495135,psi,,hardware
CC-PT,pressure,1430.64246451,1779490275.890028,0.3150755542606776,,-23.115555717415297,psi,,hardware
FT-PT,pressure,1430.645932493,1779490275.8934958,0.9576035687450848,,57.2004460931356,psi,,hardware
FM-PT,pressure,1430.649388199,1779490275.896952,0.6828213552023596,,22.852669400294957,psi,,hardware
WM-PT,pressure,1430.652712375,1779490275.900276,0.542117421879461,,5.264677734932624,psi,,hardware
LF-PT,pressure,1430.65613649,1779490275.9036999,0.28250638037996056,,-27.186702452504928,psi,,hardware
FI-PT,pressure,1430.659553365,1779490275.907117,0.6006021023514393,,12.575262793929912,psi,,hardware
CC-PT,pressure,1430.662942593,1779490275.910506,0.31520012798310854,,-23.099984002111434,psi,,hardware
FT-PT,pressure,1430.666958158,1779490275.914522,0.957472438510947,,57.18405481386837,psi,,hardware
FM-PT,pressure,1430.670500674,1779490275.9180644,0.6828922847380978,,22.86153559226223,psi,,hardware
WM-PT,pressure,1430.674014859,1779490275.9215782,0.5420888116465582,,5.261101455819775,psi,,hardware
LF-PT,pressure,1430.67751721,1779490275.9250805,0.28264287503276764,,-27.169640620904044,psi,,hardware
FI-PT,pressure,1430.681539479,1779490275.9291031,0.6004513025821808,,12.556412822772604,psi,,hardware
CC-PT,pressure,1430.684879099,1779490275.9324427,0.3153360265893968,,-23.0829966763254,psi,,hardware
FT-PT,pressure,1430.690164856,1779490275.9377282,0.9574104496729909,,57.176306209123865,psi,,hardware
FM-PT,pressure,1430.695612864,1779490275.9431772,0.6828493693887436,,22.856171173592955,psi,,hardware
WM-PT,pressure,1430.69905683,1779490275.9466205,0.542135899321544,,5.266987415193006,psi,,hardware
LF-PT,pressure,1430.702495741,1779490275.9500594,0.28264466317232406,,-27.16941710345949,psi,,hardware
FI-PT,pressure,1430.705941336,1779490275.9535048,0.6002909660686214,,12.536370758577679,psi,,hardware
CC-PT,pressure,1430.709284048,1779490275.9568477,0.31558636612729624,,-23.05170423408797,psi,,hardware
FT-PT,pressure,1430.712696905,1779490275.9602604,0.9573061415321995,,57.163267691524936,psi,,hardware
FM-PT,pressure,1430.716075152,1779490275.9636385,0.6828726152029772,,22.859076900372145,psi,,hardware
WM-PT,pressure,1430.719478694,1779490275.967042,0.5422330549041098,,5.279131863013722,psi,,hardware
LF-PT,pressure,1430.722895976,1779490275.9704595,0.2826989034055356,,-27.162637074308048,psi,,hardware
FI-PT,pressure,1430.726334294,1779490275.9738977,0.6000656604845119,,12.508207560563992,psi,,hardware
CC-PT,pressure,1430.72972517,1779490275.977289,0.3155410665918668,,-23.05736667601665,psi,,hardware
FT-PT,pressure,1430.733127768,1779490275.9806912,0.9571040817623235,,57.13801022029044,psi,,hardware
FM-PT,pressure,1430.736403206,1779490275.9839668,0.6829119542732185,,22.863994284152312,psi,,hardware
WM-PT,pressure,1430.739755547,1779490275.9873283,0.5423498800217962,,5.293735002724523,psi,,hardware
LF-PT,pressure,1430.743834479,1779490275.9913979,0.28275671991786,,-27.1554100102675,psi,,hardware
FI-PT,pressure,1430.747308203,1779490275.9948719,0.5999118804826594,,12.488985060332428,psi,,hardware
CC-PT,pressure,1430.750770742,1779490275.9983344,0.315671004732967,,-23.041124408379126,psi,,hardware
FT-PT,pressure,1430.754246169,1779490276.0018096,0.9569801040864114,,57.12251301080143,psi,,hardware
FM-PT,pressure,1430.758232255,1779490276.005796,0.6829834798554755,,22.872934981934435,psi,,hardware
WM-PT,pressure,1430.761704904,1779490276.0092685,0.5424768379303023,,5.3096047412877905,psi,,hardware
LF-PT,pressure,1430.765197016,1779490276.0127606,0.28287771736117806,,-27.14028532985274,psi,,hardware
FI-PT,pressure,1430.768721108,1779490276.0162847,0.599764060945995,,12.470507618249375,psi,,hardware
CC-PT,pressure,1430.772216571,1779490276.0197802,0.3158247847348195,,-23.021901908147562,psi,,hardware
FT-PT,pressure,1430.775755199,1779490276.0233188,0.9567792364095731,,57.09740455119663,psi,,hardware
FM-PT,pressure,1430.779220405,1779490276.026784,0.6830204347396416,,22.8775543424552,psi,,hardware
WM-PT,pressure,1430.782732367,1779490276.0302958,0.5424929311863101,,5.311616398288768,psi,,hardware
LF-PT,pressure,1430.786178704,1779490276.0337424,0.28303805387473746,,-27.120243265657816,psi,,hardware
FI-PT,pressure,1430.792725062,1779490276.0402896,0.5996204137349622,,12.452551716870278,psi,,hardware
CC-PT,pressure,1430.796313131,1779490276.043877,0.31587902496803105,,-23.01512187899612,psi,,hardware
FT-PT,pressure,1430.799731432,1779490276.047295,0.9567118831529478,,57.08898539411847,psi,,hardware
FM-PT,pressure,1430.803151937,1779490276.0507154,0.6831128219500568,,22.889102743757107,psi,,hardware
WM-PT,pressure,1430.80648939,1779490276.0540528,0.5426133325831094,,5.326666572888675,psi,,hardware
LF-PT,pressure,1430.809920431,1779490276.0574841,0.28311613596870133,,-27.110483003912332,psi,,hardware
FI-PT,pressure,1430.813335047,1779490276.0608985,0.5994755744308918,,12.43444680386148,psi,,hardware
CC-PT,pressure,1430.816630187,1779490276.0641935,0.31597200822496513,,-23.00349897187936,psi,,hardware
FT-PT,pressure,1430.820078783,1779490276.0676425,0.9565813489653288,,57.07266862066609,psi,,hardware
FM-PT,pressure,1430.826161091,1779490276.0737257,0.683137259857328,,22.892157482166,psi,,hardware
WM-PT,pressure,1430.829596743,1779490276.0771601,0.5426306179321548,,5.328827241519354,psi,,hardware
LF-PT,pressure,1430.833336212,1779490276.0809,0.542906587470363,,5.363323433795378,psi,,hardware
FI-PT,pressure,1430.837285929,1779490276.0848494,0.5994588851283652,,12.432360641045651,psi,,hardware
CC-PT,pressure,1430.840624308,1779490276.0881877,0.3161073107847346,,-22.986586151908178,psi,,hardware
FT-PT,pressure,1430.844057109,1779490276.0916204,0.9564490266381533,,57.056128329769166,psi,,hardware
FM-PT,pressure,1430.84755609,1779490276.0951197,0.6832373956724878,,22.90467445906097,psi,,hardware
WM-PT,pressure,1430.851534639,1779490276.0990984,0.5430627516582908,,5.382843957286346,psi,,hardware
LF-PT,pressure,1430.855053009,1779490276.1026165,0.2827924827089885,,-27.150939661376437,psi,,hardware
FI-PT,pressure,1430.858563249,1779490276.1061268,0.5992031811717965,,12.400397646474563,psi,,hardware
CC-PT,pressure,1430.86202527,1779490276.1095886,0.31608883334265153,,-22.98889583216856,psi,,hardware
FT-PT,pressure,1430.865576471,1779490276.1131399,0.956319684543572,,57.039960567946494,psi,,hardware
FM-PT,pressure,1430.869104711,1779490276.1166682,0.6831777910206069,,22.89722387757587,psi,,hardware
WM-PT,pressure,1430.872565343,1779490276.1201289,0.5431360653801042,,5.392008172513021,psi,,hardware
LF-PT,pressure,1430.876049974,1779490276.1236134,0.28287175689599,,-27.14103038800125,psi,,hardware
FI-PT,pressure,1430.879560529,1779490276.1271243,0.5990601300072825,,12.382516250910317,psi,,hardware
CC-PT,pressure,1430.882963682,1779490276.1305273,0.31622115566982695,,-22.972355541271632,psi,,hardware
FT-PT,pressure,1430.886431592,1779490276.133995,0.9564722724523869,,57.059034056548356,psi,,hardware
FM-PT,pressure,1430.892908657,1779490276.1404731,0.6832183221838859,,22.902290272985738,psi,,hardware
WM-PT,pressure,1430.896492708,1779490276.1440566,0.5431152037519459,,5.3894004689932355,psi,,hardware
LF-PT,pressure,1430.899977524,1779490276.147541,0.2829158643383818,,-27.135516957702276,psi,,hardware
FI-PT,pressure,1430.90346234,1779490276.151026,0.5988211153532405,,12.352639419155057,psi,,hardware
CC-PT,pressure,1430.906975951,1779490276.1545396,0.3161943335764806,,-22.97570830293993,psi,,hardware
FT-PT,pressure,1430.910522189,1779490276.1580856,0.9563143201249027,,57.039290015612835,psi,,hardware
FM-PT,pressure,1430.914043614,1779490276.1616075,0.6833244184642338,,22.91555230802922,psi,,hardware
WM-PT,pressure,1430.917566113,1779490276.1651297,0.5431330851475101,,5.391635643438766,psi,,hardware
LF-PT,pressure,1430.920988544,1779490276.1685522,0.2829736808507062,,-27.128289893661726,psi,,hardware
FI-PT,pressure,1430.924489285,1779490276.1720526,0.5987513779105399,,12.343922238817488,psi,,hardware
CC-PT,pressure,1430.927968471,1779490276.175532,0.3162902970660087,,-22.963712866748914,psi,,hardware
FT-PT,pressure,1430.931463712,1779490276.1790276,0.9562314696587884,,57.02893370734854,psi,,hardware
FM-PT,pressure,1430.934980397,1779490276.1825438,0.6832797149753231,,22.909964371915393,psi,,hardware
WM-PT,pressure,1430.938490156,1779490276.186054,0.5433142832892278,,5.414285411153477,psi,,hardware
LF-PT,pressure,1430.942691212,1779490276.1902554,0.2830535510842265,,-27.11830611447169,psi,,hardware
FI-PT,pressure,1430.946903841,1779490276.1944675,0.5985350130242125,,12.316876628026566,psi,,hardware
CC-PT,pressure,1430.950438599,1779490276.1980019,0.31632486776409957,,-22.959391529487554,psi,,hardware
FT-PT,pressure,1430.953928303,1779490276.2014916,0.9560198731446115,,57.00248414307643,psi,,hardware
FM-PT,pressure,1430.957446562,1779490276.2050102,0.6834334949771756,,22.929186872146957,psi,,hardware
WM-PT,pressure,1430.960993948,1779490276.2085576,0.5434299163138766,,5.428739539234575,psi,,hardware
LF-PT,pressure,1430.964530984,1779490276.2120945,0.28307381666586595,,-27.115772916766755,psi,,hardware
FI-PT,pressure,1430.968040483,1779490276.2156043,0.5984158037204509,,12.301975465056362,psi,,hardware
CC-PT,pressure,1430.971514707,1779490276.2190783,0.31635109381092713,,-22.95611327363411,psi,,hardware
FT-PT,pressure,1430.97499906,1779490276.2225626,0.9559185452364141,,56.989818154551756,psi,,hardware
FM-PT,pressure,1430.979081733,1779490276.2266455,0.6834328989306568,,22.929112366332106,psi,,hardware
WM-PT,pressure,1430.982561346,1779490276.2301247,0.5434841565470881,,5.4355195683860185,psi,,hardware
LF-PT,pressure,1430.986029662,1779490276.233593,0.28329912224997544,,-27.087609718753068,psi,,hardware
FI-PT,pressure,1430.992825026,1779490276.2403896,0.5982667920907488,,12.283349011343606,psi,,hardware
CC-PT,pressure,1430.99647224,1779490276.2440362,0.3163487096248519,,-22.956411296893513,psi,,hardware
FT-PT,pressure,1430.999968741,1779490276.2475321,0.9559423870971664,,56.9927983871458,psi,,hardware
FM-PT,pressure,1431.003420355,1779490276.2509842,0.6835342268388542,,22.94177835485678,psi,,hardware
WM-PT,pressure,1431.00694252,1779490276.2545063,0.5434942893379079,,5.436786167238486,psi,,hardware
LF-PT,pressure,1431.010482148,1779490276.2580457,0.28338078062305216,,-27.077402422118478,psi,,hardware
FI-PT,pressure,1431.016593566,1779490276.2641578,0.5981058595306705,,12.263232441333816,psi,,hardware
CC-PT,pressure,1431.020081104,1779490276.2676446,0.3163910289276873,,-22.95112138403909,psi,,hardware
FT-PT,pressure,1431.023583345,1779490276.271147,0.9557737059323437,,56.97171324154296,psi,,hardware
FM-PT,pressure,1431.027006349,1779490276.27457,0.6836915831198196,,22.96144788997745,psi,,hardware
WM-PT,pressure,1431.030436038,1779490276.2779999,0.5438656263191254,,5.483203289890673,psi,,hardware
LF-PT,pressure,1431.034510045,1779490276.2820735,0.28349700969421976,,-27.06287378822253,psi,,hardware
FI-PT,pressure,1431.038506019,1779490276.2860699,0.5979043958073134,,12.23804947591417,psi,,hardware
CC-PT,pressure,1431.041973447,1779490276.289537,0.31638089613686754,,-22.95238798289156,psi,,hardware
FT-PT,pressure,1431.045423098,1779490276.2929864,0.9556276745352357,,56.95345931690446,psi,,hardware
FM-PT,pressure,1431.048882323,1779490276.2964456,0.6836444954448337,,22.95556193060422,psi,,hardware
WM-PT,pressure,1431.052307123,1779490276.2998707,0.5440456323678055,,5.505704045975682,psi,,hardware
LF-PT,pressure,1431.055810586,1779490276.303374,0.28362158341665067,,-27.047302072918665,psi,,hardware
FI-PT,pressure,1431.059344066,1779490276.3069074,0.5978042599921536,,12.225532499019199,psi,,hardware
CC-PT,pressure,1431.062839548,1779490276.3104033,0.3163767238112359,,-22.952909523595515,psi,,hardware
FT-PT,pressure,1431.066376417,1779490276.3139398,0.9554607815099694,,56.93259768874617,psi,,hardware
FM-PT,pressure,1431.069829309,1779490276.3173928,0.6836975435850077,,22.96219294812596,psi,,hardware
WM-PT,pressure,1431.073344993,1779490276.3209085,0.5440897398101973,,5.511217476274657,psi,,hardware
LF-PT,pressure,1431.076893084,1779490276.3244567,0.2836096624862745,,-27.048792189215686,psi,,hardware
FI-PT,pressure,1431.080342901,1779490276.3279066,0.5976367709203685,,12.204596365046061,psi,,hardware
CC-PT,pressure,1431.083821884,1779490276.3313854,0.31645540195171856,,-22.94307475603518,psi,,hardware
FT-PT,pressure,1431.087306126,1779490276.3348699,0.9556300587213109,,56.95375734016386,psi,,hardware
FM-PT,pressure,1431.093940868,1779490276.3415053,0.6837166170736095,,22.964577134201193,psi,,hardware
WM-PT,pressure,1431.097432665,1779490276.3449965,0.5441827230671313,,5.522840383391417,psi,,hardware
LF-PT,pressure,1431.100919481,1779490276.3484833,0.2836072783001993,,-27.04909021247509,psi,,hardware
FI-PT,pressure,1431.104384186,1779490276.3519478,0.5974376913830866,,12.17971142288582,psi,,hardware
CC-PT,pressure,1431.107875132,1779490276.3554387,0.31652692753397554,,-22.934134058253058,psi,,hardware
FT-PT,pressure,1431.111405964,1779490276.3589697,0.955536479417858,,56.94205992723225,psi,,hardware
FM-PT,pressure,1431.114929426,1779490276.362493,0.6838292698656643,,22.978658733208036,psi,,hardware
WM-PT,pressure,1431.118414186,1779490276.3659775,0.5442077570209213,,5.52596962761516,psi,,hardware
LF-PT,pressure,1431.121878725,1779490276.369442,0.28369430109194527,,-27.03821236350684,psi,,hardware
FI-PT,pressure,1431.125406205,1779490276.3729696,0.5973315951027387,,12.166449387842338,psi,,hardware
CC-PT,pressure,1431.129196894,1779490276.3767607,0.3166264673026165,,-22.921691587172937,psi,,hardware
FT-PT,pressure,1431.132577363,1779490276.380141,0.955359453601772,,56.9199317002215,psi,,hardware
FM-PT,pressure,1431.13587643,1779490276.38344,0.6837863545163101,,22.973294314538762,psi,,hardware
WM-PT,pressure,1431.139338099,1779490276.3869016,0.5442470960911626,,5.530887011395327,psi,,hardware
LF-PT,pressure,1431.142691607,1779490276.3902552,0.2838206629539326,,-27.022417130758424,psi,,hardware
FI-PT,pressure,1431.145939398,1779490276.393503,0.5972469564970679,,12.155869562133493,psi,,hardware
CC-PT,pressure,1431.149287369,1779490276.396851,0.31665150125640645,,-22.918562342949194,psi,,hardware
FT-PT,pressure,1431.152653932,1779490276.4002175,0.9552533573214241,,56.906669665178015,psi,,hardware
FM-PT,pressure,1431.156036439,1779490276.4036002,0.6838024477723179,,22.97530597153974,psi,,hardware
WM-PT,pressure,1431.159424019,1779490276.4069877,0.5443758421392252,,5.546980267403148,psi,,hardware
LF-PT,pressure,1431.162832135,1779490276.4103956,0.28388205574536984,,-27.01474303182877,psi,,hardware
FI-PT,pressure,1431.166226493,1779490276.41379,0.5970299955642218,,12.12874944552772,psi,,hardware
CC-PT,pressure,1431.169665774,1779490276.4172294,0.3167993207930709,,-22.90008490086614,psi,,hardware
FT-PT,pressure,1431.173187718,1779490276.4207516,0.9550501054585105,,56.881263182313816,psi,,hardware
FM-PT,pressure,1431.176637443,1779490276.424201,0.6838894705640639,,22.98618382050799,psi,,hardware
WM-PT,pressure,1431.180063169,1779490276.4276268,0.5444348507445873,,5.5543563430734135,psi,,hardware
LF-PT,pressure,1431.183528801,1779490276.4310923,0.28385404155898586,,-27.018244805126766,psi,,hardware
FI-PT,pressure,1431.187026375,1779490276.4345899,0.5970973488208471,,12.137168602605886,psi,,hardware
CC-PT,pressure,1431.193242713,1779490276.4408069,0.3167283912573327,,-22.908951092833412,psi,,hardware
FT-PT,pressure,1431.196759509,1779490276.444323,0.9550161308069385,,56.87701635086731,psi,,hardware
FM-PT,pressure,1431.200222622,1779490276.4477863,0.6839341740529745,,22.991771756621816,psi,,hardware
WM-PT,pressure,1431.206181919,1779490276.4537463,0.5444682293496406,,5.558528668705071,psi,,hardware
LF-PT,pressure,1431.20981369,1779490276.4573772,0.283862982256768,,-27.017127217904,psi,,hardware
FI-PT,pressure,1431.213285062,1779490276.4608486,0.5969596620750024,,12.1199577593753,psi,,hardware
CC-PT,pressure,1431.216618386,1779490276.464182,0.3167641540484612,,-22.90448074394235,psi,,hardware
FT-PT,pressure,1431.220669412,1779490276.4682329,0.9550691789471124,,56.88364736838905,psi,,hardware
FM-PT,pressure,1431.224173764,1779490276.4717376,0.6839317898668993,,22.99147373336241,psi,,hardware
WM-PT,pressure,1431.227648896,1779490276.4752123,0.5445457153970856,,5.568214424635704,psi,,hardware
LF-PT,pressure,1431.231159488,1779490276.478723,0.28383198783778996,,-27.021001520276254,psi,,hardware
FI-PT,pressure,1431.23467582,1779490276.4822395,0.5968493934690229,,12.10617418362786,psi,,hardware
CC-PT,pressure,1431.238138619,1779490276.4857025,0.3168309112585677,,-22.896136092679036,psi,,hardware
FT-PT,pressure,1431.241626472,1779490276.48919,0.9549094384800718,,56.863679810008975,psi,,hardware
FM-PT,pressure,1431.245192617,1779490276.4927561,0.683957419867208,,22.994677483401006,psi,,hardware
WM-PT,pressure,1431.248671155,1779490276.4962347,0.5445951872581467,,5.574398407268339,psi,,hardware
LF-PT,pressure,1431.2520979,1779490276.4996612,0.284024510863365,,-26.996936142079374,psi,,hardware
FI-PT,pressure,1431.255582753,1779490276.5031462,0.5966914411415387,,12.08643014269234,psi,,hardware
CC-PT,pressure,1431.259087068,1779490276.5066507,0.31689111195696734,,-22.888611005379083,psi,,hardware
FT-PT,pressure,1431.262618122,1779490276.5101814,0.9547842687111221,,56.84803358889026,psi,,hardware
FM-PT,pressure,1431.266081457,1779490276.5136452,0.6839907984722613,,22.998849809032663,psi,,hardware
WM-PT,pressure,1431.269536775,1779490276.5171003,0.544662540514772,,5.582817564346504,psi,,hardware
LF-PT,pressure,1431.273014443,1779490276.5205781,0.28410795737599814,,-26.98650532800023,psi,,hardware
FI-PT,pressure,1431.276526146,1779490276.5240896,0.5965752120703711,,12.07190150879639,psi,,hardware
CC-PT,pressure,1431.280047256,1779490276.5276108,0.3168732305614031,,-22.890846179824614,psi,,hardware
FT-PT,pressure,1431.283526924,1779490276.5310905,0.9546954577798197,,56.83693222247746,psi,,hardware
FM-PT,pressure,1431.287050164,1779490276.5346136,0.6841946463816937,,23.024330797711713,psi,,hardware
WM-PT,pressure,1431.293348794,1779490276.540913,0.5447871142372029,,5.598389279650368,psi,,hardware
LF-PT,pressure,1431.297510686,1779490276.5450742,0.28417531063262347,,-26.978086170922065,psi,,hardware
FT-PT,pressure,1431.301000816,1779490276.5485642,0.9545398896384107,,56.81748620480134,psi,,hardware
FI-PT,pressure,1431.304528555,1779490276.552092,0.596709322537103,,12.08866531713787,psi,,hardware
CC-PT,pressure,1431.307959022,1779490276.5555224,0.31684819660761315,,-22.893975424048357,psi,,hardware
LF-PT,pressure,1431.312098878,1779490276.5596626,0.28413716365541974,,-26.98285454307253,psi,,hardware
FM-PT,pressure,1431.315632061,1779490276.5631957,0.6839818577744792,,22.997732221809898,psi,,hardware
WM-PT,pressure,1431.31912084,1779490276.5666845,0.5449182444713407,,5.614780558917593,psi,,hardware
FT-PT,pressure,1431.323222086,1779490276.5707855,0.9544898217308309,,56.811227716353855,psi,,hardware
FI-PT,pressure,1431.326680404,1779490276.574244,0.596988868354424,,12.123608544303,psi,,hardware
CC-PT,pressure,1431.330116389,1779490276.5776799,0.31687025032880906,,-22.89121870889887,psi,,hardware
LF-PT,pressure,1431.333653498,1779490276.581217,1.9214215184952637,,177.67768981190795,psi,,hardware
FM-PT,pressure,1431.33733647,1779490276.5849001,0.6836546282356535,,22.956828529456686,psi,,hardware
WM-PT,pressure,1431.34154797,1779490276.5891116,0.5449212247039348,,5.615153087991848,psi,,hardware
FT-PT,pressure,1431.345007046,1779490276.5925705,0.9545279687080346,,56.81599608850432,psi,,hardware
FI-PT,pressure,1431.348387368,1779490276.5959508,0.5971825834730367,,12.147822934129582,psi,,hardware
CC-PT,pressure,1431.351797484,1779490276.599361,0.3168577333519141,,-22.89278333101074,psi,,hardware
LF-PT,pressure,1431.355225173,1779490276.6027887,0.284096036445622,,-26.98799544429725,psi,,hardware
FM-PT,pressure,1431.358606846,1779490276.6061707,0.6833291868363842,,22.916148354548028,psi,,hardware
WM-PT,pressure,1431.361909561,1779490276.6094732,0.545122688427292,,5.6403360534114935,psi,,hardware
FT-PT,pressure,1431.365984901,1779490276.6135485,0.9545011466146882,,56.812643326836024,psi,,hardware
FI-PT,pressure,1431.369371888,1779490276.6169355,0.5973470923122277,,12.168386539028464,psi,,hardware
CC-PT,pressure,1431.37267664,1779490276.6202402,0.3170484682379327,,-22.868941470258413,psi,,hardware
LF-PT,pressure,1431.376076849,1779490276.6236405,0.28400722551431956,,-26.999096810710054,psi,,hardware
FM-PT,pressure,1431.379460355,1779490276.627024,0.6831026891592371,,22.88783614490464,psi,,hardware
WM-PT,pressure,1431.382750719,1779490276.6303146,0.5452579909870614,,5.657248873382676,psi,,hardware
LF-PT,pressure,1431.392142426,1779490276.6397066,0.2841127257481486,,-26.985909281481423,psi,,hardware
FT-PT,pressure,1431.396106957,1779490276.6436708,0.9544349854511005,,56.80437318138756,psi,,hardware
FI-PT,pressure,1431.399614957,1779490276.6471784,0.5974442478947934,,12.180530986849181,psi,,hardware
CC-PT,pressure,1431.403131549,1779490276.6506948,0.3169030328873435,,-22.887120889082063,psi,,hardware
LF-PT,pressure,1431.407160503,1779490276.6547244,0.2841329913297881,,-26.983376083776488,psi,,hardware
FM-PT,pressure,1431.410700131,1779490276.6582634,0.6830246070652732,,22.878075883159156,psi,,hardware
WM-PT,pressure,1431.4147891,1779490276.6623526,0.5454117709889139,,5.676471373614239,psi,,hardware
FT-PT,pressure,1431.418207734,1779490276.6657712,0.9544451182419202,,56.80563978024003,psi,,hardware
FI-PT,pressure,1431.421647571,1779490276.6692111,0.5977094885956631,,12.213686074457886,psi,,hardware
CC-PT,pressure,1431.425096518,1779490276.67266,0.3169024368408247,,-22.887195394896914,psi,,hardware
LF-PT,pressure,1431.428425564,1779490276.675989,0.28408590365480224,,-26.98926204314972,psi,,hardware
FM-PT,pressure,1431.431813663,1779490276.679377,0.6826920131077783,,22.836501638472285,psi,,hardware
WM-PT,pressure,1431.435222113,1779490276.6827855,0.5454910451759154,,5.686380646989425,psi,,hardware
FT-PT,pressure,1431.438646524,1779490276.6862102,0.9544284289393936,,56.8035536174242,psi,,hardware
FI-PT,pressure,1431.442030142,1779490276.6895936,0.5979347941797726,,12.241849272471573,psi,,hardware
CC-PT,pressure,1431.44541787,1779490276.6929812,0.317010321260729,,-22.87370984240888,psi,,hardware
LF-PT,pressure,1431.448846837,1779490276.6964102,0.28408530760828343,,-26.98933654896457,psi,,hardware
FM-PT,pressure,1431.452259416,1779490276.699823,0.6823671677550278,,22.795895969378478,psi,,hardware
WM-PT,pressure,1431.455651792,1779490276.7032151,0.5456889326201597,,5.711116577519965,psi,,hardware
FT-PT,pressure,1431.459069556,1779490276.7066329,0.9544129317299046,,56.80161646623807,psi,,hardware
FI-PT,pressure,1431.462513282,1779490276.7100766,0.5981398341822426,,12.267479272780324,psi,,hardware
CC-PT,pressure,1431.465909232,1779490276.7134728,0.31713131870404704,,-22.85858516199412,psi,,hardware
LF-PT,pressure,1431.469329403,1779490276.7168927,0.28401974249121453,,-26.997532188598182,psi,,hardware
FM-PT,pressure,1431.472717446,1779490276.720281,0.6820405342627209,,22.755066782840117,psi,,hardware
WM-PT,pressure,1431.476096564,1779490276.72366,0.5456734354106707,,5.709179426333838,psi,,hardware
FT-PT,pressure,1431.479549882,1779490276.7271132,0.9543926661482651,,56.79908326853314,psi,,hardware
FI-PT,pressure,1431.482924222,1779490276.7304876,0.598322224416998,,12.290278052124751,psi,,hardware
CC-PT,pressure,1431.486315969,1779490276.7338793,0.31727019754292934,,-22.841225307133833,psi,,hardware
LF-PT,pressure,1431.492778368,1779490276.7403429,0.28392616318776165,,-27.009229601529793,psi,,hardware
FM-PT,pressure,1431.496853023,1779490276.7444167,0.681769929143182,,22.721241142897753,psi,,hardware
WM-PT,pressure,1431.500332006,1779490276.7478955,0.5457837040166502,,5.722963002081277,psi,,hardware
FT-PT,pressure,1431.503891114,1779490276.7514544,0.9544415419628074,,56.80519274535092,psi,,hardware
FI-PT,pressure,1431.507349431,1779490276.754913,0.598539781396363,,12.317472674545375,psi,,hardware
CC-PT,pressure,1431.511444382,1779490276.759008,0.31734410731126156,,-22.831986586092306,psi,,hardware
LF-PT,pressure,1431.51496364,1779490276.7625272,0.28387430714062534,,-27.01571160742183,psi,,hardware
FM-PT,pressure,1431.518434568,1779490276.7659981,0.6814194537901228,,22.677431723765352,psi,,hardware
WM-PT,pressure,1431.521885959,1779490276.7694495,0.5457896644818383,,5.723708060229788,psi,,hardware
FT-PT,pressure,1431.525366979,1779490276.7729304,0.9543884938226335,,56.79856172782918,psi,,hardware
FI-PT,pressure,1431.52884274,1779490276.7764063,0.5987674711665477,,12.345933895818465,psi,,hardware
CC-PT,pressure,1431.532383571,1779490276.7799473,0.3173834463815029,,-22.82706920231214,psi,,hardware
LF-PT,pressure,1431.535902719,1779490276.7834663,0.2838123183026693,,-27.023460212166338,psi,,hardware
FM-PT,pressure,1431.539374795,1779490276.7869384,0.6811202384376811,,22.64002980471014,psi,,hardware
WM-PT,pressure,1431.542779707,1779490276.7903433,0.545886820064404,,5.735852508050504,psi,,hardware
FT-PT,pressure,1431.546257301,1779490276.7938206,0.9544057791716789,,56.80072239645986,psi,,hardware
FI-PT,pressure,1431.549636567,1779490276.7972,0.598893833028535,,12.361729128566882,psi,,hardware
CC-PT,pressure,1431.553047368,1779490276.8006108,0.3175092121969714,,-22.811348475378573,psi,,hardware
LF-PT,pressure,1431.556412209,1779490276.8039756,0.283791456674511,,-27.026067915686124,psi,,hardware
FM-PT,pressure,1431.559869267,1779490276.8074327,0.680794200991893,,22.59927512398663,psi,,hardware
WM-PT,pressure,1431.563264477,1779490276.8108282,0.5459082777390811,,5.738534717385141,psi,,hardware
FT-PT,pressure,1431.566676741,1779490276.8142402,0.9543753807992197,,56.79692259990246,psi,,hardware
FI-PT,pressure,1431.570013879,1779490276.8175774,0.599067878612027,,12.38348482650338,psi,,hardware
CC-PT,pressure,1431.57349764,1779490276.8210616,0.317566432662777,,-22.804195917152875,psi,,hardware
LF-PT,pressure,1431.57961315,1779490276.8271775,0.28368476434764434,,-27.039404456544457,psi,,hardware
FM-PT,pressure,1431.583046857,1779490276.8306105,0.6804133272663746,,22.551665908296826,psi,,hardware
WM-PT,pressure,1431.587012944,1779490276.8345768,0.5461377556488223,,5.767219456102785,psi,,hardware
LF-PT,pressure,1431.593170452,1779490276.840735,0.2838933806292272,,-27.0133274213466,psi,,hardware
FT-PT,pressure,1431.596656379,1779490276.84422,0.9543420021941664,,56.7927502742708,psi,,hardware
FI-PT,pressure,1431.600053829,1779490276.8476174,0.5994094132673041,,12.426176658413016,psi,,hardware
CC-PT,pressure,1431.603503351,1779490276.8510668,0.31740907638181165,,-22.823865452273544,psi,,hardware
LF-PT,pressure,1431.606956946,1779490276.8545203,0.2840972285386596,,-26.98784643266755,psi,,hardware
FM-PT,pressure,1431.610413356,1779490276.8579772,0.6801868295892275,,22.523353698653438,psi,,hardware
WM-PT,pressure,1431.613735069,1779490276.8612988,0.5462468321617642,,5.780854020220522,psi,,hardware
FT-PT,pressure,1431.617117594,1779490276.8646812,0.9544224684742055,,56.80280855927569,psi,,hardware
FI-PT,pressure,1431.620521025,1779490276.8680847,0.5995786904786456,,12.447336309830707,psi,,hardware
CC-PT,pressure,1431.623893366,1779490276.871457,0.31746689289413604,,-22.816638388232995,psi,,hardware
LF-PT,pressure,1431.627341517,1779490276.8749049,0.28407040644531323,,-26.991199194335845,psi,,hardware
FM-PT,pressure,1431.630743856,1779490276.8783073,0.6798810577250789,,22.485132215634863,psi,,hardware
WM-PT,pressure,1431.634158046,1779490276.8817215,0.5462265665801247,,5.778320822515587,psi,,hardware
FT-PT,pressure,1431.637563106,1779490276.8851268,0.95434021405461,,56.79252675682625,psi,,hardware
FI-PT,pressure,1431.64096713,1779490276.8885307,0.5997592925738445,,12.469911571730567,psi,,hardware
CC-PT,pressure,1431.644383746,1779490276.8919475,0.3175223252203852,,-22.80970934745185,psi,,hardware
LF-PT,pressure,1431.647807287,1779490276.8953707,0.284009013653876,,-26.9988732932655,psi,,hardware
FM-PT,pressure,1431.651218829,1779490276.8987823,0.6795115088834178,,22.43893861042723,psi,,hardware
WM-PT,pressure,1431.654568949,1779490276.9021325,0.5464131291405117,,5.801641142563957,psi,,hardware
FT-PT,pressure,1431.657981379,1779490276.9055448,0.9543354456824595,,56.79193071030744,psi,,hardware
FI-PT,pressure,1431.66136196,1779490276.9089255,0.5999696969949838,,12.496212124372978,psi,,hardware
CC-PT,pressure,1431.664800871,1779490276.9123642,0.3176397463845904,,-22.7950317019262,psi,,hardware
LF-PT,pressure,1431.668227357,1779490276.9157908,0.2840406041193728,,-26.994924485078396,psi,,hardware
FM-PT,pressure,1431.671724042,1779490276.9192874,0.6792879914388648,,22.410998929858096,psi,,hardware
WM-PT,pressure,1431.675660982,1779490276.9232247,0.546424454024369,,5.803056753046127,psi,,hardware
FT-PT,pressure,1431.67902599,1779490276.9265895,0.9543294852172715,,56.79118565215893,psi,,hardware
FI-PT,pressure,1431.682427273,1779490276.929991,0.6001228809503175,,12.51536011878969,psi,,hardware
CC-PT,pressure,1431.68573595,1779490276.9332995,0.31783226941016546,,-22.77096632372932,psi,,hardware
LF-PT,pressure,1431.692311954,1779490276.9398763,0.28396252202540895,,-27.00468474682388,psi,,hardware
FM-PT,pressure,1431.696026851,1779490276.9435909,0.6790585135291236,,22.382314191140452,psi,,hardware
WM-PT,pressure,1431.699520055,1779490276.9470837,0.5464626010015727,,5.807825125196592,psi,,hardware
FT-PT,pressure,1431.703011296,1779490276.9505749,0.9543408101011288,,56.7926012626411,psi,,hardware
FI-PT,pressure,1431.706518592,1779490276.9540823,0.6001592397879648,,12.519904973495603,psi,,hardware
CC-PT,pressure,1431.709978373,1779490276.9575422,0.3179318091788064,,-22.758523852649198,psi,,hardware
LF-PT,pressure,1431.713487132,1779490276.9610505,0.2838933806292272,,-27.0133274213466,psi,,hardware
FM-PT,pressure,1431.717005261,1779490276.9645689,0.6787712191070581,,22.34640238838226,psi,,hardware
WM-PT,pressure,1431.720520427,1779490276.9680839,0.5464894230949191,,5.811177886864888,psi,,hardware
FT-PT,pressure,1431.724079442,1779490276.971643,0.9542913382400677,,56.786417280008465,psi,,hardware
FI-PT,pressure,1431.727540352,1779490276.9751039,0.600435209326173,,12.554401165771626,psi,,hardware
CC-PT,pressure,1431.73099467,1779490276.9785583,0.31792704080665596,,-22.759119899168006,psi,,hardware
LF-PT,pressure,1431.735095731,1779490276.9826593,0.28386834667543726,,-27.01645666557034,psi,,hardware
FM-PT,pressure,1431.739134573,1779490276.986698,0.6784123991027353,,22.301549887841915,psi,,hardware
WM-PT,pressure,1431.74262587,1779490276.9901896,0.5465627368167325,,5.820342102091564,psi,,hardware
FT-PT,pressure,1431.74616909,1779490276.993733,0.954284185681842,,56.78552321023025,psi,,hardware
FI-PT,pressure,1431.749683997,1779490276.997248,0.6005949497932136,,12.5743687241517,psi,,hardware
CC-PT,pressure,1431.753200441,1779490277.0007641,0.31807247615724515,,-22.740940480344356,psi,,hardware
LF-PT,pressure,1431.756738532,1779490277.004302,0.2838731150475877,,-27.015860619051534,psi,,hardware
FM-PT,pressure,1431.76024968,1779490277.0078135,0.6781215284015569,,22.265191050194616,psi,,hardware
WM-PT,pressure,1431.763706016,1779490277.0112693,0.546816056587226,,5.852007073403248,psi,,hardware
LF-PT,pressure,1431.770292576,1779490277.017857,0.28396311807192776,,-27.00461024100903,psi,,hardware
FT-PT,pressure,1431.77392868,1779490277.0214922,0.9542645161467214,,56.78306451834017,psi,,hardware
FI-PT,pressure,1431.778017298,1779490277.025581,0.6006950856083734,,12.586885701046672,psi,,hardware
CC-PT,pressure,1431.781453394,1779490277.0290167,0.31796339964430326,,-22.754575044462094,psi,,hardware
LF-PT,pressure,1431.784872677,1779490277.0324361,0.28406504202664395,,-26.991869746669504,psi,,hardware
FM-PT,pressure,1431.788251869,1779490277.0358155,0.6778902623522594,,22.23628279403242,psi,,hardware
WM-PT,pressure,1431.795591667,1779490277.0431561,0.5468226130989329,,5.85282663736661,psi,,hardware
LF-PT,pressure,1431.7991,1779490277.046664,0.28457048947459335,,-26.92868881567583,psi,,hardware
FT-PT,pressure,1431.802527764,1779490277.050092,0.9543032591704439,,56.787907396305485,psi,,hardware
FI-PT,pressure,1431.805976026,1779490277.0535395,0.600839328865925,,12.60491610824062,psi,,hardware
CC-PT,pressure,1431.809388291,1779490277.056952,0.31791094755064814,,-22.761131556168984,psi,,hardware
LF-PT,pressure,1431.812808221,1779490277.0603716,0.28451267296226895,,-26.93591587971638,psi,,hardware
FM-PT,pressure,1431.816207171,1779490277.0637705,0.6775296542083804,,22.19120677604755,psi,,hardware
WM-PT,pressure,1431.819584141,1779490277.0671477,0.5468613561226554,,5.857669515331926,psi,,hardware
FT-PT,pressure,1431.822991499,1779490277.070555,0.9543414061476476,,56.79267576845595,psi,,hardware
FI-PT,pressure,1431.826361154,1779490277.0739245,0.6010604621244028,,12.632557765550349,psi,,hardware
CC-PT,pressure,1431.829756049,1779490277.0773194,0.31802181220314646,,-22.747273474606693,psi,,hardware
LF-PT,pressure,1431.833189331,1779490277.0807528,0.2845234017996075,,-26.93457477504906,psi,,hardware
FM-PT,pressure,1431.836569467,1779490277.084133,0.6772894474613007,,22.16118093266259,psi,,hardware
WM-PT,pressure,1431.840070894,1779490277.0876348,0.5469567235656647,,5.86959044570809,psi,,hardware
FT-PT,pressure,1431.843810733,1779490277.0913744,0.9542555754489392,,56.7819469311174,psi,,hardware
FI-PT,pressure,1431.84715439,1779490277.094718,0.6012583495686471,,12.657293696080888,psi,,hardware
CC-PT,pressure,1431.85063754,1779490277.0982013,0.3179961822028377,,-22.750477224645287,psi,,hardware
LF-PT,pressure,1431.854052323,1779490277.1016157,0.2844781022641781,,-26.94023721697774,psi,,hardware
FM-PT,pressure,1431.857434978,1779490277.1049984,0.6770003648996787,,22.125045612459843,psi,,hardware
WM-PT,pressure,1431.86133105,1779490277.1088948,0.5470735486833511,,5.88419358541889,psi,,hardware
FT-PT,pressure,1431.86469265,1779490277.1122563,0.9541864340527575,,56.773304256594685,psi,,hardware
FI-PT,pressure,1431.868071139,1779490277.1156347,0.6014002086401234,,12.675026080015432,psi,,hardware
CC-PT,pressure,1431.871456349,1779490277.1190197,0.3181177756926746,,-22.73527803841568,psi,,hardware
LF-PT,pressure,1431.874862095,1779490277.1224256,0.28451148086923134,,-26.93606489134608,psi,,hardware
FM-PT,pressure,1431.878242361,1779490277.1258059,0.6766802879190787,,22.085035989884844,psi,,hardware
WM-PT,pressure,1431.881635238,1779490277.1291988,0.5471295770561191,,5.891197132014886,psi,,hardware
FT-PT,pressure,1431.885057483,1779490277.132621,0.9541345780056212,,56.766822250702646,psi,,hardware
FI-PT,pressure,1431.891679356,1779490277.1392438,0.6015575649210888,,12.694695615136101,psi,,hardware
CC-PT,pressure,1431.895971092,1779490277.1435356,0.3180838010411025,,-22.739524869862187,psi,,hardware
LF-PT,pressure,1431.899515868,1779490277.1470795,0.28436962179775493,,-26.953797275280632,psi,,hardware
FM-PT,pressure,1431.903043201,1779490277.1506066,0.6764442534976307,,22.05553168720384,psi,,hardware
WM-PT,pressure,1431.906541035,1779490277.1541045,0.5471850093823682,,5.898126172796031,psi,,hardware
FT-PT,pressure,1431.910079478,1779490277.1576428,0.9545232003358841,,56.81540004198551,psi,,hardware
FI-PT,pressure,1431.913551239,1779490277.161115,0.6016964437599711,,12.71205546999639,psi,,hardware
CC-PT,pressure,1431.917072683,1779490277.1646361,0.31807068801768873,,-22.74116399778891,psi,,hardware
LF-PT,pressure,1431.920572516,1779490277.168136,0.28434101156485214,,-26.95737355439348,psi,,hardware
FM-PT,pressure,1431.924053166,1779490277.1716168,0.6760961623306467,,22.012020291330842,psi,,hardware
WM-PT,pressure,1431.92756237,1779490277.175126,0.5472100433361582,,5.901255417019774,psi,,hardware
FT-PT,pressure,1431.931071055,1779490277.1786344,0.9544999545216506,,56.81249431520632,psi,,hardware
FI-PT,pressure,1431.934517429,1779490277.182081,0.6018961193437719,,12.737014917971482,psi,,hardware
CC-PT,pressure,1431.937814551,1779490277.185378,0.31815830685595353,,-22.73021164300581,psi,,hardware
LF-PT,pressure,1431.941145116,1779490277.188709,0.28442445807748534,,-26.94694274031433,psi,,hardware
FM-PT,pressure,1431.944742649,1779490277.192307,0.6758017153503555,,21.975214418794437,psi,,hardware
WM-PT,pressure,1431.948239186,1779490277.195803,0.5472213682200155,,5.902671027501944,psi,,hardware
FT-PT,pressure,1431.952245253,1779490277.199809,0.9547145312684215,,56.83931640855269,psi,,hardware
FI-PT,pressure,1431.958272509,1779490277.205837,0.6020314219035413,,12.753927737942664,psi,,hardware
CC-PT,pressure,1431.961752473,1779490277.209316,0.3181988380192325,,-22.72514524759594,psi,,hardware
LF-PT,pressure,1431.965171904,1779490277.2127354,0.2843016724946108,,-26.96229093817365,psi,,hardware
FM-PT,pressure,1431.968615278,1779490277.216179,0.6755746216266896,,21.946827703336197,psi,,hardware
WM-PT,pressure,1431.971910567,1779490277.2194738,0.5472618993832945,,5.907737422911813,psi,,hardware
FT-PT,pressure,1431.975362848,1779490277.2229264,0.9547508901060688,,56.8438612632586,psi,,hardware
FI-PT,pressure,1431.978755076,1779490277.2263186,0.6022197726034847,,12.777471575435587,psi,,hardware
CC-PT,pressure,1431.982149082,1779490277.2297127,0.3182083747635334,,-22.723953154558323,psi,,hardware
LF-PT,pressure,1431.985557995,1779490277.2331216,0.28447750621765927,,-26.94031172279259,psi,,hardware
FM-PT,pressure,1431.992303009,1779490277.2398674,0.6753052086001883,,21.913151075023535,psi,,hardware
WM-PT,pressure,1431.996194841,1779490277.243759,0.5472803768253776,,5.910047103172195,psi,,hardware
FT-PT,pressure,1431.99970423,1779490277.2472677,0.9548128789440249,,56.85160986800311,psi,,hardware
FI-PT,pressure,1432.003165862,1779490277.2507296,0.6022275212082292,,12.77844015102865,psi,,hardware
CC-PT,pressure,1432.006562461,1779490277.254126,0.3182930133692042,,-22.713373328849478,psi,,hardware
LF-PT,pressure,1432.010005575,1779490277.257569,0.28451267296226895,,-26.93591587971638,psi,,hardware
FM-PT,pressure,1432.013519316,1779490277.2610831,0.6750655978996274,,21.883199737453424,psi,,hardware
WM-PT,pressure,1432.016911322,1779490277.2644749,0.5473650154310483,,5.92062692888104,psi,,hardware
FT-PT,pressure,1432.020388787,1779490277.2679522,0.9547127431288651,,56.83909289110814,psi,,hardware
FI-PT,pressure,1432.02385727,1779490277.271421,0.6024587872575268,,12.807348407190847,psi,,hardware
CC-PT,pressure,1432.027334235,1779490277.2748978,0.3182489059268124,,-22.718886759148454,psi,,hardware
LF-PT,pressure,1432.030788923,1779490277.2783525,0.2843952517980637,,-26.950593525242038,psi,,hardware
FM-PT,pressure,1432.034170023,1779490277.2817335,0.6747264474304255,,21.840805928803192,psi,,hardware
WM-PT,pressure,1432.037560603,1779490277.285124,0.5474526342693131,,5.93157928366414,psi,,hardware
FT-PT,pressure,1432.040926888,1779490277.2884903,0.9546960538263385,,56.83700672829231,psi,,hardware
FI-PT,pressure,1432.044925548,1779490277.2924893,0.6025934937707774,,12.824186721347179,psi,,hardware
CC-PT,pressure,1432.048404994,1779490277.2959685,0.3183585784862731,,-22.705177689215866,psi,,hardware
LF-PT,pressure,1432.0519364,1779490277.2995,0.28446200900817026,,-26.942248873978716,psi,,hardware
FM-PT,pressure,1432.055423031,1779490277.3029864,0.6744963734741656,,21.812046684270697,psi,,hardware
WM-PT,pressure,1432.058928864,1779490277.3064923,0.5475950893873083,,5.949386173413535,psi,,hardware
FT-PT,pressure,1432.062353702,1779490277.3099172,0.954663271267804,,56.8329089084755,psi,,hardware
FI-PT,pressure,1432.065753375,1779490277.313317,0.6028259519131126,,12.853243989139077,psi,,hardware
CC-PT,pressure,1432.069191045,1779490277.3167543,0.3184020898821461,,-22.69973876473174,psi,,hardware
LF-PT,pressure,1432.072655936,1779490277.3202198,0.28436485342560447,,-26.95439332179944,psi,,hardware
FM-PT,pressure,1432.076143789,1779490277.3237073,0.6742263644011455,,21.778295550143184,psi,,hardware
WM-PT,pressure,1432.079600514,1779490277.3271642,0.5476397928762189,,5.954974109527361,psi,,hardware
FT-PT,pressure,1432.083136494,1779490277.3307,0.9546668475469169,,56.83335594336461,psi,,hardware
FI-PT,pressure,1432.086601034,1779490277.3341644,0.6032127861038192,,12.901598262977403,psi,,hardware
CC-PT,pressure,1432.092832853,1779490277.3403976,0.318424143603342,,-22.696982049582253,psi,,hardware
LF-PT,pressure,1432.096331335,1779490277.3438947,0.28432730249491955,,-26.959087188135054,psi,,hardware
FM-PT,pressure,1432.099801541,1779490277.3473651,0.673898538815801,,21.737317351975122,psi,,hardware
WM-PT,pressure,1432.103207843,1779490277.3507714,0.5476827082255731,,5.960338528196635,psi,,hardware
FT-PT,pressure,1432.106708028,1779490277.3542714,0.9546859210355187,,56.83574012943984,psi,,hardware
FI-PT,pressure,1432.110209047,1779490277.3577728,0.603325438895874,,12.915679861984247,psi,,hardware
CC-PT,pressure,1432.113720381,1779490277.3612838,0.3184247396498608,,-22.696907543767402,psi,,hardware
LF-PT,pressure,1432.117189105,1779490277.3647525,0.2843231301692879,,-26.95960872883901,psi,,hardware
FM-PT,pressure,1432.120638164,1779490277.3682017,0.6736416427661946,,21.70520534577433,psi,,hardware
WM-PT,pressure,1432.124067983,1779490277.3716316,0.5477578100869429,,5.969726260867864,psi,,hardware
FT-PT,pressure,1432.127474081,1779490277.3750374,0.9546453898722398,,56.83067373402997,psi,,hardware
FI-PT,pressure,1432.130942768,1779490277.3785064,0.603548956340427,,12.94361954255338,psi,,hardware
CC-PT,pressure,1432.134978481,1779490277.3825421,0.3184843443017416,,-22.6894569622823,psi,,hardware
LF-PT,pressure,1432.138526387,1779490277.38609,0.28429153970379106,,-26.963557537026116,psi,,hardware
FM-PT,pressure,1432.142050071,1779490277.3896139,0.6736231653241116,,21.70289566551395,psi,,hardware
WM-PT,pressure,1432.148087623,1779490277.395652,0.5478013214828159,,5.9751651853519885,psi,,hardware
FT-PT,pressure,1432.151640472,1779490277.3992043,0.9547198956870908,,56.83998696088635,psi,,hardware
FI-PT,pressure,1432.155168064,1779490277.4027314,0.6036818747141213,,12.960234339265158,psi,,hardware
CC-PT,pressure,1432.158672638,1779490277.4062362,0.3185791156982321,,-22.677610537720987,psi,,hardware
LF-PT,pressure,1432.16222221,1779490277.4097857,0.28417531063262347,,-26.978086170922065,psi,,hardware
FM-PT,pressure,1432.165738636,1779490277.4133022,0.6733156053204066,,21.664450665050822,psi,,hardware
WM-PT,pressure,1432.169196213,1779490277.4167595,0.5478466210182453,,5.980827627280666,psi,,hardware
FT-PT,pressure,1432.17272273,1779490277.4202862,0.9547204917336096,,56.8400614667012,psi,,hardware
FI-PT,pressure,1432.17623323,1779490277.4237967,0.6038153891343343,,12.976923641791787,psi,,hardware
CC-PT,pressure,1432.179692788,1779490277.4272566,0.31865660174567717,,-22.667924781790354,psi,,hardware
LF-PT,pressure,1432.183218028,1779490277.4307814,0.28416100551617207,,-26.97987431047849,psi,,hardware
FM-PT,pressure,1432.186684216,1779490277.4342477,0.6732697097384583,,21.658713717307293,psi,,hardware
WM-PT,pressure,1432.19271025,1779490277.4402745,0.5479491410194803,,5.993642627435042,psi,,hardware
FT-PT,pressure,1432.196290339,1779490277.443854,0.954678768477293,,56.83484605966163,psi,,hardware
FI-PT,pressure,1432.199738286,1779490277.4473019,0.6040669207652714,,13.008365095658919,psi,,hardware
CC-PT,pressure,1432.203227695,1779490277.4507911,0.3185409687210284,,-22.682378909871453,psi,,hardware
LF-PT,pressure,1432.206776322,1779490277.4543397,0.2841121297016298,,-26.985983787296274,psi,,hardware
FM-PT,pressure,1432.210260546,1779490277.4578242,0.6730610934568755,,21.632636682109435,psi,,hardware
WM-PT,pressure,1432.213789619,1779490277.4613533,0.5480623898580539,,6.007798732256736,psi,,hardware
FT-PT,pressure,1432.217295453,1779490277.4648588,0.954601282429848,,56.825160303730996,psi,,hardware
FI-PT,pressure,1432.220745289,1779490277.4683087,0.6041783814642885,,13.02229768303606,psi,,hardware
CC-PT,pressure,1432.224253437,1779490277.471817,0.3186309717453684,,-22.67112853182895,psi,,hardware
LF-PT,pressure,1432.228250837,1779490277.4758146,0.2840531210962678,,-26.993359862966525,psi,,hardware
FM-PT,pressure,1432.23166612,1779490277.4792297,0.6727344599645686,,21.591807495571075,psi,,hardware
WM-PT,pressure,1432.235002833,1779490277.4825664,0.5480910000909567,,6.011375011369585,psi,,hardware
FT-PT,pressure,1432.238412505,1779490277.4859757,0.9545947259181411,,56.824340739767635,psi,,hardware
FI-PT,pressure,1432.241786419,1779490277.4893498,0.6043655400711943,,13.04569250889928,psi,,hardware
CC-PT,pressure,1432.245188259,1779490277.4927516,0.31861249430328537,,-22.67343821208933,psi,,hardware
LF-PT,pressure,1432.248602041,1779490277.4961655,0.284052525049749,,-26.993434368781376,psi,,hardware
FM-PT,pressure,1432.251974752,1779490277.4995382,0.6724984255431206,,21.56230319289007,psi,,hardware
WM-PT,pressure,1432.255377869,1779490277.5029414,0.5481810031152967,,6.02262538941209,psi,,hardware
FT-PT,pressure,1432.258782356,1779490277.5063457,0.9545404856849296,,56.81756071061619,psi,,hardware
FI-PT,pressure,1432.262202342,1779490277.5097659,0.6044954782122944,,13.061934776536804,psi,,hardware
CC-PT,pressure,1432.265699361,1779490277.5132635,0.31865481360612075,,-22.668148299234907,psi,,hardware
LF-PT,pressure,1432.26912394,1779490277.5166876,0.28402808714247785,,-26.996489107190268,psi,,hardware
FM-PT,pressure,1432.27250791,1779490277.5200715,0.6722665634473042,,21.533320430913022,psi,,hardware
WM-PT,pressure,1432.275898027,1779490277.5234616,0.5482912717212762,,6.036408965159529,psi,,hardware
FT-PT,pressure,1432.279327142,1779490277.526891,0.9546114152206677,,56.826426902583464,psi,,hardware
FI-PT,pressure,1432.282728537,1779490277.530292,0.6047541624014572,,13.094270300182147,psi,,hardware
CC-PT,pressure,1432.286120321,1779490277.5336838,0.3188628338411848,,-22.6421457698519,psi,,hardware
LF-PT,pressure,1432.292702307,1779490277.5402665,0.28396967458363465,,-27.003790677045668,psi,,hardware
FM-PT,pressure,1432.296232713,1779490277.543797,0.6720162239094047,,21.502027988675593,psi,,hardware
WM-PT,pressure,1432.299699216,1779490277.5472627,0.548344915907969,,6.043114488496121,psi,,hardware
FT-PT,pressure,1432.303009152,1779490277.5505729,0.9545845931273214,,56.82307414091517,psi,,hardware
FI-PT,pressure,1432.306496801,1779490277.5540605,0.604841781239722,,13.105222654965248,psi,,hardware
CC-PT,pressure,1432.309792979,1779490277.5573566,0.31896833407501385,,-22.62895824062327,psi,,hardware
LF-PT,pressure,1432.313124081,1779490277.5606873,0.2839720587697099,,-27.003492653786264,psi,,hardware
FM-PT,pressure,1432.317099223,1779490277.5646627,0.6717032994870304,,21.462912435878806,psi,,hardware
WM-PT,pressure,1432.320569133,1779490277.5681326,0.5483723340478341,,6.046541755979268,psi,,hardware
FT-PT,pressure,1432.323883588,1779490277.5714471,0.9545047228938011,,56.81309036172513,psi,,hardware
FI-PT,pressure,1432.327313259,1779490277.5748768,0.6050027137998002,,13.125339224975024,psi,,hardware
CC-PT,pressure,1432.33072019,1779490277.5782835,0.3192198657059509,,-22.597516786756138,psi,,hardware
LF-PT,pressure,1432.336709503,1779490277.5842736,0.0,,-62.5,psi,,hardware
FM-PT,pressure,1432.340342515,1779490277.5879061,0.6716615762307139,,21.457697028839235,psi,,hardware
WM-PT,pressure,1432.345188945,1779490277.5927525,0.5483550486987887,,6.044381087348588,psi,,hardware
FT-PT,pressure,1432.348600728,1779490277.596164,0.9545351212662603,,56.81689015828253,psi,,hardware
FI-PT,pressure,1432.352057879,1779490277.5996215,0.604875755891294,,13.109469486411756,psi,,hardware
CC-PT,pressure,1432.355417868,1779490277.6029813,0.31929019919517027,,-22.588725100603718,psi,,hardware
LF-PT,pressure,1432.35882567,1779490277.6063893,0.28380814597703763,,-27.023981752870295,psi,,hardware
FM-PT,pressure,1432.362210676,1779490277.6097744,0.6714481915769805,,21.43102394712257,psi,,hardware
WM-PT,pressure,1432.365602127,1779490277.6131656,0.5485058484680472,,6.063231058505897,psi,,hardware
FT-PT,pressure,1432.369009003,1779490277.6165724,0.9544916098703873,,56.81145123379841,psi,,hardware
FI-PT,pressure,1432.372411323,1779490277.619975,0.6050700670564255,,13.13375838205319,psi,,hardware
CC-PT,pressure,1432.375806311,1779490277.6233697,0.31930271617206524,,-22.587160478491846,psi,,hardware
LF-PT,pressure,1432.379220594,1779490277.626784,0.2837998013257743,,-27.02502483427821,psi,,hardware
FM-PT,pressure,1432.382602675,1779490277.6301663,0.6712115611090137,,21.401445138626713,psi,,hardware
WM-PT,pressure,1432.385950887,1779490277.6335144,0.5486548600977492,,6.081857512218653,psi,,hardware
FT-PT,pressure,1432.391636846,1779490277.639201,0.9545124714985456,,56.814058937318194,psi,,hardware
FI-PT,pressure,1432.395875548,1779490277.6434402,0.6051827198484803,,13.147839981060033,psi,,hardware
CC-PT,pressure,1432.399460229,1779490277.647024,0.3192985438464336,,-22.587682019195803,psi,,hardware
LF-PT,pressure,1432.403008876,1779490277.6505723,0.2837193350457352,,-27.035083119283097,psi,,hardware
FM-PT,pressure,1432.406547041,1779490277.6541107,0.6709677780828212,,21.370972260352644,psi,,hardware
WM-PT,pressure,1432.411091931,1779490277.6586556,0.5487991033553008,,6.0998879194126,psi,,hardware
FT-PT,pressure,1432.414523861,1779490277.6620874,0.9544999545216506,,56.81249431520632,psi,,hardware
FI-PT,pressure,1432.417931347,1779490277.6654952,0.6054068333395521,,13.175854167444017,psi,,hardware
CC-PT,pressure,1432.421340501,1779490277.6689043,0.319359340591352,,-22.580082426081,psi,,hardware
LF-PT,pressure,1432.424767431,1779490277.672331,0.28377476737198437,,-27.028154078501952,psi,,hardware
FM-PT,pressure,1432.428145105,1779490277.6757088,0.6707496250569374,,21.34370313211717,psi,,hardware
WM-PT,pressure,1432.431548296,1779490277.6791117,0.5487722812619544,,6.096535157744304,psi,,hardware
FT-PT,pressure,1432.434966412,1779490277.6825297,0.9544445221954014,,56.80556527442518,psi,,hardware
FI-PT,pressure,1432.438341808,1779490277.6859055,0.6055296189224266,,13.191202365303328,psi,,hardware
CC-PT,pressure,1432.441740202,1779490277.6893036,0.31944874756917324,,-22.568906553853346,psi,,hardware
LF-PT,pressure,1432.445143152,1779490277.6927066,0.2837920527210298,,-27.025993409871273,psi,,hardware
FM-PT,pressure,1432.448519789,1779490277.6960835,0.6704855764491053,,21.310697056138167,psi,,hardware
WM-PT,pressure,1432.451920628,1779490277.699484,0.5488819538214151,,6.110244227676892,psi,,hardware
FT-PT,pressure,1432.455324041,1779490277.7028875,0.9544713442887478,,56.80891803609347,psi,,hardware
FI-PT,pressure,1432.458698511,1779490277.706262,0.6057191617154076,,13.214895214425953,psi,,hardware
CC-PT,pressure,1432.462125867,1779490277.7096894,0.3195619964077468,,-22.55475044903165,psi,,hardware
LF-PT,pressure,1432.465550501,1779490277.713114,0.2837998013257743,,-27.02502483427821,psi,,hardware
FM-PT,pressure,1432.468926083,1779490277.7164896,0.6702829206327106,,21.28536507908882,psi,,hardware
WM-PT,pressure,1432.472332458,1779490277.719896,0.5489105640543179,,6.113820506789741,psi,,hardware
FT-PT,pressure,1432.475752389,1779490277.723316,0.95434021405461,,56.79252675682625,psi,,hardware
FI-PT,pressure,1432.479182745,1779490277.7267463,0.6058771140428918,,13.234639255361474,psi,,hardware
CC-PT,pressure,1432.482578492,1779490277.7301419,0.31950835222105406,,-22.561455972368243,psi,,hardware
LF-PT,pressure,1432.485979535,1779490277.733543,0.2839362959785814,,-27.007963002677325,psi,,hardware
FM-PT,pressure,1432.492200762,1779490277.739765,0.6700123155131716,,21.251539439146455,psi,,hardware
WM-PT,pressure,1432.49584657,1779490277.7434103,0.5489761291713868,,6.122016146423354,psi,,hardware
FT-PT,pressure,1432.49991404,1779490277.7474775,0.9544027989390849,,56.800349867385606,psi,,hardware
FI-PT,pressure,1432.503453983,1779490277.7510176,0.6060362584634136,,13.254532307926697,psi,,hardware
CC-PT,pressure,1432.506935392,1779490277.7544987,0.3194004678011498,,-22.57494152485628,psi,,hardware
LF-PT,pressure,1432.510432911,1779490277.7579966,0.2839464287694011,,-27.006696403824858,psi,,hardware
FM-PT,pressure,1432.513875748,1779490277.7614393,0.6697911822546938,,21.223897781836726,psi,,hardware
WM-PT,pressure,1432.51730753,1779490277.7648711,0.5492467342909257,,6.155841786365718,psi,,hardware
FT-PT,pressure,1432.523313898,1779490277.7708783,0.9543956463808592,,56.79945579760739,psi,,hardware
FI-PT,pressure,1432.526865174,1779490277.7744288,0.6061709649766642,,13.271370622083028,psi,,hardware
CC-PT,pressure,1432.530396413,1779490277.7779598,0.31944815152265443,,-22.568981059668197,psi,,hardware
LF-PT,pressure,1432.533869137,1779490277.7814326,0.2838564257450611,,-27.017946781867362,psi,,hardware
FM-PT,pressure,1432.537388118,1779490277.7849514,0.669557532019321,,21.194691502415125,psi,,hardware
WM-PT,pressure,1432.540888748,1779490277.7884524,0.5492962061519868,,6.162025768998353,psi,,hardware
FT-PT,pressure,1432.544418747,1779490277.7919824,0.9543288891707526,,56.79111114634408,psi,,hardware
FI-PT,pressure,1432.547883694,1779490277.795447,0.6063062675364337,,13.28828344205421,psi,,hardware
CC-PT,pressure,1432.551330994,1779490277.7988944,0.31956497664034084,,-22.554377919957396,psi,,hardware
LF-PT,pressure,1432.554871196,1779490277.802435,0.28386894272195606,,-27.01638215975549,psi,,hardware
FM-PT,pressure,1432.558325551,1779490277.8058891,0.6693697773658964,,21.171222170737053,psi,,hardware
WM-PT,pressure,1432.561845383,1779490277.8094091,0.5494464098747266,,6.180801234340824,psi,,hardware
FT-PT,pressure,1432.565303442,1779490277.812867,0.9543187563799329,,56.78984454749161,psi,,hardware
FI-PT,pressure,1432.568819719,1779490277.8163831,0.6064791210268881,,13.309890128361006,psi,,hardware
CC-PT,pressure,1432.572333571,1779490277.8198974,0.3196192168735524,,-22.547597890805953,psi,,hardware
LF-PT,pressure,1432.575839552,1779490277.8234031,0.2838725190010689,,-27.015935124866385,psi,,hardware
FM-PT,pressure,1432.579353867,1779490277.8269176,0.6691057287580644,,21.13821609475805,psi,,hardware
WM-PT,pressure,1432.58276802,1779490277.8303318,0.5494988619683817,,6.187357746047714,psi,,hardware
FT-PT,pressure,1432.586269928,1779490277.8338332,0.9546036666159232,,56.8254583269904,psi,,hardware
FI-PT,pressure,1432.593054959,1779490277.8406196,0.6066430338195603,,13.330379227445038,psi,,hardware
CC-PT,pressure,1432.596593031,1779490277.8441567,0.3195345782678816,,-22.5581777165148,psi,,hardware
LF-PT,pressure,1432.600085606,1779490277.847649,0.2836752276033434,,-27.040596549582073,psi,,hardware
FM-PT,pressure,1432.60346902,1779490277.8510325,0.6689066492207824,,21.113331152597794,psi,,hardware
WM-PT,pressure,1432.6068746,1779490277.854438,0.5495185315035024,,6.189816437937798,psi,,hardware
FT-PT,pressure,1432.610324825,1779490277.8578885,0.9545220082428465,,56.81525103035581,psi,,hardware
FI-PT,pressure,1432.613797476,1779490277.8613613,0.6067276724252311,,13.340959053153883,psi,,hardware
CC-PT,pressure,1432.617135836,1779490277.8646994,0.31959537501280005,,-22.550578123399994,psi,,hardware
LF-PT,pressure,1432.620549638,1779490277.868113,0.2838200669074138,,-27.022491636573275,psi,,hardware
FM-PT,pressure,1432.623921849,1779490277.8714855,0.6686175666591604,,21.07719583239505,psi,,hardware
WM-PT,pressure,1432.627319873,1779490277.8748837,0.5495453535968488,,6.193169199606094,psi,,hardware
FT-PT,pressure,1432.630728693,1779490277.8782923,0.9545094912659515,,56.81368640824394,psi,,hardware
FI-PT,pressure,1432.634100904,1779490277.8816643,0.6068558224267748,,13.356977803346853,psi,,hardware
CC-PT,pressure,1432.63752789,1779490277.8850915,0.31971220013048646,,-22.535974983689194,psi,,hardware
LF-PT,pressure,1432.640944247,1779490277.8885078,0.28367880388245625,,-27.040149514692967,psi,,hardware
FM-PT,pressure,1432.644326883,1779490277.8918903,0.668370207353855,,21.046275919231874,psi,,hardware
WM-PT,pressure,1432.647727926,1779490277.8952913,0.5496425091794145,,6.20531364742681,psi,,hardware
FT-PT,pressure,1432.651140968,1779490277.8987045,0.9544874375447556,,56.81092969309445,psi,,hardware
FI-PT,pressure,1432.654512512,1779490277.9020762,0.6069893368469879,,13.373667105873482,psi,,hardware
CC-PT,pressure,1432.657909685,1779490277.905473,0.3197425985029457,,-22.53217518713179,psi,,hardware
LF-PT,pressure,1432.661317746,1779490277.9088814,0.2837831120232477,,-27.027110997094038,psi,,hardware
FM-PT,pressure,1432.66468842,1779490277.912252,0.6680924496760904,,21.011556209511298,psi,,hardware
WM-PT,pressure,1432.668069556,1779490277.915633,0.5497188031338219,,6.214850391727741,psi,,hardware
FT-PT,pressure,1432.671486709,1779490277.9190502,0.9544236605672431,,56.80295757090539,psi,,hardware
FI-PT,pressure,1432.674950656,1779490277.9225142,0.6072092780124281,,13.401159751553509,psi,,hardware
CC-PT,pressure,1432.678920558,1779490277.926484,0.31979147431748794,,-22.526065710314008,psi,,hardware
LF-PT,pressure,1432.682419336,1779490277.9299827,0.2837783436510972,,-27.027707043612846,psi,,hardware
FM-PT,pressure,1432.685912726,1779490277.9334764,0.6680513224662926,,21.006415308286577,psi,,hardware
WM-PT,pressure,1432.69236783,1779490277.939932,0.5496890008078815,,6.21112510098519,psi,,hardware
LF-PT,pressure,1432.696110354,1779490277.943674,0.2839959006304622,,-27.000512421192223,psi,,hardware
FT-PT,pressure,1432.699494898,1779490277.9470584,0.9544576352188152,,56.8072044023519,psi,,hardware
FI-PT,pressure,1432.702886145,1779490277.9504497,0.6073135861532195,,13.414198269152438,psi,,hardware
CC-PT,pressure,1432.706208655,1779490277.953772,0.31986121176018856,,-22.51734852997643,psi,,hardware
LF-PT,pressure,1432.712157767,1779490277.959722,0.2840316634215907,,-26.99604207230116,psi,,hardware
FM-PT,pressure,1432.715640213,1779490277.9632041,0.6678379378125593,,20.97974222656991,psi,,hardware
WM-PT,pressure,1432.719122159,1779490277.9666858,0.5497343003433109,,6.216787542913868,psi,,hardware
FT-PT,pressure,1432.72318263,1779490277.970746,0.9544868414982368,,56.8108551872796,psi,,hardware
FI-PT,pressure,1432.726645743,1779490277.9742093,0.6074417361547633,,13.430217019345408,psi,,hardware
CC-PT,pressure,1432.730116486,1779490277.97768,0.3198987626908735,,-22.512654663640816,psi,,hardware
LF-PT,pressure,1432.733615376,1779490277.981179,0.28405014086367375,,-26.99373239204078,psi,,hardware
FM-PT,pressure,1432.737125135,1779490277.9846888,0.667599519205036,,20.949939900629502,psi,,hardware
WM-PT,pressure,1432.740581786,1779490277.9881454,0.5498123824372748,,6.226547804659352,psi,,hardware
FT-PT,pressure,1432.744035048,1779490277.9915986,0.9543998187064908,,56.79997733831135,psi,,hardware
FI-PT,pressure,1432.747492977,1779490277.9950564,0.6075877675518713,,13.448470943983908,psi,,hardware
CC-PT,pressure,1432.750917185,1779490277.9984806,0.3200108194364094,,-22.498647570448824,psi,,hardware
LF-PT,pressure,1432.754324098,1779490278.0018876,0.28407875109657654,,-26.99015611292793,psi,,hardware
FM-PT,pressure,1432.757701123,1779490278.0052648,0.6673491796671366,,20.918647458392073,psi,,hardware
WM-PT,pressure,1432.761097852,1779490278.0086613,0.5498749673217497,,6.234370915218709,psi,,hardware
FT-PT,pressure,1432.764524449,1779490278.0120878,0.9543926661482651,,56.79908326853314,psi,,hardware
FI-PT,pressure,1432.767897919,1779490278.0154614,0.6077373752280921,,13.467171903511515,psi,,hardware
CC-PT,pressure,1432.771912504,1779490278.019476,0.3199869775756571,,-22.501627803042865,psi,,hardware
LF-PT,pressure,1432.77541169,1779490278.0229754,0.28408649970132105,,-26.989187537334868,psi,,hardware
FM-PT,pressure,1432.778838658,1779490278.0264022,0.6671316226877716,,20.89145283597145,psi,,hardware
WM-PT,pressure,1432.782132669,1779490278.0296962,0.5499566256948264,,6.244578211853299,psi,,hardware
FT-PT,pressure,1432.785487844,1779490278.0330513,0.9547365849896174,,56.84207312370218,psi,,hardware
FI-PT,pressure,1432.792480957,1779490278.0400455,0.6078375110432519,,13.479688880406487,psi,,hardware
CC-PT,pressure,1432.796673125,1779490278.044237,0.3199082994351744,,-22.5114625706032,psi,,hardware
LF-PT,pressure,1432.8001847,1779490278.0477483,0.2840745787709449,,-26.990677653631888,psi,,hardware
FM-PT,pressure,1432.803634722,1779490278.0511982,0.6668824752429098,,20.860309405363722,psi,,hardware
WM-PT,pressure,1432.807156462,1779490278.05472,0.5500066936024063,,6.250836700300785,psi,,hardware
FT-PT,pressure,1432.810698516,1779490278.0582623,0.954716319407978,,56.839539925997244,psi,,hardware
FI-PT,pressure,1432.814219645,1779490278.061783,0.6080681810460307,,13.508522630753832,psi,,hardware
CC-PT,pressure,1432.817671389,1779490278.065235,0.31988982199309135,,-22.513772250863582,psi,,hardware
LF-PT,pressure,1432.821205444,1779490278.068769,0.2840757708639825,,-26.990528642002186,psi,,hardware
FM-PT,pressure,1432.824642003,1779490278.0722055,0.666741808264471,,20.84272603305888,psi,,hardware
WM-PT,pressure,1432.828157522,1779490278.075721,0.5501259029061679,,6.2657378632709895,psi,,hardware
FT-PT,pressure,1432.831625524,1779490278.079189,0.9547246640592413,,56.84058300740516,psi,,hardware
FI-PT,pressure,1432.835044622,1779490278.0826082,0.6081993112801685,,13.524913910021057,psi,,hardware
CC-PT,pressure,1432.838491348,1779490278.0860548,0.0,,-62.5,psi,,hardware
LF-PT,pressure,1432.842073585,1779490278.0896368,0.28423312714494786,,-26.970859106881516,psi,,hardware
FM-PT,pressure,1432.84683526,1779490278.0943987,0.6665016015173914,,20.81270018967392,psi,,hardware
WM-PT,pressure,1432.850200527,1779490278.097764,0.5500001370906994,,6.250017136337424,psi,,hardware
FT-PT,pressure,1432.853612107,1779490278.1011755,0.9547061866171582,,56.838273327144776,psi,,hardware
FI-PT,pressure,1432.857002002,1779490278.1045656,0.6083477268633517,,13.543465857918962,psi,,hardware
CC-PT,pressure,1432.860393712,1779490278.1079574,0.31999055385476993,,-22.50118076815376,psi,,hardware
LF-PT,pressure,1432.86440239,1779490278.111966,0.28417352249306704,,-26.97830968836662,psi,,hardware
FM-PT,pressure,1432.867930093,1779490278.1154935,0.6662584145377176,,20.7823018172147,psi,,hardware
WM-PT,pressure,1432.871416798,1779490278.1189804,0.5500662982542871,,6.258287281785887,psi,,hardware
FT-PT,pressure,1432.874897004,1779490278.1224604,0.9545637314991631,,56.82046643739538,psi,,hardware
FI-PT,pressure,1432.878417763,1779490278.1259813,0.6085319052376634,,13.566488154707928,psi,,hardware
CC-PT,pressure,1432.881877728,1779490278.1294413,0.3201055908328999,,-22.48680114588751,psi,,hardware
LF-PT,pressure,1432.885339194,1779490278.1329026,0.2843582969138976,,-26.9552128857628,psi,,hardware
FM-PT,pressure,1432.892595441,1779490278.1401598,0.6659800608134342,,20.747507601679274,psi,,hardware
WM-PT,pressure,1432.896092757,1779490278.1436567,0.5501408040691381,,6.267600508642265,psi,,hardware
FT-PT,pressure,1432.902125513,1779490278.14969,0.9546710198725485,,56.833877484068566,psi,,hardware
FI-PT,pressure,1432.905652031,1779490278.1532154,0.6086683998904705,,13.583549986308812,psi,,hardware
CC-PT,pressure,1432.90904126,1779490278.1566048,0.320068039902215,,-22.491495012223126,psi,,hardware
LF-PT,pressure,1432.912501781,1779490278.160065,0.2843904834259132,,-26.951189571760846,psi,,hardware
FM-PT,pressure,1432.915899288,1779490278.1634629,0.665980656859953,,20.747582107494125,psi,,hardware
WM-PT,pressure,1432.919297831,1779490278.1668613,0.5501390159295817,,6.267376991197712,psi,,hardware
FT-PT,pressure,1432.922719243,1779490278.1702826,0.9545196240567713,,56.814953007096406,psi,,hardware
FI-PT,pressure,1432.926095843,1779490278.1736593,0.608825160124917,,13.603145015614631,psi,,hardware
CC-PT,pressure,1432.929529755,1779490278.1770933,0.3200740003674031,,-22.490749954074616,psi,,hardware
LF-PT,pressure,1432.932937001,1779490278.1805005,0.2844125371471091,,-26.94843285661136,psi,,hardware
FM-PT,pressure,1432.936316453,1779490278.18388,0.6657619077875504,,20.7202384734438,psi,,hardware
WM-PT,pressure,1432.939706941,1779490278.1872704,0.5502856433732085,,6.2857054216510635,psi,,hardware
FT-PT,pressure,1432.943875554,1779490278.1914399,0.9545708840573888,,56.821360507173594,psi,,hardware
FI-PT,pressure,1432.947449607,1779490278.195013,0.6089282761726709,,13.616034521583858,psi,,hardware
CC-PT,pressure,1432.950934053,1779490278.1984975,0.32012228013542654,,-22.484714983071683,psi,,hardware
LF-PT,pressure,1432.954471533,1779490278.202035,0.284273062261708,,-26.965867217286497,psi,,hardware
FM-PT,pressure,1432.958525208,1779490278.206089,0.6655246812730647,,20.690585159133093,psi,,hardware
WM-PT,pressure,1432.962011654,1779490278.2095754,0.5503607452345783,,6.295093154322292,psi,,hardware
FT-PT,pressure,1432.965577374,1779490278.2131412,0.9545834010342837,,56.822925129285466,psi,,hardware
FI-PT,pressure,1432.969101318,1779490278.2166648,0.609039736871688,,13.629967108960999,psi,,hardware
CC-PT,pressure,1432.972566672,1779490278.22013,0.32018128874078855,,-22.477338907401432,psi,,hardware
LF-PT,pressure,1432.976082931,1779490278.2236462,0.28434160761137095,,-26.95729904857863,psi,,hardware
FM-PT,pressure,1432.979546656,1779490278.2271101,0.6652761298747217,,20.659516234340217,psi,,hardware
WM-PT,pressure,1432.98301077,1779490278.2305744,0.5504579008171441,,6.307237602143009,psi,,hardware
FT-PT,pressure,1432.986551398,1779490278.234115,0.9547610228968886,,56.84512786211107,psi,,hardware
FI-PT,pressure,1432.992836882,1779490278.2404013,0.6091798078036079,,13.64747597545099,psi,,hardware
CC-PT,pressure,1432.996398416,1779490278.2439623,0.3201932096711647,,-22.47584879110441,psi,,hardware
LF-PT,pressure,1432.999840994,1779490278.2474043,0.2843219380762503,,-26.959757740468714,psi,,hardware
FM-PT,pressure,1433.003289146,1779490278.2508528,0.6651318866171702,,20.64148582714627,psi,,hardware
WM-PT,pressure,1433.006746667,1779490278.2543101,0.5504936636082726,,6.31170795103407,psi,,hardware
FT-PT,pressure,1433.010163358,1779490278.2577267,0.9546900933611504,,56.8362616701438,psi,,hardware
FI-PT,pressure,1433.013544198,1779490278.2611077,0.6093246471076783,,13.665580888459788,psi,,hardware
CC-PT,pressure,1433.016934112,1779490278.2644978,0.3202373171135565,,-22.470335360805436,psi,,hardware
LF-PT,pressure,1433.020356321,1779490278.2679198,0.2843082290063177,,-26.961471374210287,psi,,hardware
FM-PT,pressure,1433.023735106,1779490278.2712986,0.6649119454517299,,20.613993181466242,psi,,hardware
WM-PT,pressure,1433.027128982,1779490278.2746923,0.5506075084933649,,6.325938561670616,psi,,hardware
FT-PT,pressure,1433.030543302,1779490278.2781067,0.9546269124301567,,56.82836405376959,psi,,hardware
FI-PT,pressure,1433.033913921,1779490278.2814775,0.6095016729237643,,13.687709115470541,psi,,hardware
CC-PT,pressure,1433.037305391,1779490278.284869,0.3203219557192273,,-22.45975553509659,psi,,hardware
LF-PT,pressure,1433.040706341,1779490278.2882698,0.28425458481962496,,-26.96817689754688,psi,,hardware
FM-PT,pressure,1433.044097162,1779490278.2916605,0.6646294194018149,,20.578677425226857,psi,,hardware
WM-PT,pressure,1433.048053306,1779490278.295617,0.5506492317496815,,6.331153968710187,psi,,hardware
FT-PT,pressure,1433.051519456,1779490278.299083,0.9546143954532618,,56.82679943165772,psi,,hardware
FI-PT,pressure,1433.054940221,1779490278.3025036,0.6095988285063301,,13.699853563291258,psi,,hardware
CC-PT,pressure,1433.058429407,1779490278.3059933,0.32031897548663324,,-22.460128064170846,psi,,hardware
LF-PT,pressure,1433.061879559,1779490278.3094428,0.28431180528543054,,-26.96102433932118,psi,,hardware
FM-PT,pressure,1433.065253325,1779490278.3128169,0.6643731193987273,,20.546639924840918,psi,,hardware
WM-PT,pressure,1433.068598094,1779490278.3161619,0.5506838024477724,,6.3354753059715465,psi,,hardware
FT-PT,pressure,1433.072035301,1779490278.3195992,0.9545339291732227,,56.81674114665283,psi,,hardware
FI-PT,pressure,1433.075472213,1779490278.3230362,0.6097120773449036,,13.714009668112952,psi,,hardware
CC-PT,pressure,1433.078774131,1779490278.3263376,0.32050792223309543,,-22.43650972086307,psi,,hardware
LF-PT,pressure,1433.08482959,1779490278.332394,0.2842271666797598,,-26.971604165030026,psi,,hardware
FM-PT,pressure,1433.090985451,1779490278.33855,0.6641835766057463,,20.522947075718292,psi,,hardware
WM-PT,pressure,1433.095756089,1779490278.3433201,0.5507177770993444,,6.339722137418055,psi,,hardware
FT-PT,pressure,1433.099283014,1779490278.3468468,0.9545869773133966,,56.82337216417457,psi,,hardware
FI-PT,pressure,1433.102789125,1779490278.350353,0.6097603571129271,,13.720044639115885,psi,,hardware
CC-PT,pressure,1433.106342605,1779490278.3539062,0.32042268758090586,,-22.447164052386768,psi,,hardware
LF-PT,pressure,1433.109806089,1779490278.3573694,0.28448167854329093,,-26.939790182088633,psi,,hardware
FM-PT,pressure,1433.113369864,1779490278.3609333,0.663967211719419,,20.49590146492737,psi,,hardware
WM-PT,pressure,1433.11680022,1779490278.3643637,0.5507481754718037,,6.343521933975457,psi,,hardware
FT-PT,pressure,1433.120283111,1779490278.3678467,0.9545416777779672,,56.817709722245894,psi,,hardware
FI-PT,pressure,1433.123799055,1779490278.3713624,0.6099326145568627,,13.74157681960783,psi,,hardware
CC-PT,pressure,1433.12728489,1779490278.3748486,0.32058898455965334,,-22.426376930043332,psi,,hardware
LF-PT,pressure,1433.130815334,1779490278.3783789,0.28449121528759186,,-26.938598089051016,psi,,hardware
FM-PT,pressure,1433.134241116,1779490278.3818047,0.6638068752058596,,20.475859400732446,psi,,hardware
WM-PT,pressure,1433.137718266,1779490278.3852818,0.5507809580303381,,6.347619753792263,psi,,hardware
FT-PT,pressure,1433.141748332,1779490278.3893123,0.9545643275456819,,56.82054094321023,psi,,hardware
FI-PT,pressure,1433.145163096,1779490278.3927264,0.610130502001107,,13.76631275013837,psi,,hardware
CC-PT,pressure,1433.148511531,1779490278.396075,0.3205490494428932,,-22.43136881963835,psi,,hardware
LF-PT,pressure,1433.151914648,1779490278.3994782,0.2845245938926451,,-26.93442576341936,psi,,hardware
FM-PT,pressure,1433.155373595,1779490278.4029374,0.6635684565983363,,20.446057074792037,psi,,hardware
WM-PT,pressure,1433.158704512,1779490278.4062681,0.5508673847755653,,6.358423096945661,psi,,hardware
FT-PT,pressure,1433.162113259,1779490278.4096768,0.9545178359172148,,56.81472948965185,psi,,hardware
FI-PT,pressure,1433.165532282,1779490278.4130957,0.6102067959555144,,13.775849494439301,psi,,hardware
CC-PT,pressure,1433.168927344,1779490278.4164908,0.3206009054900295,,-22.424886813746312,psi,,hardware
LF-PT,pressure,1433.172339924,1779490278.4199035,0.2846271138938801,,-26.921610763264983,psi,,hardware
FM-PT,pressure,1433.175737708,1779490278.4233012,0.6633205012465121,,20.415062655814012,psi,,hardware
WM-PT,pressure,1433.179072291,1779490278.4266357,0.5510146082657109,,6.376826033213864,psi,,hardware
FT-PT,pressure,1433.182506555,1779490278.43007,0.9544916098703873,,56.81145123379841,psi,,hardware
FI-PT,pressure,1433.185921097,1779490278.4334848,0.6105262768895956,,13.81578461119945,psi,,hardware
CC-PT,pressure,1433.192243282,1779490278.4398077,0.320506134093539,,-22.436733238307625,psi,,hardware
LF-PT,pressure,1433.19583063,1779490278.443394,0.2844882350549978,,-26.93897061812527,psi,,hardware
FM-PT,pressure,1433.199217007,1779490278.4467804,0.6630242661266644,,20.378033265833054,psi,,hardware
WM-PT,pressure,1433.202584923,1779490278.4501488,0.5509031475666938,,6.362893445836723,psi,,hardware
FT-PT,pressure,1433.205980262,1779490278.453544,0.9544445221954014,,56.80556527442518,psi,,hardware
FI-PT,pressure,1433.209402674,1779490278.4569662,0.6107462180550358,,13.843277256879476,psi,,hardware
CC-PT,pressure,1433.212698334,1779490278.4602618,0.32066170223494794,,-22.417287220631508,psi,,hardware
LF-PT,pressure,1433.216168336,1779490278.463732,0.2844709497059524,,-26.94113128675595,psi,,hardware
FM-PT,pressure,1433.219638339,1779490278.4672017,0.6628824070551881,,20.36030088189851,psi,,hardware
WM-PT,pressure,1433.223034327,1779490278.470598,0.5509275854739649,,6.365948184245615,psi,,hardware
FT-PT,pressure,1433.226457257,1779490278.474021,0.9543461745197981,,56.79327181497476,psi,,hardware
FI-PT,pressure,1433.230424585,1779490278.4779882,0.6108439696841204,,13.855496210515044,psi,,hardware
CC-PT,pressure,1433.233883551,1779490278.4814472,0.3207087899099338,,-22.411401261258277,psi,,hardware
LF-PT,pressure,1433.237396755,1779490278.4849606,0.2843886952863568,,-26.9514130892054,psi,,hardware
FM-PT,pressure,1433.240906903,1779490278.4884706,0.6627125337973278,,20.33906672466597,psi,,hardware
WM-PT,pressure,1433.244414181,1779490278.4919777,0.5511016310574569,,6.387703882182113,psi,,hardware
FT-PT,pressure,1433.247886702,1779490278.49545,0.9543032591704439,,56.787907396305485,psi,,hardware
FI-PT,pressure,1433.251356242,1779490278.49892,0.6109500659644682,,13.868758245558526,psi,,hardware
CC-PT,pressure,1433.254874964,1779490278.5024383,0.32081667432983807,,-22.397915708770242,psi,,hardware
LF-PT,pressure,1433.258328911,1779490278.5058923,0.2844179015657784,,-26.9477623042777,psi,,hardware
FM-PT,pressure,1433.261840597,1779490278.5094042,0.6624604061198719,,20.307550764983986,psi,,hardware
WM-PT,pressure,1433.265305414,1779490278.512869,0.5511999787330603,,6.399997341632532,psi,,hardware
FT-PT,pressure,1433.268773139,1779490278.5163367,0.9545059149868387,,56.81323937335483,psi,,hardware
FI-PT,pressure,1433.274784933,1779490278.5223496,0.6111032499198019,,13.887906239975239,psi,,hardware
CC-PT,pressure,1433.278261268,1779490278.5258248,0.3208321715393271,,-22.395978557584115,psi,,hardware
LF-PT,pressure,1433.281697217,1779490278.529261,0.28439107947243203,,-26.951115065945995,psi,,hardware
FM-PT,pressure,1433.28514385,1779490278.5327072,0.6623972251888782,,20.299653148609778,psi,,hardware
WM-PT,pressure,1433.291510737,1779490278.5390754,0.5512351454776699,,6.404393184708742,psi,,hardware
LF-PT,pressure,1433.295813918,1779490278.543378,0.28465214784767007,,-26.91848151904124,psi,,hardware
FT-PT,pressure,1433.299358916,1779490278.5469224,0.9544546549862212,,56.806831873277645,psi,,hardware
FI-PT,pressure,1433.302813956,1779490278.5503778,0.6112480892238723,,13.906011152984037,psi,,hardware
CC-PT,pressure,1433.3063374,1779490278.5539007,0.3207403803754306,,-22.407452453071173,psi,,hardware
LF-PT,pressure,1433.309797033,1779490278.5573606,0.28471056040651327,,-26.91117994918584,psi,,hardware
FM-PT,pressure,1433.313351845,1779490278.5609155,0.6623555019325617,,20.294437741570206,psi,,hardware
WM-PT,pressure,1433.316866401,1779490278.56443,0.551138585941623,,6.392323242702877,psi,,hardware
FT-PT,pressure,1433.320323497,1779490278.567887,0.9544641917305221,,56.80802396631526,psi,,hardware
FI-PT,pressure,1433.324395263,1779490278.5719588,0.6112874282941136,,13.910928536764205,psi,,hardware
CC-PT,pressure,1433.327936225,1779490278.5754998,0.32071415432860306,,-22.410730708924618,psi,,hardware
LF-PT,pressure,1433.331414653,1779490278.578978,0.2847498994767546,,-26.906262565405672,psi,,hardware
FM-PT,pressure,1433.334933356,1779490278.582497,0.6622470214661386,,20.28087768326732,psi,,hardware
WM-PT,pressure,1433.338342677,1779490278.5859063,0.551340645711499,,6.417580713937373,psi,,hardware
FT-PT,pressure,1433.341800698,1779490278.589364,0.9544051831251601,,56.80064789064501,psi,,hardware
FI-PT,pressure,1433.345318809,1779490278.5928822,0.6116015448095256,,13.950193101190694,psi,,hardware
CC-PT,pressure,1433.349633989,1779490278.5971975,0.32087508688868127,,-22.39061413891484,psi,,hardware
LF-PT,pressure,1433.353645333,1779490278.601209,0.28475347575586746,,-26.905815530516566,psi,,hardware
FM-PT,pressure,1433.357103262,1779490278.6046672,0.6620473458823378,,20.255918235292228,psi,,hardware
WM-PT,pressure,1433.360568894,1779490278.6081326,0.5514300526893202,,6.428756586165027,psi,,hardware
FT-PT,pressure,1433.363984752,1779490278.6115482,0.954293722426143,,56.78671530326787,psi,,hardware
FI-PT,pressure,1433.367436921,1779490278.6150005,0.6116712822522261,,13.958910281528263,psi,,hardware
CC-PT,pressure,1433.370858019,1779490278.6184216,0.3209078694472157,,-22.386516319098035,psi,,hardware
LF-PT,pressure,1433.37416053,1779490278.621724,0.2847212892438518,,-26.90983884451852,psi,,hardware
FM-PT,pressure,1433.377483077,1779490278.6250465,0.6617713763441296,,20.221422043016204,psi,,hardware
WM-PT,pressure,1433.380874676,1779490278.628438,0.55144018548014,,6.430023185017494,psi,,hardware
FT-PT,pressure,1433.384299663,1779490278.631863,0.95434021405461,,56.79252675682625,psi,,hardware
FI-PT,pressure,1433.387802515,1779490278.6353662,0.6118047966724391,,13.975599584054892,psi,,hardware
CC-PT,pressure,1433.394953046,1779490278.6425178,0.3208190585159133,,-22.397617685510838,psi,,hardware
LF-PT,pressure,1433.398458379,1779490278.6460218,0.2846163850565416,,-26.9229518679323,psi,,hardware
FT-PT,pressure,1433.401878384,1779490278.649442,0.9542978947517746,,56.787236843971826,psi,,hardware
FM-PT,pressure,1433.405255521,1779490278.6528192,0.6620425775101874,,20.25532218877342,psi,,hardware
WM-PT,pressure,1433.408633566,1779490278.656197,0.5514443578057716,,6.430544725721451,psi,,hardware
LF-PT,pressure,1433.412092902,1779490278.6596565,0.2848714929665915,,-26.891063379176064,psi,,hardware
FI-PT,pressure,1433.416066915,1779490278.6636305,0.6115538610880209,,13.944232636002612,psi,,hardware
CC-PT,pressure,1433.419474939,1779490278.6670384,0.32083097944628947,,-22.396127569213817,psi,,hardware
FT-PT,pressure,1433.422997531,1779490278.6705608,0.9541375582382152,,56.7671947797769,psi,,hardware
FM-PT,pressure,1433.426518827,1779490278.6740823,0.662174303790844,,20.271787973855496,psi,,hardware
WM-PT,pressure,1433.430032938,1779490278.6775966,0.5515570105978264,,6.444626324728294,psi,,hardware
LF-PT,pressure,1433.433540068,1779490278.6811037,0.28491440831594567,,-26.88569896050679,psi,,hardware
FI-PT,pressure,1433.437045291,1779490278.6846087,0.6113959087605367,,13.924488595067091,psi,,hardware
CC-PT,pressure,1433.440594159,1779490278.688158,0.3208929682842455,,-22.38837896446931,psi,,hardware
FT-PT,pressure,1433.444154194,1779490278.6917176,0.9539700691664301,,56.74625864580376,psi,,hardware
FM-PT,pressure,1433.447674916,1779490278.6952384,0.6623286798392153,,20.29108497990191,psi,,hardware
WM-PT,pressure,1433.451093458,1779490278.698657,0.551542705481375,,6.44283818517187,psi,,hardware
LF-PT,pressure,1433.454582515,1779490278.7021458,0.2850705725038734,,-26.866178437015822,psi,,hardware
FI-PT,pressure,1433.45803687,1779490278.7056003,0.6113923324814239,,13.924041560177985,psi,,hardware
CC-PT,pressure,1433.464107069,1779490278.711671,0.3209871436342172,,-22.37660704572285,psi,,hardware
FT-PT,pressure,1433.467564812,1779490278.7151287,0.9538901989329098,,56.736274866613726,psi,,hardware
FM-PT,pressure,1433.470953356,1779490278.7185168,0.6623894765841337,,20.298684573016715,psi,,hardware
WM-PT,pressure,1433.474320845,1779490278.7218845,0.5516416492034971,,6.45520615043714,psi,,hardware
LF-PT,pressure,1433.477771997,1779490278.7253356,0.2852219683196507,,-26.847253960043663,psi,,hardware
FI-PT,pressure,1433.48125385,1779490278.7288177,0.6112200750374883,,13.90250937968604,psi,,hardware
CC-PT,pressure,1433.484648227,1779490278.7322118,0.3209776068899163,,-22.377799138760466,psi,,hardware
FT-PT,pressure,1433.488115155,1779490278.7356787,0.9536791984652517,,56.709899808156464,psi,,hardware
FM-PT,pressure,1433.495471953,1779490278.7430365,0.6626553133315222,,20.33191416644027,psi,,hardware
WM-PT,pressure,1433.498945011,1779490278.7465088,0.5516166152497072,,6.452076906213397,psi,,hardware
LF-PT,pressure,1433.502435456,1779490278.749999,0.28527144018071177,,-26.841069977411028,psi,,hardware
FI-PT,pressure,1433.505862461,1779490278.7534258,0.6109447015457989,,13.868087693224867,psi,,hardware
CC-PT,pressure,1433.509878768,1779490278.7574425,0.3212422515442671,,-22.344718556966612,psi,,hardware
FT-PT,pressure,1433.513401027,1779490278.7609649,0.9535760824174979,,56.69701030218724,psi,,hardware
FM-PT,pressure,1433.516951025,1779490278.7645142,0.6627828672865471,,20.34785841081839,psi,,hardware
WM-PT,pressure,1433.520479413,1779490278.768043,0.5517304601347995,,6.466307516849942,psi,,hardware
LF-PT,pressure,1433.523932046,1779490278.7714953,0.2853817087866913,,-26.82728640166359,psi,,hardware
FI-PT,pressure,1433.527409307,1779490278.774973,0.6107092631708697,,13.838657896358713,psi,,hardware
CC-PT,pressure,1433.530924455,1779490278.7784882,0.32131079689393005,,-22.336150388258744,psi,,hardware
FT-PT,pressure,1433.534361293,1779490278.781925,0.9534842912536015,,56.68553640670018,psi,,hardware
FM-PT,pressure,1433.537847627,1779490278.7854111,0.6629032686833464,,20.362908585418296,psi,,hardware
WM-PT,pressure,1433.541349165,1779490278.788913,0.5517066182740472,,6.463327284255901,psi,,hardware
LF-PT,pressure,1433.544874739,1779490278.7924385,0.2856242997198462,,-26.796962535019222,psi,,hardware
FI-PT,pressure,1433.548386331,1779490278.7959502,0.6105519068899043,,13.818988361238043,psi,,hardware
CC-PT,pressure,1433.551830835,1779490278.7993944,0.3213227178243062,,-22.334660271961724,psi,,hardware
FT-PT,pressure,1433.555348872,1779490278.8029125,0.9533001128792897,,56.662514109911214,psi,,hardware
FM-PT,pressure,1433.558793746,1779490278.8063576,0.6630510882200108,,20.38138602750135,psi,,hardware
WM-PT,pressure,1433.562315486,1779490278.8098788,0.5518246354847712,,6.4780794355964035,psi,,hardware
LF-PT,pressure,1433.56578547,1779490278.8133488,0.2857190711163367,,-26.78511611045791,psi,,hardware
FI-PT,pressure,1433.569250936,1779490278.8168147,0.610295010840298,,13.786876355037252,psi,,hardware
CC-PT,pressure,1433.572713124,1779490278.8202767,0.32136086480150994,,-22.32989189981126,psi,,hardware
FT-PT,pressure,1433.57622905,1779490278.8237927,0.9530998412489702,,56.63748015612127,psi,,hardware
FM-PT,pressure,1433.57975629,1779490278.8273199,0.6631422833373884,,20.392785417173556,psi,,hardware
WM-PT,pressure,1433.583206478,1779490278.8307703,0.5519146385091113,,6.489329813638908,psi,,hardware
LF-PT,pressure,1433.586537895,1779490278.8341014,0.28595391344474713,,-26.755760819406607,psi,,hardware
FI-PT,pressure,1433.59289369,1779490278.8404582,0.6100631487444816,,13.757893593060205,psi,,hardware
CC-PT,pressure,1433.596422504,1779490278.8439865,0.3213364268942388,,-22.33294663822015,psi,,hardware
FT-PT,pressure,1433.60053388,1779490278.8480976,0.9529967252012164,,56.624590650152044,psi,,hardware
FM-PT,pressure,1433.604070416,1779490278.851634,0.6632668570598194,,20.40835713247742,psi,,hardware
WM-PT,pressure,1433.607514142,1779490278.855078,0.5518651666480502,,6.483145831006273,psi,,hardware
LF-PT,pressure,1433.610974848,1779490278.8585382,0.28609994484185514,,-26.737506894768106,psi,,hardware
FI-PT,pressure,1433.614424093,1779490278.8619876,0.6098908913005461,,13.73636141256826,psi,,hardware
CC-PT,pressure,1433.617865467,1779490278.865429,0.32140556829042055,,-22.32430396369743,psi,,hardware
FT-PT,pressure,1433.621346506,1779490278.86891,0.9528763238044171,,56.60954047555214,psi,,hardware
FM-PT,pressure,1433.624800009,1779490278.8723636,0.663414080549965,,20.426760068745622,psi,,hardware
WM-PT,pressure,1433.628097409,1779490278.8756611,0.5518949689739906,,6.486871121748824,psi,,hardware
LF-PT,pressure,1433.631412864,1779490278.8789766,0.2862799508905352,,-26.715006138683098,psi,,hardware
FI-PT,pressure,1433.634828592,1779490278.8823922,0.6097311508335055,,13.716393854188185,psi,,hardware
CC-PT,pressure,1433.638131232,1779490278.8856947,0.3214300061976917,,-22.32124922528854,psi,,hardware
FT-PT,pressure,1433.641555237,1779490278.8891187,0.9527237358956022,,56.590466986950275,psi,,hardware
FM-PT,pressure,1433.644934374,1779490278.892498,0.6635326938072078,,20.441586725900976,psi,,hardware
WM-PT,pressure,1433.648336417,1779490278.8959002,0.5521256389767694,,6.51570487209617,psi,,hardware
LF-PT,pressure,1433.654373062,1779490278.9019375,0.28627637461142236,,-26.715453173572204,psi,,hardware
FI-PT,pressure,1433.657913912,1779490278.9054775,0.6094951164120574,,13.68688955150718,psi,,hardware
CC-PT,pressure,1433.661427283,1779490278.9089906,0.32142106549990956,,-22.322366812511305,psi,,hardware
FT-PT,pressure,1433.664889341,1779490278.912453,0.9525556507772983,,56.56945634716229,psi,,hardware
FM-PT,pressure,1433.668392471,1779490278.915956,0.6635928945056074,,20.44911181320093,psi,,hardware
WM-PT,pressure,1433.671838493,1779490278.919402,0.5522382917688241,,6.529786471103013,psi,,hardware
LF-PT,pressure,1433.675249573,1779490278.9228132,0.28638485507784545,,-26.701893115269318,psi,,hardware
FI-PT,pressure,1433.67863795,1779490278.9262013,0.6093186866424902,,13.664835830311278,psi,,hardware
CC-PT,pressure,1433.68202903,1779490278.9295926,0.321394839453082,,-22.32564506836475,psi,,hardware
FT-PT,pressure,1433.685445702,1779490278.9330091,0.9527165833373765,,56.58957291717206,psi,,hardware
FM-PT,pressure,1433.692643527,1779490278.940208,0.6637925700894082,,20.47407126117602,psi,,hardware
WM-PT,pressure,1433.696213209,1779490278.943777,0.5522788229321031,,6.534852866512883,psi,,hardware
LF-PT,pressure,1433.69974469,1779490278.947308,0.2864039285664473,,-26.699508929194085,psi,,hardware
FI-PT,pressure,1433.703269689,1779490278.950833,0.609067751058072,,13.633468882258997,psi,,hardware
CC-PT,pressure,1433.706783911,1779490278.9543474,0.3214526559654064,,-22.3184180043242,psi,,hardware
FT-PT,pressure,1433.710288078,1779490278.9578516,0.9526128712431039,,56.576608905387985,psi,,hardware
FM-PT,pressure,1433.713797745,1779490278.9613614,0.6639064149745005,,20.488301871812567,psi,,hardware
WM-PT,pressure,1433.717290284,1779490278.9648538,0.5523306789792394,,6.541334872404922,psi,,hardware
LF-PT,pressure,1433.720830801,1779490278.9683943,0.28660420019676686,,-26.67447497540414,psi,,hardware
FI-PT,pressure,1433.724311765,1779490278.9718754,0.6088752280324969,,13.609403504062117,psi,,hardware
CC-PT,pressure,1433.727773824,1779490278.9753373,0.32156650085049876,,-22.304187393687656,psi,,hardware
FT-PT,pressure,1433.731314563,1779490278.978878,0.9524233284501229,,56.55291605626536,psi,,hardware
FM-PT,pressure,1433.734833378,1779490278.9823968,0.6640375452086383,,20.504693151079792,psi,,hardware
WM-PT,pressure,1433.738276048,1779490278.9858396,0.5523968401428271,,6.549605017853385,psi,,hardware
LF-PT,pressure,1433.741800918,1779490278.9893641,0.2866888388024376,,-26.663895149695296,psi,,hardware
FI-PT,pressure,1433.745328065,1779490278.9928916,0.6086982022164109,,13.587275277051363,psi,,hardware
CC-PT,pressure,1433.748777476,1779490278.996341,0.321512856663806,,-22.310892917024248,psi,,hardware
FT-PT,pressure,1433.75222898,1779490278.9997923,0.9522129240289836,,56.52661550362295,psi,,hardware
FM-PT,pressure,1433.755669521,1779490279.0032332,0.6642056303269422,,20.52570379086778,psi,,hardware
WM-PT,pressure,1433.759116839,1779490279.0066803,0.552434391073512,,6.5542988841889995,psi,,hardware
LF-PT,pressure,1433.762532974,1779490279.0100963,0.28684440694384655,,-26.64444913201918,psi,,hardware
FI-PT,pressure,1433.765975886,1779490279.0135393,0.6084889898883092,,13.561123736038654,psi,,hardware
CC-PT,pressure,1433.769333339,1779490279.0168967,0.3216064359672589,,-22.299195504092637,psi,,hardware
FT-PT,pressure,1433.772686884,1779490279.0202503,0.9520299377477094,,56.50374221846367,psi,,hardware
FM-PT,pressure,1433.776058225,1779490279.0236218,0.6643939810268856,,20.549247628360703,psi,,hardware
WM-PT,pressure,1433.780022813,1779490279.0275865,0.5524421396782565,,6.555267459782063,psi,,hardware
LF-PT,pressure,1433.783484594,1779490279.0310478,0.28689089857231365,,-26.638637678460793,psi,,hardware
FI-PT,pressure,1433.78690884,1779490279.0344725,0.6084115038408642,,13.551437980108021,psi,,hardware
CC-PT,pressure,1433.792904635,1779490279.040469,0.3215164329429189,,-22.31044588213514,psi,,hardware
FT-PT,pressure,1433.796503113,1779490279.044067,0.9520108642591075,,56.50135803238844,psi,,hardware
FM-PT,pressure,1433.799962542,1779490279.0475261,0.6644500093996536,,20.5562511749567,psi,,hardware
WM-PT,pressure,1433.803435489,1779490279.050999,0.5525261822374085,,6.565772779676057,psi,,hardware
LF-PT,pressure,1433.806849883,1779490279.0544136,0.28702977741119595,,-26.621277823600504,psi,,hardware
FI-PT,pressure,1433.810278129,1779490279.0578418,0.6082154045361763,,13.526925567022035,psi,,hardware
CC-PT,pressure,1433.813680598,1779490279.0612442,0.3216731931773654,,-22.290850852829323,psi,,hardware
FT-PT,pressure,1433.817044865,1779490279.0646086,0.9517122449531846,,56.464030619148076,psi,,hardware
